route_id,registration,last_seen_at
1,BT66MPU,2026-05-25T13:01:20.469Z
1,BU16OZD,2026-05-18T12:00:33.874Z
1,BV66VJA,2026-05-25T13:01:20.469Z
1,BV66VJC,2026-05-18T12:00:33.874Z
1,BV66VJD,2026-06-01T15:49:34.177Z
1,BV66VJE,2026-06-01T15:49:34.177Z
1,BV66VJF,2026-06-01T15:49:34.177Z
1,BV66VJG,2026-06-01T15:49:34.177Z
1,BV66VJJ,2026-06-01T15:49:34.177Z
1,BV66VJK,2026-05-11T12:08:37.791Z
1,BV66VJL,2026-06-01T15:49:34.177Z
1,BV66VJM,2026-06-01T15:49:34.177Z
1,BV66VKA,2026-06-01T15:49:34.177Z
1,BV66VKC,2026-06-01T15:49:34.177Z
1,BV66VKD,2026-06-01T15:49:34.177Z
1,BV66VLC,2026-06-01T15:49:34.177Z
1,BV66VLD,2026-06-01T15:49:34.177Z
1,LA25EWB,2026-05-11T13:42:23.199Z
1,SN66WNZ,2026-06-01T15:49:34.177Z
1,SN66WOA,2026-06-01T15:49:34.177Z
1,SN66WOB,2026-06-01T15:49:34.177Z
1,SN66WOD,2026-06-01T15:49:34.177Z
1,SN66WOH,2026-06-01T15:49:34.177Z
1,SN66WOM,2026-05-18T12:00:33.874Z
1,SN66WOY,2026-06-01T15:49:34.177Z
1,SN66WPD,2026-06-01T15:49:34.177Z
1,SN66WPF,2026-06-01T15:49:34.177Z
1,YX16OBV,2026-05-11T13:42:23.199Z
1,YX16OBW,2026-06-01T15:49:34.177Z
1,YX16OCH,2026-06-01T15:49:34.177Z
1,YX16OCS,2026-06-01T15:49:34.177Z
1,YY66OYL,2026-05-11T12:08:37.791Z
1,YY66OYR,2026-05-11T13:42:23.199Z
1,YY66OYS,2026-05-11T13:42:23.199Z
1,YY66OYT,2026-05-25T13:01:20.469Z
1,YY67USS,2026-05-11T13:42:23.199Z
2,LC67ACU,2026-06-01T15:49:34.177Z
2,LC67ACY,2026-05-11T13:42:23.199Z
2,LC67ACZ,2026-05-18T12:00:33.874Z
2,LC67AHN,2026-05-18T12:00:33.874Z
2,LC67AHO,2026-06-01T15:49:34.177Z
2,LC67AHP,2026-05-04T11:29:17.869Z
2,LC67AHV,2026-05-04T11:29:17.869Z
2,LC67AHX,2026-05-18T12:00:33.874Z
2,LC67AHY,2026-05-25T13:01:20.469Z
2,LC67AHZ,2026-05-25T13:01:20.469Z
2,LC67AJU,2026-06-01T15:49:34.177Z
2,LC67AKF,2026-05-11T13:42:23.199Z
2,LC67AKG,2026-06-01T15:49:34.177Z
2,LC67AKJ,2026-05-18T12:00:33.874Z
2,LC67AKO,2026-05-11T13:42:23.199Z
2,LC67AKP,2026-06-01T15:49:34.177Z
2,LC67AKU,2026-05-18T12:00:33.874Z
2,LF18AWA,2026-05-25T13:01:20.469Z
2,LF18AWC,2026-05-11T13:42:23.199Z
2,LK17AFX,2026-06-01T15:49:34.177Z
2,LK17AFY,2026-06-01T15:49:34.177Z
2,LK17AFZ,2026-06-01T15:49:34.177Z
2,LK17AGO,2026-05-11T13:42:23.199Z
2,LK17AGU,2026-06-01T15:49:34.177Z
2,LK17AGX,2026-05-25T13:01:20.469Z
2,LK17AHA,2026-06-01T15:49:34.177Z
2,LK17AHC,2026-05-11T13:42:23.199Z
2,LK17AHD,2026-06-01T15:49:34.177Z
2,LK17AHE,2026-05-18T12:00:33.874Z
2,LK17AHG,2026-05-11T13:42:23.199Z
2,LK17AHJ,2026-05-25T13:01:20.469Z
2,LK17AHO,2026-05-25T13:01:20.469Z
2,LK17AHP,2026-05-04T11:29:17.869Z
2,LK17AHU,2026-06-01T15:49:34.177Z
2,LK17AHV,2026-05-18T12:00:33.874Z
2,LK17AHX,2026-05-18T12:00:33.874Z
2,LK17AHY,2026-06-01T15:49:34.177Z
2,LK17AHZ,2026-06-01T15:49:34.177Z
2,LK17AJO,2026-05-11T13:42:23.199Z
2,LK17AJV,2026-06-01T15:49:34.177Z
2,LK17AKJ,2026-06-01T15:49:34.177Z
2,LK17AKN,2026-06-01T15:49:34.177Z
2,LK17AKO,2026-05-25T13:01:20.469Z
2,LK17AKP,2026-06-01T15:49:34.177Z
2,LK17AKU,2026-05-25T13:01:20.469Z
2,LK17AKV,2026-05-11T12:08:37.791Z
2,LK17AKX,2026-05-25T13:01:20.469Z
2,LK17AKY,2026-05-25T13:01:20.469Z
2,LK17ALO,2026-05-25T13:01:20.469Z
2,LK17ALU,2026-05-11T13:42:23.199Z
2,LK17AMO,2026-05-18T12:00:33.874Z
2,SK70BUU,2026-06-01T15:49:34.177Z
2,SK70BUV,2026-06-01T15:49:34.177Z
2,SK70BVA,2026-05-11T13:42:23.199Z
2,SK70BVE,2026-05-18T12:00:33.874Z
4,LK18AHO,2026-05-04T11:29:17.869Z
4,LK18AJV,2026-05-18T12:00:33.874Z
4,LK18AOB,2026-06-01T15:49:34.177Z
4,LV23ZBJ,2026-05-11T13:42:23.199Z
4,LV23ZBL,2026-05-18T12:00:33.874Z
4,LV23ZBN,2026-05-11T12:08:37.791Z
4,LV23ZBO,2026-05-11T13:42:23.199Z
4,LV23ZBP,2026-05-11T13:42:23.199Z
4,LV23ZBR,2026-05-18T12:00:33.874Z
4,LV23ZBT,2026-06-01T15:49:34.177Z
4,LV23ZBU,2026-05-25T13:01:20.469Z
4,LV23ZBW,2026-05-18T12:00:33.874Z
4,LV23ZBX,2026-05-25T13:01:20.469Z
4,LV23ZBY,2026-04-29T23:54:22.641Z
4,LV74TKY,2026-06-01T15:28:31.580Z
4,LV74TKZ,2026-06-01T15:49:34.177Z
4,LV74YVP,2026-06-01T15:49:34.177Z
4,LV74YVR,2026-06-01T15:49:34.177Z
4,LV74YVS,2026-06-01T15:49:34.177Z
4,LV74YVT,2026-05-25T13:01:20.469Z
4,LV74YVU,2026-06-01T15:49:34.177Z
4,LY74EWB,2026-06-01T15:49:34.177Z
4,LY74EWC,2026-06-01T15:49:34.177Z
4,LY74EWD,2026-06-01T15:49:34.177Z
4,LY74EWE,2026-05-25T13:01:20.469Z
4,LY74EWF,2026-06-01T15:49:34.177Z
4,LY74EWH,2026-06-01T15:28:31.580Z
4,LY74EWJ,2026-05-11T13:42:23.199Z
4,LY74EWK,2026-06-01T15:49:34.177Z
4,LY74EWM,2026-05-11T13:42:23.199Z
4,LY74NXV,2026-05-25T13:01:20.469Z
4,LY74NXW,2026-06-01T15:49:34.177Z
5,LF74TVL,2026-04-29T23:54:22.641Z
5,SN61DBY,2026-05-11T13:42:23.199Z
5,YW17JUY,2026-04-29T23:54:22.641Z
5,YX13BJZ,2026-05-11T13:42:23.199Z
5,YX13BKA,2026-05-18T12:00:33.874Z
6,LK15CXP,2026-05-11T13:42:23.199Z
6,LK15CXR,2026-06-01T15:49:34.177Z
6,LK15CXS,2026-06-01T15:28:31.580Z
6,LK15CXU,2026-06-01T15:49:34.177Z
6,LK15CXV,2026-05-18T12:00:33.874Z
6,LK17DCF,2026-05-11T13:42:23.199Z
6,LK17DCU,2026-05-11T13:42:23.199Z
6,LK17DCV,2026-05-18T12:00:33.874Z
6,LK17DCX,2026-05-18T12:00:33.874Z
6,LK17DDN,2026-06-01T15:49:34.177Z
6,LK17DDO,2026-06-01T15:49:34.177Z
6,LK17DDV,2026-05-25T13:01:20.469Z
6,LK17DDX,2026-05-18T12:00:33.874Z
6,LK17DDZ,2026-05-18T12:00:33.874Z
6,LK62DWF,2026-05-11T13:42:23.199Z
6,LK65EBO,2026-05-18T12:00:33.874Z
6,LK67CXY,2026-05-25T13:01:20.469Z
6,LK67CXZ,2026-05-18T12:00:33.874Z
6,LK67CYA,2026-05-11T13:42:23.199Z
6,LK67CYC,2026-04-29T23:54:22.641Z
6,LK67CYE,2026-05-18T12:00:33.874Z
6,LK67CYF,2026-06-01T15:49:34.177Z
6,LK67CYG,2026-06-01T15:49:34.177Z
6,LK67CYH,2026-05-25T13:01:20.469Z
6,LK67CYJ,2026-05-11T13:42:23.199Z
6,LK67CYL,2026-06-01T15:49:34.177Z
6,LK67EKO,2026-06-01T15:49:34.177Z
6,LK67EKR,2026-05-25T13:01:20.469Z
6,LK67EKT,2026-05-18T12:00:33.874Z
6,LK67EKU,2026-06-01T15:49:34.177Z
6,LK67EKV,2026-05-04T11:29:17.869Z
6,LK67EKW,2026-05-25T13:01:20.469Z
6,LK67EKY,2026-06-01T15:49:34.177Z
6,LK67EKZ,2026-06-01T15:28:31.580Z
6,LK67ELH,2026-05-04T11:29:17.869Z
6,LK67ELJ,2026-05-25T13:01:20.469Z
6,LK67ELO,2026-06-01T15:49:34.177Z
6,LK67ELU,2026-06-01T15:49:34.177Z
6,LK67ELW,2026-05-25T13:01:20.469Z
6,LK67EMF,2026-05-25T13:01:20.469Z
6,LK67EMJ,2026-05-25T13:01:20.469Z
6,LK67EMX,2026-05-11T13:42:23.199Z
6,LK67ENC,2026-05-18T12:00:33.874Z
6,LK67ENE,2026-06-01T15:28:31.580Z
6,LK67ENF,2026-05-18T12:00:33.874Z
6,LK67ENH,2026-06-01T15:49:34.177Z
6,LK67ENJ,2026-06-01T15:49:34.177Z
6,LK67ENM,2026-05-18T12:00:33.874Z
6,LK67ENN,2026-05-25T13:01:20.469Z
6,LK67ENO,2026-06-01T15:49:34.177Z
6,LK67ENR,2026-05-11T13:42:23.199Z
7,LK15CXB,2026-05-04T11:29:17.869Z
7,LK15CXH,2026-06-01T15:49:34.177Z
7,LK15CXJ,2026-05-11T13:42:23.199Z
7,LK17CYS,2026-05-11T13:42:23.199Z
7,LK17CYT,2026-05-04T11:29:17.869Z
7,LK17CYU,2026-05-25T13:01:20.469Z
7,LK17CYY,2026-05-18T12:00:33.874Z
7,LK17CZA,2026-06-01T15:49:34.177Z
7,LK17CZN,2026-05-25T13:01:20.469Z
7,LK17DFX,2026-05-18T12:00:33.874Z
7,LK17DGO,2026-05-25T13:01:20.469Z
7,LK65EOA,2026-05-25T13:01:20.469Z
7,LK67EZW,2026-06-01T15:49:34.177Z
7,LK70AYX,2026-06-01T15:49:34.177Z
7,LK70AYY,2026-05-18T12:00:33.874Z
7,LK70AYZ,2026-05-18T12:00:33.874Z
7,LK70AZA,2026-05-25T13:01:20.469Z
7,LK70AZB,2026-05-18T12:00:33.874Z
7,LK70AZC,2026-06-01T15:49:34.177Z
7,LK70AZD,2026-06-01T15:49:34.177Z
7,LK70AZF,2026-06-01T15:28:31.580Z
7,LK70AZG,2026-06-01T15:49:34.177Z
7,LK70AZJ,2026-06-01T15:28:31.580Z
7,LK70AZN,2026-05-25T13:01:20.469Z
7,LK70AZO,2026-06-01T15:49:34.177Z
7,LK70AZP,2026-05-11T13:42:23.199Z
7,LK70AZU,2026-05-25T13:01:20.469Z
7,LK70AZV,2026-06-01T15:49:34.177Z
8,SK14CTE,2026-05-11T12:08:37.791Z
8,SK20AYA,2026-05-04T11:29:17.869Z
8,SK20AYS,2026-05-11T13:42:23.199Z
8,SK20AYT,2026-05-18T12:00:33.874Z
8,SK20BBE,2026-06-01T15:28:31.580Z
8,SK20BBJ,2026-04-29T23:54:22.641Z
8,SK20BBO,2026-05-25T13:01:20.469Z
8,SK20BCV,2026-05-25T13:01:20.469Z
8,SL14LNY,2026-06-01T15:49:34.177Z
8,SL14LNZ,2026-04-29T23:54:22.641Z
8,SN14TYG,2026-06-01T15:49:34.177Z
8,SN14TYT,2026-05-18T12:00:33.874Z
8,YX19OMG,2026-05-11T13:42:23.199Z
13,LJ17WRC,2026-06-01T15:49:34.177Z
13,LJ17WRD,2026-05-25T13:01:20.469Z
13,LJ17WRE,2026-05-25T13:01:20.469Z
13,LJ17WRG,2026-05-25T13:01:20.469Z
13,LJ17WRN,2026-05-25T13:01:20.469Z
13,LJ17WRO,2026-05-25T13:01:20.469Z
13,LJ17WRP,2026-06-01T15:49:34.177Z
13,LJ17WRR,2026-06-01T15:49:34.177Z
13,LJ17WRT,2026-05-25T13:01:20.469Z
13,LJ17WRU,2026-06-01T15:49:34.177Z
13,LJ17WRV,2026-05-18T12:00:33.874Z
13,LJ17WRW,2026-06-01T15:49:34.177Z
13,LJ17WSD,2026-06-01T15:49:34.177Z
13,LJ17WSE,2026-06-01T15:49:34.177Z
13,LJ17WSF,2026-05-25T13:01:20.469Z
13,LJ17WSK,2026-05-18T12:00:33.874Z
13,LJ17WSL,2026-06-01T15:49:34.177Z
13,LJ17WSN,2026-06-01T15:49:34.177Z
13,LJ17WSO,2026-06-01T15:49:34.177Z
13,LJ17WSU,2026-06-01T15:49:34.177Z
13,LJ17WSV,2026-06-01T15:49:34.177Z
13,LJ17WSW,2026-06-01T15:49:34.177Z
13,LJ17WSX,2026-06-01T15:49:34.177Z
13,LJ17WSY,2026-06-01T15:49:34.177Z
13,LJ17WSZ,2026-06-01T15:49:34.177Z
13,LJ17WTA,2026-05-25T13:01:20.469Z
13,LJ17WTC,2026-06-01T15:49:34.177Z
13,LJ17WTD,2026-06-01T15:49:34.177Z
13,LJ17WTE,2026-05-25T13:01:20.469Z
13,LJ17WTF,2026-06-01T15:49:34.177Z
13,SN12APY,2026-05-25T13:01:20.469Z
13,SN12ASX,2026-05-18T12:00:33.874Z
13,SN12ATV,2026-06-01T15:49:34.177Z
13,SN12ATY,2026-06-01T15:49:34.177Z
14,BT66MSO,2026-05-04T11:29:17.869Z
14,BT66MSU,2026-05-25T13:01:20.469Z
14,BT66MSV,2026-05-04T11:29:17.869Z
14,BT66MSX,2026-06-01T15:49:34.177Z
14,BV66VHH,2026-05-18T12:00:33.874Z
14,BV66VHJ,2026-06-01T15:49:34.177Z
14,BV66VHK,2026-06-01T15:49:34.177Z
14,BV66VHL,2026-05-18T12:00:33.874Z
14,BV66VHT,2026-06-01T15:49:34.177Z
14,BV66VHU,2026-05-25T13:01:20.469Z
14,BV66VHW,2026-05-18T12:00:33.874Z
14,BV66VHX,2026-06-01T15:49:34.177Z
14,BV66VHY,2026-05-11T13:42:23.199Z
14,BV66VHZ,2026-06-01T15:49:34.177Z
14,BV66VJN,2026-06-01T15:49:34.177Z
14,BV66VJO,2026-06-01T15:49:34.177Z
14,BV66VJP,2026-06-01T15:49:34.177Z
14,BV66VJU,2026-06-01T15:49:34.177Z
14,BV66VJZ,2026-05-11T12:08:37.791Z
14,BV66VKB,2026-05-11T13:42:23.199Z
14,BV66VLA,2026-05-18T12:00:33.874Z
14,BV66VLE,2026-06-01T15:28:31.580Z
14,BV66VLF,2026-05-25T13:01:20.469Z
14,BV66VLG,2026-06-01T15:49:34.177Z
14,BV66VLH,2026-05-11T12:08:37.791Z
14,BV66VLM,2026-05-25T13:01:20.469Z
14,BV66VLN,2026-06-01T15:49:34.177Z
14,BV66VLP,2026-05-25T13:01:20.469Z
14,BV66ZRY,2026-05-11T13:42:23.199Z
14,BV66ZRZ,2026-05-11T13:42:23.199Z
14,BV66ZSD,2026-05-25T13:01:20.469Z
14,LJ61GVZ,2026-05-25T13:01:20.469Z
14,LJ61GWC,2026-05-18T12:00:33.874Z
14,LJ61GXH,2026-05-11T13:42:23.199Z
14,LJ61GXK,2026-06-01T15:49:34.177Z
14,LJ61GXL,2026-05-11T13:42:23.199Z
14,LJ61GXP,2026-05-25T13:01:20.469Z
14,LJ62KGG,2026-06-01T15:49:34.177Z
14,LJ62KGN,2026-05-11T12:08:37.791Z
14,YW17JTV,2026-05-04T11:29:17.869Z
14,YY66OYU,2026-05-25T13:01:20.469Z
14,YY66OYV,2026-05-25T13:01:20.469Z
14,YY66OYW,2026-06-01T15:49:34.177Z
14,YY66OYX,2026-05-11T13:42:23.199Z
14,YY66OYZ,2026-06-01T15:49:34.177Z
14,YY66OZA,2026-06-01T15:49:34.177Z
14,YY66OZB,2026-05-25T13:01:20.469Z
14,YY66OZC,2026-05-18T12:00:33.874Z
14,YY66OZD,2026-06-01T15:49:34.177Z
14,YY66OZE,2026-05-18T12:00:33.874Z
14,YY66OZF,2026-05-04T11:29:17.869Z
14,YY66OZG,2026-06-01T15:49:34.177Z
14,YY66OZJ,2026-06-01T15:49:34.177Z
14,YY66OZK,2026-05-25T13:01:20.469Z
14,YY66OZM,2026-06-01T15:49:34.177Z
14,YY66OZO,2026-05-18T12:00:33.874Z
14,YY66OZP,2026-06-01T15:49:34.177Z
14,YY66OZR,2026-06-01T15:49:34.177Z
14,YY66OZS,2026-06-01T15:49:34.177Z
14,YY66OZT,2026-06-01T15:49:34.177Z
14,YY66OZU,2026-06-01T15:49:34.177Z
15,BP15OMB,2026-05-11T13:42:23.199Z
15,BP15OME,2026-05-18T12:00:33.874Z
15,LF67EXH,2026-05-18T12:00:33.874Z
15,LF67EXL,2026-06-01T15:49:34.177Z
15,LF67EXS,2026-05-18T12:00:33.874Z
15,LF74TVK,2026-05-04T11:29:17.869Z
15,LF74TVN,2026-05-11T13:42:23.199Z
15,LF74TXH,2026-05-04T11:29:17.869Z
16,LV25CLU,2026-05-04T11:29:17.869Z
16,LV25CLX,2026-05-11T13:42:23.199Z
16,LV25CLZ,2026-06-01T15:49:34.177Z
16,LV25CMF,2026-05-18T12:00:33.874Z
16,LV25CMO,2026-05-25T13:01:20.469Z
16,LV25CMX,2026-06-01T15:49:34.177Z
16,LV25CMY,2026-05-25T13:01:20.469Z
16,LV25CMZ,2026-06-01T15:49:34.177Z
16,LV25CNA,2026-06-01T15:49:34.177Z
16,LY74EWN,2026-05-25T13:01:20.469Z
16,LY74EWP,2026-05-25T13:01:20.469Z
16,LY74EWR,2026-05-18T12:00:33.874Z
16,LY74NXZ,2026-05-18T12:00:33.874Z
16,LY74NYC,2026-05-25T13:01:20.469Z
16,LY74NYD,2026-05-18T12:00:33.874Z
16,LY74NYF,2026-06-01T15:49:34.177Z
16,LY74NYG,2026-05-11T12:08:37.791Z
16,LY74NYL,2026-06-01T15:49:34.177Z
17,LJ19CVB,2026-05-18T12:00:33.874Z
17,LJ19CVV,2026-05-11T13:42:23.199Z
17,LK18ALU,2026-05-11T13:42:23.199Z
18,LF75ONC,2026-05-11T13:42:23.199Z
18,LF75OND,2026-05-18T12:00:33.874Z
18,LF75ONG,2026-06-01T15:49:34.177Z
18,LF75ONJ,2026-05-25T13:01:20.469Z
18,LF75ONK,2026-05-18T12:00:33.874Z
18,LF75ONL,2026-05-11T13:42:23.199Z
18,LF75ONM,2026-06-01T15:49:34.177Z
18,LF75ONO,2026-06-01T15:49:34.177Z
18,LF75ONP,2026-06-01T15:49:34.177Z
18,LF75ONR,2026-05-25T13:01:20.469Z
18,LF75ONT,2026-06-01T15:49:34.177Z
18,LF75ONU,2026-06-01T15:49:34.177Z
18,LF75ONV,2026-06-01T15:49:34.177Z
18,LF75ONW,2026-06-01T15:49:34.177Z
18,LF75ONX,2026-06-01T15:49:34.177Z
18,LF75ONZ,2026-05-18T12:00:33.874Z
18,LF75OOA,2026-05-25T13:01:20.469Z
18,LF75OOB,2026-06-01T15:49:34.177Z
18,LF75OOD,2026-06-01T15:49:34.177Z
18,LF75OOE,2026-05-25T13:01:20.469Z
18,LF75OOG,2026-05-04T11:29:17.869Z
18,LF75OOH,2026-05-25T13:01:20.469Z
18,LF75OOJ,2026-06-01T15:49:34.177Z
18,LF75OOU,2026-06-01T15:49:34.177Z
18,LF75OOV,2026-05-11T13:42:23.199Z
18,LF75OOW,2026-06-01T15:49:34.177Z
18,LF75OOX,2026-05-25T13:01:20.469Z
18,LF75OOY,2026-06-01T15:28:31.580Z
18,LF75OPA,2026-06-01T15:49:34.177Z
18,LF75OPB,2026-06-01T15:49:34.177Z
18,LF75OPC,2026-05-25T13:01:20.469Z
18,LF75OPD,2026-06-01T15:49:34.177Z
18,LF75OPE,2026-06-01T15:49:34.177Z
18,LF75OPG,2026-06-01T15:49:34.177Z
18,LF75OPJ,2026-05-25T13:01:20.469Z
18,LF75OPK,2026-06-01T15:49:34.177Z
18,LF75OPL,2026-06-01T15:49:34.177Z
18,LF75OPM,2026-05-18T12:00:33.874Z
18,LF75OPN,2026-05-18T12:00:33.874Z
18,LF75OPO,2026-06-01T15:49:34.177Z
18,LF75OPP,2026-06-01T15:49:34.177Z
18,LF75OPR,2026-05-25T13:01:20.469Z
18,LF75OPS,2026-06-01T15:28:31.580Z
18,LF75OPT,2026-06-01T15:49:34.177Z
18,LF75OPU,2026-06-01T15:49:34.177Z
18,LF75OPV,2026-06-01T15:49:34.177Z
18,LF75OPW,2026-06-01T15:49:34.177Z
18,LF75OPX,2026-06-01T15:49:34.177Z
18,LF75OPY,2026-06-01T15:49:34.177Z
18,LF75OPZ,2026-05-25T13:01:20.469Z
18,LF75ORA,2026-06-01T15:49:34.177Z
18,LF75ORG,2026-06-01T15:49:34.177Z
18,LF75ORH,2026-06-01T15:49:34.177Z
18,LF75ORJ,2026-06-01T15:49:34.177Z
18,LF75ORK,2026-05-25T13:01:20.469Z
18,LF75ORL,2026-06-01T15:49:34.177Z
20,E20HCT,2026-06-01T15:49:34.177Z
20,LX61DCU,2026-06-01T15:49:34.177Z
20,LX61DDL,2026-05-11T13:42:23.199Z
20,LX61DDU,2026-06-01T15:49:34.177Z
20,LX61DFD,2026-06-01T15:49:34.177Z
20,LX61DFF,2026-05-18T12:00:33.874Z
20,LX61DFG,2026-05-18T12:00:33.874Z
20,LX61DFK,2026-05-18T12:00:33.874Z
20,LX61DFL,2026-05-11T13:42:23.199Z
20,LX61DFO,2026-06-01T15:49:34.177Z
20,SN64OGH,2026-05-11T13:42:23.199Z
20,SN64OGP,2026-05-25T13:01:20.469Z
20,SN64OGX,2026-05-11T13:42:23.199Z
20,SN64OGZ,2026-06-01T15:49:34.177Z
20,SN65OHP,2026-05-18T12:00:33.874Z
20,SN66WRG,2026-06-01T15:49:34.177Z
20,YX19ORO,2026-05-25T13:01:20.469Z
20,YX19ORS,2026-06-01T15:49:34.177Z
20,YX19ORT,2026-06-01T15:49:34.177Z
20,YX19ORV,2026-06-01T15:49:34.177Z
20,YX19ORY,2026-05-11T13:42:23.199Z
20,YX19ORZ,2026-05-11T13:42:23.199Z
21,SN18KLU,2026-05-18T12:00:33.874Z
21,SN18KMA,2026-06-01T15:49:34.177Z
21,SN18KND,2026-05-18T12:00:33.874Z
21,YX18KSN,2026-06-01T15:49:34.177Z
21,YX18KSO,2026-06-01T15:49:34.177Z
21,YX18KSZ,2026-06-01T15:49:34.177Z
21,YX18KTL,2026-05-04T11:29:17.869Z
21,YY67URG,2026-06-01T15:49:34.177Z
21,YY67URN,2026-06-01T15:49:34.177Z
21,YY67UTC,2026-06-01T15:49:34.177Z
21,YY67UTG,2026-06-01T15:49:34.177Z
21,YY67UTM,2026-06-01T15:49:34.177Z
22,BV66VHH,2026-05-25T13:01:20.469Z
22,BV66VLE,2026-05-11T13:42:23.199Z
22,LV25WXT,2026-06-01T15:28:31.580Z
22,LV25WXU,2026-05-18T12:00:33.874Z
22,LV25XTO,2026-06-01T15:49:34.177Z
22,LV25XTP,2026-05-25T13:01:20.469Z
22,LV25XUA,2026-06-01T15:49:34.177Z
22,LV25XUC,2026-06-01T15:49:34.177Z
22,LV25XUG,2026-06-01T15:49:34.177Z
22,LV25XUH,2026-06-01T15:28:31.580Z
22,LX75ZDW,2026-06-01T15:49:34.177Z
22,LX75ZFJ,2026-06-01T15:49:34.177Z
22,LX75ZGH,2026-06-01T15:49:34.177Z
22,LX75ZGJ,2026-06-01T15:49:34.177Z
22,LX75ZGL,2026-06-01T15:49:34.177Z
22,LX75ZGM,2026-06-01T15:49:34.177Z
22,LX75ZGR,2026-06-01T15:49:34.177Z
22,LX75ZGS,2026-06-01T15:49:34.177Z
22,LX75ZGU,2026-06-01T15:49:34.177Z
22,LX75ZGV,2026-06-01T15:49:34.177Z
22,LX75ZGW,2026-06-01T15:49:34.177Z
22,LX75ZGY,2026-06-01T15:49:34.177Z
22,YY66OYX,2026-06-01T15:49:34.177Z
23,LD72UGE,2026-06-01T15:49:34.177Z
23,LJ17WTD,2026-04-29T23:54:22.641Z
23,SN12APY,2026-04-29T23:54:22.641Z
23,SN12ATV,2026-04-29T23:54:22.641Z
23,YJ21EVW,2026-05-18T12:00:33.874Z
23,YJ21EXD,2026-05-04T11:29:17.869Z
23,YJ21EXF,2026-06-01T15:49:34.177Z
23,YJ21EXG,2026-06-01T15:49:34.177Z
23,YJ21EXH,2026-05-11T13:42:23.199Z
23,YJ21EXK,2026-05-18T12:00:33.874Z
23,YJ21EXL,2026-05-25T13:01:20.469Z
23,YJ21EXM,2026-06-01T15:49:34.177Z
23,YJ21EXN,2026-05-11T13:42:23.199Z
23,YJ21EXO,2026-05-18T12:00:33.874Z
23,YJ21EXP,2026-06-01T15:49:34.177Z
23,YJ21EXR,2026-06-01T15:49:34.177Z
23,YJ21EXT,2026-05-25T13:01:20.469Z
23,YJ21EXU,2026-05-11T12:08:37.791Z
23,YJ21EXW,2026-06-01T15:49:34.177Z
23,YJ70EVB,2026-05-11T13:42:23.199Z
23,YJ70EVC,2026-05-25T13:01:20.469Z
23,YJ70EVD,2026-06-01T15:49:34.177Z
23,YJ70EVG,2026-06-01T15:49:34.177Z
23,YJ70EVH,2026-06-01T15:49:34.177Z
23,YJ70EVK,2026-05-25T13:01:20.469Z
23,YJ70EVL,2026-05-18T12:00:33.874Z
23,YJ70EVM,2026-05-18T12:00:33.874Z
23,YJ70EVN,2026-05-25T13:01:20.469Z
23,YJ70EVP,2026-05-25T13:01:20.469Z
23,YJ70EVR,2026-06-01T15:49:34.177Z
23,YJ70EVT,2026-06-01T15:49:34.177Z
23,YJ70EVU,2026-06-01T15:49:34.177Z
23,YJ70EVX,2026-06-01T15:49:34.177Z
23,YJ70EVY,2026-06-01T15:49:34.177Z
23,YJ70EXA,2026-05-25T13:01:20.469Z
23,YJ70EXC,2026-05-11T13:42:23.199Z
25,SK14CTE,2026-06-01T15:49:34.177Z
25,SK20AXU,2026-06-01T15:49:34.177Z
25,SK20AXV,2026-06-01T15:49:34.177Z
25,SK20AXW,2026-06-01T15:49:34.177Z
25,SK20AXX,2026-06-01T15:49:34.177Z
25,SK20AXY,2026-05-11T13:42:23.199Z
25,SK20AXZ,2026-05-18T12:00:33.874Z
25,SK20AYA,2026-05-11T13:42:23.199Z
25,SK20AYB,2026-05-11T13:42:23.199Z
25,SK20AYF,2026-06-01T15:49:34.177Z
25,SK20AYG,2026-06-01T15:49:34.177Z
25,SK20AYH,2026-05-25T13:01:20.469Z
25,SK20AYL,2026-06-01T15:49:34.177Z
25,SK20AYM,2026-05-25T13:01:20.469Z
25,SK20AYN,2026-06-01T15:49:34.177Z
25,SK20AYO,2026-05-18T12:00:33.874Z
25,SK20AYP,2026-05-25T13:01:20.469Z
25,SK20AYS,2026-05-18T12:00:33.874Z
25,SK20AYT,2026-06-01T15:49:34.177Z
25,SK20AYU,2026-05-18T12:00:33.874Z
25,SK20AYV,2026-05-11T12:08:37.791Z
25,SK20AYW,2026-06-01T15:49:34.177Z
25,SK20AYX,2026-06-01T15:28:31.580Z
25,SK20AYY,2026-06-01T15:49:34.177Z
25,SK20AYZ,2026-06-01T15:49:34.177Z
25,SK20AZA,2026-05-04T11:29:17.869Z
25,SK20AZB,2026-06-01T15:49:34.177Z
25,SK20AZC,2026-05-25T13:01:20.469Z
25,SK20AZF,2026-06-01T15:49:34.177Z
25,SK20AZG,2026-06-01T15:49:34.177Z
25,SK20AZJ,2026-05-04T11:29:17.869Z
25,SK20BBE,2026-05-25T13:01:20.469Z
25,SK20BBF,2026-06-01T15:49:34.177Z
25,SK20BBJ,2026-06-01T15:49:34.177Z
25,SK20BBN,2026-05-18T12:00:33.874Z
25,SK20BBO,2026-06-01T15:49:34.177Z
25,SK20BBU,2026-06-01T15:49:34.177Z
25,SK20BBV,2026-06-01T15:49:34.177Z
25,SK20BBX,2026-05-11T13:42:23.199Z
25,SK20BBZ,2026-05-18T12:00:33.874Z
25,SK20BCE,2026-06-01T15:49:34.177Z
25,SK20BCF,2026-05-25T13:01:20.469Z
25,SK20BCU,2026-06-01T15:28:31.580Z
25,SK20BCV,2026-05-11T13:42:23.199Z
25,SK20BCX,2026-06-01T15:49:34.177Z
25,SK20BCY,2026-06-01T15:49:34.177Z
25,SK20BCZ,2026-06-01T15:49:34.177Z
25,SK20BDE,2026-06-01T15:49:34.177Z
25,SK20BDF,2026-06-01T15:49:34.177Z
25,SK20BDO,2026-06-01T15:49:34.177Z
25,SK20BDU,2026-05-25T13:01:20.469Z
25,SK20BDV,2026-06-01T15:49:34.177Z
25,SK20BDX,2026-05-25T13:01:20.469Z
25,SK20BDY,2026-04-29T23:54:22.641Z
25,SN14TYT,2026-05-11T13:42:23.199Z
26,LJ24ZPE,2026-05-18T12:00:33.874Z
26,LJ24ZPF,2026-06-01T15:49:34.177Z
26,LJ24ZPG,2026-05-18T12:00:33.874Z
26,LJ24ZPK,2026-06-01T15:49:34.177Z
26,LJ24ZPN,2026-05-18T12:00:33.874Z
26,LJ24ZRL,2026-06-01T15:49:34.177Z
26,LJ74XPB,2026-05-11T13:42:23.199Z
26,LV25XWR,2026-04-29T23:54:22.641Z
26,SN16OHR,2026-06-01T15:49:34.177Z
26,SN16OHS,2026-05-11T13:42:23.199Z
26,SN16OHT,2026-06-01T15:49:34.177Z
26,SN16OHU,2026-05-18T12:00:33.874Z
26,SN16OHV,2026-05-25T13:01:20.469Z
26,SN16OHX,2026-06-01T15:49:34.177Z
26,SN16OHY,2026-06-01T15:49:34.177Z
26,SN16OHZ,2026-05-25T13:01:20.469Z
26,SN16OJA,2026-06-01T15:49:34.177Z
26,SN16OJB,2026-05-18T12:00:33.874Z
26,SN16OJC,2026-05-25T13:01:20.469Z
26,SN16OJD,2026-06-01T15:49:34.177Z
26,SN16OJE,2026-06-01T15:49:34.177Z
26,SN16OJG,2026-06-01T15:28:31.580Z
26,SN16OJH,2026-05-11T13:42:23.199Z
26,SN16OJJ,2026-06-01T15:49:34.177Z
26,SN16OJK,2026-05-25T13:01:20.469Z
26,SN16OJL,2026-05-18T12:00:33.874Z
26,SN18KTX,2026-05-18T12:00:33.874Z
26,SN18KUC,2026-05-18T12:00:33.874Z
26,SN66WRE,2026-05-04T11:29:17.869Z
26,SN66WRJ,2026-05-11T13:42:23.199Z
26,SN66WRK,2026-06-01T15:49:34.177Z
26,SN66WRO,2026-06-01T15:49:34.177Z
26,SN66WRP,2026-06-01T15:49:34.177Z
26,SN66WRR,2026-05-18T12:00:33.874Z
26,SN66WRT,2026-05-25T13:01:20.469Z
26,SN66WRU,2026-06-01T15:49:34.177Z
26,SN66WRW,2026-06-01T15:49:34.177Z
26,SN66WRX,2026-05-25T13:01:20.469Z
26,SN66WRZ,2026-06-01T15:49:34.177Z
26,SN66WSE,2026-06-01T15:49:34.177Z
28,LK12ADX,2026-06-01T15:49:34.177Z
28,LK12AFE,2026-06-01T15:49:34.177Z
28,LK12AOT,2026-06-01T15:49:34.177Z
28,LK12AOX,2026-06-01T15:49:34.177Z
28,LK12APV,2026-06-01T15:49:34.177Z
28,LK12APZ,2026-06-01T15:49:34.177Z
28,LK12ARO,2026-05-18T12:00:33.874Z
28,LK12ARU,2026-06-01T15:49:34.177Z
28,LK12ARX,2026-06-01T15:49:34.177Z
28,LK12ARZ,2026-06-01T15:49:34.177Z
28,LK12ASZ,2026-06-01T15:49:34.177Z
28,LK12ATU,2026-06-01T15:49:34.177Z
28,LK12AUE,2026-06-01T15:49:34.177Z
28,LK12AUF,2026-05-11T13:42:23.199Z
28,LK12AUM,2026-06-01T15:49:34.177Z
28,LK62DNX,2026-06-01T15:49:34.177Z
28,LK62DTZ,2026-06-01T15:49:34.177Z
28,LK62DUA,2026-06-01T15:49:34.177Z
28,LK62DUU,2026-06-01T15:49:34.177Z
28,LK62DVB,2026-06-01T15:49:34.177Z
28,LK62DVC,2026-06-01T15:49:34.177Z
28,LK62DVF,2026-05-11T13:42:23.199Z
29,LJ13FAM,2026-05-11T13:42:23.199Z
29,LJ13FAU,2026-05-25T13:01:20.469Z
29,LJ13FBA,2026-05-25T13:01:20.469Z
29,LJ13FBC,2026-05-18T12:00:33.874Z
29,LJ13FBD,2026-05-11T13:42:23.199Z
29,LJ13FBE,2026-06-01T15:49:34.177Z
29,LJ13FBF,2026-06-01T15:49:34.177Z
29,LJ13FBG,2026-06-01T15:49:34.177Z
29,LJ13FBK,2026-06-01T15:49:34.177Z
29,LJ13FBN,2026-05-11T13:42:23.199Z
29,LJ13FBO,2026-05-18T12:00:33.874Z
29,LJ13FBU,2026-06-01T15:49:34.177Z
29,LJ13FBV,2026-05-18T12:00:33.874Z
29,LJ13FBX,2026-06-01T15:49:34.177Z
29,LJ13FBY,2026-06-01T15:49:34.177Z
29,LJ13FBZ,2026-05-18T12:00:33.874Z
29,LJ13FCA,2026-05-04T11:29:17.869Z
29,LJ13FCE,2026-06-01T15:49:34.177Z
29,LJ13FCF,2026-06-01T15:49:34.177Z
29,LJ13FCG,2026-06-01T15:28:31.580Z
29,LJ13FCM,2026-06-01T15:49:34.177Z
29,LJ13FCU,2026-05-25T13:01:20.469Z
29,LJ13FCV,2026-06-01T15:49:34.177Z
29,LJ13FCX,2026-05-25T13:01:20.469Z
29,LJ13FCY,2026-06-01T15:49:34.177Z
29,LJ13FCZ,2026-06-01T15:49:34.177Z
29,LJ13FDA,2026-05-18T12:00:33.874Z
29,LJ13FDC,2026-05-18T12:00:33.874Z
29,LJ13FEP,2026-06-01T15:49:34.177Z
29,LJ13FET,2026-05-11T13:42:23.199Z
29,LJ17WVF,2026-05-18T12:00:33.874Z
29,LJ17WVG,2026-06-01T15:49:34.177Z
29,LJ17WVH,2026-05-18T12:00:33.874Z
29,LJ60AXD,2026-05-04T11:29:17.869Z
29,LK66GBE,2026-05-18T12:00:33.874Z
29,LK66GBF,2026-06-01T15:49:34.177Z
29,LK66GBV,2026-06-01T15:49:34.177Z
29,LK66GBX,2026-05-25T13:01:20.469Z
29,LK66GCU,2026-06-01T15:49:34.177Z
29,LK66GCV,2026-06-01T15:49:34.177Z
29,LK66HCF,2026-06-01T15:49:34.177Z
29,LK66HCN,2026-06-01T15:49:34.177Z
29,LK66HCO,2026-06-01T15:49:34.177Z
29,LK66HCX,2026-05-25T13:01:20.469Z
29,LK66HCZ,2026-05-25T13:01:20.469Z
29,LK66HDC,2026-06-01T15:49:34.177Z
29,LK66HDE,2026-06-01T15:49:34.177Z
29,LK66HDG,2026-06-01T15:49:34.177Z
29,LK66HDH,2026-06-01T15:49:34.177Z
29,LK66HDL,2026-05-25T13:01:20.469Z
29,LK66HDN,2026-06-01T15:49:34.177Z
29,LK66HDU,2026-05-04T11:29:17.869Z
29,LT63UKJ,2026-06-01T15:49:34.177Z
30,LK18AHG,2026-05-04T11:29:17.869Z
30,LK18AHJ,2026-05-25T13:01:20.469Z
30,LK18AHL,2026-05-25T13:01:20.469Z
30,LK18AHN,2026-06-01T15:49:34.177Z
30,LK18AHO,2026-06-01T15:49:34.177Z
30,LK18AHP,2026-06-01T15:49:34.177Z
30,LK18AHU,2026-06-01T15:49:34.177Z
30,LK18AHV,2026-06-01T15:49:34.177Z
30,LK18AHX,2026-05-18T12:00:33.874Z
30,LK18AHY,2026-06-01T15:49:34.177Z
30,LK18AHZ,2026-05-18T12:00:33.874Z
30,LK18AJO,2026-05-11T13:42:23.199Z
30,LK18AJU,2026-06-01T15:49:34.177Z
30,LK18AJV,2026-05-25T13:01:20.469Z
30,LK18AKG,2026-05-25T13:01:20.469Z
30,LK18AKJ,2026-06-01T15:49:34.177Z
30,LK18ALO,2026-06-01T15:49:34.177Z
30,LK18ALU,2026-06-01T15:49:34.177Z
30,LK18AMO,2026-05-18T12:00:33.874Z
30,LK18AMU,2026-05-25T13:01:20.469Z
30,LK18AMV,2026-06-01T15:49:34.177Z
30,LK18AMX,2026-05-25T13:01:20.469Z
30,LK18ANF,2026-06-01T15:49:34.177Z
30,LK18ANP,2026-05-11T13:42:23.199Z
30,LK18ANR,2026-05-04T11:29:17.869Z
30,LK18ANU,2026-05-18T12:00:33.874Z
30,LK18ANV,2026-06-01T15:49:34.177Z
30,LK18ANX,2026-06-01T15:49:34.177Z
30,LK18AOA,2026-05-11T13:42:23.199Z
30,LK18AOB,2026-05-18T12:00:33.874Z
30,LK18AOC,2026-05-18T12:00:33.874Z
30,LK18AOD,2026-05-04T11:29:17.869Z
30,LK18AOE,2026-06-01T15:28:31.580Z
31,LF75ONC,2026-06-01T15:49:34.177Z
31,LF75ONH,2026-06-01T15:49:34.177Z
31,LF75ONJ,2026-06-01T15:49:34.177Z
31,LF75ONK,2026-06-01T15:49:34.177Z
31,LF75ONL,2026-06-01T15:49:34.177Z
31,LF75ONM,2026-05-25T13:01:20.469Z
31,LF75ONN,2026-05-25T13:01:20.469Z
31,LF75ONR,2026-06-01T15:49:34.177Z
31,LF75ONT,2026-05-18T12:00:33.874Z
31,LF75ONV,2026-05-25T13:01:20.469Z
31,LF75ONW,2026-04-29T23:54:22.641Z
31,LF75ONX,2026-05-25T13:01:20.469Z
31,LF75ONZ,2026-05-25T13:01:20.469Z
31,LF75OOA,2026-05-04T11:29:17.869Z
31,LF75OOD,2026-05-25T13:01:20.469Z
31,LF75OOE,2026-05-04T11:29:17.869Z
31,LF75OOG,2026-06-01T15:49:34.177Z
31,LF75OOH,2026-06-01T15:49:34.177Z
31,LF75OOU,2026-05-25T13:01:20.469Z
31,LF75OOV,2026-06-01T15:28:31.580Z
31,LF75OOX,2026-06-01T15:49:34.177Z
31,LF75OOY,2026-05-11T13:42:23.199Z
31,LF75OPA,2026-05-18T12:00:33.874Z
31,LF75OPB,2026-05-25T13:01:20.469Z
31,LF75OPC,2026-05-18T12:00:33.874Z
31,LF75OPG,2026-05-04T11:29:17.869Z
31,LF75OPJ,2026-06-01T15:28:31.580Z
31,LF75OPK,2026-05-18T12:00:33.874Z
31,LF75OPM,2026-06-01T15:49:34.177Z
31,LF75OPN,2026-05-25T13:01:20.469Z
31,LF75OPO,2026-05-18T12:00:33.874Z
31,LF75OPP,2026-05-25T13:01:20.469Z
31,LF75OPR,2026-06-01T15:49:34.177Z
31,LF75OPT,2026-05-11T13:42:23.199Z
31,LF75OPU,2026-05-11T12:08:37.791Z
31,LF75OPV,2026-05-25T13:01:20.469Z
31,LF75OPY,2026-05-04T11:29:17.869Z
31,LF75OPZ,2026-06-01T15:49:34.177Z
31,LF75ORC,2026-05-18T12:00:33.874Z
31,LF75ORG,2026-05-25T13:01:20.469Z
31,LF75ORH,2026-05-25T13:01:20.469Z
31,LF75ORK,2026-06-01T15:28:31.580Z
31,LJ17WSD,2026-04-29T23:54:22.641Z
31,YJ21EXD,2026-05-11T13:42:23.199Z
31,YJ21EXK,2026-06-01T15:49:34.177Z
31,YJ21EXL,2026-05-18T12:00:33.874Z
31,YJ21EXN,2026-05-18T12:00:33.874Z
31,YJ21EXP,2026-05-11T13:42:23.199Z
31,YJ21EXT,2026-05-18T12:00:33.874Z
31,YJ70EVC,2026-06-01T15:28:31.580Z
31,YJ70EVF,2026-05-11T12:08:37.791Z
32,LK11CXO,2026-06-01T15:49:34.177Z
32,LK11CXP,2026-06-01T15:49:34.177Z
32,LK11CXR,2026-06-01T15:49:34.177Z
32,LK11CXS,2026-06-01T15:49:34.177Z
32,LK15CWC,2026-05-11T13:42:23.199Z
33,LD71YLP,2026-05-25T13:01:20.469Z
33,LD71YLR,2026-05-11T13:42:23.199Z
33,LD71YLT,2026-06-01T15:49:34.177Z
33,LD71YLV,2026-05-25T13:01:20.469Z
33,LG71DTK,2026-05-18T12:00:33.874Z
33,LG71DTN,2026-05-18T12:00:33.874Z
33,LG71DTU,2026-06-01T15:49:34.177Z
33,LG71DTV,2026-06-01T15:49:34.177Z
33,LG71DTX,2026-05-18T12:00:33.874Z
33,LG71DTY,2026-06-01T15:49:34.177Z
33,LG71DTZ,2026-05-11T13:42:23.199Z
33,LG71DUH,2026-05-11T13:42:23.199Z
33,LG71DUJ,2026-06-01T15:49:34.177Z
33,MF25HFW,2026-05-25T13:01:20.469Z
33,MF25HFX,2026-05-25T13:01:20.469Z
33,MF25HFY,2026-05-11T13:42:23.199Z
33,MF25HFZ,2026-05-25T13:01:20.469Z
33,MF25HGA,2026-05-18T12:00:33.874Z
33,MF25HGC,2026-05-25T13:01:20.469Z
33,MF25HGD,2026-06-01T15:49:34.177Z
33,MF25HGE,2026-05-18T12:00:33.874Z
33,MF25HGG,2026-06-01T15:49:34.177Z
33,MF25HGJ,2026-06-01T15:49:34.177Z
33,MF25HGK,2026-06-01T15:49:34.177Z
33,MF25HGL,2026-06-01T15:49:34.177Z
33,MF25HGM,2026-05-11T13:42:23.199Z
33,MF25HGN,2026-06-01T15:49:34.177Z
33,MF25HGO,2026-06-01T15:49:34.177Z
33,MF25HGP,2026-06-01T15:49:34.177Z
33,MF25HGU,2026-06-01T15:49:34.177Z
33,MF25HGX,2026-06-01T15:49:34.177Z
33,MF25HGY,2026-06-01T15:49:34.177Z
33,MF25HGZ,2026-06-01T15:49:34.177Z
33,YX18KVO,2026-05-11T13:42:23.199Z
34,LC67AHE,2026-05-11T13:42:23.199Z
34,LF25TFU,2026-06-01T15:49:34.177Z
34,LF25TFV,2026-06-01T15:49:34.177Z
34,LF25TFX,2026-05-11T13:42:23.199Z
34,LF25THK,2026-06-01T15:49:34.177Z
34,LF25THN,2026-06-01T15:49:34.177Z
34,LF25THU,2026-05-25T13:01:20.469Z
34,LF25THV,2026-06-01T15:49:34.177Z
34,LF25THZ,2026-05-11T13:42:23.199Z
34,LF25TJO,2026-06-01T15:49:34.177Z
34,LF25TJU,2026-05-25T13:01:20.469Z
34,LF25TJV,2026-05-18T12:00:33.874Z
34,LF25TJX,2026-06-01T15:49:34.177Z
34,LF25TJY,2026-05-04T11:29:17.869Z
34,LF25TJZ,2026-05-25T13:01:20.469Z
34,LF25TKA,2026-05-18T12:00:33.874Z
34,LF25TKC,2026-05-25T13:01:20.469Z
34,LF25TKD,2026-06-01T15:49:34.177Z
34,LF25TKE,2026-05-11T13:42:23.199Z
34,LF25TKJ,2026-05-11T13:42:23.199Z
34,LF25TKK,2026-06-01T15:49:34.177Z
34,LF25TKN,2026-06-01T15:28:31.580Z
34,LF25TKO,2026-06-01T15:49:34.177Z
34,LF25TKT,2026-06-01T15:49:34.177Z
34,LF25TKU,2026-05-11T13:42:23.199Z
34,LF25TKV,2026-06-01T15:49:34.177Z
34,LF25TKZ,2026-06-01T15:49:34.177Z
34,LF25TLJ,2026-05-18T12:00:33.874Z
34,LF25TLK,2026-06-01T15:49:34.177Z
34,LF25TLN,2026-05-25T13:01:20.469Z
34,LF25TLO,2026-05-18T12:00:33.874Z
34,LF25TLU,2026-06-01T15:49:34.177Z
34,LF25TLV,2026-05-25T13:01:20.469Z
34,LF25TLY,2026-05-25T13:01:20.469Z
34,LF25TLZ,2026-06-01T15:49:34.177Z
34,LF25TMU,2026-05-25T13:01:20.469Z
34,LF25TMV,2026-06-01T15:49:34.177Z
34,LF25TNO,2026-05-04T11:29:17.869Z
34,LK66GFJ,2026-06-01T15:49:34.177Z
34,LK66GFU,2026-05-18T12:00:33.874Z
34,LK66GFV,2026-05-11T13:42:23.199Z
34,LK66GGF,2026-05-18T12:00:33.874Z
35,BF65WJA,2026-06-01T15:49:34.177Z
35,BP15OMA,2026-06-01T15:49:34.177Z
35,BP15OMC,2026-06-01T15:49:34.177Z
35,BP15OMK,2026-05-18T12:00:33.874Z
35,BU16OZD,2026-06-01T15:49:34.177Z
35,BV66VJA,2026-05-11T12:08:37.791Z
35,BV66VKC,2026-05-11T13:42:23.199Z
35,BV66VKF,2026-06-01T15:49:34.177Z
35,LB23PFV,2026-06-01T15:49:34.177Z
35,LB23PFZ,2026-05-04T11:29:17.869Z
35,LB23PGO,2026-05-11T13:42:23.199Z
35,LB23PGV,2026-05-25T13:01:20.469Z
35,LB23PGZ,2026-05-04T11:29:17.869Z
35,LG73FRK,2026-05-04T11:29:17.869Z
35,SN66WOA,2026-05-11T13:42:23.199Z
35,SN66WOC,2026-06-01T15:49:34.177Z
35,SN66WOH,2026-05-11T13:42:23.199Z
35,SN66WOJ,2026-06-01T15:49:34.177Z
35,SN66WOR,2026-05-25T13:01:20.469Z
35,SN66WOU,2026-05-25T13:01:20.469Z
35,SN66WOV,2026-05-25T13:01:20.469Z
35,SN66WOX,2026-06-01T15:49:34.177Z
35,SN66WOY,2026-05-18T12:00:33.874Z
35,SN66WPA,2026-05-25T13:01:20.469Z
35,SN66WPD,2026-05-11T13:42:23.199Z
35,YX16OBT,2026-06-01T15:49:34.177Z
35,YX16OBU,2026-06-01T15:49:34.177Z
35,YX16OBV,2026-06-01T15:49:34.177Z
35,YX16OBY,2026-06-01T15:28:31.580Z
35,YX16OBZ,2026-06-01T15:49:34.177Z
35,YX16OCA,2026-06-01T15:49:34.177Z
35,YX16OCB,2026-06-01T15:49:34.177Z
35,YX16OCC,2026-05-18T12:00:33.874Z
35,YX16OCD,2026-05-04T11:29:17.869Z
35,YX16OCE,2026-05-18T12:00:33.874Z
35,YX16OCF,2026-06-01T15:49:34.177Z
35,YX16OCG,2026-06-01T15:49:34.177Z
35,YX16OCH,2026-05-18T12:00:33.874Z
35,YX16OCJ,2026-06-01T15:49:34.177Z
35,YX16OCL,2026-06-01T15:49:34.177Z
35,YX16OCM,2026-06-01T15:49:34.177Z
35,YX16OCN,2026-05-18T12:00:33.874Z
35,YX16OCO,2026-06-01T15:49:34.177Z
35,YX16OCP,2026-06-01T15:28:31.580Z
35,YY66OYL,2026-05-25T13:01:20.469Z
35,YY66OYM,2026-06-01T15:49:34.177Z
35,YY66OYS,2026-05-18T12:00:33.874Z
36,SN18KLU,2026-05-04T11:29:17.869Z
36,SN18KLX,2026-05-11T13:42:23.199Z
36,SN18KLZ,2026-06-01T15:49:34.177Z
36,SN18KMK,2026-06-01T15:49:34.177Z
36,SN18KMM,2026-05-25T13:01:20.469Z
36,SN18KMO,2026-05-11T13:42:23.199Z
36,SN18KMU,2026-06-01T15:49:34.177Z
36,SN18KMX,2026-05-04T11:29:17.869Z
36,SN18KMZ,2026-05-18T12:00:33.874Z
36,SN18KNA,2026-06-01T15:49:34.177Z
36,SN18KNB,2026-05-18T12:00:33.874Z
36,SN18KNC,2026-05-11T13:42:23.199Z
36,SN61BKK,2026-06-01T15:49:34.177Z
36,SN61DAA,2026-06-01T15:49:34.177Z
36,SN61DCX,2026-06-01T15:49:34.177Z
36,SN66WNY,2026-05-25T13:01:20.469Z
36,YW17JTZ,2026-05-18T12:00:33.874Z
36,YW17JUC,2026-05-25T13:01:20.469Z
36,YW17JUH,2026-05-18T12:00:33.874Z
36,YX12FPE,2026-06-01T15:49:34.177Z
36,YX12FPG,2026-06-01T15:49:34.177Z
36,YX12FPJ,2026-06-01T15:49:34.177Z
36,YX12FPL,2026-05-18T12:00:33.874Z
36,YX18KRO,2026-05-04T11:29:17.869Z
36,YX18KRU,2026-06-01T15:49:34.177Z
36,YX18KRV,2026-04-29T23:54:22.641Z
36,YX18KRZ,2026-06-01T15:49:34.177Z
36,YX18KSF,2026-06-01T15:49:34.177Z
36,YX18KSJ,2026-06-01T15:49:34.177Z
36,YX18KSK,2026-06-01T15:49:34.177Z
36,YX18KSN,2026-05-04T11:29:17.869Z
36,YX18KSO,2026-05-18T12:00:33.874Z
36,YX18KSU,2026-06-01T15:49:34.177Z
36,YX18KSV,2026-05-04T11:29:17.869Z
36,YX18KTA,2026-06-01T15:28:31.580Z
36,YX18KTC,2026-06-01T15:49:34.177Z
36,YX18KTD,2026-06-01T15:49:34.177Z
36,YX18KTF,2026-05-18T12:00:33.874Z
36,YX18KTG,2026-05-25T13:01:20.469Z
36,YX18KTN,2026-05-11T13:42:23.199Z
36,YX67VFK,2026-05-11T13:42:23.199Z
36,YX67VFL,2026-05-18T12:00:33.874Z
36,YX67VFM,2026-05-04T11:29:17.869Z
36,YX67VFN,2026-06-01T15:49:34.177Z
36,YY66OYO,2026-05-25T13:01:20.469Z
36,YY67UPX,2026-04-29T23:54:22.641Z
36,YY67UPZ,2026-05-11T13:42:23.199Z
36,YY67URA,2026-05-25T13:01:20.469Z
36,YY67URB,2026-06-01T15:49:34.177Z
36,YY67URC,2026-06-01T15:49:34.177Z
36,YY67URF,2026-06-01T15:49:34.177Z
36,YY67URH,2026-05-11T13:42:23.199Z
36,YY67URL,2026-06-01T15:49:34.177Z
36,YY67URO,2026-06-01T15:49:34.177Z
36,YY67URS,2026-05-18T12:00:33.874Z
36,YY67URT,2026-05-18T12:00:33.874Z
36,YY67URU,2026-06-01T15:49:34.177Z
36,YY67URV,2026-05-25T13:01:20.469Z
36,YY67URW,2026-06-01T15:49:34.177Z
36,YY67URX,2026-05-04T11:29:17.869Z
36,YY67UTF,2026-05-11T13:42:23.199Z
36,YY67UTJ,2026-06-01T15:49:34.177Z
37,BG66MHX,2026-06-01T15:49:34.177Z
37,BG66MHY,2026-06-01T15:49:34.177Z
37,BV66VGX,2026-05-25T13:01:20.469Z
37,BV66VGY,2026-06-01T15:49:34.177Z
37,BV66VGZ,2026-06-01T15:49:34.177Z
37,BV66VKN,2026-06-01T15:49:34.177Z
37,BV66VKO,2026-06-01T15:49:34.177Z
37,BV66VKP,2026-06-01T15:28:31.580Z
37,BV66VKR,2026-06-01T15:49:34.177Z
37,BV66VKS,2026-06-01T15:49:34.177Z
37,BV66VKT,2026-05-25T13:01:20.469Z
37,BV66VKU,2026-06-01T15:49:34.177Z
37,YW19VVA,2026-05-11T13:42:23.199Z
37,YW19VVB,2026-05-04T11:29:17.869Z
37,YW19VVC,2026-05-25T13:01:20.469Z
37,YW19VVD,2026-05-25T13:01:20.469Z
37,YW19VVE,2026-06-01T15:49:34.177Z
37,YW19VVF,2026-05-04T11:29:17.869Z
37,YW19VVG,2026-05-18T12:00:33.874Z
37,YW19VVJ,2026-04-29T23:54:22.641Z
37,YW19VVK,2026-06-01T15:49:34.177Z
37,YW19VVL,2026-06-01T15:49:34.177Z
37,YW19VVM,2026-05-25T13:01:20.469Z
37,YW19VVN,2026-06-01T15:49:34.177Z
37,YW19VVO,2026-05-18T12:00:33.874Z
37,YW19VVR,2026-05-18T12:00:33.874Z
37,YX18KPU,2026-06-01T15:49:34.177Z
37,YX18KPV,2026-05-04T11:29:17.869Z
37,YX18KPY,2026-05-04T11:29:17.869Z
37,YX18KRD,2026-05-18T12:00:33.874Z
37,YX18KRG,2026-05-25T13:01:20.469Z
37,YX18KRJ,2026-05-04T11:29:17.869Z
37,YX18KRK,2026-06-01T15:49:34.177Z
37,YX66WHC,2026-06-01T15:49:34.177Z
37,YX66WHD,2026-06-01T15:49:34.177Z
37,YX66WHJ,2026-05-11T13:42:23.199Z
37,YX66WHK,2026-05-11T13:42:23.199Z
37,YX66WHM,2026-05-04T11:29:17.869Z
37,YX66WHR,2026-05-25T13:01:20.469Z
37,YY66OYK,2026-05-11T12:08:37.791Z
39,LB23PHN,2026-05-11T13:42:23.199Z
39,LB23PHO,2026-06-01T15:49:34.177Z
39,LB23PHU,2026-05-25T13:01:20.469Z
39,LB23PHV,2026-06-01T15:28:31.580Z
39,LB23PHX,2026-06-01T15:49:34.177Z
39,LB23PHY,2026-06-01T15:49:34.177Z
39,LB23PHZ,2026-06-01T15:49:34.177Z
39,LB23PJJ,2026-05-18T12:00:33.874Z
39,LB23PJO,2026-05-18T12:00:33.874Z
39,LB23PJU,2026-05-11T13:42:23.199Z
39,LB23PJV,2026-05-18T12:00:33.874Z
39,LB23PJX,2026-05-18T12:00:33.874Z
39,LF24ZGZ,2026-05-18T12:00:33.874Z
39,LF24ZHA,2026-05-25T13:01:20.469Z
39,LF24ZHB,2026-05-25T13:01:20.469Z
39,LF24ZHC,2026-05-11T13:42:23.199Z
39,LF24ZHD,2026-05-18T12:00:33.874Z
39,LF24ZHE,2026-06-01T15:49:34.177Z
39,LF24ZHG,2026-06-01T15:28:31.580Z
39,LF24ZHH,2026-06-01T15:28:31.580Z
39,LF24ZHJ,2026-06-01T15:49:34.177Z
39,LF24ZHK,2026-05-18T12:00:33.874Z
39,LF24ZHL,2026-06-01T15:49:34.177Z
39,LF24ZHM,2026-05-04T11:29:17.869Z
39,LF24ZHN,2026-06-01T15:49:34.177Z
39,LF24ZHO,2026-06-01T15:49:34.177Z
39,LF24ZHR,2026-06-01T15:49:34.177Z
39,LG23FLB,2026-05-25T13:01:20.469Z
39,LG73FZU,2026-05-25T13:01:20.469Z
40,LB23PFU,2026-06-01T15:49:34.177Z
40,LB23PFV,2026-05-04T11:29:17.869Z
40,LB23PFX,2026-05-18T12:00:33.874Z
40,LB23PGK,2026-06-01T15:49:34.177Z
40,LB23PGO,2026-05-18T12:00:33.874Z
40,LB23PGU,2026-05-25T13:01:20.469Z
40,LB23PGV,2026-05-11T13:42:23.199Z
40,LB23PGY,2026-06-01T15:49:34.177Z
40,LB23PGZ,2026-05-25T13:01:20.469Z
40,LG73FPV,2026-05-25T13:01:20.469Z
40,LG73FPX,2026-06-01T15:49:34.177Z
40,LG73FPY,2026-05-25T13:01:20.469Z
40,LG73FPZ,2026-05-11T13:42:23.199Z
40,LG73FRD,2026-05-18T12:00:33.874Z
40,LG73FRF,2026-06-01T15:49:34.177Z
40,LG73FRJ,2026-05-11T13:42:23.199Z
40,LG73FRK,2026-06-01T15:49:34.177Z
40,LG73FRL,2026-06-01T15:49:34.177Z
40,LG73FRN,2026-06-01T15:49:34.177Z
40,LG73FRO,2026-05-25T13:01:20.469Z
40,LG73FRP,2026-05-18T12:00:33.874Z
40,LG73FRR,2026-06-01T15:49:34.177Z
40,LG73FRU,2026-06-01T15:49:34.177Z
40,LG73FRZ,2026-06-01T15:49:34.177Z
40,LG73FSA,2026-06-01T15:49:34.177Z
40,LG73FSC,2026-05-11T13:42:23.199Z
40,LG73FSD,2026-05-25T13:01:20.469Z
40,LG73FSE,2026-06-01T15:49:34.177Z
40,LG73FSJ,2026-06-01T15:49:34.177Z
40,LG73FSK,2026-05-04T11:29:17.869Z
40,LG73FTK,2026-06-01T15:49:34.177Z
40,LG73FTN,2026-05-11T13:42:23.199Z
41,LF67EUJ,2026-05-18T12:00:33.874Z
41,LF67EUK,2026-06-01T15:49:34.177Z
41,LJ26UVP,2026-06-01T15:49:34.177Z
41,LJ26UWB,2026-05-25T13:01:20.469Z
41,LJ75VZC,2026-05-11T13:42:23.199Z
41,LJ75VZD,2026-05-11T13:42:23.199Z
41,LJ75VZE,2026-05-25T13:01:20.469Z
41,LJ75VZF,2026-06-01T15:49:34.177Z
41,LJ75VZH,2026-06-01T15:49:34.177Z
41,LJ75VZK,2026-06-01T15:49:34.177Z
41,LJ75VZL,2026-05-18T12:00:33.874Z
41,LJ75VZM,2026-05-25T13:01:20.469Z
41,LJ75VZN,2026-06-01T15:49:34.177Z
41,LJ75VZO,2026-05-18T12:00:33.874Z
41,LJ75VZP,2026-06-01T15:49:34.177Z
41,LJ75VZR,2026-05-25T13:01:20.469Z
41,LJ75VZU,2026-05-11T13:42:23.199Z
41,LJ75VZX,2026-05-18T12:00:33.874Z
41,LJ75VZZ,2026-06-01T15:49:34.177Z
41,LJ75WAO,2026-05-11T13:42:23.199Z
41,LJ75WAU,2026-06-01T15:49:34.177Z
41,LJ75WBE,2026-06-01T15:49:34.177Z
41,LJ75WBF,2026-05-04T11:29:17.869Z
41,LJ75WBG,2026-06-01T15:49:34.177Z
41,LJ75WBM,2026-06-01T15:49:34.177Z
41,LJ75WBP,2026-06-01T15:49:34.177Z
41,LJ75WBT,2026-06-01T15:49:34.177Z
41,LV74CEF,2026-05-11T13:42:23.199Z
41,LV74CEK,2026-05-04T11:29:17.869Z
41,LY24JOU,2026-05-04T11:29:17.869Z
41,LY24JPF,2026-05-18T12:00:33.874Z
41,LY24JPJ,2026-05-11T13:42:23.199Z
41,LY24JPV,2026-05-25T13:01:20.469Z
41,LY24JPX,2026-05-04T11:29:17.869Z
41,LY24JRO,2026-05-11T13:42:23.199Z
41,LY24JRU,2026-05-25T13:01:20.469Z
41,LY24JSX,2026-05-25T13:01:20.469Z
41,LY24JTU,2026-05-04T11:29:17.869Z
41,LY24JTV,2026-05-11T13:42:23.199Z
41,LY24JTZ,2026-06-01T15:49:34.177Z
41,LY24JUA,2026-05-04T11:29:17.869Z
41,LY24JUC,2026-05-25T13:01:20.469Z
41,LY24JUF,2026-05-18T12:00:33.874Z
41,LY24JUH,2026-05-11T13:42:23.199Z
41,LY24JUJ,2026-06-01T15:49:34.177Z
41,LY24KYZ,2026-06-01T15:49:34.177Z
41,LY24KZB,2026-05-25T13:01:20.469Z
41,LY24KZC,2026-05-11T13:42:23.199Z
41,LY24KZD,2026-05-25T13:01:20.469Z
41,LY24KZF,2026-05-04T11:29:17.869Z
41,LY24KZH,2026-05-04T11:29:17.869Z
41,LY24RWF,2026-06-01T15:49:34.177Z
41,LY24RWL,2026-06-01T15:49:34.177Z
42,BP15OMC,2026-05-18T12:00:33.874Z
42,BP15OMK,2026-05-04T11:29:17.869Z
42,BV66VJA,2026-06-01T15:49:34.177Z
42,SN66WOB,2026-05-04T11:29:17.869Z
42,SN66WOC,2026-05-25T13:01:20.469Z
42,SN66WOJ,2026-05-25T13:01:20.469Z
42,SN66WOR,2026-06-01T15:28:31.580Z
42,SN66WOU,2026-06-01T15:49:34.177Z
42,SN66WOV,2026-06-01T15:49:34.177Z
42,SN66WOX,2026-05-18T12:00:33.874Z
42,SN66WPA,2026-06-01T15:49:34.177Z
42,SN66WPE,2026-06-01T15:49:34.177Z
42,SN66WPF,2026-05-11T13:42:23.199Z
42,YX16OBT,2026-05-18T12:00:33.874Z
42,YX16OBY,2026-05-25T13:01:20.469Z
42,YX16OCB,2026-05-18T12:00:33.874Z
42,YX16OCC,2026-06-01T15:49:34.177Z
42,YX16OCE,2026-06-01T15:49:34.177Z
42,YX16OCF,2026-05-18T12:00:33.874Z
42,YX16OCG,2026-05-25T13:01:20.469Z
42,YX16OCJ,2026-05-25T13:01:20.469Z
42,YX16OCL,2026-05-25T13:01:20.469Z
42,YX16OCM,2026-05-04T11:29:17.869Z
42,YX16OCN,2026-06-01T15:49:34.177Z
42,YX16OCO,2026-05-04T11:29:17.869Z
42,YX16OCR,2026-05-18T12:00:33.874Z
42,YX16OCS,2026-05-25T13:01:20.469Z
42,YY66OYM,2026-05-25T13:01:20.469Z
43,LJ19CUK,2026-06-01T15:28:31.580Z
43,LJ19CUO,2026-05-18T12:00:33.874Z
43,LJ19CUU,2026-06-01T15:49:34.177Z
43,LJ19CUW,2026-06-01T15:49:34.177Z
43,LJ19CUX,2026-05-25T13:01:20.469Z
43,LJ19CUY,2026-06-01T15:28:31.580Z
43,LJ19CVA,2026-06-01T15:49:34.177Z
43,LJ19CVB,2026-06-01T15:49:34.177Z
43,LJ19CVC,2026-05-18T12:00:33.874Z
43,LJ19CVD,2026-06-01T15:28:31.580Z
43,LJ19CVE,2026-05-25T13:01:20.469Z
43,LJ19CVF,2026-06-01T15:49:34.177Z
43,LJ19CVG,2026-05-18T12:00:33.874Z
43,LJ19CVH,2026-06-01T15:49:34.177Z
43,LJ19CVK,2026-06-01T15:49:34.177Z
43,LJ19CVL,2026-06-01T15:49:34.177Z
43,LJ19CVM,2026-06-01T15:28:31.580Z
43,LJ19CVN,2026-05-25T13:01:20.469Z
43,LJ19CVO,2026-06-01T15:49:34.177Z
43,LJ19CVP,2026-06-01T15:28:31.580Z
43,LJ19CVS,2026-06-01T15:49:34.177Z
43,LJ19CVT,2026-06-01T15:49:34.177Z
43,LJ19CVU,2026-05-11T13:42:23.199Z
43,LJ19CVV,2026-05-18T12:00:33.874Z
43,LJ19CVW,2026-06-01T15:49:34.177Z
43,LJ19CVX,2026-06-01T15:49:34.177Z
43,LJ19CVY,2026-05-18T12:00:33.874Z
43,LJ19CVZ,2026-06-01T15:28:31.580Z
43,LV23ZBL,2026-05-11T13:42:23.199Z
43,LV23ZBP,2026-05-18T12:00:33.874Z
43,LV23ZBW,2026-06-01T15:49:34.177Z
43,LV23ZBY,2026-06-01T15:49:34.177Z
43,LV23ZBZ,2026-05-25T13:01:20.469Z
43,LV74YVS,2026-05-18T12:00:33.874Z
43,LY74EWB,2026-04-29T23:54:22.641Z
43,LY74EWE,2026-05-18T12:00:33.874Z
43,LY74EWH,2026-05-11T13:42:23.199Z
43,LY74EWJ,2026-06-01T15:49:34.177Z
43,LY74EWM,2026-06-01T15:49:34.177Z
43,LY74NXV,2026-06-01T15:49:34.177Z
44,BD65EVP,2026-05-11T12:08:37.791Z
44,BD65EVW,2026-05-18T12:00:33.874Z
44,BD65EVY,2026-05-25T13:01:20.469Z
44,BP15OLX,2026-05-11T13:42:23.199Z
44,BP15OMF,2026-05-18T12:00:33.874Z
44,BP15OMJ,2026-06-01T15:49:34.177Z
44,BV66VGK,2026-06-01T15:49:34.177Z
44,BV66VLJ,2026-05-25T13:01:20.469Z
44,BV66VLL,2026-06-01T15:49:34.177Z
44,LF67EXE,2026-06-01T15:49:34.177Z
44,LF67EYA,2026-05-25T13:01:20.469Z
44,LF67EYB,2026-06-01T15:49:34.177Z
44,SN18XZG,2026-06-01T15:49:34.177Z
44,SN18XZJ,2026-06-01T15:49:34.177Z
44,SN18XZL,2026-06-01T15:49:34.177Z
44,SN18XZM,2026-06-01T15:49:34.177Z
44,SN18XZP,2026-06-01T15:49:34.177Z
44,YX18KPA,2026-06-01T15:49:34.177Z
44,YX18KPE,2026-06-01T15:49:34.177Z
44,YX18KPF,2026-06-01T15:49:34.177Z
44,YX18KPG,2026-05-18T12:00:33.874Z
44,YX18KPJ,2026-05-25T13:01:20.469Z
44,YX18KPK,2026-05-18T12:00:33.874Z
44,YX18KPL,2026-06-01T15:49:34.177Z
44,YX18KPN,2026-05-25T13:01:20.469Z
44,YX18KPO,2026-06-01T15:49:34.177Z
44,YX18KPP,2026-06-01T15:49:34.177Z
44,YY67UTN,2026-06-01T15:49:34.177Z
44,YY67UTO,2026-05-25T13:01:20.469Z
45,LC71KWM,2026-05-11T13:42:23.199Z
45,LC71KWN,2026-05-11T13:42:23.199Z
45,LC71KWW,2026-06-01T15:49:34.177Z
45,LC71KWY,2026-05-25T13:01:20.469Z
45,LC71KXH,2026-06-01T15:49:34.177Z
45,LC71KXO,2026-05-11T13:42:23.199Z
45,LV24VNR,2026-05-18T12:00:33.874Z
45,LV24VNS,2026-06-01T15:49:34.177Z
45,LV24VNW,2026-05-18T12:00:33.874Z
45,LV24VOC,2026-04-29T23:54:22.641Z
45,LV73FDO,2026-04-29T23:54:22.641Z
45,LV73FDP,2026-05-25T13:01:20.469Z
45,LV73FDU,2026-05-11T13:42:23.199Z
45,SK20AZU,2026-05-25T13:01:20.469Z
45,SN61CYK,2026-05-25T13:01:20.469Z
45,YX15OWH,2026-06-01T15:49:34.177Z
45,YX15OWJ,2026-06-01T15:28:31.580Z
45,YX15OWK,2026-05-18T12:00:33.874Z
45,YX17NVR,2026-05-11T13:42:23.199Z
45,YX17NVS,2026-06-01T15:49:34.177Z
45,YX17NVT,2026-05-18T12:00:33.874Z
45,YX17NVU,2026-05-25T13:01:20.469Z
45,YX17NVV,2026-06-01T15:49:34.177Z
45,YX17NVW,2026-05-04T11:29:17.869Z
45,YX17NVY,2026-05-18T12:00:33.874Z
45,YX17NVZ,2026-06-01T15:49:34.177Z
45,YY67GZJ,2026-06-01T15:49:34.177Z
45,YY67GZL,2026-06-01T15:49:34.177Z
45,YY67GZM,2026-05-18T12:00:33.874Z
45,YY67GZN,2026-05-25T13:01:20.469Z
45,YY67GZO,2026-06-01T15:49:34.177Z
45,YY67GZP,2026-06-01T15:49:34.177Z
45,YY67GZR,2026-06-01T15:49:34.177Z
45,YY67GZS,2026-05-25T13:01:20.469Z
45,YY67GZT,2026-06-01T15:49:34.177Z
45,YY67GZU,2026-05-11T13:42:23.199Z
45,YY67GZV,2026-06-01T15:49:34.177Z
45,YY67GZW,2026-05-18T12:00:33.874Z
45,YY67GZX,2026-06-01T15:49:34.177Z
45,YY67GZZ,2026-06-01T15:49:34.177Z
46,LJ18FHA,2026-06-01T15:49:34.177Z
46,LJ18FHB,2026-05-25T13:01:20.469Z
46,LJ18FHC,2026-06-01T15:49:34.177Z
46,LJ18FHD,2026-06-01T15:49:34.177Z
46,LJ18FHE,2026-05-18T12:00:33.874Z
46,LJ18FHF,2026-06-01T15:49:34.177Z
46,LJ18FHG,2026-05-18T12:00:33.874Z
46,LJ18FHH,2026-06-01T15:49:34.177Z
46,LJ18FHK,2026-05-25T13:01:20.469Z
46,LJ18FHM,2026-06-01T15:49:34.177Z
46,LJ18FHN,2026-05-18T12:00:33.874Z
46,LJ18FHO,2026-05-25T13:01:20.469Z
46,LJ18FHP,2026-06-01T15:28:31.580Z
46,LJ18FHR,2026-06-01T15:49:34.177Z
46,LJ18FHS,2026-06-01T15:49:34.177Z
46,LJ18FHT,2026-06-01T15:49:34.177Z
46,LJ18FHV,2026-05-25T13:01:20.469Z
46,LJ18FHW,2026-06-01T15:49:34.177Z
46,LJ18FHX,2026-06-01T15:49:34.177Z
46,LJ18FHY,2026-05-18T12:00:33.874Z
46,LJ18FHZ,2026-06-01T15:49:34.177Z
46,LV74YVJ,2026-05-18T12:00:33.874Z
46,LV74YVK,2026-05-11T13:42:23.199Z
46,LV74YVM,2026-06-01T15:49:34.177Z
46,LV74YVN,2026-05-11T13:42:23.199Z
46,MJ74JTV,2026-05-25T13:01:20.469Z
47,BL65OYB,2026-06-01T15:49:34.177Z
47,BL65OYC,2026-06-01T15:49:34.177Z
47,BL65OYD,2026-05-18T12:00:33.874Z
47,BL65OYE,2026-05-11T13:42:23.199Z
47,BL65OYF,2026-05-18T12:00:33.874Z
47,BL65OYG,2026-05-25T13:01:20.469Z
47,BL65OYH,2026-06-01T15:49:34.177Z
47,BL65OYK,2026-06-01T15:49:34.177Z
47,BL65OYM,2026-06-01T15:49:34.177Z
47,BL65OYN,2026-06-01T15:49:34.177Z
47,BL65OYO,2026-05-18T12:00:33.874Z
47,BL65OYP,2026-06-01T15:49:34.177Z
47,BL65OYR,2026-06-01T15:49:34.177Z
47,BL65OYT,2026-05-25T13:01:20.469Z
47,BL65OYU,2026-05-11T13:42:23.199Z
47,LV73FDX,2026-06-01T15:49:34.177Z
47,LV73FDY,2026-05-18T12:00:33.874Z
47,LV73FEF,2026-06-01T15:49:34.177Z
47,LV73FEG,2026-06-01T15:49:34.177Z
47,LV73FEJ,2026-05-11T13:42:23.199Z
47,LV73FEM,2026-05-25T13:01:20.469Z
47,LV73FEU,2026-05-25T13:01:20.469Z
47,LV73FEX,2026-06-01T15:49:34.177Z
47,LV75FLK,2026-05-18T12:00:33.874Z
47,LV75HGZ,2026-05-18T12:00:33.874Z
47,LV75HHB,2026-05-18T12:00:33.874Z
47,LV75HHD,2026-05-11T13:42:23.199Z
47,SK19EKY,2026-05-25T13:01:20.469Z
47,SK19EKZ,2026-05-11T13:42:23.199Z
47,SK19ELC,2026-05-18T12:00:33.874Z
47,SO68HDL,2026-05-25T13:01:20.469Z
47,SO68HDV,2026-04-29T23:54:22.641Z
47,YW68OZN,2026-06-01T15:49:34.177Z
47,YW68OZP,2026-05-11T13:42:23.199Z
47,YW68OZS,2026-06-01T15:49:34.177Z
47,YW68OZV,2026-05-11T13:42:23.199Z
47,YW68PAO,2026-05-25T13:01:20.469Z
47,YX68UNG,2026-05-18T12:00:33.874Z
47,YY18TLK,2026-05-25T13:01:20.469Z
47,YY18TLV,2026-05-11T12:08:37.791Z
47,YY18TNE,2026-06-01T15:49:34.177Z
49,LB69JNJ,2026-05-11T13:42:23.199Z
49,LB69JNK,2026-05-25T13:01:20.469Z
49,LB69JNL,2026-05-04T11:29:17.869Z
49,LB69JNN,2026-06-01T15:49:34.177Z
49,LB69JNO,2026-05-25T13:01:20.469Z
49,LB69JNU,2026-06-01T15:49:34.177Z
49,LB69JNV,2026-05-18T12:00:33.874Z
49,LB69JNX,2026-05-11T13:42:23.199Z
49,LB69JOA,2026-05-25T13:01:20.469Z
49,LB69JOH,2026-06-01T15:49:34.177Z
49,LB69JOJ,2026-06-01T15:49:34.177Z
49,LB69JOU,2026-06-01T15:49:34.177Z
49,LB69JPF,2026-05-25T13:01:20.469Z
49,LB69JPO,2026-06-01T15:49:34.177Z
49,LB69JPU,2026-06-01T15:49:34.177Z
49,LB69JPV,2026-05-25T13:01:20.469Z
49,LB69JPX,2026-06-01T15:49:34.177Z
49,LB69JPY,2026-05-25T13:01:20.469Z
49,LB69JRV,2026-06-01T15:49:34.177Z
49,LB69JRX,2026-06-01T15:49:34.177Z
49,LB69JRZ,2026-05-25T13:01:20.469Z
49,LB69JSU,2026-06-01T15:49:34.177Z
49,LB69JSV,2026-05-18T12:00:33.874Z
49,LG71DVX,2026-05-25T13:01:20.469Z
49,LG71DWL,2026-06-01T15:49:34.177Z
49,LG71DWM,2026-06-01T15:49:34.177Z
49,LG71DWN,2026-06-01T15:49:34.177Z
49,LG71DWO,2026-06-01T15:49:34.177Z
49,LG71DWP,2026-05-04T11:29:17.869Z
49,LG71DWU,2026-05-04T11:29:17.869Z
49,LG71DXS,2026-05-11T13:42:23.199Z
50,LV23EYU,2026-05-18T12:00:33.874Z
50,LV23EYW,2026-05-25T13:01:20.469Z
50,LV23EYX,2026-06-01T15:49:34.177Z
50,LV23EYZ,2026-06-01T15:49:34.177Z
50,LV23EZA,2026-06-01T15:49:34.177Z
50,LV23EZC,2026-05-04T11:29:17.869Z
50,LV23ZCA,2026-06-01T15:49:34.177Z
50,LV23ZCE,2026-05-25T13:01:20.469Z
50,LV23ZCF,2026-06-01T15:49:34.177Z
50,LV23ZCJ,2026-05-18T12:00:33.874Z
50,LV23ZCK,2026-06-01T15:49:34.177Z
50,LV23ZCL,2026-05-25T13:01:20.469Z
50,LV23ZCN,2026-05-25T13:01:20.469Z
50,LV23ZCO,2026-05-18T12:00:33.874Z
50,LV23ZCT,2026-06-01T15:49:34.177Z
50,LV23ZCU,2026-06-01T15:49:34.177Z
50,LV23ZCX,2026-05-18T12:00:33.874Z
50,LV23ZCZ,2026-06-01T15:49:34.177Z
50,LY24FWT,2026-06-01T15:49:34.177Z
50,LY24FWU,2026-06-01T15:49:34.177Z
50,LY24FWV,2026-06-01T15:49:34.177Z
50,LY24FWW,2026-06-01T15:49:34.177Z
50,LY24FWX,2026-05-18T12:00:33.874Z
50,LY24FWZ,2026-06-01T15:49:34.177Z
50,LY24FXA,2026-05-11T13:42:23.199Z
50,LY24KZK,2026-05-11T13:42:23.199Z
50,LY24KZL,2026-05-18T12:00:33.874Z
51,LJ61GVP,2026-05-11T13:42:23.199Z
51,LJ61GWV,2026-06-01T15:49:34.177Z
51,LJ61GWW,2026-05-25T13:01:20.469Z
51,LJ61GWX,2026-06-01T15:49:34.177Z
51,LJ61GWY,2026-05-04T11:29:17.869Z
51,LX11CWV,2026-06-01T15:49:34.177Z
51,LX11CWW,2026-06-01T15:49:34.177Z
51,LX11CXA,2026-05-11T13:42:23.199Z
51,LX11CXB,2026-06-01T15:49:34.177Z
51,LX11CXC,2026-05-18T12:00:33.874Z
51,LX11CXD,2026-05-18T12:00:33.874Z
51,LX11FHW,2026-05-11T12:08:37.791Z
51,LX11FHY,2026-05-18T12:00:33.874Z
51,LX11FJA,2026-05-18T12:00:33.874Z
51,LX11FJC,2026-05-25T13:01:20.469Z
51,LX11FJD,2026-05-25T13:01:20.469Z
51,LX11FJK,2026-06-01T15:49:34.177Z
51,SN11BNB,2026-06-01T15:49:34.177Z
51,SN11BNF,2026-06-01T15:49:34.177Z
51,SN11BNK,2026-05-25T13:01:20.469Z
51,SN11BNO,2026-06-01T15:49:34.177Z
51,SN11BNZ,2026-06-01T15:49:34.177Z
51,SN11BOF,2026-06-01T15:49:34.177Z
51,SN11BOH,2026-06-01T15:28:31.580Z
51,SN11BOU,2026-06-01T15:49:34.177Z
51,SN11BOV,2026-06-01T15:49:34.177Z
51,SN11BPE,2026-06-01T15:49:34.177Z
51,SN12AOT,2026-05-18T12:00:33.874Z
51,SN12AOV,2026-05-18T12:00:33.874Z
51,SN12APX,2026-06-01T15:49:34.177Z
51,SN12AUO,2026-06-01T15:49:34.177Z
51,YX12FPC,2026-05-18T12:00:33.874Z
52,LK15CXO,2026-05-25T13:01:20.469Z
52,LK15CXT,2026-05-25T13:01:20.469Z
52,LK15CXU,2026-05-18T12:00:33.874Z
52,LK15CXV,2026-06-01T15:49:34.177Z
52,LK15CXW,2026-05-18T12:00:33.874Z
52,LK17DCF,2026-05-18T12:00:33.874Z
52,LK17DCO,2026-06-01T15:49:34.177Z
52,LK17DCU,2026-06-01T15:49:34.177Z
52,LK17DCV,2026-05-11T13:42:23.199Z
52,LK17DCX,2026-06-01T15:49:34.177Z
52,LK17DDU,2026-05-18T12:00:33.874Z
52,LK17DDY,2026-05-11T13:42:23.199Z
52,LK17DDZ,2026-06-01T15:49:34.177Z
52,LK17DEU,2026-05-11T13:42:23.199Z
52,LK62DXG,2026-05-11T12:08:37.791Z
52,LK64EHG,2026-05-11T13:42:23.199Z
52,LK64EHH,2026-06-01T15:49:34.177Z
52,LK64EHL,2026-05-18T12:00:33.874Z
52,LK67CXY,2026-05-11T13:42:23.199Z
52,LK67CYA,2026-05-18T12:00:33.874Z
52,LK67CYE,2026-05-11T13:42:23.199Z
52,LK67CYF,2026-04-29T23:54:22.641Z
52,LK67EKO,2026-05-18T12:00:33.874Z
52,LK67EKP,2026-06-01T15:49:34.177Z
52,LK67EKR,2026-06-01T15:49:34.177Z
52,LK67EKX,2026-05-25T13:01:20.469Z
52,LK67EKY,2026-05-04T11:29:17.869Z
52,LK67EKZ,2026-05-25T13:01:20.469Z
52,LK67ELC,2026-06-01T15:49:34.177Z
52,LK67ELH,2026-06-01T15:49:34.177Z
52,LK67ELJ,2026-05-18T12:00:33.874Z
52,LK67ELV,2026-05-04T11:29:17.869Z
52,LK67ELW,2026-06-01T15:49:34.177Z
52,LK67ELX,2026-05-25T13:01:20.469Z
52,LK67EMF,2026-06-01T15:49:34.177Z
52,LK67EMJ,2026-05-11T12:08:37.791Z
52,LK67EMV,2026-06-01T15:49:34.177Z
52,LK67EMX,2026-06-01T15:49:34.177Z
52,LK67ENC,2026-06-01T15:49:34.177Z
52,LK67ENE,2026-05-04T11:29:17.869Z
52,LK67ENF,2026-06-01T15:49:34.177Z
52,LK67ENJ,2026-05-18T12:00:33.874Z
52,LK67ENL,2026-05-25T13:01:20.469Z
52,LK67ENN,2026-05-11T13:42:23.199Z
52,LK67ENO,2026-05-04T11:29:17.869Z
52,LK67ENP,2026-05-25T13:01:20.469Z
52,LK67ENR,2026-06-01T15:49:34.177Z
53,BF15KGJ,2026-05-11T13:42:23.199Z
53,BF15KGK,2026-05-25T13:01:20.469Z
53,BF15KGP,2026-05-11T12:08:37.791Z
53,BF15KGV,2026-05-25T13:01:20.469Z
53,BF15KGX,2026-05-11T12:08:37.791Z
53,BF15KHA,2026-06-01T15:49:34.177Z
53,SL14LNP,2026-06-01T15:49:34.177Z
53,SL14LNR,2026-05-11T13:42:23.199Z
53,SN14TVW,2026-05-04T11:29:17.869Z
53,SN14TVZ,2026-06-01T15:49:34.177Z
53,SN14TWD,2026-06-01T15:49:34.177Z
53,SN14TWF,2026-05-25T13:01:20.469Z
53,SN14TWG,2026-05-18T12:00:33.874Z
53,SN14TWV,2026-05-18T12:00:33.874Z
53,SN14TWW,2026-05-18T12:00:33.874Z
53,SN14TXV,2026-06-01T15:49:34.177Z
53,SN15LRJ,2026-06-01T15:49:34.177Z
53,SN18KUB,2026-06-01T15:49:34.177Z
53,SN18KUF,2026-05-25T13:01:20.469Z
53,SN64OGM,2026-06-01T15:49:34.177Z
53,SN64OGO,2026-06-01T15:49:34.177Z
53,SN64OGR,2026-06-01T15:49:34.177Z
53,SN64OGT,2026-05-04T11:29:17.869Z
53,SN64OGU,2026-05-25T13:01:20.469Z
53,SN67XDW,2026-05-18T12:00:33.874Z
53,SN67XDX,2026-05-04T11:29:17.869Z
53,SN67XEC,2026-05-04T11:29:17.869Z
53,SN67XED,2026-06-01T15:49:34.177Z
53,SN67XEF,2026-05-11T13:42:23.199Z
53,SN67XEH,2026-06-01T15:49:34.177Z
53,SN67XEJ,2026-05-25T13:01:20.469Z
53,SN67XEM,2026-06-01T15:49:34.177Z
53,SN67XES,2026-06-01T15:49:34.177Z
53,YX16OGD,2026-06-01T15:28:31.580Z
53,YX16OGE,2026-04-29T23:54:22.641Z
53,YX16OGF,2026-05-11T13:42:23.199Z
53,YX16OGH,2026-05-11T13:42:23.199Z
53,YX16OGJ,2026-05-18T12:00:33.874Z
53,YX16OGK,2026-05-18T12:00:33.874Z
53,YX16OGM,2026-05-25T13:01:20.469Z
53,YX16OGN,2026-05-18T12:00:33.874Z
53,YX16OGU,2026-05-25T13:01:20.469Z
53,YX16OGV,2026-05-04T11:29:17.869Z
53,YX16OGW,2026-06-01T15:49:34.177Z
53,YX16OGY,2026-05-18T12:00:33.874Z
53,YX16OGZ,2026-05-25T13:01:20.469Z
53,YX16OHA,2026-06-01T15:49:34.177Z
53,YX16OHB,2026-06-01T15:49:34.177Z
53,YX16OHD,2026-05-18T12:00:33.874Z
53,YX16OHE,2026-05-11T13:42:23.199Z
53,YX16OHF,2026-06-01T15:49:34.177Z
53,YX16OHG,2026-06-01T15:49:34.177Z
53,YX16OHL,2026-06-01T15:49:34.177Z
53,YX16OHO,2026-05-25T13:01:20.469Z
53,YX68UKA,2026-05-25T13:01:20.469Z
53,YX68UKD,2026-05-11T13:42:23.199Z
53,YX68UKG,2026-05-11T13:42:23.199Z
53,YX68UKK,2026-05-18T12:00:33.874Z
53,YX68UKL,2026-06-01T15:49:34.177Z
53,YX68UKM,2026-06-01T15:49:34.177Z
53,YX68UKP,2026-05-18T12:00:33.874Z
54,BL65OYB,2026-05-04T11:29:17.869Z
54,BL65OYT,2026-06-01T15:49:34.177Z
54,BL65OYU,2026-06-01T15:49:34.177Z
54,EU62AXV,2026-06-01T15:49:34.177Z
54,EU62AYB,2026-06-01T15:49:34.177Z
54,SK19EKX,2026-05-18T12:00:33.874Z
54,SK19EKY,2026-05-18T12:00:33.874Z
54,SK19EKZ,2026-06-01T15:49:34.177Z
54,SK19ELH,2026-05-11T13:42:23.199Z
54,SK19ELJ,2026-05-25T13:01:20.469Z
54,SO68HDJ,2026-06-01T15:49:34.177Z
54,SO68HDK,2026-04-29T23:54:22.641Z
54,SO68HDL,2026-05-18T12:00:33.874Z
54,SO68HDN,2026-05-25T13:01:20.469Z
54,SO68HDV,2026-05-04T11:29:17.869Z
54,SO68HDY,2026-05-04T11:29:17.869Z
54,YW68OZL,2026-05-18T12:00:33.874Z
54,YW68OZR,2026-05-11T13:42:23.199Z
54,YW68OZS,2026-05-11T13:42:23.199Z
54,YW68OZX,2026-06-01T15:49:34.177Z
54,YW68PBO,2026-06-01T15:49:34.177Z
54,YW68PBZ,2026-05-25T13:01:20.469Z
54,YW68PCF,2026-06-01T15:49:34.177Z
54,YW68PCO,2026-05-18T12:00:33.874Z
54,YW68PCV,2026-05-04T11:29:17.869Z
54,YX19OMD,2026-05-11T13:42:23.199Z
54,YX19OME,2026-06-01T15:49:34.177Z
54,YX19OMG,2026-06-01T15:49:34.177Z
54,YX19OMH,2026-05-18T12:00:33.874Z
54,YX68UMV,2026-06-01T15:49:34.177Z
54,YX68UMW,2026-05-18T12:00:33.874Z
54,YX68UMY,2026-05-18T12:00:33.874Z
54,YX68UMZ,2026-06-01T15:49:34.177Z
54,YX68UNB,2026-05-04T11:29:17.869Z
54,YX68UNE,2026-04-29T23:54:22.641Z
54,YX68UNF,2026-05-11T13:42:23.199Z
54,YX68UNG,2026-05-25T13:01:20.469Z
54,YY18TKZ,2026-05-25T13:01:20.469Z
54,YY18TLF,2026-05-25T13:01:20.469Z
54,YY18TLJ,2026-05-18T12:00:33.874Z
54,YY18TLU,2026-05-25T13:01:20.469Z
54,YY18TLV,2026-05-18T12:00:33.874Z
54,YY18TMO,2026-05-18T12:00:33.874Z
54,YY18TMU,2026-06-01T15:49:34.177Z
54,YY18TMV,2026-06-01T15:49:34.177Z
54,YY18TMZ,2026-04-29T23:54:22.641Z
54,YY18TNF,2026-05-11T13:42:23.199Z
55,LX61DDL,2026-06-01T15:49:34.177Z
55,SN64OGP,2026-06-01T15:28:31.580Z
55,YX19ORW,2026-05-18T12:00:33.874Z
55,YX19ORY,2026-06-01T15:49:34.177Z
56,E17HCT,2026-06-01T15:49:34.177Z
56,LX61DCO,2026-06-01T15:49:34.177Z
56,LX61DCU,2026-05-11T13:42:23.199Z
56,LX61DDA,2026-06-01T15:49:34.177Z
56,LX61DDL,2026-05-18T12:00:33.874Z
56,LX61DDN,2026-06-01T15:49:34.177Z
56,LX61DDU,2026-05-25T13:01:20.469Z
56,LX61DDZ,2026-06-01T15:49:34.177Z
56,LX61DEU,2026-06-01T15:49:34.177Z
56,LX61DFA,2026-05-18T12:00:33.874Z
56,LX61DFC,2026-06-01T15:49:34.177Z
56,LX61DFD,2026-05-25T13:01:20.469Z
56,LX61DFE,2026-06-01T15:49:34.177Z
56,LX61DFF,2026-05-25T13:01:20.469Z
56,LX61DFG,2026-05-04T11:29:17.869Z
56,LX61DFK,2026-05-25T13:01:20.469Z
56,LX61DFL,2026-05-25T13:01:20.469Z
56,LX61DFO,2026-05-11T13:42:23.199Z
56,SN64OGH,2026-06-01T15:49:34.177Z
56,SN64OGP,2026-05-18T12:00:33.874Z
56,SN64OGX,2026-06-01T15:49:34.177Z
56,SN64OGY,2026-06-01T15:49:34.177Z
56,SN64OGZ,2026-05-04T11:29:17.869Z
56,SN64OHA,2026-06-01T15:49:34.177Z
56,SN64OHB,2026-05-18T12:00:33.874Z
56,SN64OHC,2026-05-25T13:01:20.469Z
56,SN64OHD,2026-05-18T12:00:33.874Z
56,SN64OHE,2026-06-01T15:28:31.580Z
56,SN64OHF,2026-04-29T23:54:22.641Z
56,SN65OHP,2026-05-04T11:29:17.869Z
56,SN66WRG,2026-05-18T12:00:33.874Z
56,YX19ORO,2026-06-01T15:49:34.177Z
56,YX19ORS,2026-05-18T12:00:33.874Z
56,YX19ORV,2026-05-11T13:42:23.199Z
56,YX19ORW,2026-06-01T15:49:34.177Z
56,YX19ORY,2026-05-18T12:00:33.874Z
56,YX19ORZ,2026-06-01T15:49:34.177Z
57,LF24ZGD,2026-06-01T15:49:34.177Z
57,LF24ZGE,2026-05-25T13:01:20.469Z
57,LF24ZGG,2026-05-18T12:00:33.874Z
57,LF24ZGH,2026-05-18T12:00:33.874Z
57,LF24ZGJ,2026-05-18T12:00:33.874Z
57,LF24ZGL,2026-06-01T15:49:34.177Z
57,LF24ZGM,2026-06-01T15:49:34.177Z
57,LF24ZGN,2026-05-11T13:42:23.199Z
57,LF24ZGO,2026-06-01T15:49:34.177Z
57,LF24ZGR,2026-05-11T13:42:23.199Z
57,LF24ZGS,2026-05-11T13:42:23.199Z
57,LF24ZGT,2026-06-01T15:49:34.177Z
57,LF24ZGU,2026-05-18T12:00:33.874Z
57,LF24ZGV,2026-06-01T15:49:34.177Z
57,LF24ZGW,2026-06-01T15:49:34.177Z
57,LF24ZGX,2026-06-01T15:49:34.177Z
57,LF24ZKB,2026-06-01T15:49:34.177Z
57,LF24ZKC,2026-05-11T13:42:23.199Z
57,LF24ZKD,2026-06-01T15:49:34.177Z
57,LF24ZKE,2026-06-01T15:49:34.177Z
57,LF24ZKG,2026-04-29T23:54:22.641Z
57,LF24ZKH,2026-04-29T23:54:22.641Z
57,LF24ZKJ,2026-05-18T12:00:33.874Z
57,LF24ZKK,2026-05-18T12:00:33.874Z
57,LG23EUN,2026-05-11T13:42:23.199Z
57,LG23EUP,2026-06-01T15:49:34.177Z
57,LG23EUR,2026-05-18T12:00:33.874Z
57,LG23EUT,2026-06-01T15:49:34.177Z
57,LG23EUW,2026-06-01T15:49:34.177Z
57,LG23EUX,2026-06-01T15:49:34.177Z
57,LG23EUY,2026-04-29T23:54:22.641Z
57,LG23EUZ,2026-05-18T12:00:33.874Z
57,LG23EVB,2026-06-01T15:28:31.580Z
57,LG23EVD,2026-05-11T13:42:23.199Z
57,LG23EVF,2026-06-01T15:49:34.177Z
57,LG23FJN,2026-05-18T12:00:33.874Z
57,LG73FVY,2026-05-18T12:00:33.874Z
57,LJ61NVL,2026-06-01T15:49:34.177Z
58,LJ24ZNP,2026-06-01T15:49:34.177Z
58,LJ24ZNR,2026-06-01T15:49:34.177Z
58,LJ24ZNT,2026-05-25T13:01:20.469Z
58,LJ24ZNU,2026-06-01T15:28:31.580Z
58,LJ24ZNV,2026-06-01T15:49:34.177Z
58,LJ24ZNW,2026-05-11T13:42:23.199Z
58,LJ24ZNX,2026-06-01T15:49:34.177Z
58,LJ24ZNY,2026-06-01T15:49:34.177Z
58,LJ24ZPP,2026-06-01T15:49:34.177Z
58,LJ24ZPR,2026-06-01T15:49:34.177Z
58,LJ24ZPS,2026-05-18T12:00:33.874Z
58,LJ24ZPT,2026-06-01T15:49:34.177Z
58,LJ24ZPU,2026-06-01T15:49:34.177Z
58,LJ24ZPV,2026-06-01T15:49:34.177Z
58,LJ24ZPW,2026-05-25T13:01:20.469Z
58,LJ24ZPX,2026-06-01T15:49:34.177Z
58,LJ24ZPY,2026-05-25T13:01:20.469Z
58,LJ24ZPZ,2026-04-29T23:54:22.641Z
58,LJ24ZRA,2026-05-25T13:01:20.469Z
58,LJ24ZRC,2026-06-01T15:28:31.580Z
58,LJ24ZRD,2026-05-25T13:01:20.469Z
58,LJ24ZRE,2026-05-18T12:00:33.874Z
58,LJ74XOD,2026-04-29T23:54:22.641Z
58,LJ75VXZ,2026-06-01T15:49:34.177Z
60,LF75ORN,2026-05-18T12:00:33.874Z
60,LF75ORO,2026-05-25T13:01:20.469Z
60,LF75ORP,2026-05-25T13:01:20.469Z
60,LF75ORT,2026-05-04T11:29:17.869Z
60,LF75ORU,2026-06-01T15:28:31.580Z
60,LF75ORV,2026-05-11T13:42:23.199Z
60,LF75ORX,2026-06-01T15:28:31.580Z
60,LF75ORZ,2026-05-25T13:01:20.469Z
60,LF75OSA,2026-06-01T15:49:34.177Z
60,LF75OSC,2026-05-25T13:01:20.469Z
60,LF75OVU,2026-05-11T13:42:23.199Z
60,LF75OVV,2026-04-29T23:54:22.641Z
60,LF75OVW,2026-05-18T12:00:33.874Z
60,LF75OVY,2026-05-25T13:01:20.469Z
60,LF75OWA,2026-06-01T15:49:34.177Z
60,LF75OWC,2026-06-01T15:49:34.177Z
60,LF75OWD,2026-05-11T13:42:23.199Z
60,LF75OWJ,2026-06-01T15:49:34.177Z
60,LF75OWK,2026-06-01T15:49:34.177Z
60,LF75OWM,2026-05-11T13:42:23.199Z
60,LF75OWP,2026-06-01T15:49:34.177Z
60,LF75OWR,2026-06-01T15:49:34.177Z
60,LF75OWU,2026-05-04T11:29:17.869Z
60,LF75OWV,2026-06-01T15:49:34.177Z
60,LF75OWZ,2026-05-25T13:01:20.469Z
60,LF75OXC,2026-06-01T15:49:34.177Z
60,LF75OXV,2026-05-04T11:29:17.869Z
60,LF75OXW,2026-05-25T13:01:20.469Z
60,LF75OYD,2026-06-01T15:49:34.177Z
60,LF75OYE,2026-05-11T13:42:23.199Z
60,LJ10CUU,2026-05-18T12:00:33.874Z
60,LJ10CUW,2026-05-11T13:42:23.199Z
60,LJ10CVC,2026-05-11T13:42:23.199Z
60,LJ10CVD,2026-06-01T15:49:34.177Z
60,LJ13CDV,2026-06-01T15:49:34.177Z
60,LJ13CDX,2026-06-01T15:49:34.177Z
60,LJ13CDZ,2026-05-18T12:00:33.874Z
60,LJ13CEA,2026-05-18T12:00:33.874Z
60,LJ13CFE,2026-05-18T12:00:33.874Z
60,LJ13CFF,2026-05-25T13:01:20.469Z
60,LJ13CFG,2026-05-18T12:00:33.874Z
60,LJ13CFK,2026-05-25T13:01:20.469Z
60,LJ13CFL,2026-05-04T11:29:17.869Z
60,LJ13CFM,2026-06-01T15:49:34.177Z
60,LJ59LWU,2026-05-11T13:42:23.199Z
60,LJ59LXU,2026-05-18T12:00:33.874Z
60,LJ59LXV,2026-05-25T13:01:20.469Z
60,LJ59LXX,2026-05-11T13:42:23.199Z
60,LJ59LXY,2026-06-01T15:49:34.177Z
60,LJ59LXZ,2026-06-01T15:49:34.177Z
60,LJ60AXZ,2026-06-01T15:49:34.177Z
60,LJ60AYA,2026-05-25T13:01:20.469Z
61,EU62AAE,2026-06-01T15:49:34.177Z
61,EU62AAO,2026-06-01T15:49:34.177Z
61,EU62ADZ,2026-05-04T11:29:17.869Z
61,EU62AYE,2026-06-01T15:49:34.177Z
61,EU62AZA,2026-05-11T13:42:23.199Z
61,EU62AZO,2026-05-25T13:01:20.469Z
61,LV75FLJ,2026-05-25T13:01:20.469Z
61,LV75FLL,2026-06-01T15:49:34.177Z
61,LV75HGO,2026-05-25T13:01:20.469Z
61,LV75HGY,2026-06-01T15:49:34.177Z
61,LV75HHA,2026-05-11T13:42:23.199Z
61,SK25BBZ,2026-05-11T13:42:23.199Z
61,SK25BCE,2026-05-18T12:00:33.874Z
61,SK25BCF,2026-05-18T12:00:33.874Z
61,SK25BCO,2026-05-18T12:00:33.874Z
61,SK25BCX,2026-06-01T15:49:34.177Z
61,SK25BCZ,2026-06-01T15:49:34.177Z
61,SL14DDE,2026-06-01T15:49:34.177Z
61,YX68UTK,2026-06-01T15:49:34.177Z
61,YX68UTM,2026-05-18T12:00:33.874Z
61,YX68UTN,2026-06-01T15:49:34.177Z
61,YX68UTO,2026-05-25T13:01:20.469Z
61,YX68UTP,2026-05-25T13:01:20.469Z
61,YX68UTR,2026-05-11T13:42:23.199Z
62,LX11BFP,2026-05-25T13:01:20.469Z
62,LX11BFU,2026-06-01T15:49:34.177Z
62,LX11BFZ,2026-05-25T13:01:20.469Z
62,LX11BGE,2026-05-11T13:42:23.199Z
62,SN16OJM,2026-06-01T15:49:34.177Z
62,SN16OJO,2026-06-01T15:49:34.177Z
62,SN16OJP,2026-06-01T15:49:34.177Z
62,SN16OJR,2026-06-01T15:49:34.177Z
62,SN16OJS,2026-05-25T13:01:20.469Z
62,SN16OJT,2026-05-04T11:29:17.869Z
62,SN16OJU,2026-05-18T12:00:33.874Z
62,SN16OJV,2026-06-01T15:49:34.177Z
62,SN16OJW,2026-05-11T13:42:23.199Z
62,SN16OJX,2026-06-01T15:49:34.177Z
62,SN16OJY,2026-05-18T12:00:33.874Z
62,SN16OJZ,2026-05-18T12:00:33.874Z
62,SN16OKA,2026-06-01T15:49:34.177Z
62,SN16OKB,2026-05-25T13:01:20.469Z
62,SN16OKC,2026-06-01T15:49:34.177Z
62,SN16OKD,2026-04-29T23:54:22.641Z
62,SN16OKH,2026-06-01T15:49:34.177Z
62,SN16OKJ,2026-05-11T13:42:23.199Z
62,SN16OKK,2026-05-11T13:42:23.199Z
62,SN16OKL,2026-06-01T15:49:34.177Z
62,SN16OKM,2026-06-01T15:49:34.177Z
62,SN16OKP,2026-05-18T12:00:33.874Z
62,YX66WCT,2026-05-25T13:01:20.469Z
62,YX66WCU,2026-06-01T15:49:34.177Z
62,YX67VBJ,2026-05-18T12:00:33.874Z
62,YY66PHA,2026-05-11T13:42:23.199Z
63,LC71KWJ,2026-06-01T15:49:34.177Z
63,LC71KWK,2026-06-01T15:49:34.177Z
63,LC71KWL,2026-06-01T15:49:34.177Z
63,LC71KWM,2026-05-04T11:29:17.869Z
63,LC71KWN,2026-06-01T15:49:34.177Z
63,LC71KWO,2026-06-01T15:49:34.177Z
63,LC71KWP,2026-06-01T15:49:34.177Z
63,LC71KWR,2026-05-11T13:42:23.199Z
63,LC71KWS,2026-06-01T15:49:34.177Z
63,LC71KWT,2026-05-18T12:00:33.874Z
63,LC71KWU,2026-05-18T12:00:33.874Z
63,LC71KWV,2026-06-01T15:49:34.177Z
63,LC71KWW,2026-05-25T13:01:20.469Z
63,LC71KWX,2026-06-01T15:49:34.177Z
63,LC71KWY,2026-06-01T15:49:34.177Z
63,LC71KWZ,2026-05-04T11:29:17.869Z
63,LC71KXA,2026-06-01T15:49:34.177Z
63,LC71KXB,2026-06-01T15:49:34.177Z
63,LC71KXD,2026-06-01T15:49:34.177Z
63,LC71KXE,2026-06-01T15:49:34.177Z
63,LC71KXF,2026-06-01T15:49:34.177Z
63,LC71KXG,2026-06-01T15:49:34.177Z
63,LC71KXH,2026-05-25T13:01:20.469Z
63,LC71KXJ,2026-06-01T15:49:34.177Z
63,LC71KXK,2026-06-01T15:49:34.177Z
63,LC71KXL,2026-05-25T13:01:20.469Z
63,LC71KXM,2026-05-18T12:00:33.874Z
63,LC71KXN,2026-05-11T13:42:23.199Z
63,LC71KXO,2026-06-01T15:49:34.177Z
63,LV24VNO,2026-05-11T13:42:23.199Z
63,LV24VNR,2026-06-01T15:49:34.177Z
63,LV24VNS,2026-05-11T13:42:23.199Z
63,LV24VNT,2026-05-11T13:42:23.199Z
63,LV24VOA,2026-06-01T15:49:34.177Z
63,LV24VOF,2026-06-01T15:28:31.580Z
63,LV24VOG,2026-05-04T11:29:17.869Z
63,LV24VOH,2026-06-01T15:49:34.177Z
63,LV73FDK,2026-05-25T13:01:20.469Z
63,LV73FDL,2026-06-01T15:49:34.177Z
63,LV73FDM,2026-05-18T12:00:33.874Z
63,LV73FDP,2026-05-11T12:08:37.791Z
64,LV23EYF,2026-06-01T15:49:34.177Z
64,LV23EYH,2026-06-01T15:49:34.177Z
64,LV23EYJ,2026-06-01T15:49:34.177Z
64,LV23EYK,2026-06-01T15:49:34.177Z
64,LV23EYL,2026-05-18T12:00:33.874Z
64,LV23EYM,2026-05-25T13:01:20.469Z
64,LV23EYO,2026-06-01T15:49:34.177Z
64,LV23EYP,2026-06-01T15:49:34.177Z
64,LV23EYR,2026-06-01T15:49:34.177Z
64,LV23EYT,2026-05-11T13:42:23.199Z
64,LV23EZD,2026-05-11T13:42:23.199Z
64,LV23EZE,2026-05-11T13:42:23.199Z
64,LV23EZF,2026-06-01T15:49:34.177Z
64,LV74CEA,2026-06-01T15:49:34.177Z
64,LV74CEO,2026-05-18T12:00:33.874Z
64,LY24FXB,2026-06-01T15:49:34.177Z
64,LY24FXD,2026-06-01T15:49:34.177Z
64,LY24FXE,2026-05-25T13:01:20.469Z
64,LY24FXH,2026-06-01T15:49:34.177Z
64,LY24FXK,2026-05-11T13:42:23.199Z
64,LY24FXL,2026-05-18T12:00:33.874Z
64,LY24FXO,2026-06-01T15:49:34.177Z
64,LY24JNV,2026-05-25T13:01:20.469Z
64,LY24JNX,2026-05-18T12:00:33.874Z
64,LY24JOA,2026-06-01T15:49:34.177Z
64,LY24JOH,2026-05-25T13:01:20.469Z
64,LY24JRX,2026-06-01T15:49:34.177Z
64,LY24RWE,2026-06-01T15:49:34.177Z
64,LY24RWJ,2026-06-01T15:49:34.177Z
64,LY24RWK,2026-05-25T13:01:20.469Z
65,LE21FRV,2026-05-25T13:01:20.469Z
65,LE21FRX,2026-06-01T15:49:34.177Z
65,LE21FRZ,2026-06-01T15:49:34.177Z
65,LE21FSA,2026-06-01T15:49:34.177Z
65,LE21FSD,2026-05-25T13:01:20.469Z
65,LE21FSF,2026-05-25T13:01:20.469Z
65,LE21FSG,2026-06-01T15:49:34.177Z
65,LE21FSJ,2026-05-25T13:01:20.469Z
65,LE21FSK,2026-05-25T13:01:20.469Z
65,LE21FSP,2026-05-18T12:00:33.874Z
65,LG71DSX,2026-06-01T15:49:34.177Z
65,LG71DSY,2026-05-04T11:29:17.869Z
65,LG71DVP,2026-06-01T15:49:34.177Z
65,LG71DVR,2026-06-01T15:49:34.177Z
65,LG71DVT,2026-06-01T15:49:34.177Z
65,LG71DVU,2026-06-01T15:49:34.177Z
65,LG71DVV,2026-06-01T15:49:34.177Z
65,LG71DVW,2026-06-01T15:49:34.177Z
65,LG71DVZ,2026-05-25T13:01:20.469Z
65,LG71DXU,2026-06-01T15:49:34.177Z
65,LG71DXV,2026-05-11T13:42:23.199Z
65,LG71DXW,2026-05-25T13:01:20.469Z
65,LG71DXX,2026-06-01T15:28:31.580Z
65,LG71DXY,2026-05-25T13:01:20.469Z
65,LG71DXZ,2026-06-01T15:49:34.177Z
65,LG71DYA,2026-06-01T15:49:34.177Z
65,LG71DYB,2026-06-01T15:49:34.177Z
65,LG71DYC,2026-06-01T15:49:34.177Z
65,LG71DYD,2026-06-01T15:49:34.177Z
65,LG71DYF,2026-05-25T13:01:20.469Z
65,LG71DYM,2026-06-01T15:49:34.177Z
65,LG71DYN,2026-05-11T13:42:23.199Z
65,LG71DYO,2026-05-18T12:00:33.874Z
65,LG71DYP,2026-06-01T15:49:34.177Z
65,LG71DYU,2026-06-01T15:49:34.177Z
65,LG71DYV,2026-05-04T11:29:17.869Z
65,LG71DYW,2026-05-11T13:42:23.199Z
65,LG71DYX,2026-06-01T15:49:34.177Z
65,LG71DYY,2026-05-11T13:42:23.199Z
65,LG71DZA,2026-06-01T15:28:31.580Z
65,LG71DZB,2026-06-01T15:49:34.177Z
65,LG71DZC,2026-05-18T12:00:33.874Z
65,LG71DZE,2026-05-18T12:00:33.874Z
65,LG71DZF,2026-06-01T15:49:34.177Z
65,LJ15JZO,2026-06-01T15:49:34.177Z
65,LJ15JZP,2026-06-01T15:49:34.177Z
65,LJ15JZR,2026-05-11T13:42:23.199Z
65,LJ15JZT,2026-05-18T12:00:33.874Z
65,LJ15JZW,2026-05-18T12:00:33.874Z
65,LJ15LAA,2026-05-18T12:00:33.874Z
65,LJ16EWG,2026-05-18T12:00:33.874Z
65,LJ16EWT,2026-05-18T12:00:33.874Z
66,LF67EUL,2026-05-25T13:01:20.469Z
66,LF67EUM,2026-05-04T11:29:17.869Z
66,LF67EUO,2026-05-18T12:00:33.874Z
66,LF67EUP,2026-05-25T13:01:20.469Z
66,LF67EUU,2026-06-01T15:49:34.177Z
66,LF67EUW,2026-05-25T13:01:20.469Z
66,LF67EUX,2026-05-18T12:00:33.874Z
66,LF67EUZ,2026-05-11T13:42:23.199Z
66,LF67EVG,2026-05-18T12:00:33.874Z
66,LF67EVJ,2026-06-01T15:49:34.177Z
66,LF67EVK,2026-06-01T15:49:34.177Z
66,LF67EVM,2026-05-18T12:00:33.874Z
66,LF67EVR,2026-06-01T15:49:34.177Z
66,LF67EVU,2026-05-04T11:29:17.869Z
66,LF67EVY,2026-05-25T13:01:20.469Z
66,LF67EWB,2026-05-25T13:01:20.469Z
66,LF67EWC,2026-05-25T13:01:20.469Z
66,LF67EWD,2026-05-11T13:42:23.199Z
66,LF67EWE,2026-06-01T15:49:34.177Z
66,LF67EWH,2026-05-11T13:42:23.199Z
66,LJ61CGZ,2026-06-01T15:49:34.177Z
66,LJ61LKZ,2026-05-11T13:42:23.199Z
66,LK17AFE,2026-06-01T15:49:34.177Z
66,LK17AFF,2026-06-01T15:49:34.177Z
66,LK17AFJ,2026-05-25T13:01:20.469Z
66,LK17AFN,2026-06-01T15:49:34.177Z
66,LK17AFO,2026-05-11T13:42:23.199Z
66,LK17AFV,2026-05-11T13:42:23.199Z
66,WLT676,2026-06-01T15:49:34.177Z
69,LF74TVA,2026-05-25T13:01:20.469Z
69,LF74TVN,2026-06-01T15:49:34.177Z
69,LF74TXG,2026-05-04T11:29:17.869Z
69,LG21JFZ,2026-06-01T15:49:34.177Z
69,LG21JGF,2026-05-25T13:01:20.469Z
69,LG21JGO,2026-05-18T12:00:33.874Z
69,LG21JGU,2026-06-01T15:49:34.177Z
69,LG21JGV,2026-06-01T15:28:31.580Z
69,LG21JGX,2026-05-25T13:01:20.469Z
69,LG21JGZ,2026-06-01T15:49:34.177Z
69,LG21JHA,2026-06-01T15:49:34.177Z
69,LG21JHE,2026-05-18T12:00:33.874Z
69,LG21JHF,2026-06-01T15:49:34.177Z
69,LG21JHH,2026-06-01T15:28:31.580Z
69,LG21JHJ,2026-06-01T15:49:34.177Z
69,LG21JHK,2026-06-01T15:49:34.177Z
69,LG21JHL,2026-06-01T15:49:34.177Z
69,LG21JHO,2026-06-01T15:49:34.177Z
69,LG21JHU,2026-06-01T15:49:34.177Z
69,LG21JHV,2026-06-01T15:49:34.177Z
69,LG21JHX,2026-06-01T15:49:34.177Z
69,LG21JHZ,2026-06-01T15:49:34.177Z
69,LG21JJE,2026-05-18T12:00:33.874Z
70,LJ16EXP,2026-06-01T15:49:34.177Z
70,LJ18FJC,2026-06-01T15:49:34.177Z
70,LJ18FJD,2026-06-01T15:49:34.177Z
70,LJ18FJE,2026-05-25T13:01:20.469Z
70,LJ18FJF,2026-05-11T13:42:23.199Z
70,LJ18FJK,2026-06-01T15:49:34.177Z
70,LJ18FJN,2026-06-01T15:49:34.177Z
70,LJ18FJO,2026-05-25T13:01:20.469Z
70,LJ18FJP,2026-06-01T15:49:34.177Z
70,LJ18FJU,2026-05-11T13:42:23.199Z
70,LJ18FJV,2026-05-18T12:00:33.874Z
70,LJ18FJX,2026-05-11T13:42:23.199Z
70,LJ18FJY,2026-06-01T15:49:34.177Z
70,LJ18FJZ,2026-06-01T15:49:34.177Z
70,LJ18FKA,2026-06-01T15:49:34.177Z
70,LJ18FKB,2026-05-18T12:00:33.874Z
70,LJ18FKE,2026-06-01T15:49:34.177Z
70,LJ18FKF,2026-05-18T12:00:33.874Z
70,LJ18FKG,2026-05-25T13:01:20.469Z
70,LJ18FKH,2026-06-01T15:49:34.177Z
70,LJ18FKL,2026-06-01T15:49:34.177Z
70,LJ18FKM,2026-05-11T13:42:23.199Z
70,LJ18FKN,2026-05-04T11:29:17.869Z
70,LJ18FKO,2026-06-01T15:49:34.177Z
70,LJ18FKP,2026-05-25T13:01:20.469Z
70,LJ18FKS,2026-05-25T13:01:20.469Z
70,LJ18FKT,2026-06-01T15:49:34.177Z
70,LJ18FKU,2026-05-18T12:00:33.874Z
70,LJ18FKV,2026-06-01T15:49:34.177Z
70,LJ18FKW,2026-05-11T13:42:23.199Z
70,LJ18FKX,2026-06-01T15:49:34.177Z
70,LJ18FKY,2026-05-25T13:01:20.469Z
70,LJ18FKZ,2026-05-25T13:01:20.469Z
70,LJ18FLB,2026-06-01T15:49:34.177Z
70,LJ18FLC,2026-05-25T13:01:20.469Z
70,LJ18FLD,2026-05-25T13:01:20.469Z
70,YX68UVC,2026-05-11T13:42:23.199Z
71,BF67GKD,2026-06-01T15:49:34.177Z
71,LJ15JZH,2026-05-18T12:00:33.874Z
71,LJ15JZK,2026-06-01T15:49:34.177Z
71,LJ15JZL,2026-05-25T13:01:20.469Z
71,LJ15JZM,2026-05-25T13:01:20.469Z
71,LJ15JZN,2026-06-01T15:49:34.177Z
71,LJ15JZO,2026-05-04T11:29:17.869Z
71,LJ15JZP,2026-05-25T13:01:20.469Z
71,LJ15JZT,2026-06-01T15:49:34.177Z
71,LJ15JZU,2026-06-01T15:49:34.177Z
71,LJ15JZV,2026-06-01T15:49:34.177Z
71,LJ15JZW,2026-06-01T15:49:34.177Z
71,LJ15LAA,2026-06-01T15:49:34.177Z
71,LJ16EWG,2026-04-29T23:54:22.641Z
71,LJ16EWM,2026-06-01T15:49:34.177Z
71,LJ16EWN,2026-06-01T15:28:31.580Z
71,LJ16EWR,2026-06-01T15:49:34.177Z
71,LJ16EWT,2026-05-25T13:01:20.469Z
71,LJ16EWX,2026-06-01T15:49:34.177Z
71,LJ69YYA,2026-06-01T15:49:34.177Z
71,LJ69YYB,2026-05-11T13:42:23.199Z
72,LJ16EXL,2026-06-01T15:49:34.177Z
72,LJ16EXM,2026-06-01T15:49:34.177Z
72,LJ16EXO,2026-06-01T15:49:34.177Z
72,LJ16EXP,2026-05-25T13:01:20.469Z
72,LJ16EXR,2026-06-01T15:49:34.177Z
72,LJ16EXS,2026-06-01T15:49:34.177Z
72,LJ16EXT,2026-05-11T13:42:23.199Z
72,LJ16EXU,2026-06-01T15:28:31.580Z
72,LJ16EXV,2026-05-25T13:01:20.469Z
72,LJ16EXW,2026-06-01T15:49:34.177Z
72,YX68UVA,2026-06-01T15:49:34.177Z
72,YX68UVB,2026-06-01T15:49:34.177Z
72,YX68UVC,2026-06-01T15:49:34.177Z
72,YX68UVD,2026-06-01T15:49:34.177Z
72,YX68UVE,2026-05-25T13:01:20.469Z
72,YX68UVH,2026-06-01T15:49:34.177Z
72,YX68UVJ,2026-05-18T12:00:33.874Z
74,BT66MSO,2026-04-29T23:54:22.641Z
74,BT66MSV,2026-06-01T15:49:34.177Z
74,BT66MSX,2026-05-25T13:01:20.469Z
74,BV66VHH,2026-06-01T15:49:34.177Z
74,BV66VHJ,2026-05-18T12:00:33.874Z
74,BV66VHK,2026-05-11T13:42:23.199Z
74,BV66VHR,2026-06-01T15:49:34.177Z
74,BV66VHT,2026-05-25T13:01:20.469Z
74,BV66VHU,2026-06-01T15:49:34.177Z
74,BV66VHW,2026-05-25T13:01:20.469Z
74,BV66VHX,2026-05-18T12:00:33.874Z
74,BV66VHY,2026-05-18T12:00:33.874Z
74,BV66VHZ,2026-05-04T11:29:17.869Z
74,BV66VJN,2026-04-29T23:54:22.641Z
74,BV66VJO,2026-05-25T13:01:20.469Z
74,BV66VJU,2026-05-04T11:29:17.869Z
74,BV66VJY,2026-05-18T12:00:33.874Z
74,BV66VKB,2026-06-01T15:49:34.177Z
74,BV66VLA,2026-05-11T13:42:23.199Z
74,BV66VLF,2026-06-01T15:28:31.580Z
74,BV66VLH,2026-06-01T15:49:34.177Z
74,BV66VLN,2026-05-25T13:01:20.469Z
74,BV66VLP,2026-05-11T13:42:23.199Z
74,BV66ZRY,2026-06-01T15:49:34.177Z
74,BV66ZRZ,2026-05-25T13:01:20.469Z
74,BV66ZSD,2026-06-01T15:49:34.177Z
74,LJ61GVX,2026-05-11T13:42:23.199Z
74,LJ61GVY,2026-06-01T15:28:31.580Z
74,LJ61GVZ,2026-05-18T12:00:33.874Z
74,LJ61GWC,2026-05-04T11:29:17.869Z
74,LJ61GXH,2026-05-25T13:01:20.469Z
74,LJ61GXK,2026-05-25T13:01:20.469Z
74,LJ61GXP,2026-06-01T15:49:34.177Z
74,LJ61NVC,2026-06-01T15:49:34.177Z
74,LJ61NVD,2026-05-11T13:42:23.199Z
74,YY66OYU,2026-06-01T15:49:34.177Z
74,YY66OYX,2026-05-25T13:01:20.469Z
74,YY66OYZ,2026-05-04T11:29:17.869Z
74,YY66OZC,2026-06-01T15:49:34.177Z
74,YY66OZD,2026-05-18T12:00:33.874Z
74,YY66OZE,2026-06-01T15:49:34.177Z
74,YY66OZF,2026-05-25T13:01:20.469Z
74,YY66OZG,2026-05-25T13:01:20.469Z
74,YY66OZJ,2026-05-18T12:00:33.874Z
74,YY66OZK,2026-06-01T15:49:34.177Z
74,YY66OZL,2026-05-18T12:00:33.874Z
74,YY66OZM,2026-05-11T13:42:23.199Z
74,YY66OZO,2026-06-01T15:49:34.177Z
74,YY66OZP,2026-05-25T13:01:20.469Z
74,YY66OZS,2026-05-11T12:08:37.791Z
75,BL65OYC,2026-05-04T11:29:17.869Z
75,BL65OYE,2026-06-01T15:28:31.580Z
75,BL65OYM,2026-05-25T13:01:20.469Z
75,BL65OYN,2026-05-18T12:00:33.874Z
75,BL65OYP,2026-05-11T12:08:37.791Z
75,BL65OYR,2026-05-11T13:42:23.199Z
75,SK19EKY,2026-05-04T11:29:17.869Z
75,SK19EKZ,2026-05-04T11:29:17.869Z
75,SK19ELH,2026-06-01T15:49:34.177Z
75,SK19ELJ,2026-06-01T15:49:34.177Z
75,SK19ELO,2026-05-25T13:01:20.469Z
75,SO68HDJ,2026-05-18T12:00:33.874Z
75,SO68HDL,2026-05-11T13:42:23.199Z
75,SO68HDN,2026-05-11T13:42:23.199Z
75,SO68HDV,2026-06-01T15:28:31.580Z
75,SO68HDX,2026-05-04T11:29:17.869Z
75,SO68HDY,2026-05-18T12:00:33.874Z
75,YW68OZL,2026-06-01T15:28:31.580Z
75,YW68OZM,2026-06-01T15:49:34.177Z
75,YW68OZO,2026-06-01T15:49:34.177Z
75,YW68OZP,2026-05-04T11:29:17.869Z
75,YW68OZR,2026-06-01T15:49:34.177Z
75,YW68OZS,2026-05-04T11:29:17.869Z
75,YW68OZT,2026-05-18T12:00:33.874Z
75,YW68OZU,2026-05-18T12:00:33.874Z
75,YW68OZV,2026-05-18T12:00:33.874Z
75,YW68OZX,2026-05-11T13:42:23.199Z
75,YW68PAO,2026-05-18T12:00:33.874Z
75,YW68PBF,2026-05-18T12:00:33.874Z
75,YW68PBO,2026-05-11T13:42:23.199Z
75,YW68PCO,2026-05-25T13:01:20.469Z
75,YW68PCU,2026-05-11T13:42:23.199Z
75,YW68PCV,2026-06-01T15:28:31.580Z
75,YX19OMA,2026-04-29T23:54:22.641Z
75,YX19OMD,2026-05-25T13:01:20.469Z
75,YX19OMH,2026-05-11T13:42:23.199Z
75,YX68UMU,2026-05-18T12:00:33.874Z
75,YX68UMW,2026-05-25T13:01:20.469Z
75,YX68UMY,2026-04-29T23:54:22.641Z
75,YX68UMZ,2026-05-25T13:01:20.469Z
75,YX68UNB,2026-06-01T15:28:31.580Z
75,YX68UNE,2026-06-01T15:49:34.177Z
75,YX68UNF,2026-05-18T12:00:33.874Z
75,YX68UNG,2026-05-04T11:29:17.869Z
75,YY18TKZ,2026-05-11T12:08:37.791Z
75,YY18TLJ,2026-06-01T15:49:34.177Z
75,YY18TLN,2026-06-01T15:49:34.177Z
75,YY18TLZ,2026-05-25T13:01:20.469Z
75,YY18TMV,2026-04-29T23:54:22.641Z
75,YY18TMX,2026-06-01T15:28:31.580Z
75,YY18TMZ,2026-05-25T13:01:20.469Z
75,YY18TNE,2026-05-11T13:42:23.199Z
75,YY18TNF,2026-05-04T11:29:17.869Z
77,YX18KPA,2026-05-04T11:29:17.869Z
77,YX18KPJ,2026-06-01T15:49:34.177Z
77,YX18KPN,2026-05-18T12:00:33.874Z
77,YX18KWW,2026-06-01T15:49:34.177Z
77,YX18KWY,2026-05-11T13:42:23.199Z
77,YX18KWZ,2026-05-18T12:00:33.874Z
77,YX18KXA,2026-05-25T13:01:20.469Z
77,YX18KXB,2026-05-11T13:42:23.199Z
77,YX18KXC,2026-06-01T15:49:34.177Z
77,YX18KXD,2026-06-01T15:49:34.177Z
77,YX18KXE,2026-05-25T13:01:20.469Z
77,YX18KXF,2026-06-01T15:49:34.177Z
77,YX18KXG,2026-06-01T15:49:34.177Z
77,YX18KXH,2026-06-01T15:49:34.177Z
77,YX18KXJ,2026-05-25T13:01:20.469Z
77,YX18KXK,2026-05-11T13:42:23.199Z
77,YX18KXL,2026-06-01T15:49:34.177Z
77,YX18KXM,2026-06-01T15:49:34.177Z
77,YX18KXN,2026-06-01T15:49:34.177Z
77,YX18KXO,2026-06-01T15:49:34.177Z
77,YX18KXR,2026-05-25T13:01:20.469Z
77,YX18KXS,2026-05-18T12:00:33.874Z
77,YX18KXT,2026-05-25T13:01:20.469Z
77,YX18KXU,2026-06-01T15:49:34.177Z
77,YX18KXV,2026-06-01T15:49:34.177Z
77,YX18KXW,2026-06-01T15:49:34.177Z
77,YX18KXY,2026-05-04T11:29:17.869Z
77,YX18KXZ,2026-06-01T15:49:34.177Z
77,YY66OYC,2026-06-01T15:49:34.177Z
77,YY66OYE,2026-05-04T11:29:17.869Z
77,YY66OYG,2026-06-01T15:49:34.177Z
77,YY66OYH,2026-05-25T13:01:20.469Z
77,YY66OYJ,2026-05-18T12:00:33.874Z
77,YY67UTO,2026-06-01T15:49:34.177Z
78,BV66VKO,2026-05-25T13:01:20.469Z
78,YW19VVB,2026-05-18T12:00:33.874Z
78,YW19VVC,2026-05-04T11:29:17.869Z
78,YW19VVE,2026-05-25T13:01:20.469Z
78,YW19VVN,2026-05-04T11:29:17.869Z
78,YW19VVP,2026-05-25T13:01:20.469Z
78,YW19VVR,2026-06-01T15:28:31.580Z
78,YX18KPR,2026-05-18T12:00:33.874Z
78,YX18KPU,2026-05-25T13:01:20.469Z
78,YX18KPV,2026-06-01T15:49:34.177Z
78,YX18KPY,2026-06-01T15:28:31.580Z
78,YX18KPZ,2026-05-11T13:42:23.199Z
78,YX18KRD,2026-05-11T13:42:23.199Z
78,YX18KRE,2026-06-01T15:49:34.177Z
78,YX18KRF,2026-06-01T15:28:31.580Z
78,YX18KRG,2026-06-01T15:49:34.177Z
78,YX18KRJ,2026-06-01T15:49:34.177Z
78,YX18KRN,2026-06-01T15:49:34.177Z
78,YX66WHC,2026-05-25T13:01:20.469Z
78,YX66WHD,2026-05-18T12:00:33.874Z
78,YX66WHE,2026-05-18T12:00:33.874Z
78,YX66WHG,2026-05-11T13:42:23.199Z
78,YX66WHH,2026-05-18T12:00:33.874Z
78,YX66WHJ,2026-05-18T12:00:33.874Z
78,YX66WHK,2026-05-25T13:01:20.469Z
78,YX66WHL,2026-05-25T13:01:20.469Z
78,YX66WHM,2026-06-01T15:49:34.177Z
78,YX66WHN,2026-06-01T15:28:31.580Z
78,YX66WHP,2026-06-01T15:49:34.177Z
78,YX66WHR,2026-06-01T15:49:34.177Z
78,YY66OYK,2026-05-25T13:01:20.469Z
79,BF67GKE,2026-06-01T15:49:34.177Z
79,BF67GKJ,2026-06-01T15:49:34.177Z
79,BF67GKK,2026-05-04T11:29:17.869Z
79,BU16UXC,2026-05-18T12:00:33.874Z
79,BU16UXE,2026-05-11T12:08:37.791Z
79,BU16UXF,2026-06-01T15:49:34.177Z
79,BU16UXK,2026-06-01T15:49:34.177Z
79,BU16UXN,2026-05-11T13:42:23.199Z
79,BU16UYA,2026-06-01T15:49:34.177Z
79,LF18AYH,2026-05-18T12:00:33.874Z
79,LF18AYJ,2026-05-25T13:01:20.469Z
79,LF68PYP,2026-05-18T12:00:33.874Z
79,LF68PYS,2026-05-11T13:42:23.199Z
79,LF68PYT,2026-06-01T15:49:34.177Z
79,LF68PYU,2026-05-11T13:42:23.199Z
79,LJ16EWV,2026-05-25T13:01:20.469Z
79,LJ16EWW,2026-05-11T13:42:23.199Z
79,LJ16MUV,2026-06-01T15:49:34.177Z
79,LJ66EZO,2026-05-18T12:00:33.874Z
79,LJ66EZR,2026-06-01T15:49:34.177Z
79,LJ66EZT,2026-06-01T15:49:34.177Z
79,LJ66EZU,2026-06-01T15:49:34.177Z
79,SN12AUC,2026-06-01T15:28:31.580Z
79,YX68UNH,2026-05-25T13:01:20.469Z
79,YX68UNJ,2026-06-01T15:49:34.177Z
79,YX68UNL,2026-05-25T13:01:20.469Z
79,YX68UNS,2026-05-04T11:29:17.869Z
79,YX68UNU,2026-06-01T15:49:34.177Z
79,YX68UNV,2026-05-18T12:00:33.874Z
79,YX68UNW,2026-06-01T15:49:34.177Z
79,YX68UOJ,2026-05-25T13:01:20.469Z
79,YY67UUP,2026-06-01T15:49:34.177Z
79,YY67UUR,2026-05-25T13:01:20.469Z
80,BF65WJG,2026-06-01T15:49:34.177Z
80,BF65WJX,2026-06-01T15:49:34.177Z
80,BF65WJY,2026-06-01T15:49:34.177Z
80,BF65WJZ,2026-06-01T15:49:34.177Z
80,BF65WKA,2026-05-25T13:01:20.469Z
80,BF65WKB,2026-05-25T13:01:20.469Z
80,BF65WKC,2026-06-01T15:49:34.177Z
80,BF65WKD,2026-06-01T15:49:34.177Z
80,BF65WKG,2026-06-01T15:49:34.177Z
80,LD72UHX,2026-06-01T15:49:34.177Z
80,LG23EZJ,2026-05-11T13:42:23.199Z
80,LG23EZK,2026-05-11T13:42:23.199Z
80,LG23EZM,2026-06-01T15:28:31.580Z
80,LG23EZN,2026-05-04T11:29:17.869Z
80,LG23EZP,2026-05-11T13:42:23.199Z
80,LG23EZR,2026-06-01T15:28:31.580Z
80,LG23FAF,2026-05-04T11:29:17.869Z
80,LG23FAJ,2026-05-04T11:29:17.869Z
80,LG23FAO,2026-05-18T12:00:33.874Z
80,LG23FBA,2026-05-11T13:42:23.199Z
80,LG23FBC,2026-06-01T15:49:34.177Z
80,LG23FBE,2026-05-25T13:01:20.469Z
80,LG23FBL,2026-05-18T12:00:33.874Z
80,LG23FFV,2026-05-11T13:42:23.199Z
80,LG23FFX,2026-06-01T15:49:34.177Z
80,LG23FFY,2026-06-01T15:49:34.177Z
80,LG23FFZ,2026-05-18T12:00:33.874Z
80,LG23FGA,2026-05-11T13:42:23.199Z
80,LG23FGD,2026-05-18T12:00:33.874Z
80,LG23FGF,2026-05-25T13:01:20.469Z
80,LG23FGM,2026-05-18T12:00:33.874Z
80,LG23FGU,2026-06-01T15:49:34.177Z
80,LG23FGX,2026-05-25T13:01:20.469Z
80,LG23FGZ,2026-05-18T12:00:33.874Z
80,LG23FHJ,2026-05-25T13:01:20.469Z
80,LG23FJE,2026-05-11T13:42:23.199Z
80,LG23FJK,2026-06-01T15:49:34.177Z
81,BL64MHF,2026-05-18T12:00:33.874Z
81,BL64MHN,2026-05-25T13:01:20.469Z
81,LA68DXU,2026-06-01T15:49:34.177Z
81,LA68DXV,2026-05-11T13:42:23.199Z
81,LA68DXW,2026-06-01T15:49:34.177Z
81,LA68DXX,2026-05-11T13:42:23.199Z
81,LA68DXY,2026-05-11T13:42:23.199Z
81,LF68PXG,2026-05-18T12:00:33.874Z
81,LF68PXW,2026-05-04T11:29:17.869Z
81,LK14FBV,2026-06-01T15:28:31.580Z
81,LK17CZL,2026-05-04T11:29:17.869Z
81,LK17CZS,2026-05-11T12:08:37.791Z
81,LK17CZX,2026-05-04T11:29:17.869Z
81,LK17DBO,2026-04-29T23:54:22.641Z
81,LK17DBU,2026-06-01T15:49:34.177Z
81,LK17DBZ,2026-05-25T13:01:20.469Z
81,LK17DCY,2026-06-01T15:49:34.177Z
81,LK17DDF,2026-06-01T15:49:34.177Z
81,LK17DFA,2026-05-25T13:01:20.469Z
81,LK17DFF,2026-05-25T13:01:20.469Z
81,LK17DFG,2026-05-04T11:29:17.869Z
81,LK17DFO,2026-05-18T12:00:33.874Z
81,LK18AFU,2026-05-11T13:42:23.199Z
81,LK18AFV,2026-06-01T15:49:34.177Z
81,LK18AGO,2026-06-01T15:49:34.177Z
81,LK18AGX,2026-06-01T15:49:34.177Z
81,LK18AHC,2026-05-25T13:01:20.469Z
81,LK18AHE,2026-06-01T15:49:34.177Z
81,LK18AHF,2026-05-18T12:00:33.874Z
81,LK18AJY,2026-05-11T13:42:23.199Z
81,LK18AKF,2026-06-01T15:49:34.177Z
81,LK18AKN,2026-05-25T13:01:20.469Z
81,LK18AKO,2026-05-11T13:42:23.199Z
81,LK18AKU,2026-06-01T15:49:34.177Z
81,LK18AKV,2026-05-11T13:42:23.199Z
81,LK18AKX,2026-05-11T13:42:23.199Z
81,LK18AKY,2026-06-01T15:28:31.580Z
81,LK67EOD,2026-06-01T15:49:34.177Z
81,LK67EOE,2026-05-25T13:01:20.469Z
81,LK67EOF,2026-06-01T15:49:34.177Z
81,LK67EOH,2026-05-18T12:00:33.874Z
81,LK67EZO,2026-05-18T12:00:33.874Z
81,LK67EZP,2026-05-25T13:01:20.469Z
81,LK67EZT,2026-05-04T11:29:17.869Z
81,LK67EZV,2026-05-18T12:00:33.874Z
83,LK10BXM,2026-05-25T13:01:20.469Z
83,LK10BXN,2026-05-11T13:42:23.199Z
83,LK10BXO,2026-05-25T13:01:20.469Z
83,LK11CXM,2026-05-18T12:00:33.874Z
83,LK11CYF,2026-06-01T15:49:34.177Z
83,LK12AAF,2026-06-01T15:49:34.177Z
83,LK12AAJ,2026-05-18T12:00:33.874Z
83,LK12AAU,2026-05-18T12:00:33.874Z
83,LK12ABF,2026-06-01T15:49:34.177Z
83,LK12ABO,2026-06-01T15:49:34.177Z
83,LK12AEZ,2026-05-04T11:29:17.869Z
83,LK12AFA,2026-06-01T15:49:34.177Z
83,LK12AFU,2026-06-01T15:49:34.177Z
83,LK12AFV,2026-06-01T15:49:34.177Z
83,LK12AFX,2026-05-25T13:01:20.469Z
83,LK12AHA,2026-06-01T15:49:34.177Z
83,LK12AHO,2026-06-01T15:49:34.177Z
83,LK12AHU,2026-05-11T13:42:23.199Z
83,LK12AJX,2026-06-01T15:49:34.177Z
83,LK12AKO,2026-05-18T12:00:33.874Z
83,LK12AOA,2026-06-01T15:49:34.177Z
83,LK12AOL,2026-05-18T12:00:33.874Z
83,LK15CWZ,2026-06-01T15:49:34.177Z
83,LK15CXA,2026-06-01T15:49:34.177Z
83,LK15CXB,2026-05-18T12:00:33.874Z
83,LK15CXF,2026-05-04T11:29:17.869Z
83,LK15CXM,2026-05-18T12:00:33.874Z
83,LK17CYV,2026-06-01T15:49:34.177Z
83,LK17CYZ,2026-05-11T13:42:23.199Z
83,LK17CZA,2026-05-25T13:01:20.469Z
83,LK17DFY,2026-05-18T12:00:33.874Z
83,LK17DGF,2026-05-11T13:42:23.199Z
83,LK61BNA,2026-06-01T15:49:34.177Z
83,LK61BNB,2026-05-25T13:01:20.469Z
83,LK62DKN,2026-06-01T15:49:34.177Z
83,LK62DKV,2026-06-01T15:49:34.177Z
83,LK62DLJ,2026-05-11T13:42:23.199Z
83,LK62DLV,2026-06-01T15:49:34.177Z
83,LK62DLX,2026-06-01T15:49:34.177Z
83,LK62DMV,2026-05-25T13:01:20.469Z
83,LK62DOH,2026-05-11T13:42:23.199Z
83,LK62DUH,2026-06-01T15:49:34.177Z
83,LK65EOA,2026-05-11T13:42:23.199Z
85,LF19FWA,2026-05-25T13:01:20.469Z
85,LF19FWD,2026-05-18T12:00:33.874Z
85,LF19FWE,2026-05-25T13:01:20.469Z
85,LF19FWG,2026-05-18T12:00:33.874Z
85,LF19FWH,2026-05-25T13:01:20.469Z
85,LF19FWJ,2026-06-01T15:49:34.177Z
85,LF19FWK,2026-05-11T13:42:23.199Z
85,LJ15JYY,2026-05-25T13:01:20.469Z
85,LJ15JYZ,2026-06-01T15:49:34.177Z
85,LJ15JZA,2026-06-01T15:49:34.177Z
85,LJ15JZE,2026-06-01T15:49:34.177Z
85,LJ15JZF,2026-05-18T12:00:33.874Z
85,LJ15JZG,2026-05-04T11:29:17.869Z
85,LJ16EVD,2026-06-01T15:49:34.177Z
85,LJ16EVN,2026-05-25T13:01:20.469Z
85,LJ16EVP,2026-05-11T13:42:23.199Z
85,LJ16EVR,2026-05-11T13:42:23.199Z
85,LJ16EVT,2026-05-25T13:01:20.469Z
85,LJ16EVU,2026-05-25T13:01:20.469Z
85,LJ16EVV,2026-06-01T15:49:34.177Z
85,LJ16EVW,2026-05-18T12:00:33.874Z
85,LJ16EVX,2026-06-01T15:49:34.177Z
85,LJ16EVY,2026-06-01T15:49:34.177Z
85,LJ16EWA,2026-05-11T13:42:23.199Z
85,LJ16EWB,2026-05-25T13:01:20.469Z
85,LJ16EWC,2026-06-01T15:49:34.177Z
85,LJ16KLV,2026-06-01T15:49:34.177Z
85,LJ65FZP,2026-06-01T15:49:34.177Z
86,LV25OSX,2026-06-01T15:49:34.177Z
86,LV25OSY,2026-06-01T15:49:34.177Z
86,LV25PWN,2026-05-11T13:42:23.199Z
86,LV25PWO,2026-05-25T13:01:20.469Z
86,LV25PWU,2026-06-01T15:49:34.177Z
86,LV25PWX,2026-06-01T15:49:34.177Z
86,LV25PWY,2026-06-01T15:49:34.177Z
86,LV25PWZ,2026-05-25T13:01:20.469Z
86,LV25PXA,2026-06-01T15:49:34.177Z
86,LV25PXB,2026-06-01T15:49:34.177Z
86,LV25PXC,2026-06-01T15:49:34.177Z
86,LV25VOJ,2026-06-01T15:49:34.177Z
86,LV25VOK,2026-05-11T12:08:37.791Z
86,LV25VOM,2026-05-25T13:01:20.469Z
86,LV73FFA,2026-05-18T12:00:33.874Z
86,LV73FFB,2026-05-11T13:42:23.199Z
86,LV73FFC,2026-06-01T15:49:34.177Z
86,LV73FFD,2026-05-25T13:01:20.469Z
86,LV73FFE,2026-06-01T15:49:34.177Z
86,LV73FFG,2026-06-01T15:49:34.177Z
86,LV73FFH,2026-05-25T13:01:20.469Z
86,LV73FFJ,2026-05-25T13:01:20.469Z
86,LV73FFK,2026-06-01T15:49:34.177Z
86,LV73FFL,2026-06-01T15:49:34.177Z
86,LV73FFM,2026-06-01T15:49:34.177Z
86,LV73FFN,2026-06-01T15:49:34.177Z
86,LV73FFO,2026-06-01T15:49:34.177Z
86,LV73FFP,2026-05-25T13:01:20.469Z
86,LV73FFR,2026-06-01T15:49:34.177Z
86,LV73FFS,2026-06-01T15:49:34.177Z
86,LV73FFT,2026-06-01T15:49:34.177Z
86,LV73FFU,2026-06-01T15:49:34.177Z
86,LV73FFW,2026-05-25T13:01:20.469Z
86,LV73FFX,2026-05-18T12:00:33.874Z
86,LV73FFY,2026-05-11T13:42:23.199Z
86,LV73FFZ,2026-06-01T15:49:34.177Z
86,LV73FGA,2026-06-01T15:49:34.177Z
86,LV73FGC,2026-05-11T12:08:37.791Z
86,LV73FGD,2026-06-01T15:49:34.177Z
86,LV73FGE,2026-06-01T15:49:34.177Z
86,LV73FGF,2026-06-01T15:49:34.177Z
86,LV73FGG,2026-06-01T15:49:34.177Z
86,LV73FGJ,2026-06-01T15:49:34.177Z
86,LV73FGK,2026-05-18T12:00:33.874Z
86,LV73FGM,2026-05-18T12:00:33.874Z
86,LV73FGN,2026-06-01T15:49:34.177Z
86,LV73FGO,2026-05-11T13:42:23.199Z
86,LV73FGP,2026-05-18T12:00:33.874Z
87,BD65EVR,2026-06-01T15:49:34.177Z
87,BD65EVU,2026-05-11T13:42:23.199Z
87,BD65EWA,2026-05-11T12:08:37.791Z
87,BD65EWP,2026-05-18T12:00:33.874Z
87,BD65EWZ,2026-05-25T13:01:20.469Z
87,LF67EXE,2026-05-11T13:42:23.199Z
87,LF67EYB,2026-05-11T13:42:23.199Z
87,YX18KPG,2026-05-25T13:01:20.469Z
87,YX18KXU,2026-05-18T12:00:33.874Z
87,YY66OYF,2026-05-18T12:00:33.874Z
88,BD65EVM,2026-05-25T13:01:20.469Z
88,BD65EVR,2026-05-18T12:00:33.874Z
88,BD65EVT,2026-05-11T13:42:23.199Z
88,BD65EVW,2026-06-01T15:49:34.177Z
88,BD65EVY,2026-05-04T11:29:17.869Z
88,BD65EWO,2026-06-01T15:49:34.177Z
88,BD65EWS,2026-05-25T13:01:20.469Z
88,BD65EWZ,2026-06-01T15:49:34.177Z
88,BP15OLX,2026-05-04T11:29:17.869Z
88,BP15OMF,2026-06-01T15:49:34.177Z
88,BT65JGF,2026-05-11T13:42:23.199Z
88,BT65JGU,2026-06-01T15:49:34.177Z
88,BV66VGG,2026-06-01T15:49:34.177Z
88,BV66VLJ,2026-05-11T13:42:23.199Z
88,BV66VLL,2026-05-25T13:01:20.469Z
88,LF67EXD,2026-04-29T23:54:22.641Z
88,LF67EXZ,2026-05-25T13:01:20.469Z
88,SN61BLJ,2026-06-01T15:49:34.177Z
88,SN61DBU,2026-05-18T12:00:33.874Z
88,SN61DBX,2026-06-01T15:49:34.177Z
88,YX13BKD,2026-06-01T15:49:34.177Z
88,YX13BKF,2026-05-25T13:01:20.469Z
88,YX13BKG,2026-06-01T15:49:34.177Z
88,YX13BKJ,2026-06-01T15:49:34.177Z
88,YX13BKK,2026-06-01T15:49:34.177Z
88,YX18KPG,2026-06-01T15:49:34.177Z
88,YX18KPK,2026-06-01T15:49:34.177Z
88,YX18KPN,2026-05-11T13:42:23.199Z
88,YX18KWW,2026-05-18T12:00:33.874Z
88,YX18KWY,2026-05-25T13:01:20.469Z
88,YX18KWZ,2026-06-01T15:49:34.177Z
88,YX18KXA,2026-05-11T13:42:23.199Z
88,YX18KXC,2026-05-11T13:42:23.199Z
88,YX18KXD,2026-05-11T13:42:23.199Z
88,YX18KXE,2026-06-01T15:49:34.177Z
88,YX18KXF,2026-05-25T13:01:20.469Z
88,YX18KXG,2026-05-25T13:01:20.469Z
88,YX18KXJ,2026-06-01T15:49:34.177Z
88,YX18KXK,2026-05-18T12:00:33.874Z
88,YX18KXN,2026-05-04T11:29:17.869Z
88,YX18KXS,2026-06-01T15:49:34.177Z
88,YX18KXT,2026-06-01T15:49:34.177Z
88,YX18KXV,2026-05-25T13:01:20.469Z
88,YX18KXY,2026-06-01T15:49:34.177Z
88,YX18KXZ,2026-05-04T11:29:17.869Z
88,YY66OYC,2026-05-18T12:00:33.874Z
88,YY66OYE,2026-05-25T13:01:20.469Z
88,YY66OYF,2026-06-01T15:49:34.177Z
88,YY66OYG,2026-05-25T13:01:20.469Z
88,YY66OYH,2026-06-01T15:49:34.177Z
88,YY66OYJ,2026-05-25T13:01:20.469Z
88,YY67UTO,2026-04-29T23:54:22.641Z
89,BL61ACX,2026-06-01T15:49:34.177Z
89,BL61ACY,2026-05-25T13:01:20.469Z
89,BL61ADU,2026-06-01T15:49:34.177Z
89,LJ61NUM,2026-05-11T13:42:23.199Z
89,LJ61NUO,2026-06-01T15:49:34.177Z
89,LJ61NUU,2026-06-01T15:49:34.177Z
89,LJ61NUV,2026-05-18T12:00:33.874Z
89,LJ61NUW,2026-06-01T15:49:34.177Z
89,LJ61NUX,2026-05-11T13:42:23.199Z
89,LJ61NUY,2026-05-25T13:01:20.469Z
89,LJ61NVA,2026-05-18T12:00:33.874Z
89,LJ61NVB,2026-06-01T15:49:34.177Z
89,LJ61NWW,2026-05-25T13:01:20.469Z
89,LV25OTF,2026-05-04T11:29:17.869Z
89,LV25WXY,2026-05-25T13:01:20.469Z
89,LX75ZFG,2026-05-18T12:00:33.874Z
89,YX61DPF,2026-05-11T13:42:23.199Z
89,YX61DPN,2026-06-01T15:49:34.177Z
89,YX61DPO,2026-06-01T15:49:34.177Z
89,YX61DPU,2026-05-18T12:00:33.874Z
89,YX61DPV,2026-06-01T15:49:34.177Z
89,YX61DPY,2026-06-01T15:49:34.177Z
89,YX61DPZ,2026-05-18T12:00:33.874Z
89,YX61DSE,2026-06-01T15:49:34.177Z
89,YX61DSO,2026-05-04T11:29:17.869Z
89,YX61DSU,2026-06-01T15:49:34.177Z
89,YX61DSV,2026-06-01T15:49:34.177Z
89,YX61DSY,2026-05-25T13:01:20.469Z
89,YX61DSZ,2026-05-18T12:00:33.874Z
89,YX61DTF,2026-05-11T13:42:23.199Z
89,YX61DTK,2026-05-18T12:00:33.874Z
89,YX61DTN,2026-06-01T15:49:34.177Z
90,LA68DWN,2026-06-01T15:49:34.177Z
90,LA68DWO,2026-06-01T15:49:34.177Z
90,LA68DWP,2026-05-25T13:01:20.469Z
90,LA68DWX,2026-05-18T12:00:33.874Z
90,LF19FXA,2026-06-01T15:49:34.177Z
90,LF19FXB,2026-06-01T15:49:34.177Z
90,LF19FXC,2026-06-01T15:49:34.177Z
90,LF19FXD,2026-06-01T15:49:34.177Z
90,LF68PXH,2026-05-18T12:00:33.874Z
90,LF68PXJ,2026-06-01T15:49:34.177Z
90,LF68PXK,2026-05-25T13:01:20.469Z
90,LF68PXL,2026-06-01T15:49:34.177Z
90,LF68PXM,2026-05-18T12:00:33.874Z
90,LF68PXN,2026-05-25T13:01:20.469Z
90,LF68PXO,2026-06-01T15:49:34.177Z
90,LF68PXP,2026-06-01T15:49:34.177Z
90,LK15CXG,2026-05-04T11:29:17.869Z
90,LK15CXH,2026-05-04T11:29:17.869Z
90,LK15CXJ,2026-05-25T13:01:20.469Z
90,LK17CYP,2026-04-29T23:54:22.641Z
90,LK17CYU,2026-06-01T15:49:34.177Z
90,LK17CYY,2026-05-25T13:01:20.469Z
90,LK17CYZ,2026-06-01T15:49:34.177Z
90,LK17CZB,2026-06-01T15:49:34.177Z
90,LK17DFU,2026-05-11T13:42:23.199Z
90,LK17DFV,2026-04-29T23:54:22.641Z
90,LK17DFX,2026-06-01T15:49:34.177Z
90,LK17DFZ,2026-06-01T15:49:34.177Z
90,LK17DGF,2026-05-25T13:01:20.469Z
90,LK17DGO,2026-06-01T15:49:34.177Z
90,LK18AGY,2026-06-01T15:49:34.177Z
90,LK18AGZ,2026-05-18T12:00:33.874Z
90,LK18AHA,2026-05-11T13:42:23.199Z
91,BF65WJN,2026-05-11T13:42:23.199Z
91,BF65WJU,2026-05-25T13:01:20.469Z
91,BJ15TWL,2026-05-18T12:00:33.874Z
91,BJ15TWP,2026-05-11T13:42:23.199Z
91,BK15AZR,2026-05-25T13:01:20.469Z
91,BK15AZT,2026-05-25T13:01:20.469Z
91,BL15HBJ,2026-05-25T13:01:20.469Z
91,BL15HBK,2026-05-18T12:00:33.874Z
91,BL15HBN,2026-06-01T15:49:34.177Z
91,BL15HBO,2026-06-01T15:49:34.177Z
91,BL15HBP,2026-05-18T12:00:33.874Z
91,BL15HBU,2026-05-04T11:29:17.869Z
91,BL15HBY,2026-05-11T13:42:23.199Z
91,BL15HBZ,2026-06-01T15:49:34.177Z
91,BL15HCA,2026-05-11T13:42:23.199Z
91,BL15HCC,2026-05-25T13:01:20.469Z
91,BL15HCD,2026-05-11T13:42:23.199Z
91,BP15OMD,2026-05-25T13:01:20.469Z
91,BT66MPE,2026-06-01T15:49:34.177Z
91,BT66MPF,2026-05-11T13:42:23.199Z
91,BU16OYV,2026-06-01T15:49:34.177Z
91,BU16OYW,2026-05-11T13:42:23.199Z
91,BU16OYX,2026-05-25T13:01:20.469Z
91,BU16OYY,2026-05-18T12:00:33.874Z
91,BU16OZB,2026-05-25T13:01:20.469Z
91,BU16OZC,2026-06-01T15:49:34.177Z
91,BV66VFT,2026-05-04T11:29:17.869Z
91,BV66VFU,2026-05-04T11:29:17.869Z
91,BV66VFX,2026-05-18T12:00:33.874Z
91,BV66VFY,2026-05-11T13:42:23.199Z
91,BV66VFZ,2026-05-25T13:01:20.469Z
91,BV66VGA,2026-05-18T12:00:33.874Z
91,BV66VGC,2026-05-25T13:01:20.469Z
91,BV66VHE,2026-05-18T12:00:33.874Z
91,BV66VKH,2026-06-01T15:49:34.177Z
91,BV66VKK,2026-06-01T15:49:34.177Z
91,BV66VKL,2026-06-01T15:49:34.177Z
91,LF67EWP,2026-05-11T13:42:23.199Z
91,LF67EWR,2026-06-01T15:49:34.177Z
91,LF67EWS,2026-05-25T13:01:20.469Z
91,LF67EWT,2026-05-18T12:00:33.874Z
91,LF67EWU,2026-06-01T15:49:34.177Z
91,LF67EWV,2026-06-01T15:49:34.177Z
91,LF67EWX,2026-05-04T11:29:17.869Z
92,LA68DXJ,2026-06-01T15:49:34.177Z
92,LA68DXK,2026-06-01T15:49:34.177Z
92,LA68DXL,2026-05-25T13:01:20.469Z
92,LA68DXM,2026-06-01T15:49:34.177Z
92,LA68DXO,2026-06-01T15:49:34.177Z
92,LA68DXP,2026-06-01T15:49:34.177Z
92,LA68DXR,2026-06-01T15:49:34.177Z
92,LA68DXS,2026-05-18T12:00:33.874Z
92,LF68PXS,2026-05-25T13:01:20.469Z
92,LF68PXU,2026-05-25T13:01:20.469Z
92,LF68PXV,2026-05-25T13:01:20.469Z
92,LK13BGY,2026-06-01T15:49:34.177Z
92,LK13BHO,2026-05-04T11:29:17.869Z
92,LK15CWP,2026-05-18T12:00:33.874Z
92,LK15CWR,2026-06-01T15:49:34.177Z
92,LK15CWU,2026-06-01T15:49:34.177Z
92,LK15CWV,2026-06-01T15:49:34.177Z
92,LK15CWW,2026-06-01T15:49:34.177Z
92,LK18AFA,2026-05-25T13:01:20.469Z
92,LK18AFE,2026-05-18T12:00:33.874Z
92,LK18AFJ,2026-05-11T13:42:23.199Z
92,LK18AFN,2026-05-04T11:29:17.869Z
92,LK18AFO,2026-06-01T15:49:34.177Z
92,LK65EAX,2026-05-11T13:42:23.199Z
92,LK65EAY,2026-05-18T12:00:33.874Z
92,LK65EBA,2026-05-11T13:42:23.199Z
92,LK65EBC,2026-05-04T11:29:17.869Z
92,LK65EBD,2026-06-01T15:49:34.177Z
92,LK65EBG,2026-05-18T12:00:33.874Z
92,LK65EBJ,2026-06-01T15:49:34.177Z
92,LK65EBM,2026-04-29T23:54:22.641Z
92,LK65EBN,2026-06-01T15:49:34.177Z
92,LK65EBP,2026-05-11T13:42:23.199Z
92,LK67ENU,2026-05-04T11:29:17.869Z
92,LK67ENV,2026-05-25T13:01:20.469Z
92,LK67ENY,2026-05-25T13:01:20.469Z
93,LD72UHT,2026-05-11T13:42:23.199Z
93,LD72UHU,2026-05-11T13:42:23.199Z
93,LD72UHV,2026-05-11T13:42:23.199Z
93,LD72UHW,2026-06-01T15:49:34.177Z
93,LD72UHY,2026-06-01T15:49:34.177Z
93,LD72XZT,2026-06-01T15:49:34.177Z
93,LD72XZU,2026-06-01T15:49:34.177Z
93,LD72YAH,2026-05-18T12:00:33.874Z
93,LG23EUU,2026-05-25T13:01:20.469Z
93,LG23EUV,2026-06-01T15:49:34.177Z
93,LG23EZH,2026-05-11T13:42:23.199Z
93,LG23EZJ,2026-06-01T15:49:34.177Z
93,LG23EZK,2026-04-29T23:54:22.641Z
93,LG23EZL,2026-06-01T15:28:31.580Z
93,LG23EZN,2026-05-25T13:01:20.469Z
93,LG23EZO,2026-06-01T15:28:31.580Z
93,LG23FAA,2026-06-01T15:28:31.580Z
93,LG23FAF,2026-05-18T12:00:33.874Z
93,LG23FAJ,2026-06-01T15:49:34.177Z
93,LG23FAK,2026-05-11T13:42:23.199Z
93,LG23FAO,2026-05-11T13:42:23.199Z
93,LG23FAU,2026-06-01T15:49:34.177Z
93,LG23FBA,2026-05-25T13:01:20.469Z
93,LG23FBB,2026-05-18T12:00:33.874Z
93,LG23FBC,2026-05-25T13:01:20.469Z
93,LG23FBD,2026-06-01T15:49:34.177Z
93,LG23FBE,2026-05-18T12:00:33.874Z
93,LG23FBF,2026-04-29T23:54:22.641Z
93,LG23FBJ,2026-05-11T13:42:23.199Z
93,LG23FBL,2026-05-25T13:01:20.469Z
93,LG23FFV,2026-05-18T12:00:33.874Z
93,LG23FFX,2026-04-29T23:54:22.641Z
93,LG23FFY,2026-05-18T12:00:33.874Z
93,LG23FFZ,2026-06-01T15:49:34.177Z
93,LG23FGA,2026-05-18T12:00:33.874Z
93,LG23FGC,2026-05-25T13:01:20.469Z
93,LG23FGD,2026-04-29T23:54:22.641Z
93,LG23FGE,2026-05-11T12:08:37.791Z
93,LG23FGF,2026-05-04T11:29:17.869Z
93,LG23FGJ,2026-05-18T12:00:33.874Z
93,LG23FGK,2026-06-01T15:49:34.177Z
93,LG23FGM,2026-05-11T13:42:23.199Z
93,LG23FGN,2026-05-11T13:42:23.199Z
93,LG23FGO,2026-06-01T15:49:34.177Z
93,LG23FGU,2026-05-11T13:42:23.199Z
93,LG23FGV,2026-06-01T15:49:34.177Z
93,LG23FGZ,2026-06-01T15:49:34.177Z
93,LG23FHA,2026-06-01T15:49:34.177Z
93,LG23FHC,2026-04-29T23:54:22.641Z
93,LG23FHD,2026-06-01T15:49:34.177Z
93,LG23FHE,2026-06-01T15:49:34.177Z
93,LG23FHF,2026-05-11T13:42:23.199Z
93,LG23FHH,2026-05-18T12:00:33.874Z
93,LG23FHJ,2026-06-01T15:49:34.177Z
93,LG23FJD,2026-05-18T12:00:33.874Z
93,LG23FJF,2026-05-25T13:01:20.469Z
93,LG23FJJ,2026-05-18T12:00:33.874Z
93,LG23FJK,2026-05-25T13:01:20.469Z
94,LB69JNJ,2026-06-01T15:49:34.177Z
94,LB69JNK,2026-06-01T15:49:34.177Z
94,LB69JNL,2026-05-25T13:01:20.469Z
94,LB69JNN,2026-05-25T13:01:20.469Z
94,LB69JNO,2026-06-01T15:49:34.177Z
94,LB69JNU,2026-05-25T13:01:20.469Z
94,LB69JNX,2026-06-01T15:49:34.177Z
94,LB69JNZ,2026-05-25T13:01:20.469Z
94,LB69JOA,2026-06-01T15:49:34.177Z
94,LB69JOH,2026-05-25T13:01:20.469Z
94,LB69JOJ,2026-05-11T13:42:23.199Z
94,LB69JOU,2026-05-25T13:01:20.469Z
94,LB69JOV,2026-06-01T15:49:34.177Z
94,LB69JPF,2026-06-01T15:49:34.177Z
94,LB69JPJ,2026-06-01T15:49:34.177Z
94,LB69JPO,2026-05-04T11:29:17.869Z
94,LB69JPU,2026-05-25T13:01:20.469Z
94,LB69JPV,2026-06-01T15:49:34.177Z
94,LB69JPY,2026-06-01T15:49:34.177Z
94,LB69JRO,2026-05-18T12:00:33.874Z
94,LB69JRU,2026-05-18T12:00:33.874Z
94,LB69JRV,2026-05-04T11:29:17.869Z
94,LB69JRX,2026-05-25T13:01:20.469Z
94,LB69JRZ,2026-05-18T12:00:33.874Z
94,LB69JSU,2026-05-11T13:42:23.199Z
94,LB69JSV,2026-06-01T15:49:34.177Z
94,LB69JSX,2026-06-01T15:49:34.177Z
94,LG71DVX,2026-06-01T15:49:34.177Z
94,LG71DWK,2026-05-18T12:00:33.874Z
94,LG71DWM,2026-05-18T12:00:33.874Z
94,LG71DWO,2026-05-11T13:42:23.199Z
94,LG71DWP,2026-06-01T15:49:34.177Z
94,LG71DWU,2026-06-01T15:49:34.177Z
94,LG71DXS,2026-06-01T15:49:34.177Z
94,LG72EEF,2026-06-01T15:49:34.177Z
95,LK12AUY,2026-06-01T15:49:34.177Z
95,LK15CWP,2026-06-01T15:49:34.177Z
95,LK15CWT,2026-05-18T12:00:33.874Z
95,LK15CWU,2026-05-04T11:29:17.869Z
95,LK15CWV,2026-05-11T13:42:23.199Z
95,LK15CWX,2026-06-01T15:49:34.177Z
95,LK65EAX,2026-06-01T15:49:34.177Z
95,LK65EAY,2026-05-11T13:42:23.199Z
95,LK65EBA,2026-05-25T13:01:20.469Z
95,LK65EBC,2026-06-01T15:49:34.177Z
95,LK65EBD,2026-05-18T12:00:33.874Z
95,LK65EBF,2026-05-18T12:00:33.874Z
95,LK65EBG,2026-06-01T15:49:34.177Z
95,LK65EBL,2026-06-01T15:49:34.177Z
95,LK65EBM,2026-05-25T13:01:20.469Z
95,LK65EBN,2026-04-29T23:54:22.641Z
95,LK65EBP,2026-06-01T15:49:34.177Z
95,LK67ENT,2026-06-01T15:28:31.580Z
95,LK67ENV,2026-05-11T13:42:23.199Z
95,LK67ENW,2026-05-18T12:00:33.874Z
95,LK67ENX,2026-06-01T15:49:34.177Z
95,LK67ENY,2026-06-01T15:49:34.177Z
95,LK67EOA,2026-06-01T15:49:34.177Z
96,LF67EUA,2026-06-01T15:49:34.177Z
96,LF67EUB,2026-06-01T15:49:34.177Z
96,LF67EUC,2026-06-01T15:49:34.177Z
96,LF67EUD,2026-06-01T15:49:34.177Z
96,LF67EUE,2026-06-01T15:49:34.177Z
96,LJ11EEU,2026-05-11T13:42:23.199Z
96,LJ11EFE,2026-05-18T12:00:33.874Z
96,LJ11EFG,2026-05-25T13:01:20.469Z
96,LJ11EFK,2026-05-25T13:01:20.469Z
96,LJ11EFN,2026-05-04T11:29:17.869Z
96,LJ11EFR,2026-05-18T12:00:33.874Z
96,LJ11EFT,2026-05-25T13:01:20.469Z
96,LJ11EFZ,2026-05-18T12:00:33.874Z
96,LJ13FCO,2026-06-01T15:49:34.177Z
96,LJ13FDD,2026-05-18T12:00:33.874Z
96,LJ13FDK,2026-05-18T12:00:33.874Z
96,LJ13FDN,2026-06-01T15:49:34.177Z
96,LJ17WOH,2026-06-01T15:49:34.177Z
96,LJ17WOM,2026-06-01T15:49:34.177Z
96,LJ17WOR,2026-06-01T15:49:34.177Z
96,LJ17WOU,2026-05-04T11:29:17.869Z
96,LJ17WOX,2026-06-01T15:49:34.177Z
96,LJ17WOY,2026-05-25T13:01:20.469Z
96,LJ17WPA,2026-06-01T15:49:34.177Z
96,LJ17WPD,2026-06-01T15:49:34.177Z
96,LJ62BCU,2026-05-18T12:00:33.874Z
96,LJ62BEO,2026-05-11T13:42:23.199Z
96,LJ62BJX,2026-05-11T13:42:23.199Z
96,LJ62BKX,2026-06-01T15:49:34.177Z
96,LJ62BMZ,2026-06-01T15:49:34.177Z
96,LJ62BNE,2026-06-01T15:49:34.177Z
96,LJ62BNL,2026-05-18T12:00:33.874Z
96,LJ62BPV,2026-06-01T15:49:34.177Z
96,LJ62BSO,2026-05-18T12:00:33.874Z
96,LJ62BTO,2026-05-04T11:29:17.869Z
96,LJ62BTY,2026-05-18T12:00:33.874Z
96,LJ62BWF,2026-05-04T11:29:17.869Z
96,LJ62BXD,2026-06-01T15:49:34.177Z
96,LJ62BXF,2026-05-11T13:42:23.199Z
96,LJ62BYT,2026-05-11T13:42:23.199Z
96,LJ62BZH,2026-06-01T15:49:34.177Z
96,LJ62BZR,2026-05-25T13:01:20.469Z
96,LT63UJF,2026-06-01T15:49:34.177Z
96,LT63UJH,2026-05-18T12:00:33.874Z
96,LT63UJJ,2026-05-25T13:01:20.469Z
96,LT63UJK,2026-05-25T13:01:20.469Z
96,LT63UJL,2026-06-01T15:49:34.177Z
96,LT63UJM,2026-06-01T15:49:34.177Z
97,BF15KHE,2026-05-18T12:00:33.874Z
97,BL65OYA,2026-06-01T15:49:34.177Z
97,BL65OYJ,2026-05-18T12:00:33.874Z
97,BL65OYV,2026-06-01T15:28:31.580Z
97,BL65OYW,2026-06-01T15:49:34.177Z
97,BL65OYY,2026-06-01T15:49:34.177Z
97,BU16UXT,2026-05-25T13:01:20.469Z
97,LJ17WRK,2026-05-11T12:08:37.791Z
97,LJ17WRL,2026-06-01T15:49:34.177Z
97,LJ17WTM,2026-06-01T15:49:34.177Z
97,LJ17WTN,2026-06-01T15:49:34.177Z
97,LJ17WTP,2026-05-04T11:29:17.869Z
97,LJ17WTY,2026-05-04T11:29:17.869Z
97,LJ17WUB,2026-06-01T15:49:34.177Z
97,SK19FCX,2026-06-01T15:49:34.177Z
97,SK19FCY,2026-06-01T15:49:34.177Z
97,SK19FCZ,2026-05-18T12:00:33.874Z
97,SK19FDA,2026-06-01T15:49:34.177Z
97,SK19FDC,2026-05-18T12:00:33.874Z
97,SK19FDE,2026-06-01T15:49:34.177Z
97,SK19FDG,2026-05-25T13:01:20.469Z
97,SK19FDJ,2026-06-01T15:49:34.177Z
97,SK19FDL,2026-05-25T13:01:20.469Z
97,SK19FDM,2026-06-01T15:49:34.177Z
97,SK19FDO,2026-05-04T11:29:17.869Z
97,SN68AFS,2026-06-01T15:49:34.177Z
97,SN68AFT,2026-05-25T13:01:20.469Z
97,SN68AGA,2026-05-25T13:01:20.469Z
97,SN68AGB,2026-06-01T15:49:34.177Z
97,SN68AGC,2026-06-01T15:49:34.177Z
97,SN68AGD,2026-06-01T15:49:34.177Z
98,LF75OYJ,2026-06-01T15:49:34.177Z
98,LF75OYK,2026-06-01T15:49:34.177Z
98,LF75OYL,2026-06-01T15:49:34.177Z
98,LF75OYM,2026-06-01T15:49:34.177Z
98,LF75OYO,2026-06-01T15:49:34.177Z
98,LF75OYP,2026-06-01T15:49:34.177Z
98,LF75OYR,2026-06-01T15:49:34.177Z
98,LF75OYX,2026-05-25T13:01:20.469Z
98,LF75OYY,2026-06-01T15:49:34.177Z
98,LF75OZA,2026-06-01T15:49:34.177Z
98,LF75OZB,2026-05-18T12:00:33.874Z
98,LF75OZD,2026-06-01T15:49:34.177Z
98,LF75OZE,2026-06-01T15:49:34.177Z
98,LF75OZH,2026-06-01T15:49:34.177Z
98,LF75OZJ,2026-06-01T15:49:34.177Z
98,LV23EBL,2026-06-01T15:49:34.177Z
98,LV23EBM,2026-06-01T15:49:34.177Z
98,LV23EBN,2026-06-01T15:49:34.177Z
98,LV23EBO,2026-06-01T15:49:34.177Z
98,LV23EYD,2026-06-01T15:49:34.177Z
98,LV23EZG,2026-06-01T15:49:34.177Z
98,LV23YZZ,2026-06-01T15:49:34.177Z
98,LV23ZBC,2026-06-01T15:49:34.177Z
98,LV74TKC,2026-05-04T11:29:17.869Z
98,LV74TKD,2026-05-04T11:29:17.869Z
98,LV74TKE,2026-05-04T11:29:17.869Z
98,LV74TKJ,2026-05-18T12:00:33.874Z
98,LV74TKK,2026-05-11T13:42:23.199Z
98,LV74TKN,2026-05-18T12:00:33.874Z
98,LV74TKO,2026-05-18T12:00:33.874Z
98,LV74TKT,2026-06-01T15:49:34.177Z
98,LV74TKU,2026-06-01T15:49:34.177Z
99,LJ61NUU,2026-05-25T13:01:20.469Z
99,LV25CTZ,2026-05-25T13:01:20.469Z
99,LV25CUA,2026-06-01T15:49:34.177Z
99,LV25CUC,2026-05-18T12:00:33.874Z
99,LV25CUG,2026-05-04T11:29:17.869Z
99,LV25CUH,2026-05-18T12:00:33.874Z
99,LV25CUK,2026-05-04T11:29:17.869Z
99,LV25CUO,2026-06-01T15:49:34.177Z
99,LV25CUU,2026-06-01T15:49:34.177Z
99,LV25CVU,2026-05-25T13:01:20.469Z
99,LV25OTF,2026-05-18T12:00:33.874Z
99,LV25WXL,2026-05-11T13:42:23.199Z
99,LV25WXM,2026-05-25T13:01:20.469Z
99,LV25WXO,2026-05-18T12:00:33.874Z
99,LV25WXP,2026-06-01T15:49:34.177Z
99,LV25WXS,2026-06-01T15:49:34.177Z
99,LV25WXW,2026-05-18T12:00:33.874Z
99,LV25WXX,2026-05-11T12:08:37.791Z
99,LV25WXY,2026-06-01T15:49:34.177Z
99,LV25WXZ,2026-05-25T13:01:20.469Z
99,LV25WYA,2026-06-01T15:49:34.177Z
99,LV25WYB,2026-06-01T15:49:34.177Z
99,LV25WYK,2026-05-11T13:42:23.199Z
99,LV25WYL,2026-05-25T13:01:20.469Z
99,LV25WYM,2026-06-01T15:49:34.177Z
99,LV25WZB,2026-06-01T15:49:34.177Z
99,LV25XUD,2026-06-01T15:49:34.177Z
99,LV25XUF,2026-06-01T15:49:34.177Z
99,LV25XUK,2026-05-25T13:01:20.469Z
99,LV25XUL,2026-05-25T13:01:20.469Z
99,LX59CYL,2026-04-29T23:54:22.641Z
99,LX75ZFA,2026-05-11T13:42:23.199Z
99,LX75ZFF,2026-06-01T15:49:34.177Z
99,LX75ZFG,2026-05-04T11:29:17.869Z
99,LX75ZFM,2026-06-01T15:49:34.177Z
100,LF69UZA,2026-06-01T15:49:34.177Z
100,LF69UZB,2026-06-01T15:49:34.177Z
100,LF69UZD,2026-05-18T12:00:33.874Z
100,LF69UZE,2026-06-01T15:49:34.177Z
100,LF69UZG,2026-05-25T13:01:20.469Z
100,LF69UZH,2026-06-01T15:49:34.177Z
100,LF69UZJ,2026-05-25T13:01:20.469Z
100,LF69UZK,2026-06-01T15:49:34.177Z
100,LF69UZL,2026-05-18T12:00:33.874Z
100,LF69UZM,2026-05-11T13:42:23.199Z
100,LG73FZR,2026-06-01T15:49:34.177Z
100,LG73FZS,2026-06-01T15:49:34.177Z
100,LG73FZT,2026-06-01T15:49:34.177Z
100,LG73FZX,2026-06-01T15:49:34.177Z
100,LG73FZY,2026-05-18T12:00:33.874Z
101,LF25SFU,2026-05-18T12:00:33.874Z
101,LF25SFV,2026-06-01T15:49:34.177Z
101,LF25SFX,2026-05-11T13:42:23.199Z
101,LF25SFY,2026-05-25T13:01:20.469Z
101,LF25SFZ,2026-06-01T15:49:34.177Z
101,LF25SGO,2026-06-01T15:49:34.177Z
101,LF25SGU,2026-05-25T13:01:20.469Z
101,LF25SGV,2026-06-01T15:49:34.177Z
101,LF25SGX,2026-06-01T15:49:34.177Z
101,LF25SGY,2026-05-25T13:01:20.469Z
101,LF74TTZ,2026-05-04T11:29:17.869Z
101,LF74TUA,2026-06-01T15:49:34.177Z
101,LF74TUH,2026-06-01T15:49:34.177Z
101,LF74TUJ,2026-06-01T15:49:34.177Z
101,LF74TUO,2026-05-25T13:01:20.469Z
101,LF74TUP,2026-05-18T12:00:33.874Z
101,LF74TUU,2026-05-18T12:00:33.874Z
101,LF74TUV,2026-05-11T13:42:23.199Z
101,LF74TUW,2026-06-01T15:49:34.177Z
102,LC67AHE,2026-06-01T15:49:34.177Z
102,LC67AHF,2026-06-01T15:49:34.177Z
102,LC67AHJ,2026-06-01T15:49:34.177Z
102,LC67AHK,2026-06-01T15:49:34.177Z
102,LC67AHL,2026-06-01T15:49:34.177Z
102,LF67EWJ,2026-05-25T13:01:20.469Z
102,LJ13FCN,2026-05-18T12:00:33.874Z
102,LJ13FDE,2026-05-18T12:00:33.874Z
102,LJ13FDF,2026-06-01T15:49:34.177Z
102,LJ13FDG,2026-05-11T12:08:37.791Z
102,LJ13FDL,2026-05-04T11:29:17.869Z
102,LJ13FDO,2026-06-01T15:49:34.177Z
102,LJ62BFZ,2026-06-01T15:49:34.177Z
102,LJ62BGZ,2026-06-01T15:49:34.177Z
102,LJ62BHF,2026-05-18T12:00:33.874Z
102,LJ62BJK,2026-06-01T15:49:34.177Z
102,LJ62BVE,2026-06-01T15:49:34.177Z
102,LK66GDO,2026-06-01T15:49:34.177Z
102,LK66GDU,2026-06-01T15:49:34.177Z
102,LK66GDV,2026-06-01T15:49:34.177Z
102,LK66GDX,2026-06-01T15:49:34.177Z
102,LK66GDZ,2026-06-01T15:49:34.177Z
102,LK66GEJ,2026-06-01T15:49:34.177Z
102,LK66GEU,2026-06-01T15:49:34.177Z
102,LK66GEY,2026-06-01T15:49:34.177Z
102,LK66GFA,2026-06-01T15:49:34.177Z
102,LK66GFE,2026-05-11T13:42:23.199Z
102,LK66GFG,2026-05-25T13:01:20.469Z
102,LK66GFJ,2026-05-25T13:01:20.469Z
102,LK66GFU,2026-06-01T15:49:34.177Z
102,LK66GFV,2026-05-25T13:01:20.469Z
102,LK66GFX,2026-06-01T15:49:34.177Z
102,LK66GFY,2026-06-01T15:49:34.177Z
102,LK66GFZ,2026-05-25T13:01:20.469Z
102,LK66GGA,2026-05-18T12:00:33.874Z
102,LK66GGE,2026-06-01T15:49:34.177Z
102,LK66GGF,2026-05-25T13:01:20.469Z
102,WLT982,2026-06-01T15:49:34.177Z
103,BG14ONW,2026-06-01T15:49:34.177Z
103,LF67EUM,2026-05-18T12:00:33.874Z
103,LF67EUN,2026-05-18T12:00:33.874Z
103,LF67EUO,2026-06-01T15:49:34.177Z
103,LF67EUP,2026-06-01T15:49:34.177Z
103,LF67EUR,2026-05-18T12:00:33.874Z
103,LF67EUU,2026-05-18T12:00:33.874Z
103,LF67EUW,2026-05-04T11:29:17.869Z
103,LF67EUY,2026-06-01T15:49:34.177Z
103,LF67EVB,2026-06-01T15:49:34.177Z
103,LF67EVC,2026-06-01T15:49:34.177Z
103,LF67EVD,2026-06-01T15:49:34.177Z
103,LF67EVH,2026-05-04T11:29:17.869Z
103,LF67EVJ,2026-05-25T13:01:20.469Z
103,LF67EVK,2026-05-11T13:42:23.199Z
103,LF67EVL,2026-06-01T15:49:34.177Z
103,LF67EVM,2026-06-01T15:49:34.177Z
103,LF67EVP,2026-06-01T15:49:34.177Z
103,LF67EVT,2026-06-01T15:49:34.177Z
103,LF67EVU,2026-05-11T13:42:23.199Z
103,LF67EVY,2026-06-01T15:49:34.177Z
103,LF67EWB,2026-05-18T12:00:33.874Z
103,LF67EWC,2026-05-11T13:42:23.199Z
103,LF67EWD,2026-05-25T13:01:20.469Z
103,LF67EWE,2026-05-11T13:42:23.199Z
103,LF67EWG,2026-05-11T13:42:23.199Z
103,LJ61LKF,2026-05-18T12:00:33.874Z
103,LJ61LKZ,2026-05-18T12:00:33.874Z
103,LK17AFA,2026-06-01T15:49:34.177Z
103,LK17AFJ,2026-06-01T15:49:34.177Z
103,LK66GGJ,2026-05-25T13:01:20.469Z
103,WLT676,2026-05-04T11:29:17.869Z
104,BD65EWT,2026-06-01T15:49:34.177Z
104,BD65EXA,2026-05-11T13:42:23.199Z
104,BF65WKE,2026-04-29T23:54:22.641Z
104,BT65JFZ,2026-05-25T13:01:20.469Z
104,BT65JGO,2026-05-18T12:00:33.874Z
104,BV66VHN,2026-05-11T13:42:23.199Z
104,BV66VHO,2026-05-25T13:01:20.469Z
104,BV66VLR,2026-05-11T13:42:23.199Z
104,LF67EYD,2026-05-18T12:00:33.874Z
104,LF67EYH,2026-05-04T11:29:17.869Z
104,LF67EYJ,2026-05-18T12:00:33.874Z
104,SN61BHZ,2026-06-01T15:49:34.177Z
104,SN61BJK,2026-05-11T13:42:23.199Z
104,SN61BJU,2026-06-01T15:49:34.177Z
104,SN61BJV,2026-06-01T15:49:34.177Z
104,SN61DBO,2026-06-01T15:49:34.177Z
104,SN61DBY,2026-06-01T15:49:34.177Z
104,SN61DBZ,2026-06-01T15:49:34.177Z
104,SN61DCO,2026-05-18T12:00:33.874Z
104,SN61DCU,2026-06-01T15:49:34.177Z
104,SN61DCY,2026-05-25T13:01:20.469Z
104,SN61DDJ,2026-06-01T15:49:34.177Z
104,SN61DDK,2026-05-11T13:42:23.199Z
104,SN61DFJ,2026-05-18T12:00:33.874Z
104,YX13BJE,2026-06-01T15:49:34.177Z
104,YX13BJF,2026-06-01T15:49:34.177Z
104,YX13BJK,2026-05-18T12:00:33.874Z
104,YX13BJO,2026-05-11T13:42:23.199Z
104,YX13BJV,2026-05-25T13:01:20.469Z
104,YX13BKA,2026-05-11T13:42:23.199Z
105,BF67GNO,2026-05-25T13:01:20.469Z
105,BF67GNP,2026-05-25T13:01:20.469Z
105,BF67GNV,2026-05-25T13:01:20.469Z
105,BF67GNX,2026-06-01T15:49:34.177Z
105,BF67GUD,2026-05-25T13:01:20.469Z
105,LC67ADU,2026-06-01T15:49:34.177Z
105,LC67ADV,2026-05-25T13:01:20.469Z
105,LC67ADX,2026-06-01T15:49:34.177Z
105,LF18AWO,2026-06-01T15:49:34.177Z
105,LF18AXB,2026-05-04T11:29:17.869Z
105,LF18AXC,2026-05-18T12:00:33.874Z
105,LF18AXD,2026-06-01T15:49:34.177Z
105,LF18AXH,2026-05-25T13:01:20.469Z
105,LF18AXJ,2026-06-01T15:49:34.177Z
105,LF18AXK,2026-05-25T13:01:20.469Z
105,LF18AXM,2026-06-01T15:49:34.177Z
105,LF18AXN,2026-05-18T12:00:33.874Z
105,LF18AXO,2026-05-25T13:01:20.469Z
105,LF18AXP,2026-05-04T11:29:17.869Z
105,LF18AXR,2026-05-04T11:29:17.869Z
105,LF18AXS,2026-06-01T15:49:34.177Z
105,LF18AXT,2026-05-11T13:42:23.199Z
105,LF18AXU,2026-06-01T15:49:34.177Z
105,LJ15LAO,2026-05-25T13:01:20.469Z
105,LJ15LBA,2026-05-18T12:00:33.874Z
105,LJ15LBE,2026-06-01T15:49:34.177Z
105,LJ15LBG,2026-06-01T15:49:34.177Z
105,LJ15LBK,2026-05-11T13:42:23.199Z
105,LJ15LBL,2026-06-01T15:49:34.177Z
105,LJ16EWH,2026-05-25T13:01:20.469Z
105,LJ16EWP,2026-05-18T12:00:33.874Z
105,LJ65FZL,2026-06-01T15:49:34.177Z
105,LJ65FZM,2026-06-01T15:49:34.177Z
105,LJ65FZT,2026-06-01T15:49:34.177Z
106,LF20XLB,2026-05-11T13:42:23.199Z
106,LF20XLD,2026-05-11T13:42:23.199Z
106,LF20XLE,2026-05-25T13:01:20.469Z
106,LF20XLG,2026-05-04T11:29:17.869Z
106,LF20XLH,2026-05-04T11:29:17.869Z
106,LF20XLJ,2026-06-01T15:49:34.177Z
106,LF20XLK,2026-05-04T11:29:17.869Z
106,LF20XLL,2026-05-11T13:42:23.199Z
106,LF20XLM,2026-05-18T12:00:33.874Z
106,LF20XLN,2026-05-18T12:00:33.874Z
106,LF20XLP,2026-05-18T12:00:33.874Z
106,LF20XLR,2026-06-01T15:49:34.177Z
106,LF20XLS,2026-06-01T15:49:34.177Z
106,LF20XLU,2026-05-11T13:42:23.199Z
106,LF20XLW,2026-05-04T11:29:17.869Z
106,LF20XLX,2026-06-01T15:49:34.177Z
106,LF20XLY,2026-06-01T15:49:34.177Z
106,LF20XLZ,2026-06-01T15:49:34.177Z
106,LF20XMA,2026-06-01T15:49:34.177Z
106,LF20XMB,2026-05-25T13:01:20.469Z
106,LF20XMC,2026-05-18T12:00:33.874Z
106,LF20XMD,2026-05-11T13:42:23.199Z
106,LF20XMG,2026-05-11T13:42:23.199Z
106,LF20XMH,2026-06-01T15:49:34.177Z
106,LF20XMJ,2026-04-29T23:54:22.641Z
106,LF20XMK,2026-06-01T15:49:34.177Z
106,LF20XML,2026-06-01T15:49:34.177Z
106,LF20XMM,2026-06-01T15:49:34.177Z
106,LF20XMO,2026-06-01T15:49:34.177Z
106,LF20XMP,2026-06-01T15:49:34.177Z
106,LF20XMR,2026-05-25T13:01:20.469Z
106,LF24ZJV,2026-06-01T15:28:31.580Z
106,LF24ZJX,2026-05-18T12:00:33.874Z
106,LF24ZJY,2026-05-18T12:00:33.874Z
106,LF24ZJZ,2026-05-25T13:01:20.469Z
106,LF24ZKA,2026-06-01T15:49:34.177Z
106,LV25OTE,2026-04-29T23:54:22.641Z
107,LF68PXR,2026-06-01T15:49:34.177Z
107,LK11CYT,2026-05-11T13:42:23.199Z
107,LK14FBL,2026-05-11T13:42:23.199Z
107,LK14FBN,2026-06-01T15:49:34.177Z
107,LK14FBO,2026-05-18T12:00:33.874Z
107,LK18AKP,2026-05-11T13:42:23.199Z
107,LK65EBV,2026-06-01T15:49:34.177Z
107,LK65EBX,2026-06-01T15:28:31.580Z
107,LK65EBZ,2026-05-18T12:00:33.874Z
107,LK65ECA,2026-06-01T15:49:34.177Z
107,LK65ECC,2026-06-01T15:49:34.177Z
107,LK66DWM,2026-05-25T13:01:20.469Z
107,LK66DWN,2026-06-01T15:49:34.177Z
107,LK66EOD,2026-05-11T13:42:23.199Z
107,LK66EOE,2026-06-01T15:49:34.177Z
107,LK66EOF,2026-05-18T12:00:33.874Z
107,LK66EOG,2026-06-01T15:49:34.177Z
107,LK66EOH,2026-05-25T13:01:20.469Z
107,LK66EOJ,2026-05-11T13:42:23.199Z
107,LK66EOL,2026-06-01T15:49:34.177Z
107,LK66EOM,2026-05-18T12:00:33.874Z
107,LK66EOO,2026-05-18T12:00:33.874Z
107,LK67EOB,2026-06-01T15:49:34.177Z
108,LB23PGO,2026-04-29T23:54:22.641Z
108,LG73FSE,2026-04-29T23:54:22.641Z
108,LJ16NNH,2026-06-01T15:49:34.177Z
108,LJ16NNM,2026-06-01T15:49:34.177Z
108,LJ16NNP,2026-06-01T15:49:34.177Z
108,LJ16NNR,2026-06-01T15:49:34.177Z
108,LJ16NNT,2026-05-18T12:00:33.874Z
108,LJ16NNU,2026-06-01T15:49:34.177Z
108,LJ66CFM,2026-06-01T15:49:34.177Z
108,LJ66CFN,2026-06-01T15:49:34.177Z
108,LJ66CFO,2026-05-11T13:42:23.199Z
108,LJ66CFP,2026-06-01T15:49:34.177Z
108,LJ66CFU,2026-06-01T15:49:34.177Z
108,LJ66CFV,2026-05-25T13:01:20.469Z
108,LJ66CFX,2026-06-01T15:49:34.177Z
108,LJ66CFY,2026-06-01T15:49:34.177Z
108,LJ66CFZ,2026-05-18T12:00:33.874Z
108,LJ66CGF,2026-05-11T13:42:23.199Z
108,LJ66CGG,2026-05-25T13:01:20.469Z
108,LJ66CGO,2026-06-01T15:49:34.177Z
108,LJ66CGU,2026-05-18T12:00:33.874Z
108,LJ66CGV,2026-06-01T15:49:34.177Z
108,LJ66CGX,2026-05-18T12:00:33.874Z
108,LJ66CGZ,2026-05-11T13:42:23.199Z
108,LJ66CHH,2026-06-01T15:49:34.177Z
108,LJ66CHX,2026-06-01T15:49:34.177Z
108,SN66WOH,2026-04-29T23:54:22.641Z
109,LV25CVN,2026-05-25T13:01:20.469Z
109,SK20AZL,2026-06-01T15:49:34.177Z
109,SK20AZN,2026-05-18T12:00:33.874Z
109,SK20AZO,2026-05-18T12:00:33.874Z
109,SK20AZP,2026-06-01T15:49:34.177Z
109,SN61CYP,2026-06-01T15:49:34.177Z
109,SN61DFP,2026-06-01T15:49:34.177Z
109,SN61DFX,2026-05-11T13:42:23.199Z
109,YY64TYD,2026-06-01T15:49:34.177Z
109,YY64TYF,2026-06-01T15:49:34.177Z
109,YY64TYG,2026-06-01T15:49:34.177Z
109,YY64TYH,2026-05-25T13:01:20.469Z
109,YY64TYO,2026-06-01T15:49:34.177Z
109,YY64TYP,2026-06-01T15:49:34.177Z
109,YY64TYS,2026-06-01T15:49:34.177Z
109,YY64TYT,2026-05-18T12:00:33.874Z
109,YY64TYU,2026-05-25T13:01:20.469Z
109,YY64TYV,2026-06-01T15:49:34.177Z
109,YY64TYW,2026-06-01T15:49:34.177Z
109,YY64TYX,2026-05-25T13:01:20.469Z
109,YY64TYZ,2026-05-18T12:00:33.874Z
109,YY64TZA,2026-06-01T15:49:34.177Z
109,YY64TZC,2026-05-11T13:42:23.199Z
109,YY64TZD,2026-06-01T15:49:34.177Z
109,YY64TZE,2026-06-01T15:49:34.177Z
109,YY64TZF,2026-06-01T15:49:34.177Z
109,YY64TZG,2026-06-01T15:49:34.177Z
109,YY64TZH,2026-05-18T12:00:33.874Z
109,YY64TZJ,2026-06-01T15:49:34.177Z
109,YY64TZK,2026-06-01T15:49:34.177Z
109,YY64TZL,2026-06-01T15:49:34.177Z
109,YY64TZM,2026-06-01T15:49:34.177Z
109,YY64TZN,2026-06-01T15:49:34.177Z
109,YY64TZO,2026-06-01T15:28:31.580Z
109,YY67GZB,2026-05-11T13:42:23.199Z
109,YY67GZD,2026-06-01T15:49:34.177Z
109,YY67GZG,2026-05-25T13:01:20.469Z
109,YY67GZH,2026-06-01T15:49:34.177Z
110,SN17MUW,2026-04-29T23:54:22.641Z
110,SN17MUY,2026-06-01T15:49:34.177Z
110,SN17MVA,2026-05-25T13:01:20.469Z
110,SN17MVC,2026-06-01T15:49:34.177Z
110,SN17MVD,2026-05-18T12:00:33.874Z
110,SN17MVE,2026-05-11T13:42:23.199Z
110,SN17MVF,2026-05-25T13:01:20.469Z
110,SN17MVG,2026-05-04T11:29:17.869Z
110,SN17MVH,2026-05-11T13:42:23.199Z
110,SN17MVJ,2026-05-04T11:29:17.869Z
110,SN17MVT,2026-06-01T15:49:34.177Z
110,YX17NHF,2026-06-01T15:49:34.177Z
110,YX17NHG,2026-04-29T23:54:22.641Z
110,YX17NHJ,2026-04-29T23:54:22.641Z
110,YX17NHK,2026-05-25T13:01:20.469Z
110,YX17NHN,2026-05-18T12:00:33.874Z
110,YX17NHO,2026-06-01T15:49:34.177Z
110,YX68UOT,2026-06-01T15:49:34.177Z
110,YX68UOV,2026-06-01T15:49:34.177Z
110,YX68UOW,2026-06-01T15:49:34.177Z
110,YX68UOY,2026-05-25T13:01:20.469Z
110,YX68UPA,2026-05-11T13:42:23.199Z
110,YX68UPB,2026-05-04T11:29:17.869Z
110,YX68UVN,2026-05-04T11:29:17.869Z
110,YX68UVO,2026-05-11T13:42:23.199Z
110,YX68UVP,2026-06-01T15:49:34.177Z
110,YX68UVR,2026-05-11T13:42:23.199Z
110,YX68UVT,2026-05-11T13:42:23.199Z
110,YX68UVU,2026-05-18T12:00:33.874Z
110,YX68UVV,2026-05-25T13:01:20.469Z
110,YX68UVY,2026-05-25T13:01:20.469Z
110,YX68UVZ,2026-06-01T15:49:34.177Z
110,YX68UWA,2026-05-18T12:00:33.874Z
111,LV24EUU,2026-06-01T15:49:34.177Z
111,LV72BYT,2026-06-01T15:49:34.177Z
111,LV72BYU,2026-06-01T15:28:31.580Z
111,LV72BYW,2026-06-01T15:49:34.177Z
111,LV72BYX,2026-06-01T15:49:34.177Z
111,LV72BYY,2026-06-01T15:49:34.177Z
111,LV72BYZ,2026-05-11T13:42:23.199Z
111,LV72BZA,2026-06-01T15:49:34.177Z
111,LV72BZB,2026-06-01T15:49:34.177Z
111,LV72BZC,2026-06-01T15:49:34.177Z
111,LV72BZD,2026-06-01T15:49:34.177Z
111,LV72BZE,2026-05-25T13:01:20.469Z
111,LV72BZF,2026-06-01T15:49:34.177Z
111,LV72BZG,2026-06-01T15:49:34.177Z
111,LV72BZH,2026-06-01T15:49:34.177Z
111,LV72BZJ,2026-06-01T15:49:34.177Z
111,LV72BZK,2026-06-01T15:49:34.177Z
111,LV72BZL,2026-06-01T15:49:34.177Z
111,LV72BZM,2026-06-01T15:49:34.177Z
111,LV72BZN,2026-06-01T15:49:34.177Z
111,LV72BZO,2026-06-01T15:49:34.177Z
111,LV72BZP,2026-06-01T15:49:34.177Z
111,LV72BZR,2026-06-01T15:49:34.177Z
111,LV72BZS,2026-05-11T13:42:23.199Z
111,LV72BZT,2026-06-01T15:49:34.177Z
111,LV72BZU,2026-06-01T15:49:34.177Z
111,LV72BZW,2026-05-25T13:01:20.469Z
111,LV72BZX,2026-06-01T15:49:34.177Z
111,LV72BZY,2026-06-01T15:49:34.177Z
111,LV72CAA,2026-06-01T15:49:34.177Z
111,LV72CAE,2026-05-04T11:29:17.869Z
111,SK20BEU,2026-06-01T15:49:34.177Z
111,SK20BFV,2026-04-29T23:54:22.641Z
111,YX17NPV,2026-05-11T13:42:23.199Z
112,LK64ECE,2026-06-01T15:49:34.177Z
112,LK64ECF,2026-06-01T15:49:34.177Z
112,LK64ECJ,2026-06-01T15:49:34.177Z
112,LK64ECN,2026-05-18T12:00:33.874Z
112,LK64ECT,2026-06-01T15:49:34.177Z
112,LK64ECV,2026-05-11T13:42:23.199Z
112,LK64ECW,2026-05-11T13:42:23.199Z
112,LK64ECX,2026-05-25T13:01:20.469Z
112,LK64ECY,2026-06-01T15:49:34.177Z
112,LK64ECZ,2026-06-01T15:49:34.177Z
112,LK66FTF,2026-05-04T11:29:17.869Z
112,LV74CBX,2026-06-01T15:49:34.177Z
112,LV74CBY,2026-05-25T13:01:20.469Z
112,LV74CCA,2026-05-18T12:00:33.874Z
112,LV74CCD,2026-05-18T12:00:33.874Z
112,LV74CCN,2026-05-11T13:42:23.199Z
112,YX19OVA,2026-06-01T15:49:34.177Z
112,YX19OVB,2026-06-01T15:49:34.177Z
112,YX19OVC,2026-05-18T12:00:33.874Z
112,YX19OVD,2026-05-25T13:01:20.469Z
112,YX19OVE,2026-05-11T13:42:23.199Z
112,YX19OVF,2026-06-01T15:49:34.177Z
112,YX19OVG,2026-05-25T13:01:20.469Z
112,YX19OVH,2026-06-01T15:49:34.177Z
112,YX19OVJ,2026-05-25T13:01:20.469Z
112,YX19OVK,2026-05-18T12:00:33.874Z
112,YX19OVL,2026-06-01T15:49:34.177Z
112,YX19OVM,2026-06-01T15:49:34.177Z
112,YX19OVN,2026-06-01T15:49:34.177Z
112,YX19OVO,2026-06-01T15:49:34.177Z
112,YX19OVP,2026-06-01T15:49:34.177Z
112,YX19OVR,2026-05-25T13:01:20.469Z
113,LG22AXJ,2026-05-11T13:42:23.199Z
113,LV23DGX,2026-06-01T15:49:34.177Z
113,LV23DGY,2026-05-18T12:00:33.874Z
113,LV23DGZ,2026-06-01T15:49:34.177Z
113,LV23DHA,2026-06-01T15:49:34.177Z
113,LV23DHC,2026-06-01T15:49:34.177Z
113,LV23DHD,2026-05-18T12:00:33.874Z
113,LV23DHE,2026-06-01T15:49:34.177Z
113,LV23DHG,2026-05-25T13:01:20.469Z
113,LV23DHJ,2026-05-11T13:42:23.199Z
113,LV23DHK,2026-05-11T13:42:23.199Z
113,LV23DHL,2026-06-01T15:49:34.177Z
113,LV23DHM,2026-05-25T13:01:20.469Z
113,LV23DHN,2026-06-01T15:49:34.177Z
113,LV23DHO,2026-06-01T15:49:34.177Z
113,LV23DHP,2026-05-25T13:01:20.469Z
113,LV23DHY,2026-06-01T15:49:34.177Z
113,LV23DJE,2026-06-01T15:49:34.177Z
113,LV23DJF,2026-05-25T13:01:20.469Z
113,LV23DJJ,2026-06-01T15:49:34.177Z
113,LV23DJK,2026-06-01T15:49:34.177Z
113,LV23DJO,2026-05-11T13:42:23.199Z
113,LV23DJU,2026-05-11T13:42:23.199Z
113,LV23DJX,2026-05-18T12:00:33.874Z
113,LV23DJY,2026-05-18T12:00:33.874Z
113,LV23DJZ,2026-05-25T13:01:20.469Z
113,LV23EBD,2026-06-01T15:49:34.177Z
113,LV23EBG,2026-06-01T15:49:34.177Z
113,LV24VOJ,2026-06-01T15:49:34.177Z
113,LV24VOK,2026-05-18T12:00:33.874Z
113,LV24VOM,2026-06-01T15:49:34.177Z
113,LV24VOT,2026-06-01T15:49:34.177Z
113,LV24VOU,2026-05-18T12:00:33.874Z
113,LV24VOY,2026-05-11T13:42:23.199Z
113,LV24VPA,2026-05-18T12:00:33.874Z
113,LV24VPC,2026-06-01T15:49:34.177Z
113,LV24VPD,2026-05-11T13:42:23.199Z
113,LV24VPE,2026-06-01T15:49:34.177Z
113,LV24VPF,2026-06-01T15:49:34.177Z
113,LV24VPG,2026-05-25T13:01:20.469Z
113,LV24VPJ,2026-06-01T15:49:34.177Z
113,LV24VPK,2026-05-18T12:00:33.874Z
113,LV24VPL,2026-05-11T13:42:23.199Z
113,LV24VPM,2026-05-25T13:01:20.469Z
113,LV24VPN,2026-05-04T11:29:17.869Z
113,LV24VPP,2026-06-01T15:49:34.177Z
113,LV24VPR,2026-05-18T12:00:33.874Z
113,LV24VPT,2026-06-01T15:28:31.580Z
114,LK14FAA,2026-06-01T15:49:34.177Z
114,LK14FAJ,2026-05-18T12:00:33.874Z
114,LK14FAO,2026-06-01T15:49:34.177Z
114,LK14FAU,2026-05-18T12:00:33.874Z
114,LK14FBA,2026-05-18T12:00:33.874Z
114,LK14FBC,2026-05-18T12:00:33.874Z
114,LK14FBE,2026-05-25T13:01:20.469Z
114,LK14FBF,2026-06-01T15:49:34.177Z
114,LK14FBG,2026-06-01T15:49:34.177Z
114,LK14FBJ,2026-05-18T12:00:33.874Z
114,LK16DFD,2026-06-01T15:49:34.177Z
114,LK16DFE,2026-06-01T15:49:34.177Z
114,LK16DFF,2026-05-25T13:01:20.469Z
114,LK16DFG,2026-06-01T15:49:34.177Z
114,LK16DFJ,2026-05-25T13:01:20.469Z
114,LK16DFL,2026-06-01T15:49:34.177Z
114,LK16DFN,2026-05-18T12:00:33.874Z
114,LK16DFO,2026-05-18T12:00:33.874Z
114,LK16DFP,2026-06-01T15:49:34.177Z
114,LK16DFU,2026-05-25T13:01:20.469Z
114,LK16DFV,2026-05-11T13:42:23.199Z
114,LK16DFX,2026-05-18T12:00:33.874Z
114,LK16DFY,2026-05-18T12:00:33.874Z
114,LK16DFZ,2026-06-01T15:49:34.177Z
114,LK16DGE,2026-05-11T13:42:23.199Z
114,LK16DGF,2026-05-04T11:29:17.869Z
114,LK16DGO,2026-05-18T12:00:33.874Z
114,LK16DGU,2026-05-25T13:01:20.469Z
114,LK16HZC,2026-05-18T12:00:33.874Z
114,LK65EBU,2026-05-25T13:01:20.469Z
114,LK67CXB,2026-05-25T13:01:20.469Z
114,LK67CXC,2026-06-01T15:49:34.177Z
114,LK67CXD,2026-06-01T15:49:34.177Z
114,LK67CXF,2026-06-01T15:49:34.177Z
114,LK67CXG,2026-06-01T15:49:34.177Z
114,LK67CXH,2026-05-11T13:42:23.199Z
114,LK67CXL,2026-05-11T13:42:23.199Z
114,LK67CXM,2026-05-11T13:42:23.199Z
114,LK67CXN,2026-06-01T15:49:34.177Z
114,LK67CXO,2026-06-01T15:49:34.177Z
114,LK67CXR,2026-06-01T15:49:34.177Z
114,LK67CXS,2026-05-11T13:42:23.199Z
114,LK67CXU,2026-05-25T13:01:20.469Z
114,LK67CXV,2026-06-01T15:49:34.177Z
114,LK67CXW,2026-05-18T12:00:33.874Z
115,LF67EXS,2026-05-11T13:42:23.199Z
115,LF74TXU,2026-05-25T13:01:20.469Z
115,SN18KME,2026-06-01T15:49:34.177Z
115,SN18KMF,2026-06-01T15:49:34.177Z
115,SN18KMG,2026-05-18T12:00:33.874Z
115,SN18KMJ,2026-05-11T12:08:37.791Z
115,YW17JTV,2026-05-25T13:01:20.469Z
115,YW17JUF,2026-06-01T15:49:34.177Z
115,YW17JUJ,2026-05-25T13:01:20.469Z
115,YW17JUO,2026-06-01T15:49:34.177Z
115,YW17JUT,2026-06-01T15:49:34.177Z
115,YW17JUU,2026-06-01T15:49:34.177Z
115,YW17JUX,2026-06-01T15:49:34.177Z
115,YW17JUY,2026-06-01T15:49:34.177Z
115,YW17JVC,2026-06-01T15:49:34.177Z
115,YW17JVD,2026-04-29T23:54:22.641Z
115,YW17JVE,2026-06-01T15:49:34.177Z
115,YW17JVF,2026-06-01T15:49:34.177Z
115,YW17JVG,2026-06-01T15:49:34.177Z
115,YW17JVH,2026-05-25T13:01:20.469Z
115,YW17JVJ,2026-06-01T15:49:34.177Z
115,YW17JVK,2026-06-01T15:49:34.177Z
115,YW17JVL,2026-06-01T15:49:34.177Z
115,YW17JVM,2026-06-01T15:28:31.580Z
115,YW17JVN,2026-06-01T15:49:34.177Z
115,YW17JVO,2026-06-01T15:49:34.177Z
115,YX18KYY,2026-05-04T11:29:17.869Z
116,BF67GNO,2026-06-01T15:49:34.177Z
116,BF67GNP,2026-06-01T15:49:34.177Z
116,BF67GNX,2026-05-18T12:00:33.874Z
116,BF67GUD,2026-05-04T11:29:17.869Z
116,LC67ADX,2026-05-25T13:01:20.469Z
116,LF18AXB,2026-06-01T15:49:34.177Z
116,LF18AXC,2026-05-11T13:42:23.199Z
116,LF18AXH,2026-05-04T11:29:17.869Z
116,LF18AXJ,2026-05-11T13:42:23.199Z
116,LF18AXM,2026-05-25T13:01:20.469Z
116,LF18AXN,2026-06-01T15:49:34.177Z
116,LF18AXO,2026-05-04T11:29:17.869Z
116,LF18AXP,2026-05-25T13:01:20.469Z
116,LF18AXS,2026-05-25T13:01:20.469Z
116,LF18AXT,2026-05-18T12:00:33.874Z
116,LF18AXU,2026-05-11T13:42:23.199Z
116,LJ15LBF,2026-06-01T15:49:34.177Z
116,LJ15LBG,2026-05-18T12:00:33.874Z
116,LJ16EWP,2026-06-01T15:49:34.177Z
116,LJ65FZL,2026-05-11T13:42:23.199Z
116,LJ65FZT,2026-05-18T12:00:33.874Z
116,LJ66TRZ,2026-06-01T15:49:34.177Z
117,BV66GXY,2026-06-01T15:49:34.177Z
117,BV66GXZ,2026-06-01T15:49:34.177Z
117,BV66GYA,2026-06-01T15:49:34.177Z
117,BV66GYB,2026-06-01T15:49:34.177Z
117,BV66GYC,2026-06-01T15:49:34.177Z
117,BV66GYD,2026-05-11T12:08:37.791Z
117,BV66GYE,2026-06-01T15:49:34.177Z
117,SN17MUW,2026-05-11T13:42:23.199Z
117,SN17MUY,2026-05-18T12:00:33.874Z
117,SN17MVA,2026-06-01T15:49:34.177Z
117,SN17MVD,2026-05-11T13:42:23.199Z
117,SN17MVE,2026-06-01T15:49:34.177Z
117,SN17MVK,2026-05-11T13:42:23.199Z
117,SN17MVU,2026-05-25T13:01:20.469Z
117,YX17NHG,2026-05-18T12:00:33.874Z
117,YX17NHL,2026-06-01T15:49:34.177Z
117,YX68UOV,2026-05-18T12:00:33.874Z
117,YX68UOW,2026-05-25T13:01:20.469Z
117,YX68UOY,2026-05-11T13:42:23.199Z
117,YX68UVO,2026-05-25T13:01:20.469Z
117,YX68UVT,2026-05-18T12:00:33.874Z
117,YX68UVV,2026-05-11T13:42:23.199Z
117,YX68UVY,2026-06-01T15:49:34.177Z
119,BF63HDG,2026-06-01T15:49:34.177Z
119,BP15OLT,2026-06-01T15:49:34.177Z
119,BP15OLU,2026-05-25T13:01:20.469Z
119,BP15OLV,2026-06-01T15:49:34.177Z
119,BP15OLW,2026-05-18T12:00:33.874Z
119,LG72DNO,2026-06-01T15:49:34.177Z
119,LG72DNV,2026-05-04T11:29:17.869Z
119,LG72DNX,2026-06-01T15:28:31.580Z
119,LG72DNY,2026-06-01T15:49:34.177Z
119,LG72DOA,2026-06-01T15:49:34.177Z
119,LG72DOH,2026-05-11T13:42:23.199Z
119,LG72DOJ,2026-06-01T15:28:31.580Z
119,LG72DOU,2026-06-01T15:49:34.177Z
119,LG72DPF,2026-05-25T13:01:20.469Z
119,LG72DPK,2026-05-18T12:00:33.874Z
119,LG72DPN,2026-06-01T15:49:34.177Z
119,LG72DPO,2026-05-25T13:01:20.469Z
119,LG72DPU,2026-05-11T13:42:23.199Z
119,LG72DPV,2026-05-18T12:00:33.874Z
119,LG72DPX,2026-06-01T15:49:34.177Z
119,LG72DPZ,2026-05-18T12:00:33.874Z
119,LG72DRO,2026-06-01T15:49:34.177Z
119,LG72DRV,2026-05-25T13:01:20.469Z
119,LG72DRX,2026-06-01T15:49:34.177Z
119,LG72DRZ,2026-05-11T12:08:37.791Z
119,LG72DSE,2026-06-01T15:49:34.177Z
119,LJ61GWK,2026-05-11T13:42:23.199Z
119,LJ61GWL,2026-05-25T13:01:20.469Z
119,LX60DWV,2026-05-11T13:42:23.199Z
119,SN61BJY,2026-04-29T23:54:22.641Z
119,SN61BJZ,2026-05-04T11:29:17.869Z
119,SN61BKA,2026-04-29T23:54:22.641Z
119,SN61BKF,2026-06-01T15:28:31.580Z
119,SN61DDY,2026-05-18T12:00:33.874Z
120,BF15KFU,2026-05-18T12:00:33.874Z
120,BF15KFV,2026-05-04T11:29:17.869Z
120,BL64MHE,2026-05-18T12:00:33.874Z
120,BL64MHF,2026-06-01T15:49:34.177Z
120,BL64MHN,2026-05-18T12:00:33.874Z
120,BL64MHX,2026-05-18T12:00:33.874Z
120,LA68DXW,2026-05-25T13:01:20.469Z
120,LA68DXX,2026-05-04T11:29:17.869Z
120,LF68PXE,2026-06-01T15:49:34.177Z
120,LF68PXW,2026-05-25T13:01:20.469Z
120,LK14FBV,2026-05-25T13:01:20.469Z
120,LK17CZD,2026-05-04T11:29:17.869Z
120,LK17CZF,2026-05-04T11:29:17.869Z
120,LK17CZG,2026-05-11T13:42:23.199Z
120,LK17CZH,2026-05-25T13:01:20.469Z
120,LK17CZJ,2026-05-11T13:42:23.199Z
120,LK17CZM,2026-06-01T15:49:34.177Z
120,LK17CZO,2026-05-11T13:42:23.199Z
120,LK17CZP,2026-06-01T15:49:34.177Z
120,LK17CZR,2026-05-18T12:00:33.874Z
120,LK17CZS,2026-05-25T13:01:20.469Z
120,LK17CZT,2026-06-01T15:49:34.177Z
120,LK17CZV,2026-05-11T13:42:23.199Z
120,LK17CZX,2026-06-01T15:49:34.177Z
120,LK17DAA,2026-06-01T15:49:34.177Z
120,LK17DAO,2026-06-01T15:49:34.177Z
120,LK17DBO,2026-05-04T11:29:17.869Z
120,LK17DBX,2026-06-01T15:49:34.177Z
120,LK17DCY,2026-05-18T12:00:33.874Z
120,LK17DCZ,2026-06-01T15:49:34.177Z
120,LK17DDA,2026-05-18T12:00:33.874Z
120,LK17DDE,2026-06-01T15:49:34.177Z
120,LK17DDF,2026-05-25T13:01:20.469Z
120,LK17DDJ,2026-05-18T12:00:33.874Z
120,LK17DFA,2026-06-01T15:49:34.177Z
120,LK17DFC,2026-06-01T15:28:31.580Z
120,LK17DFD,2026-05-11T13:42:23.199Z
120,LK17DFE,2026-05-04T11:29:17.869Z
120,LK17DFF,2026-05-18T12:00:33.874Z
120,LK17DFG,2026-05-25T13:01:20.469Z
120,LK17DFL,2026-06-01T15:49:34.177Z
120,LK17DFN,2026-06-01T15:49:34.177Z
120,LK17DFO,2026-06-01T15:49:34.177Z
120,LK18AFU,2026-05-04T11:29:17.869Z
120,LK67EOC,2026-06-01T15:49:34.177Z
120,LK67EOF,2026-05-11T13:42:23.199Z
120,LK67EOG,2026-05-25T13:01:20.469Z
120,LK67EOH,2026-05-25T13:01:20.469Z
120,LK67EOJ,2026-05-11T13:42:23.199Z
120,LK67EOL,2026-05-11T13:42:23.199Z
120,LK67EZO,2026-06-01T15:49:34.177Z
120,LK67EZP,2026-05-18T12:00:33.874Z
120,LK67EZR,2026-05-04T11:29:17.869Z
120,LK67EZS,2026-05-04T11:29:17.869Z
120,LK67EZT,2026-05-11T13:42:23.199Z
120,LK67EZU,2026-05-11T13:42:23.199Z
121,LJ13CCN,2026-06-01T15:49:34.177Z
121,LJ13CCU,2026-05-25T13:01:20.469Z
121,LJ13CCV,2026-05-25T13:01:20.469Z
121,LJ13CCX,2026-06-01T15:49:34.177Z
121,LJ13CCY,2026-06-01T15:49:34.177Z
121,LJ13CDE,2026-05-18T12:00:33.874Z
121,LJ13CDF,2026-06-01T15:49:34.177Z
121,LJ13CDK,2026-05-25T13:01:20.469Z
121,LJ13CDN,2026-06-01T15:49:34.177Z
121,LJ13CDO,2026-06-01T15:49:34.177Z
121,LJ13CDU,2026-06-01T15:49:34.177Z
121,LJ13CEK,2026-06-01T15:49:34.177Z
121,LJ13CEN,2026-05-25T13:01:20.469Z
121,LJ13CEO,2026-05-25T13:01:20.469Z
121,LJ13CEU,2026-06-01T15:49:34.177Z
121,LJ13CHZ,2026-06-01T15:49:34.177Z
121,LJ13CJE,2026-06-01T15:49:34.177Z
121,LJ13CJF,2026-04-29T23:54:22.641Z
121,LJ13CJO,2026-05-25T13:01:20.469Z
121,LJ13CJU,2026-05-04T11:29:17.869Z
121,LJ13CKC,2026-05-25T13:01:20.469Z
121,LJ13CKD,2026-05-04T11:29:17.869Z
121,LJ13CKE,2026-06-01T15:49:34.177Z
121,LJ13CKF,2026-05-25T13:01:20.469Z
121,LJ13CKG,2026-05-11T13:42:23.199Z
121,LJ13CKK,2026-05-25T13:01:20.469Z
121,LJ13CKL,2026-06-01T15:49:34.177Z
121,LJ13CKN,2026-05-25T13:01:20.469Z
121,LJ13CKO,2026-05-18T12:00:33.874Z
121,LJ13CKP,2026-05-25T13:01:20.469Z
121,LJ13CKU,2026-06-01T15:49:34.177Z
121,LJ13CKV,2026-05-25T13:01:20.469Z
121,LJ13CKX,2026-06-01T15:49:34.177Z
121,LJ13CLF,2026-05-25T13:01:20.469Z
121,LJ13CLN,2026-06-01T15:49:34.177Z
121,LJ13CLO,2026-05-25T13:01:20.469Z
121,LJ13CLV,2026-05-18T12:00:33.874Z
121,LJ13CLZ,2026-05-11T13:42:23.199Z
121,LJ13CME,2026-06-01T15:49:34.177Z
121,LJ13CMF,2026-05-18T12:00:33.874Z
121,LJ13CMK,2026-05-11T13:42:23.199Z
121,LJ61CCO,2026-05-04T11:29:17.869Z
121,LJ61CCU,2026-05-18T12:00:33.874Z
121,LJ62FNF,2026-05-04T11:29:17.869Z
121,LJ62FNG,2026-06-01T15:49:34.177Z
121,LJ62FNR,2026-06-01T15:49:34.177Z
121,LJ62FOD,2026-05-25T13:01:20.469Z
122,BF15KGK,2026-05-11T13:42:23.199Z
122,BF15KGP,2026-05-04T11:29:17.869Z
122,BF15KGU,2026-06-01T15:49:34.177Z
122,BF15KGX,2026-06-01T15:49:34.177Z
122,BF15KGY,2026-05-25T13:01:20.469Z
122,BF15KGZ,2026-04-29T23:54:22.641Z
122,BF15KHC,2026-06-01T15:49:34.177Z
122,BF15KHH,2026-05-11T13:42:23.199Z
122,BJ15TVZ,2026-06-01T15:49:34.177Z
122,BJ15TWA,2026-06-01T15:28:31.580Z
122,LX11BKK,2026-05-18T12:00:33.874Z
122,LX12CZT,2026-06-01T15:49:34.177Z
122,LX12CZU,2026-06-01T15:49:34.177Z
122,LX12CZY,2026-06-01T15:49:34.177Z
122,LX12DDA,2026-06-01T15:49:34.177Z
122,SN14TVX,2026-05-11T13:42:23.199Z
122,SN14TWF,2026-05-04T11:29:17.869Z
122,SN14TWG,2026-05-04T11:29:17.869Z
122,SN15LRJ,2026-05-11T13:42:23.199Z
122,SN18KUB,2026-05-18T12:00:33.874Z
122,SN18KUF,2026-05-18T12:00:33.874Z
122,SN63JVM,2026-05-18T12:00:33.874Z
122,SN63JWD,2026-06-01T15:49:34.177Z
122,SN63JWE,2026-05-04T11:29:17.869Z
122,SN63JWF,2026-06-01T15:49:34.177Z
122,SN63JWJ,2026-05-04T11:29:17.869Z
122,SN63JWK,2026-06-01T15:49:34.177Z
122,SN63NBD,2026-05-25T13:01:20.469Z
122,SN63NBE,2026-05-04T11:29:17.869Z
122,SN63NBF,2026-06-01T15:49:34.177Z
122,SN63NBK,2026-05-11T13:42:23.199Z
122,SN63NBL,2026-06-01T15:49:34.177Z
122,SN63NBO,2026-05-18T12:00:33.874Z
122,SN63NBX,2026-05-18T12:00:33.874Z
122,SN63NBY,2026-05-25T13:01:20.469Z
122,SN63NBZ,2026-06-01T15:49:34.177Z
122,SN64OGO,2026-05-18T12:00:33.874Z
122,SN64OGU,2026-06-01T15:49:34.177Z
122,SN67XDX,2026-05-11T13:42:23.199Z
122,SN67XEF,2026-05-04T11:29:17.869Z
122,SN67XEJ,2026-06-01T15:49:34.177Z
122,SN67XEL,2026-05-25T13:01:20.469Z
122,YX16OGG,2026-05-25T13:01:20.469Z
122,YX16OGK,2026-05-11T12:08:37.791Z
122,YX16OGR,2026-05-11T13:42:23.199Z
122,YX16OGT,2026-05-25T13:01:20.469Z
122,YX16OGW,2026-05-18T12:00:33.874Z
122,YX16OHG,2026-05-11T13:42:23.199Z
122,YX16OHH,2026-06-01T15:49:34.177Z
122,YX16OHL,2026-05-11T13:42:23.199Z
122,YX68UKL,2026-05-25T13:01:20.469Z
122,YX68UKN,2026-05-18T12:00:33.874Z
122,YX68UKS,2026-05-18T12:00:33.874Z
123,BF65WJC,2026-05-25T13:01:20.469Z
123,BF65WJD,2026-05-11T13:42:23.199Z
123,BF65WJE,2026-06-01T15:49:34.177Z
123,BF65WJJ,2026-05-18T12:00:33.874Z
123,BF65WJK,2026-05-11T13:42:23.199Z
123,BF65WJN,2026-05-25T13:01:20.469Z
123,BF65WJU,2026-06-01T15:49:34.177Z
123,BF65WJV,2026-05-25T13:01:20.469Z
123,BJ15TWL,2026-05-25T13:01:20.469Z
123,BK15AZR,2026-05-11T13:42:23.199Z
123,BL15HBK,2026-05-25T13:01:20.469Z
123,BL15HBU,2026-05-11T13:42:23.199Z
123,BL15HCC,2026-04-29T23:54:22.641Z
123,BP15OLX,2026-05-18T12:00:33.874Z
123,BP15OMD,2026-06-01T15:49:34.177Z
123,BT66MPE,2026-05-25T13:01:20.469Z
123,BU16OYV,2026-05-04T11:29:17.869Z
123,BU16OYY,2026-06-01T15:49:34.177Z
123,BU16OZC,2026-05-25T13:01:20.469Z
123,BU16OZE,2026-06-01T15:49:34.177Z
123,BV10WVE,2026-05-11T13:42:23.199Z
123,BV10WWC,2026-06-01T15:49:34.177Z
123,BV66VFT,2026-05-18T12:00:33.874Z
123,BV66VFU,2026-06-01T15:28:31.580Z
123,BV66VFX,2026-06-01T15:49:34.177Z
123,BV66VFY,2026-05-18T12:00:33.874Z
123,BV66VFZ,2026-06-01T15:28:31.580Z
123,BV66VGA,2026-06-01T15:49:34.177Z
123,BV66VGC,2026-05-11T13:42:23.199Z
123,BV66VKG,2026-05-04T11:29:17.869Z
123,LF67EWO,2026-06-01T15:49:34.177Z
123,LF67EWP,2026-06-01T15:49:34.177Z
123,LF67EWR,2026-05-04T11:29:17.869Z
123,LF67EWS,2026-05-18T12:00:33.874Z
123,LF67EWT,2026-06-01T15:49:34.177Z
123,LF67EWU,2026-05-25T13:01:20.469Z
123,LF67EWV,2026-04-29T23:54:22.641Z
123,LF67EWW,2026-06-01T15:49:34.177Z
123,LF67EWX,2026-06-01T15:49:34.177Z
123,LF67EWY,2026-05-25T13:01:20.469Z
123,LJ12CHF,2026-05-18T12:00:33.874Z
123,LJ61NVE,2026-06-01T15:49:34.177Z
123,LJ61NWR,2026-06-01T15:49:34.177Z
123,LK59FDU,2026-05-18T12:00:33.874Z
123,YY67UST,2026-05-18T12:00:33.874Z
123,YY67USU,2026-05-11T13:42:23.199Z
123,YY67USV,2026-05-11T13:42:23.199Z
123,YY67USW,2026-05-25T13:01:20.469Z
123,YY67USX,2026-06-01T15:49:34.177Z
123,YY67USZ,2026-05-18T12:00:33.874Z
123,YY67UTA,2026-06-01T15:49:34.177Z
124,LX12DHG,2026-06-01T15:49:34.177Z
124,LX12DHJ,2026-05-18T12:00:33.874Z
124,LX12DHK,2026-06-01T15:49:34.177Z
124,LX12DHL,2026-06-01T15:49:34.177Z
124,LX12DHM,2026-06-01T15:49:34.177Z
124,LX12DHN,2026-05-18T12:00:33.874Z
124,LX12DHO,2026-06-01T15:49:34.177Z
124,LX12DHP,2026-06-01T15:49:34.177Z
124,LX12DHU,2026-06-01T15:49:34.177Z
124,LX12DHV,2026-05-25T13:01:20.469Z
124,LX12DHY,2026-06-01T15:49:34.177Z
124,LX12DHZ,2026-06-01T15:49:34.177Z
124,LX12DJD,2026-05-18T12:00:33.874Z
124,SN66WMT,2026-06-01T15:49:34.177Z
124,SN66WMY,2026-05-25T13:01:20.469Z
124,SN66WMZ,2026-06-01T15:49:34.177Z
124,SN66WNA,2026-05-25T13:01:20.469Z
124,SN66WNC,2026-05-25T13:01:20.469Z
124,SN67WYM,2026-06-01T15:49:34.177Z
124,SN67WYP,2026-05-25T13:01:20.469Z
124,YX63LGA,2026-06-01T15:49:34.177Z
124,YY64GRK,2026-05-18T12:00:33.874Z
124,YY64GRX,2026-05-11T13:42:23.199Z
124,YY64GRZ,2026-05-18T12:00:33.874Z
125,BF67GKG,2026-05-04T11:29:17.869Z
125,BU16UXK,2026-05-04T11:29:17.869Z
125,LD72UFV,2026-06-01T15:49:34.177Z
125,LF18AYH,2026-04-29T23:54:22.641Z
125,LG71DWV,2026-06-01T15:49:34.177Z
125,LG71DWW,2026-06-01T15:49:34.177Z
125,LG71DWX,2026-05-11T13:42:23.199Z
125,LG71DWY,2026-06-01T15:28:31.580Z
125,LG71DWZ,2026-06-01T15:49:34.177Z
125,LG71DXA,2026-06-01T15:49:34.177Z
125,LG71DXB,2026-06-01T15:49:34.177Z
125,LG71DXC,2026-06-01T15:49:34.177Z
125,LG71DXD,2026-06-01T15:49:34.177Z
125,LG71DXE,2026-06-01T15:49:34.177Z
125,LG71DXF,2026-06-01T15:49:34.177Z
125,LG71DXH,2026-05-25T13:01:20.469Z
125,LG71DXJ,2026-06-01T15:49:34.177Z
125,LG71DXK,2026-06-01T15:49:34.177Z
125,LG71DXL,2026-06-01T15:49:34.177Z
125,LG71DXM,2026-06-01T15:49:34.177Z
125,LG71DXO,2026-06-01T15:49:34.177Z
125,LG71DXP,2026-06-01T15:49:34.177Z
125,LG71DXR,2026-06-01T15:49:34.177Z
125,LJ66EZR,2026-04-29T23:54:22.641Z
125,LJ66EZT,2026-05-11T13:42:23.199Z
125,SN12ASV,2026-05-11T13:42:23.199Z
125,YX68UNV,2026-05-11T13:42:23.199Z
125,YY67UUO,2026-05-04T11:29:17.869Z
125,YY67UUR,2026-04-29T23:54:22.641Z
126,SN12AVD,2026-06-01T15:49:34.177Z
126,YX13AGV,2026-06-01T15:49:34.177Z
126,YX13AGY,2026-06-01T15:49:34.177Z
126,YX13AGZ,2026-06-01T15:49:34.177Z
126,YX13AHA,2026-06-01T15:49:34.177Z
126,YX13AHC,2026-06-01T15:49:34.177Z
126,YX13AHD,2026-05-11T13:42:23.199Z
126,YX13AHE,2026-06-01T15:49:34.177Z
126,YX13AHF,2026-06-01T15:49:34.177Z
126,YX13AHJ,2026-05-25T13:01:20.469Z
126,YX13AHK,2026-06-01T15:49:34.177Z
126,YX13AHL,2026-05-18T12:00:33.874Z
126,YX60FSP,2026-05-11T12:08:37.791Z
126,YX61BWW,2026-06-01T15:49:34.177Z
127,BF63HDE,2026-06-01T15:49:34.177Z
127,BF63HDG,2026-05-04T11:29:17.869Z
127,BL61ADO,2026-06-01T15:49:34.177Z
127,BL61ADV,2026-05-18T12:00:33.874Z
127,BP15OLT,2026-05-18T12:00:33.874Z
127,BP15OLU,2026-06-01T15:49:34.177Z
127,BP15OLW,2026-05-11T13:42:23.199Z
127,LJ61GWG,2026-05-11T13:42:23.199Z
127,LJ61GWL,2026-05-11T13:42:23.199Z
127,LK59FDN,2026-05-18T12:00:33.874Z
127,LK59FDP,2026-05-11T13:42:23.199Z
127,LX59CZK,2026-05-18T12:00:33.874Z
127,LX60DWV,2026-06-01T15:49:34.177Z
127,SN61BJX,2026-06-01T15:49:34.177Z
127,SN61BJY,2026-05-25T13:01:20.469Z
127,SN61BJZ,2026-06-01T15:49:34.177Z
127,SN61BKA,2026-05-11T13:42:23.199Z
127,SN61BKD,2026-05-25T13:01:20.469Z
127,SN61BKE,2026-06-01T15:49:34.177Z
127,SN61BKF,2026-05-18T12:00:33.874Z
127,SN61BKG,2026-06-01T15:49:34.177Z
127,SN61DDO,2026-06-01T15:49:34.177Z
127,SN61DDU,2026-06-01T15:49:34.177Z
127,SN61DDV,2026-06-01T15:28:31.580Z
127,SN61DDX,2026-05-11T13:42:23.199Z
127,SN61DDY,2026-06-01T15:49:34.177Z
127,SN61DDZ,2026-06-01T15:49:34.177Z
127,SN61DEU,2026-06-01T15:49:34.177Z
127,SN61DFC,2026-06-01T15:49:34.177Z
127,SN61DFF,2026-06-01T15:49:34.177Z
128,LX12DDY,2026-06-01T15:49:34.177Z
128,LX12DDZ,2026-06-01T15:49:34.177Z
128,LX12DFA,2026-06-01T15:49:34.177Z
128,LX12DFC,2026-06-01T15:49:34.177Z
128,LX12DFD,2026-06-01T15:49:34.177Z
128,LX12DFE,2026-06-01T15:49:34.177Z
128,LX12DFF,2026-06-01T15:49:34.177Z
128,LX12DFG,2026-06-01T15:49:34.177Z
128,LX12DFK,2026-06-01T15:49:34.177Z
128,LX12DFL,2026-05-18T12:00:33.874Z
128,LX12DFN,2026-06-01T15:49:34.177Z
128,LX12DFP,2026-05-18T12:00:33.874Z
128,LX12DFU,2026-06-01T15:49:34.177Z
128,LX12DFV,2026-06-01T15:49:34.177Z
128,LX12DFY,2026-06-01T15:49:34.177Z
128,LX12DFZ,2026-06-01T15:49:34.177Z
128,LX12DGE,2026-05-18T12:00:33.874Z
128,LX12DGF,2026-06-01T15:49:34.177Z
128,SN16OLJ,2026-05-18T12:00:33.874Z
128,WLT546,2026-05-25T13:01:20.469Z
128,YY15OYT,2026-05-18T12:00:33.874Z
128,YY15OYV,2026-05-25T13:01:20.469Z
129,LF25SGZ,2026-06-01T15:49:34.177Z
129,LF74TVA,2026-06-01T15:49:34.177Z
129,LF74TVC,2026-06-01T15:49:34.177Z
129,LF74TVD,2026-05-25T13:01:20.469Z
129,LF74TVE,2026-06-01T15:49:34.177Z
129,LF74TVJ,2026-05-04T11:29:17.869Z
129,LF74TVK,2026-06-01T15:49:34.177Z
129,LF74TVL,2026-05-25T13:01:20.469Z
129,LF74TVM,2026-06-01T15:49:34.177Z
129,LF74TVN,2026-05-18T12:00:33.874Z
129,LF74TVO,2026-06-01T15:49:34.177Z
129,LF74TWW,2026-06-01T15:49:34.177Z
129,LF74TWX,2026-06-01T15:49:34.177Z
129,LF74TWY,2026-06-01T15:49:34.177Z
129,LF74TWZ,2026-06-01T15:49:34.177Z
129,LF74TXA,2026-06-01T15:49:34.177Z
129,LF74TXB,2026-05-18T12:00:33.874Z
129,LF74TXC,2026-05-11T13:42:23.199Z
129,LF74TXD,2026-05-25T13:01:20.469Z
129,LF74TXE,2026-06-01T15:49:34.177Z
129,LF74TXG,2026-05-25T13:01:20.469Z
129,LF74TXH,2026-06-01T15:28:31.580Z
129,LF74TXJ,2026-06-01T15:49:34.177Z
129,LF74TXK,2026-06-01T15:49:34.177Z
129,LF74TXL,2026-06-01T15:49:34.177Z
129,LF74TXM,2026-05-25T13:01:20.469Z
129,LF74TXN,2026-06-01T15:49:34.177Z
129,LF74TXO,2026-05-25T13:01:20.469Z
129,LF74TXP,2026-06-01T15:49:34.177Z
129,LF74TXR,2026-06-01T15:49:34.177Z
129,LF74TXS,2026-05-18T12:00:33.874Z
129,LF74TXT,2026-05-18T12:00:33.874Z
129,LF74TXU,2026-05-18T12:00:33.874Z
129,LF74TXW,2026-06-01T15:49:34.177Z
130,SN17MWK,2026-06-01T15:49:34.177Z
130,SN17MWL,2026-05-18T12:00:33.874Z
130,SN17MWM,2026-06-01T15:49:34.177Z
130,SN17MWO,2026-05-11T13:42:23.199Z
130,SN17MWP,2026-06-01T15:49:34.177Z
130,SN17MWU,2026-06-01T15:49:34.177Z
130,SN17MWV,2026-06-01T15:49:34.177Z
130,SN17MWW,2026-06-01T15:49:34.177Z
130,SN17MWX,2026-05-18T12:00:33.874Z
130,SN17MWY,2026-05-18T12:00:33.874Z
130,SN17MWZ,2026-06-01T15:28:31.580Z
130,SN17MXA,2026-05-25T13:01:20.469Z
130,YX16OAO,2026-06-01T15:49:34.177Z
130,YY64TZR,2026-06-01T15:49:34.177Z
130,YY64TZS,2026-05-18T12:00:33.874Z
130,YY64TZT,2026-06-01T15:49:34.177Z
130,YY64YKB,2026-06-01T15:49:34.177Z
131,LF24ZGC,2026-05-18T12:00:33.874Z
131,LF24ZGS,2026-05-18T12:00:33.874Z
131,LF24ZGX,2026-05-25T13:01:20.469Z
131,LF24ZKG,2026-05-18T12:00:33.874Z
131,LF24ZKK,2026-06-01T15:49:34.177Z
131,LG23EUN,2026-05-25T13:01:20.469Z
131,LG23EUP,2026-05-04T11:29:17.869Z
131,LG23EUR,2026-04-29T23:54:22.641Z
131,LG23EUX,2026-05-04T11:29:17.869Z
131,LG23EUZ,2026-05-04T11:29:17.869Z
131,LV25CWF,2026-06-01T15:49:34.177Z
131,LV25OSZ,2026-06-01T15:49:34.177Z
131,LV25OTA,2026-06-01T15:49:34.177Z
131,LV25OTB,2026-06-01T15:49:34.177Z
131,LV25OTC,2026-06-01T15:49:34.177Z
131,LV25WXK,2026-06-01T15:49:34.177Z
131,LV25WXN,2026-06-01T15:49:34.177Z
131,LV25WYP,2026-06-01T15:49:34.177Z
131,LV25XTF,2026-06-01T15:49:34.177Z
131,LV25XTR,2026-06-01T15:49:34.177Z
131,LX75ZDZ,2026-06-01T15:49:34.177Z
131,LX75ZFB,2026-06-01T15:49:34.177Z
131,LX75ZFC,2026-06-01T15:49:34.177Z
131,LX75ZFD,2026-05-18T12:00:33.874Z
131,LX75ZFE,2026-05-25T13:01:20.469Z
131,LX75ZFH,2026-05-25T13:01:20.469Z
131,LX75ZFK,2026-06-01T15:49:34.177Z
131,LX75ZFL,2026-05-18T12:00:33.874Z
131,LX75ZFN,2026-06-01T15:49:34.177Z
131,LX75ZFO,2026-06-01T15:49:34.177Z
131,LX75ZFR,2026-06-01T15:49:34.177Z
131,LX75ZGD,2026-06-01T15:28:31.580Z
131,LX75ZGF,2026-06-01T15:49:34.177Z
131,LX75ZGP,2026-06-01T15:49:34.177Z
132,LG71DZH,2026-06-01T15:49:34.177Z
132,LG71DZJ,2026-05-11T13:42:23.199Z
132,LG71DZK,2026-06-01T15:49:34.177Z
132,LG71DZL,2026-06-01T15:49:34.177Z
132,LG71DZM,2026-06-01T15:49:34.177Z
132,LG71DZN,2026-06-01T15:49:34.177Z
132,LG71DZO,2026-06-01T15:49:34.177Z
132,LG71DZP,2026-06-01T15:49:34.177Z
132,LG71DZR,2026-06-01T15:49:34.177Z
132,LG71DZS,2026-05-25T13:01:20.469Z
132,LG71DZT,2026-06-01T15:49:34.177Z
132,LG71DZU,2026-06-01T15:49:34.177Z
132,LG71DZV,2026-05-04T11:29:17.869Z
132,LG71DZW,2026-06-01T15:49:34.177Z
132,LG71DZX,2026-06-01T15:49:34.177Z
132,LG71DZY,2026-06-01T15:49:34.177Z
132,LG71DZZ,2026-06-01T15:49:34.177Z
132,LG71EAA,2026-06-01T15:49:34.177Z
132,LJ61NUU,2026-04-29T23:54:22.641Z
132,LV25CTY,2026-06-01T15:49:34.177Z
132,LV25CUJ,2026-05-11T13:42:23.199Z
132,LV25WXW,2026-05-11T13:42:23.199Z
132,LV25WXY,2026-05-18T12:00:33.874Z
132,LV25XWZ,2026-05-11T13:42:23.199Z
132,LX75ZFF,2026-05-11T13:42:23.199Z
133,LV24EUF,2026-05-18T12:00:33.874Z
133,LV24EUH,2026-06-01T15:49:34.177Z
133,LV24EUJ,2026-05-11T13:42:23.199Z
133,LV24EUK,2026-06-01T15:49:34.177Z
133,LV24EUM,2026-05-18T12:00:33.874Z
133,LV24EUN,2026-05-11T13:42:23.199Z
133,LV24EUO,2026-06-01T15:49:34.177Z
133,LV24EUP,2026-06-01T15:49:34.177Z
133,LV24EUR,2026-06-01T15:49:34.177Z
133,LV24EUT,2026-05-25T13:01:20.469Z
133,LV24EVR,2026-06-01T15:49:34.177Z
133,LV24EVW,2026-05-11T12:08:37.791Z
133,LV24EVX,2026-06-01T15:49:34.177Z
133,LV24EWA,2026-05-25T13:01:20.469Z
133,LV24EWB,2026-05-18T12:00:33.874Z
133,LV24EWC,2026-06-01T15:49:34.177Z
133,LV24EWD,2026-05-18T12:00:33.874Z
133,LV24EWE,2026-06-01T15:49:34.177Z
133,LV24EWF,2026-06-01T15:49:34.177Z
133,LV24EWG,2026-06-01T15:49:34.177Z
133,LV24EWH,2026-05-18T12:00:33.874Z
133,LV24EWJ,2026-05-18T12:00:33.874Z
133,LV24EWK,2026-05-11T13:42:23.199Z
133,LV24EWL,2026-05-25T13:01:20.469Z
133,LV24EWM,2026-06-01T15:49:34.177Z
133,LV24EWN,2026-06-01T15:49:34.177Z
133,LV24EWO,2026-06-01T15:49:34.177Z
133,LV24EWS,2026-05-18T12:00:33.874Z
133,LV24EWT,2026-06-01T15:49:34.177Z
133,LV24EWU,2026-04-29T23:54:22.641Z
133,LV24EWW,2026-05-11T13:42:23.199Z
133,LV24EWX,2026-05-25T13:01:20.469Z
133,LV24EWY,2026-06-01T15:49:34.177Z
133,LV25VOO,2026-06-01T15:49:34.177Z
133,LV25VOP,2026-06-01T15:49:34.177Z
133,LV25VOU,2026-06-01T15:49:34.177Z
133,LV25VOY,2026-05-18T12:00:33.874Z
133,LV25VPA,2026-05-25T13:01:20.469Z
133,LV25VPC,2026-06-01T15:49:34.177Z
133,LV25VPD,2026-06-01T15:49:34.177Z
133,LV25VPF,2026-05-11T13:42:23.199Z
133,LV25VTK,2026-05-18T12:00:33.874Z
133,LV25WXH,2026-06-01T15:49:34.177Z
133,LV72BZS,2026-05-18T12:00:33.874Z
133,LV73FHK,2026-05-25T13:01:20.469Z
133,LV73FHM,2026-05-18T12:00:33.874Z
133,LV73FHN,2026-05-18T12:00:33.874Z
133,LV73FHO,2026-05-11T13:42:23.199Z
133,LV73FHP,2026-04-29T23:54:22.641Z
133,LV73FHR,2026-05-18T12:00:33.874Z
133,LV73FHT,2026-05-18T12:00:33.874Z
133,LV73FHU,2026-05-25T13:01:20.469Z
134,LF68PXR,2026-05-04T11:29:17.869Z
134,LJ19CTX,2026-06-01T15:49:34.177Z
134,LJ19CTY,2026-06-01T15:49:34.177Z
134,LJ19CUA,2026-05-25T13:01:20.469Z
134,LJ19CUH,2026-06-01T15:28:31.580Z
134,LK65EBV,2026-05-18T12:00:33.874Z
134,LK65EBX,2026-05-18T12:00:33.874Z
134,LK65EBZ,2026-05-25T13:01:20.469Z
134,LK66DWM,2026-05-11T13:42:23.199Z
134,LK66DWN,2026-05-18T12:00:33.874Z
134,LK66EOD,2026-05-18T12:00:33.874Z
134,LK66EOE,2026-05-04T11:29:17.869Z
134,LK66EOH,2026-05-18T12:00:33.874Z
134,LK66EOL,2026-05-11T13:42:23.199Z
134,LK66EOM,2026-05-11T13:42:23.199Z
134,LK66EOO,2026-05-11T13:42:23.199Z
134,LK67EOB,2026-05-11T13:42:23.199Z
134,LV22AGX,2026-05-18T12:00:33.874Z
134,LV23EBJ,2026-06-01T15:49:34.177Z
134,LV23EBK,2026-06-01T15:49:34.177Z
134,LV23EZH,2026-05-25T13:01:20.469Z
134,LV23ZBD,2026-06-01T15:49:34.177Z
134,LV25XXK,2026-06-01T15:28:31.580Z
134,LV25XXL,2026-06-01T15:49:34.177Z
134,LV25XXM,2026-05-25T13:01:20.469Z
134,LV25XXN,2026-04-29T23:54:22.641Z
134,LV25XXO,2026-06-01T15:28:31.580Z
134,LV25XXR,2026-06-01T15:49:34.177Z
134,LV25XXS,2026-05-11T13:42:23.199Z
134,LV25XXT,2026-06-01T15:28:31.580Z
134,LV25XXU,2026-05-04T11:29:17.869Z
134,LV25XXY,2026-05-25T13:01:20.469Z
134,LV25XXZ,2026-06-01T15:49:34.177Z
134,LV25XYB,2026-05-11T13:42:23.199Z
134,LV25XYC,2026-05-04T11:29:17.869Z
134,LV25XYD,2026-05-11T13:42:23.199Z
134,LV25XYE,2026-06-01T15:49:34.177Z
134,LV25XYH,2026-06-01T15:49:34.177Z
134,LV25XYU,2026-06-01T15:49:34.177Z
134,LV74TJY,2026-05-18T12:00:33.874Z
134,LV74TJZ,2026-05-18T12:00:33.874Z
134,LV74TKA,2026-05-25T13:01:20.469Z
134,LV74TKC,2026-05-25T13:01:20.469Z
134,LV74TKD,2026-06-01T15:49:34.177Z
134,LV74TKE,2026-06-01T15:49:34.177Z
134,LV74TKK,2026-06-01T15:28:31.580Z
134,LV74TKN,2026-06-01T15:49:34.177Z
134,LY74EWT,2026-05-25T13:01:20.469Z
134,LY74NXM,2026-05-11T12:08:37.791Z
134,LY74NXP,2026-05-25T13:01:20.469Z
134,YJ69DFF,2026-05-18T12:00:33.874Z
134,YJ69DFU,2026-05-04T11:29:17.869Z
134,YJ69DFZ,2026-05-11T12:08:37.791Z
135,BU16UXA,2026-06-01T15:49:34.177Z
135,BU16UXB,2026-05-25T13:01:20.469Z
135,BU16UXD,2026-06-01T15:28:31.580Z
135,BU16UXG,2026-05-11T13:42:23.199Z
135,BU16UXH,2026-06-01T15:49:34.177Z
135,BU16UXJ,2026-05-11T13:42:23.199Z
135,BU16UXL,2026-06-01T15:49:34.177Z
135,BU16UXO,2026-06-01T15:28:31.580Z
135,BU16UXS,2026-06-01T15:49:34.177Z
135,BU16UXT,2026-06-01T15:49:34.177Z
135,BU16UXV,2026-06-01T15:49:34.177Z
135,BU16UXW,2026-06-01T15:49:34.177Z
135,BU16UXX,2026-05-11T13:42:23.199Z
135,BU16UXY,2026-06-01T15:49:34.177Z
135,BU16UXZ,2026-05-18T12:00:33.874Z
135,BU16UYB,2026-06-01T15:49:34.177Z
135,LJ17WRF,2026-05-11T13:42:23.199Z
135,LJ17WRK,2026-05-25T13:01:20.469Z
135,LJ17WTL,2026-05-25T13:01:20.469Z
135,LJ17WTN,2026-05-25T13:01:20.469Z
135,LJ17WTR,2026-05-25T13:01:20.469Z
135,LJ17WTT,2026-05-04T11:29:17.869Z
135,LJ17WTU,2026-06-01T15:49:34.177Z
135,LJ17WTV,2026-06-01T15:28:31.580Z
135,LJ17WTX,2026-05-25T13:01:20.469Z
135,LJ17WTY,2026-04-29T23:54:22.641Z
135,LJ17WTZ,2026-06-01T15:49:34.177Z
136,BL65OYB,2026-05-25T13:01:20.469Z
136,BL65OYC,2026-05-11T13:42:23.199Z
136,BL65OYD,2026-05-11T13:42:23.199Z
136,BL65OYN,2026-05-04T11:29:17.869Z
136,BL65OYO,2026-06-01T15:49:34.177Z
136,BL65OYT,2026-05-11T13:42:23.199Z
136,SK19EKX,2026-06-01T15:49:34.177Z
136,SK19EKY,2026-06-01T15:49:34.177Z
136,SK19EKZ,2026-05-18T12:00:33.874Z
136,SK19ELC,2026-06-01T15:49:34.177Z
136,SK19ELJ,2026-05-11T13:42:23.199Z
136,SK19ELO,2026-05-11T12:08:37.791Z
136,SK19ELU,2026-05-25T13:01:20.469Z
136,SO68HDN,2026-06-01T15:49:34.177Z
136,SO68HDV,2026-05-11T13:42:23.199Z
136,SO68HDX,2026-05-18T12:00:33.874Z
136,YW68OZL,2026-04-29T23:54:22.641Z
136,YW68OZM,2026-05-18T12:00:33.874Z
136,YW68OZO,2026-05-18T12:00:33.874Z
136,YW68OZR,2026-05-25T13:01:20.469Z
136,YW68OZS,2026-05-18T12:00:33.874Z
136,YW68OZT,2026-06-01T15:49:34.177Z
136,YW68OZU,2026-06-01T15:49:34.177Z
136,YW68OZV,2026-06-01T15:49:34.177Z
136,YW68OZX,2026-05-18T12:00:33.874Z
136,YW68PAO,2026-05-04T11:29:17.869Z
136,YW68PBF,2026-06-01T15:49:34.177Z
136,YW68PBO,2026-05-25T13:01:20.469Z
136,YW68PBZ,2026-06-01T15:49:34.177Z
136,YW68PCF,2026-05-11T13:42:23.199Z
136,YW68PCO,2026-05-11T13:42:23.199Z
136,YW68PCU,2026-06-01T15:49:34.177Z
136,YW68PCV,2026-05-25T13:01:20.469Z
136,YX19OMD,2026-06-01T15:49:34.177Z
136,YX19OMH,2026-06-01T15:49:34.177Z
136,YX68UMU,2026-06-01T15:49:34.177Z
136,YX68UMV,2026-05-25T13:01:20.469Z
136,YX68UMY,2026-06-01T15:49:34.177Z
136,YX68UNE,2026-05-18T12:00:33.874Z
136,YX68UNG,2026-06-01T15:49:34.177Z
136,YY18TKZ,2026-06-01T15:49:34.177Z
136,YY18TLF,2026-05-18T12:00:33.874Z
136,YY18TLJ,2026-05-25T13:01:20.469Z
136,YY18TLK,2026-06-01T15:49:34.177Z
136,YY18TLN,2026-05-18T12:00:33.874Z
136,YY18TLU,2026-06-01T15:49:34.177Z
136,YY18TLV,2026-05-25T13:01:20.469Z
136,YY18TLZ,2026-06-01T15:28:31.580Z
136,YY18TMO,2026-06-01T15:49:34.177Z
136,YY18TMU,2026-05-18T12:00:33.874Z
136,YY18TMZ,2026-06-01T15:49:34.177Z
136,YY18TNE,2026-05-25T13:01:20.469Z
136,YY18TNF,2026-05-18T12:00:33.874Z
138,SN66WMT,2026-05-11T13:42:23.199Z
138,SN66WMV,2026-05-11T13:42:23.199Z
138,SN66WNA,2026-06-01T15:49:34.177Z
138,SN66WNB,2026-05-04T11:29:17.869Z
138,SN67WYO,2026-05-18T12:00:33.874Z
138,SN67WYR,2026-06-01T15:49:34.177Z
138,YX63LGA,2026-05-18T12:00:33.874Z
138,YY64GRK,2026-06-01T15:49:34.177Z
138,YY64GRU,2026-05-25T13:01:20.469Z
138,YY64GRX,2026-05-18T12:00:33.874Z
139,LK14FBX,2026-05-25T13:01:20.469Z
139,LK14FBY,2026-06-01T15:49:34.177Z
139,LK14FCA,2026-05-25T13:01:20.469Z
139,LK15CRZ,2026-05-11T13:42:23.199Z
139,LK15CSF,2026-06-01T15:49:34.177Z
139,LK15CSO,2026-06-01T15:49:34.177Z
139,LK15CSU,2026-06-01T15:49:34.177Z
139,LK15CSV,2026-06-01T15:49:34.177Z
139,LK15CSX,2026-06-01T15:49:34.177Z
139,LK15CSY,2026-05-18T12:00:33.874Z
139,LK15CSZ,2026-06-01T15:49:34.177Z
139,LK15CTE,2026-06-01T15:49:34.177Z
139,LK15CTF,2026-06-01T15:49:34.177Z
139,LK15CUA,2026-05-11T13:42:23.199Z
139,LK15CUC,2026-06-01T15:49:34.177Z
139,LK15CUG,2026-06-01T15:49:34.177Z
139,LK15CUH,2026-05-04T11:29:17.869Z
139,LK15CWA,2026-06-01T15:49:34.177Z
139,LK15CWC,2026-06-01T15:49:34.177Z
139,LK15CWD,2026-05-18T12:00:33.874Z
139,LK15CWF,2026-06-01T15:49:34.177Z
139,LK15CWG,2026-05-25T13:01:20.469Z
139,LK18AFA,2026-05-04T11:29:17.869Z
139,LK18AFE,2026-05-11T13:42:23.199Z
139,LK18AFF,2026-05-18T12:00:33.874Z
139,LK18AFY,2026-05-04T11:29:17.869Z
139,LK64EDC,2026-05-04T11:29:17.869Z
139,LK64EDF,2026-05-11T13:42:23.199Z
139,LK64EDR,2026-05-18T12:00:33.874Z
139,LK64EDU,2026-05-25T13:01:20.469Z
139,LK64EDV,2026-06-01T15:49:34.177Z
139,LK64EHE,2026-06-01T15:49:34.177Z
139,LK64EHF,2026-06-01T15:49:34.177Z
140,LK13BHX,2026-06-01T15:49:34.177Z
140,LK13BJE,2026-06-01T15:49:34.177Z
140,LK16DGY,2026-06-01T15:49:34.177Z
140,LK16DGZ,2026-05-04T11:29:17.869Z
140,LK16DHA,2026-05-11T13:42:23.199Z
140,LK16DHE,2026-06-01T15:49:34.177Z
140,LK16HZE,2026-05-25T13:01:20.469Z
140,LK16HZF,2026-05-18T12:00:33.874Z
140,LK16HZG,2026-05-25T13:01:20.469Z
140,LK16HZH,2026-05-11T13:42:23.199Z
140,LK16HZN,2026-05-25T13:01:20.469Z
140,LK16HZR,2026-05-18T12:00:33.874Z
140,LK16HZT,2026-05-25T13:01:20.469Z
140,LK16HZU,2026-06-01T15:49:34.177Z
140,LK16HZW,2026-05-11T13:42:23.199Z
140,LK16HZX,2026-05-25T13:01:20.469Z
140,LK62DUJ,2026-05-18T12:00:33.874Z
140,LK62DVJ,2026-06-01T15:49:34.177Z
140,LK62DVU,2026-05-11T13:42:23.199Z
140,LK64EHM,2026-05-18T12:00:33.874Z
140,LK64EHO,2026-06-01T15:49:34.177Z
140,LK64EHP,2026-06-01T15:49:34.177Z
140,LK64EHR,2026-05-04T11:29:17.869Z
140,LK64EHS,2026-06-01T15:49:34.177Z
140,LK64EHT,2026-05-11T13:42:23.199Z
140,LK64EHV,2026-06-01T15:49:34.177Z
140,LK64EHY,2026-06-01T15:49:34.177Z
140,LK64EJA,2026-06-01T15:49:34.177Z
140,LK65ECD,2026-06-01T15:49:34.177Z
140,LK65EOC,2026-05-04T11:29:17.869Z
140,LK66DWC,2026-06-01T15:49:34.177Z
140,LK66DWD,2026-05-18T12:00:33.874Z
140,LK66DWF,2026-05-04T11:29:17.869Z
140,LK66DWL,2026-06-01T15:49:34.177Z
140,LK66DWP,2026-05-18T12:00:33.874Z
140,LK66DWU,2026-06-01T15:49:34.177Z
140,LK66DWV,2026-06-01T15:28:31.580Z
140,LK66DWW,2026-06-01T15:49:34.177Z
140,LK66DWX,2026-05-25T13:01:20.469Z
140,LK66DXB,2026-05-11T13:42:23.199Z
140,LK66DXC,2026-05-18T12:00:33.874Z
140,LK66ENU,2026-05-25T13:01:20.469Z
140,LK66ENV,2026-06-01T15:49:34.177Z
140,LK66ENW,2026-05-25T13:01:20.469Z
140,LK66ENY,2026-06-01T15:49:34.177Z
140,LK66EOA,2026-06-01T15:49:34.177Z
140,LK66EOB,2026-05-18T12:00:33.874Z
141,LC67AHE,2026-04-29T23:54:22.641Z
141,LC67AHF,2026-05-18T12:00:33.874Z
141,LC67AHJ,2026-05-18T12:00:33.874Z
141,LF25TFU,2026-05-25T13:01:20.469Z
141,LF25TFV,2026-05-25T13:01:20.469Z
141,LF25TFX,2026-06-01T15:49:34.177Z
141,LF25THK,2026-05-25T13:01:20.469Z
141,LF25THN,2026-05-25T13:01:20.469Z
141,LF25THU,2026-06-01T15:49:34.177Z
141,LF25THV,2026-05-25T13:01:20.469Z
141,LF25THX,2026-06-01T15:49:34.177Z
141,LF25THZ,2026-06-01T15:49:34.177Z
141,LF25TJO,2026-05-25T13:01:20.469Z
141,LF25TJU,2026-06-01T15:49:34.177Z
141,LF25TJV,2026-06-01T15:49:34.177Z
141,LF25TJX,2026-05-18T12:00:33.874Z
141,LF25TJY,2026-06-01T15:49:34.177Z
141,LF25TJZ,2026-06-01T15:49:34.177Z
141,LF25TKA,2026-06-01T15:49:34.177Z
141,LF25TKC,2026-06-01T15:49:34.177Z
141,LF25TKD,2026-05-25T13:01:20.469Z
141,LF25TKE,2026-06-01T15:49:34.177Z
141,LF25TKK,2026-05-25T13:01:20.469Z
141,LF25TKN,2026-05-18T12:00:33.874Z
141,LF25TKO,2026-05-04T11:29:17.869Z
141,LF25TKT,2026-05-11T13:42:23.199Z
141,LF25TKU,2026-06-01T15:49:34.177Z
141,LF25TKV,2026-05-18T12:00:33.874Z
141,LF25TKZ,2026-05-25T13:01:20.469Z
141,LF25TLJ,2026-06-01T15:49:34.177Z
141,LF25TLK,2026-05-11T13:42:23.199Z
141,LF25TLN,2026-06-01T15:49:34.177Z
141,LF25TLO,2026-05-25T13:01:20.469Z
141,LF25TLU,2026-05-18T12:00:33.874Z
141,LF25TLV,2026-05-11T13:42:23.199Z
141,LF25TLY,2026-06-01T15:49:34.177Z
141,LF25TLZ,2026-05-18T12:00:33.874Z
141,LF25TMU,2026-06-01T15:49:34.177Z
141,LF25TMV,2026-05-11T13:42:23.199Z
141,LF25TNJ,2026-06-01T15:49:34.177Z
141,LF25TNO,2026-06-01T15:49:34.177Z
141,LF67EWJ,2026-06-01T15:49:34.177Z
141,LJ13FCN,2026-05-11T13:42:23.199Z
141,LJ13FDL,2026-05-18T12:00:33.874Z
141,LJ62BJK,2026-05-11T13:42:23.199Z
141,LJ62BND,2026-05-11T12:08:37.791Z
141,LK66GEY,2026-05-11T13:42:23.199Z
141,LK66GFA,2026-04-29T23:54:22.641Z
141,LK66GFE,2026-06-01T15:49:34.177Z
141,LK66GFG,2026-06-01T15:49:34.177Z
141,LK66GFJ,2026-04-29T23:54:22.641Z
141,LK66GFV,2026-06-01T15:49:34.177Z
141,LK66GFZ,2026-06-01T15:49:34.177Z
141,LK66GGA,2026-06-01T15:49:34.177Z
141,LK66GGF,2026-06-01T15:49:34.177Z
142,LG22AXF,2026-06-01T15:49:34.177Z
142,LG22AXH,2026-06-01T15:49:34.177Z
142,LG22AXJ,2026-05-18T12:00:33.874Z
142,LG22AXK,2026-06-01T15:49:34.177Z
142,LG22AXM,2026-06-01T15:49:34.177Z
142,LG22AXN,2026-06-01T15:49:34.177Z
142,LG22AXO,2026-06-01T15:49:34.177Z
142,LG22AXP,2026-06-01T15:49:34.177Z
142,LG22AXR,2026-06-01T15:49:34.177Z
142,LG22AXS,2026-05-11T13:42:23.199Z
142,LG22AXT,2026-05-18T12:00:33.874Z
142,LG22AXU,2026-06-01T15:49:34.177Z
142,LG22AXV,2026-06-01T15:49:34.177Z
142,LG22AXW,2026-06-01T15:49:34.177Z
142,LG22AXX,2026-06-01T15:49:34.177Z
142,LG22AXY,2026-06-01T15:49:34.177Z
142,LG22AXZ,2026-06-01T15:49:34.177Z
142,LV23DHE,2026-04-29T23:54:22.641Z
142,LV23DHM,2026-05-04T11:29:17.869Z
142,LV23DHY,2026-05-11T13:42:23.199Z
142,LV23DJF,2026-06-01T15:49:34.177Z
142,LV23DJY,2026-06-01T15:49:34.177Z
142,LV23EBF,2026-05-11T13:42:23.199Z
142,LV24VOM,2026-05-11T13:42:23.199Z
142,LV24VOT,2026-05-25T13:01:20.469Z
142,LV24VOU,2026-05-04T11:29:17.869Z
142,LV24VOY,2026-05-25T13:01:20.469Z
142,LV24VPA,2026-05-25T13:01:20.469Z
142,LV24VPD,2026-05-25T13:01:20.469Z
142,LV24VPG,2026-05-11T13:42:23.199Z
142,LV24VPM,2026-06-01T15:28:31.580Z
142,LV24VPR,2026-05-04T11:29:17.869Z
143,LF75PFE,2026-05-11T13:42:23.199Z
143,LV74CBO,2026-06-01T15:49:34.177Z
143,LV74CBU,2026-05-25T13:01:20.469Z
143,LV74CBX,2026-05-18T12:00:33.874Z
143,LV74CBY,2026-06-01T15:49:34.177Z
143,LV74CCA,2026-05-11T13:42:23.199Z
143,LV74CCD,2026-06-01T15:49:34.177Z
143,LV74CCE,2026-06-01T15:49:34.177Z
143,LV74CCF,2026-06-01T15:49:34.177Z
143,LV74CCJ,2026-06-01T15:49:34.177Z
143,LV74CCK,2026-06-01T15:49:34.177Z
143,LV74CCN,2026-06-01T15:28:31.580Z
143,LV74CCO,2026-06-01T15:49:34.177Z
143,LV74CCU,2026-05-18T12:00:33.874Z
143,LV74CCX,2026-06-01T15:49:34.177Z
143,LV74CCY,2026-06-01T15:49:34.177Z
143,LV74CCZ,2026-06-01T15:49:34.177Z
144,BF65WJC,2026-06-01T15:49:34.177Z
144,BF65WJD,2026-05-18T12:00:33.874Z
144,BF65WJE,2026-05-18T12:00:33.874Z
144,BF65WJJ,2026-05-11T13:42:23.199Z
144,BF65WJK,2026-05-25T13:01:20.469Z
144,BF65WJM,2026-05-25T13:01:20.469Z
144,BF65WJU,2026-04-29T23:54:22.641Z
144,BF65WJV,2026-05-04T11:29:17.869Z
144,BK15AZR,2026-05-04T11:29:17.869Z
144,BK15AZT,2026-04-29T23:54:22.641Z
144,BL15HBK,2026-04-29T23:54:22.641Z
144,BL15HBO,2026-05-11T13:42:23.199Z
144,BL15HBX,2026-05-11T13:42:23.199Z
144,BL15HCA,2026-05-04T11:29:17.869Z
144,BL15HCD,2026-05-18T12:00:33.874Z
144,BP15OLX,2026-06-01T15:49:34.177Z
144,BP15OMD,2026-05-11T12:08:37.791Z
144,BU16OYW,2026-06-01T15:49:34.177Z
144,BU16OYX,2026-06-01T15:49:34.177Z
144,BU16OYY,2026-05-25T13:01:20.469Z
144,BU16OYZ,2026-05-18T12:00:33.874Z
144,BU16OZA,2026-05-11T13:42:23.199Z
144,BU16OZE,2026-05-25T13:01:20.469Z
144,BV66VFT,2026-06-01T15:49:34.177Z
144,BV66VFW,2026-05-04T11:29:17.869Z
144,BV66VFX,2026-05-04T11:29:17.869Z
144,BV66VGC,2026-05-18T12:00:33.874Z
144,BV66VHE,2026-06-01T15:49:34.177Z
144,BV66VKG,2026-04-29T23:54:22.641Z
144,BV66VKH,2026-05-11T13:42:23.199Z
144,BV66VKK,2026-05-04T11:29:17.869Z
144,LF67EWO,2026-05-25T13:01:20.469Z
144,LF67EWP,2026-05-25T13:01:20.469Z
144,LF67EWR,2026-05-25T13:01:20.469Z
144,LF67EWU,2026-05-11T13:42:23.199Z
144,LF67EWV,2026-05-04T11:29:17.869Z
144,LJ12CHF,2026-06-01T15:49:34.177Z
144,YY67UST,2026-05-25T13:01:20.469Z
144,YY67USU,2026-06-01T15:49:34.177Z
144,YY67USW,2026-06-01T15:49:34.177Z
144,YY67UTA,2026-05-25T13:01:20.469Z
144,YY67UTB,2026-06-01T15:49:34.177Z
145,SN16OJT,2026-05-11T13:42:23.199Z
145,SN16OJZ,2026-05-25T13:01:20.469Z
145,SN16OKB,2026-05-18T12:00:33.874Z
145,SN16OKC,2026-05-18T12:00:33.874Z
145,SN16OKD,2026-05-25T13:01:20.469Z
145,SN16OKM,2026-05-25T13:01:20.469Z
145,SN16OKO,2026-05-11T13:42:23.199Z
145,YX16OHP,2026-06-01T15:49:34.177Z
145,YX16OHR,2026-05-11T13:42:23.199Z
145,YX16OHS,2026-06-01T15:49:34.177Z
145,YX66WAU,2026-05-25T13:01:20.469Z
145,YX66WCP,2026-06-01T15:49:34.177Z
145,YX67VBC,2026-06-01T15:49:34.177Z
145,YX67VBD,2026-05-11T13:42:23.199Z
145,YX67VBE,2026-05-11T13:42:23.199Z
145,YX67VBF,2026-05-04T11:29:17.869Z
145,YX67VBG,2026-06-01T15:49:34.177Z
145,YX67VBJ,2026-06-01T15:49:34.177Z
145,YX67VBK,2026-06-01T15:49:34.177Z
145,YY66PHA,2026-06-01T15:49:34.177Z
145,YY66PHF,2026-06-01T15:49:34.177Z
145,YY66PHJ,2026-05-11T13:42:23.199Z
145,YY66PHK,2026-05-11T13:42:23.199Z
145,YY66PHN,2026-06-01T15:49:34.177Z
145,YY66PHO,2026-05-25T13:01:20.469Z
145,YY66PHU,2026-05-18T12:00:33.874Z
145,YY66PHX,2026-05-18T12:00:33.874Z
145,YY66PHZ,2026-05-11T13:42:23.199Z
145,YY66PJJ,2026-06-01T15:49:34.177Z
145,YY66PJO,2026-05-18T12:00:33.874Z
145,YY66PJU,2026-06-01T15:49:34.177Z
145,YY66PJX,2026-06-01T15:49:34.177Z
145,YY66PKA,2026-05-18T12:00:33.874Z
145,YY66PKC,2026-05-18T12:00:33.874Z
145,YY66PKD,2026-06-01T15:49:34.177Z
145,YY66PKE,2026-05-25T13:01:20.469Z
145,YY66PKF,2026-06-01T15:49:34.177Z
145,YY66PXV,2026-06-01T15:49:34.177Z
146,YX16OKT,2026-05-18T12:00:33.874Z
146,YX16OKZ,2026-05-25T13:01:20.469Z
146,YX25OCN,2026-05-04T11:29:17.869Z
146,YX25OCP,2026-06-01T15:49:34.177Z
147,BD65EVV,2026-05-18T12:00:33.874Z
147,BD65EWN,2026-06-01T15:49:34.177Z
147,BD65EWR,2026-06-01T15:49:34.177Z
147,BD65EWT,2026-05-18T12:00:33.874Z
147,BD65EXA,2026-06-01T15:49:34.177Z
147,BF65WJO,2026-05-18T12:00:33.874Z
147,BT65JGO,2026-05-25T13:01:20.469Z
147,BT66MPO,2026-06-01T15:49:34.177Z
147,BU16OYJ,2026-05-18T12:00:33.874Z
147,BU16OYK,2026-06-01T15:49:34.177Z
147,BU16OYL,2026-05-25T13:01:20.469Z
147,BU16OYM,2026-06-01T15:49:34.177Z
147,BU16OYN,2026-06-01T15:49:34.177Z
147,BU16OYO,2026-05-18T12:00:33.874Z
147,BU16OYP,2026-06-01T15:49:34.177Z
147,BU16OYR,2026-06-01T15:49:34.177Z
147,BU16OYS,2026-06-01T15:49:34.177Z
147,BU16OYT,2026-06-01T15:49:34.177Z
147,BV66VHN,2026-05-25T13:01:20.469Z
147,BV66VHO,2026-06-01T15:49:34.177Z
147,BV66VHP,2026-06-01T15:49:34.177Z
147,LF67EYC,2026-06-01T15:49:34.177Z
147,LF67EYD,2026-05-11T13:42:23.199Z
147,LF67EYG,2026-05-11T13:42:23.199Z
147,LF67EYH,2026-05-25T13:01:20.469Z
147,LF67EYJ,2026-05-11T13:42:23.199Z
147,SN13CJE,2026-06-01T15:49:34.177Z
147,SN13CJJ,2026-06-01T15:49:34.177Z
147,SN13CJO,2026-06-01T15:49:34.177Z
147,SN61BHZ,2026-05-04T11:29:17.869Z
147,SN61BJJ,2026-06-01T15:49:34.177Z
147,SN61BJK,2026-05-04T11:29:17.869Z
147,SN61BJO,2026-05-25T13:01:20.469Z
147,SN61BJU,2026-05-18T12:00:33.874Z
147,SN61BJV,2026-05-25T13:01:20.469Z
147,SN61DCY,2026-06-01T15:49:34.177Z
147,SN61DDK,2026-06-01T15:49:34.177Z
147,SN61DFJ,2026-05-25T13:01:20.469Z
148,LB69JNJ,2026-05-25T13:01:20.469Z
148,LB69JNZ,2026-06-01T15:49:34.177Z
148,LB69JPJ,2026-05-25T13:01:20.469Z
148,LB69JPX,2026-05-11T13:42:23.199Z
148,LB69JRO,2026-05-25T13:01:20.469Z
148,LB69JRU,2026-06-01T15:49:34.177Z
148,LB69JRZ,2026-06-01T15:49:34.177Z
148,LG71DWL,2026-05-25T13:01:20.469Z
148,LG71DWM,2026-05-25T13:01:20.469Z
149,LF67EUH,2026-05-11T13:42:23.199Z
149,LF67EUJ,2026-05-11T13:42:23.199Z
149,LJ17WOV,2026-05-11T13:42:23.199Z
149,LY24JRU,2026-05-04T11:29:17.869Z
149,LY24JTO,2026-05-04T11:29:17.869Z
150,BG14ONS,2026-05-25T13:01:20.469Z
150,BG14ONU,2026-05-18T12:00:33.874Z
150,BG14ONV,2026-05-25T13:01:20.469Z
150,BG14ONX,2026-06-01T15:49:34.177Z
150,BG14ONZ,2026-06-01T15:49:34.177Z
150,BG14OOA,2026-05-11T13:42:23.199Z
150,BG14OOB,2026-05-25T13:01:20.469Z
150,BG14OOC,2026-06-01T15:49:34.177Z
150,BG14OOD,2026-06-01T15:49:34.177Z
150,BJ14KSU,2026-05-11T12:08:37.791Z
150,BJ14KSX,2026-05-18T12:00:33.874Z
150,BJ14KSY,2026-06-01T15:49:34.177Z
150,BN14VZH,2026-06-01T15:49:34.177Z
150,BN14VZJ,2026-06-01T15:49:34.177Z
150,BN14VZK,2026-06-01T15:49:34.177Z
150,BN14VZL,2026-05-25T13:01:20.469Z
150,BN14VZO,2026-06-01T15:49:34.177Z
150,BN14VZP,2026-06-01T15:49:34.177Z
150,BN14VZR,2026-05-25T13:01:20.469Z
150,BN14WAA,2026-06-01T15:49:34.177Z
150,BU14EFY,2026-05-25T13:01:20.469Z
150,LJ60AUF,2026-06-01T15:49:34.177Z
150,LJ60AUH,2026-06-01T15:49:34.177Z
150,LJ60AUM,2026-06-01T15:49:34.177Z
150,LJ61CDY,2026-05-11T13:42:23.199Z
150,LT63UHR,2026-05-18T12:00:33.874Z
151,BF65WJZ,2026-05-11T13:42:23.199Z
151,BF65WKD,2026-05-11T13:42:23.199Z
151,LV74TLF,2026-06-01T15:49:34.177Z
151,LV74TLN,2026-06-01T15:49:34.177Z
151,LV74TLO,2026-06-01T15:49:34.177Z
151,LV74TLU,2026-06-01T15:49:34.177Z
151,LV74TLX,2026-06-01T15:49:34.177Z
151,LV74TLY,2026-06-01T15:49:34.177Z
151,LV74TLZ,2026-06-01T15:49:34.177Z
151,LV74TMO,2026-06-01T15:49:34.177Z
151,LV74TMU,2026-06-01T15:49:34.177Z
151,LV74TMX,2026-06-01T15:49:34.177Z
151,LV74TMY,2026-05-11T12:08:37.791Z
151,LV74TMZ,2026-06-01T15:49:34.177Z
151,LV74TNE,2026-06-01T15:49:34.177Z
151,LV74TNF,2026-06-01T15:49:34.177Z
151,LV74TNJ,2026-05-11T12:08:37.791Z
151,LV74YVE,2026-06-01T15:49:34.177Z
152,LG23FJP,2026-06-01T15:49:34.177Z
152,LG23FJU,2026-06-01T15:49:34.177Z
152,LG23FKF,2026-04-29T23:54:22.641Z
152,LG23FKT,2026-06-01T15:49:34.177Z
152,LG23FLA,2026-06-01T15:49:34.177Z
152,LG73FSL,2026-05-11T13:42:23.199Z
152,LG73FSN,2026-05-25T13:01:20.469Z
152,LG73FSO,2026-06-01T15:49:34.177Z
152,LG73FSP,2026-06-01T15:49:34.177Z
152,LG73FSS,2026-06-01T15:49:34.177Z
152,LG73FSU,2026-05-25T13:01:20.469Z
152,LG73FSV,2026-05-04T11:29:17.869Z
152,LG73FSX,2026-06-01T15:49:34.177Z
152,LG73FSY,2026-06-01T15:49:34.177Z
152,LG73FSZ,2026-06-01T15:49:34.177Z
152,LG73FTA,2026-06-01T15:49:34.177Z
152,LG73FTC,2026-05-18T12:00:33.874Z
152,LG73FTD,2026-06-01T15:49:34.177Z
152,LG73FTE,2026-06-01T15:49:34.177Z
152,LG73FTF,2026-06-01T15:49:34.177Z
153,LJ18FHF,2026-05-04T11:29:17.869Z
153,LJ18FHK,2026-06-01T15:49:34.177Z
153,LJ18FHN,2026-06-01T15:49:34.177Z
153,LJ18FHS,2026-05-25T13:01:20.469Z
153,LJ18FHT,2026-05-25T13:01:20.469Z
153,LJ18FHU,2026-05-18T12:00:33.874Z
153,LJ18FHX,2026-05-18T12:00:33.874Z
153,LJ18FHY,2026-05-04T11:29:17.869Z
153,LV74CFX,2026-05-11T13:42:23.199Z
153,LV74YVF,2026-06-01T15:49:34.177Z
153,LV74YVG,2026-06-01T15:49:34.177Z
153,LV74YVH,2026-06-01T15:49:34.177Z
153,LV74YVJ,2026-06-01T15:28:31.580Z
153,LV74YVK,2026-06-01T15:49:34.177Z
153,LV74YVL,2026-05-18T12:00:33.874Z
153,LV74YVM,2026-05-11T13:42:23.199Z
153,LV74YVN,2026-06-01T15:49:34.177Z
153,LV74YVO,2026-06-01T15:49:34.177Z
153,MJ74JTV,2026-05-18T12:00:33.874Z
154,LD72UHT,2026-06-01T15:28:31.580Z
154,LD72UHU,2026-06-01T15:49:34.177Z
154,LD72UHV,2026-05-18T12:00:33.874Z
154,LD72UHW,2026-05-11T12:08:37.791Z
154,LD72UHY,2026-05-18T12:00:33.874Z
154,LD72XZT,2026-05-11T13:42:23.199Z
154,LD72XZU,2026-05-25T13:01:20.469Z
154,LD72YAH,2026-06-01T15:49:34.177Z
154,LG23EUU,2026-05-18T12:00:33.874Z
154,LG23EZH,2026-06-01T15:49:34.177Z
154,LG23EZM,2026-04-29T23:54:22.641Z
154,LG23EZO,2026-05-25T13:01:20.469Z
154,LG23EZP,2026-05-18T12:00:33.874Z
154,LG23FAA,2026-05-11T13:42:23.199Z
154,LG23FAF,2026-04-29T23:54:22.641Z
154,LG23FAJ,2026-05-18T12:00:33.874Z
154,LG23FAK,2026-06-01T15:49:34.177Z
154,LG23FAM,2026-05-04T11:29:17.869Z
154,LG23FAU,2026-05-11T13:42:23.199Z
154,LG23FBA,2026-06-01T15:49:34.177Z
154,LG23FBB,2026-06-01T15:49:34.177Z
154,LG23FBC,2026-05-11T13:42:23.199Z
154,LG23FBE,2026-06-01T15:49:34.177Z
154,LG23FBF,2026-05-11T13:42:23.199Z
154,LG23FBJ,2026-06-01T15:49:34.177Z
154,LG23FBK,2026-06-01T15:49:34.177Z
154,LG23FBL,2026-06-01T15:49:34.177Z
154,LG23FFW,2026-04-29T23:54:22.641Z
154,LG23FFZ,2026-05-04T11:29:17.869Z
154,LG23FGA,2026-05-25T13:01:20.469Z
154,LG23FGC,2026-05-11T13:42:23.199Z
154,LG23FGD,2026-06-01T15:49:34.177Z
154,LG23FGE,2026-05-18T12:00:33.874Z
154,LG23FGF,2026-05-18T12:00:33.874Z
154,LG23FGJ,2026-05-25T13:01:20.469Z
154,LG23FGK,2026-05-11T13:42:23.199Z
154,LG23FGM,2026-06-01T15:49:34.177Z
154,LG23FGN,2026-06-01T15:49:34.177Z
154,LG23FGP,2026-05-25T13:01:20.469Z
154,LG23FGU,2026-05-18T12:00:33.874Z
154,LG23FGX,2026-05-11T13:42:23.199Z
154,LG23FHA,2026-05-25T13:01:20.469Z
154,LG23FHB,2026-05-11T13:42:23.199Z
154,LG23FHD,2026-05-18T12:00:33.874Z
154,LG23FHE,2026-05-04T11:29:17.869Z
154,LG23FHF,2026-06-01T15:49:34.177Z
154,LG23FHH,2026-05-11T13:42:23.199Z
154,LG23FHJ,2026-04-29T23:54:22.641Z
154,LG23FJD,2026-06-01T15:49:34.177Z
154,LG23FJE,2026-05-18T12:00:33.874Z
154,LG23FJF,2026-05-11T13:42:23.199Z
155,BD65EVM,2026-05-18T12:00:33.874Z
155,BD65EVP,2026-06-01T15:49:34.177Z
155,BD65EVR,2026-05-25T13:01:20.469Z
155,BD65EVT,2026-06-01T15:49:34.177Z
155,BD65EVU,2026-06-01T15:49:34.177Z
155,BD65EVW,2026-05-25T13:01:20.469Z
155,BD65EVX,2026-06-01T15:49:34.177Z
155,BD65EVY,2026-05-18T12:00:33.874Z
155,BD65EWA,2026-06-01T15:49:34.177Z
155,BD65EWO,2026-05-25T13:01:20.469Z
155,BD65EWP,2026-06-01T15:49:34.177Z
155,BD65EWS,2026-05-11T13:42:23.199Z
155,BD65EWV,2026-06-01T15:49:34.177Z
155,BD65EWX,2026-06-01T15:49:34.177Z
155,BD65EWY,2026-06-01T15:49:34.177Z
155,BD65EWZ,2026-05-11T13:42:23.199Z
155,BF65WLH,2026-06-01T15:49:34.177Z
155,BP15OMF,2026-05-11T13:42:23.199Z
155,BP15OMJ,2026-05-25T13:01:20.469Z
155,BT65JGF,2026-06-01T15:49:34.177Z
155,BT65JGU,2026-05-25T13:01:20.469Z
155,BV66VLJ,2026-06-01T15:49:34.177Z
155,BV66VLL,2026-05-04T11:29:17.869Z
155,LF67EXC,2026-06-01T15:49:34.177Z
155,LF67EXD,2026-05-25T13:01:20.469Z
155,LF67EXE,2026-05-18T12:00:33.874Z
155,LF67EXZ,2026-06-01T15:49:34.177Z
155,LF67EYA,2026-06-01T15:49:34.177Z
155,LF67EYB,2026-05-25T13:01:20.469Z
155,YX18KPN,2026-06-01T15:49:34.177Z
155,YX18KXN,2026-05-18T12:00:33.874Z
155,YY66OYJ,2026-06-01T15:49:34.177Z
156,SK14CTZ,2026-06-01T15:49:34.177Z
156,SK14CUA,2026-05-25T13:01:20.469Z
156,SK14CUH,2026-05-11T13:42:23.199Z
156,SK14SYY,2026-05-11T13:42:23.199Z
156,SK14SYZ,2026-05-25T13:01:20.469Z
156,SK14SZC,2026-05-11T13:42:23.199Z
156,SL14DDJ,2026-05-04T11:29:17.869Z
156,SL14DDN,2026-06-01T15:49:34.177Z
156,SL14DDO,2026-05-04T11:29:17.869Z
156,SL14DDU,2026-06-01T15:49:34.177Z
156,SL14DDV,2026-05-18T12:00:33.874Z
156,SL14DDY,2026-06-01T15:49:34.177Z
156,SL14DFA,2026-05-04T11:29:17.869Z
156,SL14DFC,2026-05-11T13:42:23.199Z
156,SL14LOA,2026-05-11T13:42:23.199Z
156,SN12AUF,2026-04-29T23:54:22.641Z
156,SN12AUH,2026-05-25T13:01:20.469Z
156,SN61CYU,2026-06-01T15:49:34.177Z
156,SN64OER,2026-05-18T12:00:33.874Z
156,SN64OET,2026-05-04T11:29:17.869Z
156,SN64OEV,2026-05-25T13:01:20.469Z
156,SN64OEW,2026-06-01T15:49:34.177Z
156,SN64OEX,2026-06-01T15:49:34.177Z
156,SN64OEY,2026-05-11T13:42:23.199Z
156,SN64OEZ,2026-05-25T13:01:20.469Z
156,SN64OFB,2026-05-18T12:00:33.874Z
156,SN64OFD,2026-06-01T15:49:34.177Z
156,SN64OFE,2026-06-01T15:49:34.177Z
156,SN64OFH,2026-06-01T15:49:34.177Z
156,SN64OFK,2026-05-25T13:01:20.469Z
156,SN64OFL,2026-06-01T15:49:34.177Z
156,YX15OWR,2026-05-11T13:42:23.199Z
156,YX15OWV,2026-06-01T15:28:31.580Z
156,YX15OWW,2026-05-25T13:01:20.469Z
156,YX15OWY,2026-06-01T15:49:34.177Z
156,YX15OWZ,2026-05-18T12:00:33.874Z
156,YX17NPP,2026-05-18T12:00:33.874Z
156,YY16YKA,2026-05-18T12:00:33.874Z
156,YY16YKD,2026-05-18T12:00:33.874Z
156,YY16YKE,2026-06-01T15:49:34.177Z
156,YY16YKF,2026-05-11T13:42:23.199Z
156,YY16YKG,2026-05-25T13:01:20.469Z
156,YY16YKH,2026-05-04T11:29:17.869Z
156,YY16YKL,2026-05-04T11:29:17.869Z
156,YY16YKM,2026-05-25T13:01:20.469Z
156,YY16YKN,2026-06-01T15:49:34.177Z
156,YY16YKO,2026-05-11T13:42:23.199Z
156,YY16YKT,2026-05-18T12:00:33.874Z
157,BD65EVN,2026-04-29T23:54:22.641Z
157,LF24ZGC,2026-06-01T15:49:34.177Z
157,LF24ZGD,2026-05-25T13:01:20.469Z
157,LF24ZGE,2026-05-18T12:00:33.874Z
157,LF24ZGG,2026-05-04T11:29:17.869Z
157,LF24ZGH,2026-06-01T15:49:34.177Z
157,LF24ZGJ,2026-04-29T23:54:22.641Z
157,LF24ZGK,2026-06-01T15:49:34.177Z
157,LF24ZGL,2026-05-11T13:42:23.199Z
157,LF24ZGM,2026-05-11T13:42:23.199Z
157,LF24ZGN,2026-06-01T15:49:34.177Z
157,LF24ZGO,2026-05-18T12:00:33.874Z
157,LF24ZGP,2026-05-25T13:01:20.469Z
157,LF24ZGR,2026-06-01T15:49:34.177Z
157,LF24ZGS,2026-06-01T15:49:34.177Z
157,LF24ZGT,2026-05-25T13:01:20.469Z
157,LF24ZGU,2026-06-01T15:49:34.177Z
157,LF24ZGV,2026-05-18T12:00:33.874Z
157,LF24ZGY,2026-06-01T15:49:34.177Z
157,LF24ZKB,2026-05-25T13:01:20.469Z
157,LF24ZKC,2026-06-01T15:49:34.177Z
157,LF24ZKD,2026-05-25T13:01:20.469Z
157,LF24ZKE,2026-05-18T12:00:33.874Z
157,LF24ZKG,2026-06-01T15:49:34.177Z
157,LF24ZKH,2026-06-01T15:49:34.177Z
157,LF24ZKJ,2026-06-01T15:49:34.177Z
157,LG23EUO,2026-06-01T15:49:34.177Z
157,LG23EUP,2026-05-18T12:00:33.874Z
157,LG23EUR,2026-06-01T15:49:34.177Z
157,LG23EUT,2026-05-25T13:01:20.469Z
157,LG23EUX,2026-05-11T13:42:23.199Z
157,LG23EUY,2026-05-11T13:42:23.199Z
157,LG23EUZ,2026-05-11T13:42:23.199Z
157,LG23EVB,2026-05-18T12:00:33.874Z
157,LG23EVC,2026-05-18T12:00:33.874Z
157,LG23EVD,2026-06-01T15:49:34.177Z
157,LG23FJN,2026-06-01T15:49:34.177Z
157,LG73FVY,2026-06-01T15:28:31.580Z
158,LJ13CCE,2026-06-01T15:49:34.177Z
158,LJ13CCF,2026-06-01T15:49:34.177Z
158,LJ13CEX,2026-05-25T13:01:20.469Z
158,LJ13CFA,2026-05-25T13:01:20.469Z
158,LJ61CAV,2026-06-01T15:49:34.177Z
158,LJ61CAX,2026-06-01T15:49:34.177Z
158,LJ61CBF,2026-06-01T15:28:31.580Z
158,LJ61CBO,2026-05-11T13:42:23.199Z
158,LJ61CBU,2026-06-01T15:49:34.177Z
158,LJ61CBV,2026-06-01T15:49:34.177Z
158,LJ61CKC,2026-06-01T15:49:34.177Z
158,LJ61CKE,2026-06-01T15:49:34.177Z
158,LJ62BAA,2026-05-18T12:00:33.874Z
158,LJ62BBZ,2026-06-01T15:49:34.177Z
158,LJ62BKD,2026-06-01T15:49:34.177Z
158,LJ62BKG,2026-06-01T15:49:34.177Z
158,LJ62BKN,2026-06-01T15:49:34.177Z
158,LJ62BNA,2026-06-01T15:49:34.177Z
158,LT63UKB,2026-06-01T15:49:34.177Z
158,LT63UKD,2026-05-25T13:01:20.469Z
158,LT63UKE,2026-06-01T15:28:31.580Z
158,LT63UKF,2026-06-01T15:49:34.177Z
158,LT63UKG,2026-06-01T15:49:34.177Z
158,LT63UKH,2026-05-18T12:00:33.874Z
158,SK70BVB,2026-05-18T12:00:33.874Z
158,SK70BVC,2026-06-01T15:49:34.177Z
158,SK70BVD,2026-06-01T15:49:34.177Z
158,SK70BVG,2026-06-01T15:49:34.177Z
158,SK70BVH,2026-06-01T15:49:34.177Z
158,SK70BVJ,2026-05-25T13:01:20.469Z
158,SK70BVL,2026-05-18T12:00:33.874Z
158,SK70BVM,2026-05-18T12:00:33.874Z
158,SK70BVO,2026-05-25T13:01:20.469Z
158,SK70BVP,2026-06-01T15:49:34.177Z
160,LG71DNV,2026-05-25T13:01:20.469Z
160,LG71DNX,2026-06-01T15:49:34.177Z
160,LG71DNY,2026-06-01T15:49:34.177Z
160,LG71DOA,2026-06-01T15:49:34.177Z
160,LG71DOH,2026-05-25T13:01:20.469Z
160,LG71DOJ,2026-06-01T15:49:34.177Z
160,LG71DOU,2026-06-01T15:49:34.177Z
160,LG71DPE,2026-06-01T15:49:34.177Z
160,LG71DPF,2026-06-01T15:49:34.177Z
160,LG71DPK,2026-05-25T13:01:20.469Z
160,LG71DPN,2026-06-01T15:28:31.580Z
160,LG71DPO,2026-06-01T15:49:34.177Z
160,LG71DPU,2026-06-01T15:49:34.177Z
160,LG71DPV,2026-05-11T13:42:23.199Z
160,LG71DPX,2026-06-01T15:49:34.177Z
160,LG71DPY,2026-06-01T15:49:34.177Z
161,BF15KGJ,2026-05-04T11:29:17.869Z
161,BF15KGP,2026-05-18T12:00:33.874Z
161,BF15KGU,2026-05-18T12:00:33.874Z
161,BF15KHD,2026-05-18T12:00:33.874Z
161,BF15KHJ,2026-05-04T11:29:17.869Z
161,BJ15TVZ,2026-05-18T12:00:33.874Z
161,BJ15TWC,2026-05-11T13:42:23.199Z
161,LX12CZO,2026-05-04T11:29:17.869Z
161,SL14LNR,2026-05-04T11:29:17.869Z
161,SL14LRO,2026-06-01T15:49:34.177Z
161,SN14TWA,2026-05-25T13:01:20.469Z
161,SN14TWD,2026-04-29T23:54:22.641Z
161,SN14TWK,2026-05-25T13:01:20.469Z
161,SN14TWW,2026-05-25T13:01:20.469Z
161,SN14TXV,2026-05-25T13:01:20.469Z
161,SN15LRJ,2026-05-18T12:00:33.874Z
161,SN18KUD,2026-05-11T13:42:23.199Z
161,SN63JWE,2026-05-25T13:01:20.469Z
161,SN63NBE,2026-06-01T15:49:34.177Z
161,SN63NBG,2026-06-01T15:49:34.177Z
161,SN63NBJ,2026-05-11T13:42:23.199Z
161,SN63NBK,2026-05-18T12:00:33.874Z
161,SN63NBO,2026-06-01T15:49:34.177Z
161,SN64OGM,2026-05-18T12:00:33.874Z
161,SN64OGT,2026-06-01T15:49:34.177Z
161,SN67XEB,2026-04-29T23:54:22.641Z
161,SN67XED,2026-05-11T13:42:23.199Z
161,SN67XEG,2026-05-18T12:00:33.874Z
161,SN67XEH,2026-05-25T13:01:20.469Z
161,SN67XEJ,2026-05-18T12:00:33.874Z
161,SN67XEK,2026-06-01T15:49:34.177Z
161,SN67XEL,2026-06-01T15:49:34.177Z
161,SN67XER,2026-05-11T13:42:23.199Z
161,SN67XES,2026-04-29T23:54:22.641Z
161,YX16OGD,2026-05-25T13:01:20.469Z
161,YX16OGE,2026-06-01T15:49:34.177Z
161,YX16OGF,2026-05-25T13:01:20.469Z
161,YX16OGG,2026-05-18T12:00:33.874Z
161,YX16OGH,2026-05-04T11:29:17.869Z
161,YX16OGO,2026-05-11T13:42:23.199Z
161,YX16OGS,2026-05-25T13:01:20.469Z
161,YX16OGV,2026-06-01T15:49:34.177Z
161,YX16OGW,2026-05-11T13:42:23.199Z
161,YX16OGY,2026-05-25T13:01:20.469Z
161,YX16OGZ,2026-04-29T23:54:22.641Z
161,YX16OHB,2026-05-11T13:42:23.199Z
161,YX16OHC,2026-06-01T15:49:34.177Z
161,YX16OHH,2026-05-25T13:01:20.469Z
161,YX16OHJ,2026-05-11T12:08:37.791Z
161,YX16OHN,2026-06-01T15:49:34.177Z
161,YX16OHO,2026-05-11T13:42:23.199Z
161,YX68UKA,2026-05-18T12:00:33.874Z
161,YX68UKE,2026-05-18T12:00:33.874Z
161,YX68UKG,2026-05-04T11:29:17.869Z
161,YX68UKK,2026-06-01T15:49:34.177Z
161,YX68UKP,2026-06-01T15:49:34.177Z
162,SN16OLP,2026-06-01T15:49:34.177Z
162,SN16OLR,2026-06-01T15:49:34.177Z
162,SN16OLT,2026-06-01T15:49:34.177Z
162,YX13AJO,2026-06-01T15:49:34.177Z
162,YX26KBO,2026-06-01T15:49:34.177Z
162,YX26KBV,2026-06-01T15:49:34.177Z
162,YX60FTZ,2026-05-18T12:00:33.874Z
162,YX60FUV,2026-05-04T11:29:17.869Z
162,YX60FUW,2026-05-25T13:01:20.469Z
162,YX60FVA,2026-05-18T12:00:33.874Z
162,YX60FVB,2026-05-18T12:00:33.874Z
162,YX60FVC,2026-06-01T15:49:34.177Z
162,YX62DYN,2026-06-01T15:49:34.177Z
162,YX62DYS,2026-06-01T15:49:34.177Z
162,YX62DZE,2026-06-01T15:49:34.177Z
162,YX62DZN,2026-06-01T15:28:31.580Z
162,YX62DZU,2026-06-01T15:49:34.177Z
162,YX65RJY,2026-05-25T13:01:20.469Z
162,YX65RJZ,2026-06-01T15:49:34.177Z
162,YX65RKA,2026-05-18T12:00:33.874Z
163,LG23FJP,2026-05-11T12:08:37.791Z
163,LG23FJV,2026-05-11T13:42:23.199Z
163,LG23FJX,2026-05-04T11:29:17.869Z
163,LG23FJY,2026-05-18T12:00:33.874Z
163,LG23FKB,2026-06-01T15:49:34.177Z
163,LG23FKE,2026-06-01T15:49:34.177Z
163,LG23FKH,2026-05-11T13:42:23.199Z
163,LG23FKL,2026-06-01T15:49:34.177Z
163,LG23FKN,2026-06-01T15:49:34.177Z
163,LG23FKO,2026-05-18T12:00:33.874Z
163,LG23FKP,2026-05-04T11:29:17.869Z
163,LG23FKT,2026-05-18T12:00:33.874Z
163,LG23FKU,2026-05-18T12:00:33.874Z
163,LG23FKV,2026-05-04T11:29:17.869Z
163,LG23FKX,2026-05-25T13:01:20.469Z
163,LG23FKY,2026-06-01T15:28:31.580Z
163,LG23FKZ,2026-05-11T13:42:23.199Z
163,LG23FLA,2026-05-18T12:00:33.874Z
163,LG73FTA,2026-04-29T23:54:22.641Z
163,LG73FTC,2026-06-01T15:49:34.177Z
163,LJ67DJE,2026-05-04T11:29:17.869Z
163,LJ67DJF,2026-06-01T15:49:34.177Z
163,LJ67DJU,2026-05-04T11:29:17.869Z
163,LJ67DJX,2026-05-25T13:01:20.469Z
163,LJ67DKA,2026-05-18T12:00:33.874Z
163,LJ67DKL,2026-05-11T13:42:23.199Z
163,LJ67DKO,2026-06-01T15:49:34.177Z
163,LJ67DKX,2026-05-18T12:00:33.874Z
163,LJ67DKY,2026-06-01T15:49:34.177Z
163,LJ67DLD,2026-05-25T13:01:20.469Z
163,LJ67DLF,2026-06-01T15:49:34.177Z
163,SN12AVE,2026-04-29T23:54:22.641Z
164,LG23FJP,2026-05-25T13:01:20.469Z
164,LG23FJU,2026-05-04T11:29:17.869Z
164,LG23FJV,2026-06-01T15:49:34.177Z
164,LG23FJX,2026-05-18T12:00:33.874Z
164,LG23FJZ,2026-05-11T13:42:23.199Z
164,LG23FKA,2026-05-25T13:01:20.469Z
164,LG23FKB,2026-05-11T13:42:23.199Z
164,LG23FKE,2026-04-29T23:54:22.641Z
164,LG23FKF,2026-05-18T12:00:33.874Z
164,LG23FKH,2026-05-18T12:00:33.874Z
164,LG23FKJ,2026-06-01T15:49:34.177Z
164,LG23FKL,2026-05-11T13:42:23.199Z
164,LG23FKM,2026-06-01T15:49:34.177Z
164,LG23FKN,2026-05-25T13:01:20.469Z
164,LG23FKO,2026-05-04T11:29:17.869Z
164,LG23FKP,2026-06-01T15:49:34.177Z
164,LG23FKS,2026-06-01T15:49:34.177Z
164,LG23FKU,2026-06-01T15:49:34.177Z
164,LG23FKV,2026-06-01T15:49:34.177Z
164,LG23FKW,2026-06-01T15:49:34.177Z
164,LG23FKY,2026-05-04T11:29:17.869Z
164,LG23FKZ,2026-05-04T11:29:17.869Z
164,LG23FLA,2026-05-11T13:42:23.199Z
164,LG73FSL,2026-04-29T23:54:22.641Z
164,LG73FSV,2026-06-01T15:49:34.177Z
164,LG73FTA,2026-05-25T13:01:20.469Z
164,LJ67DJD,2026-05-18T12:00:33.874Z
164,LJ67DJK,2026-06-01T15:49:34.177Z
164,LJ67DJU,2026-05-18T12:00:33.874Z
164,LJ67DKA,2026-05-11T13:42:23.199Z
164,LJ67DKL,2026-05-18T12:00:33.874Z
164,LJ67DKO,2026-05-18T12:00:33.874Z
164,LJ67DKX,2026-06-01T15:49:34.177Z
164,LJ67DLD,2026-05-11T13:42:23.199Z
164,LJ67DLK,2026-06-01T15:49:34.177Z
165,LV75FLC,2026-05-25T13:01:20.469Z
165,LV75FLD,2026-05-11T13:42:23.199Z
165,LV75HJC,2026-05-11T13:42:23.199Z
165,LV75HJD,2026-05-04T11:29:17.869Z
165,LV75HJG,2026-05-18T12:00:33.874Z
165,LV75HJJ,2026-06-01T15:49:34.177Z
165,LV75HJK,2026-05-04T11:29:17.869Z
165,LV75HJN,2026-06-01T15:49:34.177Z
165,LV75HJO,2026-05-18T12:00:33.874Z
165,LV75HJU,2026-06-01T15:49:34.177Z
165,LV75NLG,2026-05-04T11:29:17.869Z
165,LX75ZGZ,2026-06-01T15:49:34.177Z
165,LX75ZHA,2026-05-18T12:00:33.874Z
165,LX75ZHB,2026-06-01T15:49:34.177Z
165,LX75ZHC,2026-05-25T13:01:20.469Z
165,LX75ZHE,2026-05-11T13:42:23.199Z
165,LX75ZHF,2026-06-01T15:49:34.177Z
165,LX75ZHH,2026-05-11T13:42:23.199Z
165,LX75ZHJ,2026-06-01T15:49:34.177Z
165,LX75ZJK,2026-05-18T12:00:33.874Z
165,LX75ZJO,2026-05-25T13:01:20.469Z
165,LX75ZJV,2026-05-18T12:00:33.874Z
165,LX75ZJY,2026-05-18T12:00:33.874Z
165,LX75ZKB,2026-06-01T15:49:34.177Z
165,LX75ZKC,2026-05-25T13:01:20.469Z
165,LX75ZKD,2026-06-01T15:49:34.177Z
165,LX75ZKF,2026-06-01T15:49:34.177Z
165,LX75ZKG,2026-05-18T12:00:33.874Z
165,LX75ZKH,2026-06-01T15:49:34.177Z
165,LX75ZKN,2026-06-01T15:49:34.177Z
165,LX75ZKO,2026-05-25T13:01:20.469Z
165,LX75ZKP,2026-05-18T12:00:33.874Z
165,LX75ZKR,2026-05-11T13:42:23.199Z
165,LX75ZKU,2026-05-18T12:00:33.874Z
165,MF25HHW,2026-05-25T13:01:20.469Z
165,MF25HJV,2026-05-18T12:00:33.874Z
166,LA75ZDC,2026-05-04T11:29:17.869Z
166,LA75ZDD,2026-05-04T11:29:17.869Z
166,LA75ZDE,2026-06-01T15:49:34.177Z
166,LA75ZDG,2026-05-11T13:42:23.199Z
166,LA75ZDH,2026-06-01T15:49:34.177Z
166,LA75ZDK,2026-05-18T12:00:33.874Z
166,LA75ZDL,2026-05-25T13:01:20.469Z
166,LA75ZDM,2026-06-01T15:49:34.177Z
166,LA75ZDN,2026-06-01T15:49:34.177Z
166,LA75ZDP,2026-05-18T12:00:33.874Z
166,LA75ZDR,2026-06-01T15:49:34.177Z
166,LA75ZDT,2026-06-01T15:49:34.177Z
166,LA75ZDU,2026-05-18T12:00:33.874Z
166,LA75ZDV,2026-06-01T15:49:34.177Z
166,LA75ZDW,2026-05-25T13:01:20.469Z
166,LA75ZDX,2026-05-18T12:00:33.874Z
166,LA75ZFC,2026-06-01T15:49:34.177Z
166,LJ61CKN,2026-04-29T23:54:22.641Z
166,LX11AWJ,2026-05-11T13:42:23.199Z
167,LX12DKA,2026-05-11T13:42:23.199Z
167,LX12DKE,2026-06-01T15:49:34.177Z
167,SN17MKU,2026-05-11T13:42:23.199Z
167,SN17MLK,2026-06-01T15:49:34.177Z
167,SN17MLO,2026-06-01T15:49:34.177Z
167,SN17MLV,2026-05-18T12:00:33.874Z
167,SN17MLX,2026-06-01T15:49:34.177Z
167,SN17MLY,2026-05-25T13:01:20.469Z
167,SN17MLZ,2026-06-01T15:49:34.177Z
167,SN17MMA,2026-05-11T13:42:23.199Z
167,SN17MME,2026-06-01T15:49:34.177Z
167,SN17MMF,2026-05-25T13:01:20.469Z
167,SN17MMJ,2026-05-25T13:01:20.469Z
167,SN17MMK,2026-06-01T15:49:34.177Z
169,LV25CNE,2026-05-11T13:42:23.199Z
169,LV25CNF,2026-06-01T15:49:34.177Z
169,LV25CNJ,2026-06-01T15:49:34.177Z
169,LV25CNK,2026-06-01T15:49:34.177Z
169,LV25CNN,2026-05-18T12:00:33.874Z
169,LV25CNO,2026-05-25T13:01:20.469Z
169,LV25CNX,2026-05-25T13:01:20.469Z
169,LV25COA,2026-06-01T15:49:34.177Z
169,LV25COH,2026-05-11T13:42:23.199Z
169,LV25COJ,2026-05-18T12:00:33.874Z
169,LV25OSU,2026-05-18T12:00:33.874Z
169,LV25OSW,2026-06-01T15:49:34.177Z
169,LV75HHD,2026-06-01T15:49:34.177Z
169,MF25HHU,2026-06-01T15:49:34.177Z
169,MF25HJX,2026-05-11T13:42:23.199Z
169,MF25HJY,2026-05-18T12:00:33.874Z
169,MF25HJZ,2026-05-04T11:29:17.869Z
169,MF25HKA,2026-05-04T11:29:17.869Z
169,MF25HKB,2026-05-11T13:42:23.199Z
169,MF25HKC,2026-06-01T15:49:34.177Z
169,MF25HKD,2026-06-01T15:49:34.177Z
169,MF25HKJ,2026-05-18T12:00:33.874Z
169,MF25HKK,2026-05-25T13:01:20.469Z
169,MF25HKL,2026-06-01T15:49:34.177Z
169,MF25HKM,2026-06-01T15:49:34.177Z
169,MF25HKN,2026-06-01T15:49:34.177Z
169,MF25HKO,2026-05-11T13:42:23.199Z
169,MF25HKP,2026-06-01T15:49:34.177Z
169,MF25HKT,2026-06-01T15:49:34.177Z
169,YY66PHN,2026-04-29T23:54:22.641Z
170,YX65RNY,2026-06-01T15:49:34.177Z
170,YX65RNZ,2026-06-01T15:49:34.177Z
170,YX65ROH,2026-06-01T15:49:34.177Z
170,YX65ROU,2026-06-01T15:49:34.177Z
170,YX65RPO,2026-06-01T15:49:34.177Z
170,YX65RPU,2026-06-01T15:49:34.177Z
170,YX65RPV,2026-05-25T13:01:20.469Z
170,YX65RPY,2026-06-01T15:49:34.177Z
170,YX65RPZ,2026-06-01T15:49:34.177Z
170,YX65RRO,2026-06-01T15:49:34.177Z
170,YX65RRU,2026-06-01T15:49:34.177Z
170,YX65RRV,2026-06-01T15:49:34.177Z
170,YX65RRY,2026-06-01T15:49:34.177Z
170,YX65RRZ,2026-05-25T13:01:20.469Z
170,YX65RSO,2026-06-01T15:49:34.177Z
170,YX65RSU,2026-06-01T15:49:34.177Z
170,YX65RSV,2026-06-01T15:49:34.177Z
170,YX65RSY,2026-06-01T15:49:34.177Z
170,YX65RSZ,2026-06-01T15:49:34.177Z
170,YX65RTO,2026-06-01T15:49:34.177Z
171,LF25SFK,2026-05-11T13:42:23.199Z
171,LF74TZK,2026-06-01T15:49:34.177Z
171,LF74TZN,2026-05-11T13:42:23.199Z
171,LF74TZR,2026-06-01T15:49:34.177Z
171,LF74TZT,2026-05-18T12:00:33.874Z
171,SN18KLX,2026-06-01T15:49:34.177Z
171,SN18KLZ,2026-05-04T11:29:17.869Z
171,SN18KMK,2026-05-11T13:42:23.199Z
171,SN18KMM,2026-05-18T12:00:33.874Z
171,SN18KMV,2026-06-01T15:49:34.177Z
171,SN18KMY,2026-05-04T11:29:17.869Z
171,SN18KNC,2026-05-25T13:01:20.469Z
171,SN66WNY,2026-06-01T15:49:34.177Z
171,YW17JTZ,2026-05-25T13:01:20.469Z
171,YW17JUA,2026-06-01T15:49:34.177Z
171,YW17JUE,2026-06-01T15:49:34.177Z
171,YW17JUH,2026-06-01T15:49:34.177Z
171,YW17JUK,2026-05-25T13:01:20.469Z
171,YX18KSJ,2026-05-11T13:42:23.199Z
171,YX18KSU,2026-05-18T12:00:33.874Z
171,YX18KSZ,2026-05-04T11:29:17.869Z
171,YX18KTF,2026-05-25T13:01:20.469Z
171,YX18KTO,2026-05-04T11:29:17.869Z
171,YX67VFH,2026-05-18T12:00:33.874Z
171,YX67VFM,2026-06-01T15:49:34.177Z
171,YX67VFP,2026-05-25T13:01:20.469Z
171,YY67UPX,2026-05-04T11:29:17.869Z
171,YY67URA,2026-06-01T15:49:34.177Z
171,YY67URE,2026-06-01T15:49:34.177Z
171,YY67URG,2026-05-18T12:00:33.874Z
171,YY67URH,2026-06-01T15:49:34.177Z
171,YY67URJ,2026-05-25T13:01:20.469Z
171,YY67URK,2026-05-25T13:01:20.469Z
171,YY67URM,2026-05-25T13:01:20.469Z
171,YY67URN,2026-05-04T11:29:17.869Z
171,YY67URO,2026-05-25T13:01:20.469Z
171,YY67URP,2026-06-01T15:49:34.177Z
171,YY67URR,2026-05-18T12:00:33.874Z
171,YY67URS,2026-05-25T13:01:20.469Z
171,YY67URU,2026-05-25T13:01:20.469Z
171,YY67URW,2026-05-11T13:42:23.199Z
171,YY67URX,2026-05-18T12:00:33.874Z
171,YY67URZ,2026-05-25T13:01:20.469Z
171,YY67UTE,2026-05-11T13:42:23.199Z
171,YY67UTH,2026-06-01T15:49:34.177Z
171,YY67UTJ,2026-05-18T12:00:33.874Z
171,YY67UTL,2026-05-18T12:00:33.874Z
172,LF25SFN,2026-05-11T13:42:23.199Z
172,LF74TZJ,2026-06-01T15:49:34.177Z
172,LF74TZL,2026-05-18T12:00:33.874Z
172,LF74TZP,2026-06-01T15:49:34.177Z
172,LF74TZU,2026-05-25T13:01:20.469Z
172,LV25WXR,2026-05-25T13:01:20.469Z
172,LV25XUJ,2026-06-01T15:49:34.177Z
172,LV25XUM,2026-06-01T15:49:34.177Z
172,LV25XUN,2026-06-01T15:49:34.177Z
172,LV25XUO,2026-05-25T13:01:20.469Z
172,LV25XUP,2026-06-01T15:49:34.177Z
172,LV25XUR,2026-06-01T15:49:34.177Z
172,LV25XUU,2026-06-01T15:49:34.177Z
172,LV25XUW,2026-06-01T15:49:34.177Z
172,LV25XUX,2026-06-01T15:49:34.177Z
172,LV25XUZ,2026-06-01T15:49:34.177Z
172,LX75ZFP,2026-05-11T13:42:23.199Z
172,LX75ZFS,2026-06-01T15:49:34.177Z
172,LX75ZGO,2026-06-01T15:49:34.177Z
173,LV25CNC,2026-06-01T15:49:34.177Z
173,LV25CNE,2026-06-01T15:49:34.177Z
173,LV25CNJ,2026-05-11T13:42:23.199Z
173,LV25CNK,2026-05-18T12:00:33.874Z
173,LV25CNN,2026-06-01T15:49:34.177Z
173,LV25CNO,2026-06-01T15:49:34.177Z
173,LV25CNX,2026-06-01T15:49:34.177Z
173,LV25CNY,2026-06-01T15:49:34.177Z
173,LV25CNZ,2026-06-01T15:49:34.177Z
173,LV25COA,2026-05-25T13:01:20.469Z
173,LV25COH,2026-05-25T13:01:20.469Z
173,LV25COJ,2026-06-01T15:28:31.580Z
173,LV25OSW,2026-05-18T12:00:33.874Z
173,LV75HHF,2026-06-01T15:49:34.177Z
173,MF25HHU,2026-05-18T12:00:33.874Z
173,MF25HJX,2026-05-25T13:01:20.469Z
173,MF25HJY,2026-06-01T15:49:34.177Z
173,MF25HJZ,2026-06-01T15:49:34.177Z
173,MF25HKA,2026-06-01T15:49:34.177Z
173,MF25HKC,2026-05-18T12:00:33.874Z
173,MF25HKD,2026-05-04T11:29:17.869Z
173,MF25HKJ,2026-05-25T13:01:20.469Z
173,MF25HKK,2026-06-01T15:49:34.177Z
173,MF25HKL,2026-05-11T13:42:23.199Z
173,MF25HKM,2026-05-11T13:42:23.199Z
173,MF25HKN,2026-05-11T13:42:23.199Z
173,MF25HKO,2026-06-01T15:49:34.177Z
173,MF25HKP,2026-05-18T12:00:33.874Z
174,LV75FLC,2026-05-18T12:00:33.874Z
174,LV75FLD,2026-06-01T15:49:34.177Z
174,LV75FLE,2026-06-01T15:49:34.177Z
174,LV75FLG,2026-05-11T13:42:23.199Z
174,LV75HHZ,2026-06-01T15:49:34.177Z
174,LV75HJC,2026-05-18T12:00:33.874Z
174,LV75HJD,2026-06-01T15:49:34.177Z
174,LV75HJE,2026-05-11T13:42:23.199Z
174,LV75HJF,2026-05-25T13:01:20.469Z
174,LV75HJG,2026-05-11T13:42:23.199Z
174,LV75HJK,2026-05-25T13:01:20.469Z
174,LV75HJN,2026-05-18T12:00:33.874Z
174,LV75HJO,2026-06-01T15:49:34.177Z
174,LV75HJU,2026-05-18T12:00:33.874Z
174,LV75HJX,2026-06-01T15:49:34.177Z
174,LV75NLG,2026-06-01T15:28:31.580Z
174,LV75NLJ,2026-06-01T15:49:34.177Z
174,LV75NLK,2026-06-01T15:49:34.177Z
174,LX11AZD,2026-06-01T15:49:34.177Z
174,LX11AZF,2026-06-01T15:49:34.177Z
174,LX75ZGZ,2026-05-11T13:42:23.199Z
174,LX75ZHA,2026-06-01T15:28:31.580Z
174,LX75ZHB,2026-05-18T12:00:33.874Z
174,LX75ZHC,2026-05-11T13:42:23.199Z
174,LX75ZHD,2026-06-01T15:49:34.177Z
174,LX75ZHF,2026-05-18T12:00:33.874Z
174,LX75ZHG,2026-06-01T15:49:34.177Z
174,LX75ZHJ,2026-05-04T11:29:17.869Z
174,LX75ZHK,2026-05-25T13:01:20.469Z
174,LX75ZJK,2026-06-01T15:49:34.177Z
174,LX75ZJN,2026-06-01T15:28:31.580Z
174,LX75ZJO,2026-06-01T15:28:31.580Z
174,LX75ZJU,2026-06-01T15:49:34.177Z
174,LX75ZJV,2026-04-29T23:54:22.641Z
174,LX75ZJZ,2026-06-01T15:49:34.177Z
174,LX75ZKA,2026-06-01T15:49:34.177Z
174,LX75ZKB,2026-05-11T13:42:23.199Z
174,LX75ZKC,2026-05-11T13:42:23.199Z
174,LX75ZKD,2026-05-18T12:00:33.874Z
174,LX75ZKE,2026-05-25T13:01:20.469Z
174,LX75ZKF,2026-05-18T12:00:33.874Z
174,LX75ZKG,2026-05-25T13:01:20.469Z
174,LX75ZKH,2026-05-25T13:01:20.469Z
174,LX75ZKN,2026-05-04T11:29:17.869Z
174,LX75ZKO,2026-06-01T15:49:34.177Z
174,LX75ZKP,2026-05-25T13:01:20.469Z
174,LX75ZKS,2026-06-01T15:49:34.177Z
174,LX75ZKT,2026-06-01T15:49:34.177Z
174,LX75ZKU,2026-06-01T15:49:34.177Z
174,MF25HHW,2026-05-04T11:29:17.869Z
174,MF25HJV,2026-05-04T11:29:17.869Z
175,BG14ONS,2026-06-01T15:49:34.177Z
175,BG14ONT,2026-06-01T15:49:34.177Z
175,BG14ONU,2026-05-04T11:29:17.869Z
175,BG14ONV,2026-06-01T15:49:34.177Z
175,BG14ONX,2026-05-11T13:42:23.199Z
175,BG14ONZ,2026-05-25T13:01:20.469Z
175,BG14OOA,2026-06-01T15:28:31.580Z
175,BG14OOB,2026-06-01T15:49:34.177Z
175,BG14OOD,2026-05-04T11:29:17.869Z
175,BJ14KSU,2026-06-01T15:49:34.177Z
175,BJ14KSV,2026-05-18T12:00:33.874Z
175,BJ14KSX,2026-06-01T15:49:34.177Z
175,BN14VZJ,2026-05-25T13:01:20.469Z
175,BN14VZK,2026-05-25T13:01:20.469Z
175,BN14VZL,2026-06-01T15:49:34.177Z
175,BN14VZM,2026-05-25T13:01:20.469Z
175,BN14VZO,2026-05-25T13:01:20.469Z
175,BN14VZP,2026-05-25T13:01:20.469Z
175,BN14VZR,2026-06-01T15:49:34.177Z
175,BN14WAA,2026-05-11T13:42:23.199Z
175,BN14WAE,2026-05-25T13:01:20.469Z
175,BN14WAJ,2026-05-11T13:42:23.199Z
175,BU14EFW,2026-05-18T12:00:33.874Z
175,BU14EFY,2026-05-18T12:00:33.874Z
175,BU14EFZ,2026-06-01T15:28:31.580Z
175,LJ59GVK,2026-06-01T15:49:34.177Z
175,LJ61CDE,2026-06-01T15:49:34.177Z
175,LJ61CDY,2026-05-18T12:00:33.874Z
176,BF65WJA,2026-05-04T11:29:17.869Z
176,BP15OMA,2026-05-04T11:29:17.869Z
176,BP15OMK,2026-06-01T15:49:34.177Z
176,BT66MPU,2026-06-01T15:49:34.177Z
176,BU16OZD,2026-05-04T11:29:17.869Z
176,BV66VJA,2026-05-04T11:29:17.869Z
176,BV66VJC,2026-05-04T11:29:17.869Z
176,BV66VJF,2026-05-18T12:00:33.874Z
176,BV66VJL,2026-05-11T13:42:23.199Z
176,BV66VKD,2026-05-11T13:42:23.199Z
176,BV66VKF,2026-05-18T12:00:33.874Z
176,BV66VLC,2026-05-11T13:42:23.199Z
176,BX14TJV,2026-06-01T15:49:34.177Z
176,SN66WOA,2026-05-25T13:01:20.469Z
176,SN66WOB,2026-05-18T12:00:33.874Z
176,SN66WOM,2026-06-01T15:49:34.177Z
176,SN66WOR,2026-05-04T11:29:17.869Z
176,YX16OCF,2026-05-04T11:29:17.869Z
176,YX16OCH,2026-05-11T13:42:23.199Z
176,YX16OCR,2026-05-25T13:01:20.469Z
176,YY66OYL,2026-06-01T15:49:34.177Z
176,YY67USS,2026-06-01T15:49:34.177Z
177,BF15KGJ,2026-04-29T23:54:22.641Z
177,BF15KGK,2026-05-18T12:00:33.874Z
177,BF15KGN,2026-05-04T11:29:17.869Z
177,BF15KGV,2026-06-01T15:49:34.177Z
177,BF15KGX,2026-04-29T23:54:22.641Z
177,BF15KGY,2026-06-01T15:28:31.580Z
177,BF15KHB,2026-05-18T12:00:33.874Z
177,BF15KHC,2026-05-18T12:00:33.874Z
177,BF15KHD,2026-06-01T15:49:34.177Z
177,BF15KHG,2026-06-01T15:49:34.177Z
177,BF15KHH,2026-05-18T12:00:33.874Z
177,BF15KHJ,2026-06-01T15:49:34.177Z
177,BJ15TVZ,2026-05-04T11:29:17.869Z
177,BJ15TWC,2026-06-01T15:28:31.580Z
177,LX11BKK,2026-06-01T15:49:34.177Z
177,LX12CZT,2026-05-11T13:42:23.199Z
177,LX12CZY,2026-05-11T13:42:23.199Z
177,LX12DCZ,2026-06-01T15:49:34.177Z
177,LX12DDE,2026-05-18T12:00:33.874Z
177,SL14LRO,2026-05-11T13:42:23.199Z
177,SN14TVW,2026-04-29T23:54:22.641Z
177,SN14TVX,2026-06-01T15:49:34.177Z
177,SN14TVZ,2026-04-29T23:54:22.641Z
177,SN14TWA,2026-05-18T12:00:33.874Z
177,SN14TWD,2026-05-25T13:01:20.469Z
177,SN63JWC,2026-06-01T15:49:34.177Z
177,SN63JWD,2026-05-25T13:01:20.469Z
177,SN63JWE,2026-06-01T15:49:34.177Z
177,SN63JWF,2026-05-11T13:42:23.199Z
177,SN63JWG,2026-05-18T12:00:33.874Z
177,SN63JWK,2026-05-18T12:00:33.874Z
177,SN63NBD,2026-05-04T11:29:17.869Z
177,SN63NBG,2026-05-18T12:00:33.874Z
177,SN63NBJ,2026-05-18T12:00:33.874Z
177,SN63NBK,2026-05-04T11:29:17.869Z
177,SN63NBL,2026-05-18T12:00:33.874Z
177,SN63NBO,2026-05-04T11:29:17.869Z
177,SN63NBX,2026-06-01T15:49:34.177Z
177,SN63NBY,2026-06-01T15:28:31.580Z
177,SN63NBZ,2026-05-11T13:42:23.199Z
177,SN64OGM,2026-05-25T13:01:20.469Z
177,SN67XDW,2026-05-04T11:29:17.869Z
177,SN67XEK,2026-05-25T13:01:20.469Z
177,SN67XEP,2026-05-18T12:00:33.874Z
177,SN67XER,2026-05-04T11:29:17.869Z
177,YX16OGD,2026-05-04T11:29:17.869Z
177,YX16OGF,2026-05-18T12:00:33.874Z
177,YX16OGH,2026-04-29T23:54:22.641Z
177,YX16OGK,2026-05-04T11:29:17.869Z
177,YX16OGM,2026-06-01T15:49:34.177Z
177,YX16OGR,2026-06-01T15:49:34.177Z
177,YX16OGU,2026-05-11T13:42:23.199Z
177,YX16OGZ,2026-06-01T15:49:34.177Z
177,YX16OHC,2026-05-04T11:29:17.869Z
177,YX16OHE,2026-05-25T13:01:20.469Z
177,YX16OHH,2026-05-18T12:00:33.874Z
177,YX68UKF,2026-05-25T13:01:20.469Z
177,YX68UKH,2026-06-01T15:49:34.177Z
177,YX68UKR,2026-06-01T15:49:34.177Z
178,LJ61GWW,2026-06-01T15:49:34.177Z
178,SN12APV,2026-05-11T13:42:23.199Z
178,SN61BKL,2026-05-11T13:42:23.199Z
178,SN61DCV,2026-06-01T15:49:34.177Z
178,SN61DCZ,2026-05-25T13:01:20.469Z
178,SN61DDA,2026-05-18T12:00:33.874Z
178,SN62DFX,2026-06-01T15:49:34.177Z
178,SN62DGU,2026-05-25T13:01:20.469Z
178,SN62DHA,2026-06-01T15:28:31.580Z
178,SN62DJO,2026-05-04T11:29:17.869Z
178,SN62DLY,2026-06-01T15:49:34.177Z
178,SN62DLZ,2026-05-11T13:42:23.199Z
178,SN62DMV,2026-06-01T15:49:34.177Z
178,YX12FPA,2026-05-25T13:01:20.469Z
178,YX12FPD,2026-05-11T13:42:23.199Z
178,YX12FPF,2026-06-01T15:49:34.177Z
178,YX12FPK,2026-05-25T13:01:20.469Z
178,YX12FPV,2026-05-18T12:00:33.874Z
179,LX11BFP,2026-06-01T15:49:34.177Z
179,LX11BGE,2026-05-04T11:29:17.869Z
179,SN16OJO,2026-05-25T13:01:20.469Z
179,SN16OJR,2026-04-29T23:54:22.641Z
179,SN16OJS,2026-05-18T12:00:33.874Z
179,SN16OJT,2026-06-01T15:49:34.177Z
179,SN16OJW,2026-05-18T12:00:33.874Z
179,SN16OJY,2026-06-01T15:49:34.177Z
179,SN16OKB,2026-06-01T15:49:34.177Z
179,SN16OKD,2026-05-04T11:29:17.869Z
179,SN16OKF,2026-05-18T12:00:33.874Z
179,SN16OKG,2026-05-11T13:42:23.199Z
179,SN16OKH,2026-05-11T13:42:23.199Z
179,SN16OKJ,2026-05-25T13:01:20.469Z
179,SN16OKK,2026-06-01T15:49:34.177Z
179,SN16OKL,2026-05-25T13:01:20.469Z
179,SN16OKO,2026-06-01T15:28:31.580Z
179,SN16OKP,2026-06-01T15:49:34.177Z
179,YX16OHP,2026-05-11T13:42:23.199Z
179,YX66WAU,2026-05-18T12:00:33.874Z
179,YX66WCP,2026-05-11T13:42:23.199Z
179,YX66WCR,2026-06-01T15:49:34.177Z
179,YX66WCU,2026-05-18T12:00:33.874Z
179,YX67VBC,2026-05-18T12:00:33.874Z
179,YX67VBE,2026-06-01T15:49:34.177Z
179,YY66PHK,2026-05-25T13:01:20.469Z
179,YY66PHN,2026-05-18T12:00:33.874Z
179,YY66PHO,2026-06-01T15:49:34.177Z
179,YY66PHV,2026-05-11T12:08:37.791Z
179,YY66PHX,2026-06-01T15:49:34.177Z
179,YY66PHZ,2026-05-04T11:29:17.869Z
179,YY66PJU,2026-05-11T13:42:23.199Z
179,YY66PKA,2026-05-25T13:01:20.469Z
179,YY66PKE,2026-06-01T15:49:34.177Z
180,BF15KGK,2026-06-01T15:49:34.177Z
180,BF15KGO,2026-05-11T13:42:23.199Z
180,BF15KGU,2026-05-11T13:42:23.199Z
180,BF15KGX,2026-05-18T12:00:33.874Z
180,BF15KGZ,2026-05-25T13:01:20.469Z
180,BF15KHA,2026-05-04T11:29:17.869Z
180,BF15KHB,2026-06-01T15:28:31.580Z
180,BF15KHD,2026-05-04T11:29:17.869Z
180,BF15KHH,2026-06-01T15:49:34.177Z
180,LG21HZM,2026-06-01T15:49:34.177Z
180,LG21HZN,2026-05-18T12:00:33.874Z
180,LG71DPZ,2026-06-01T15:28:31.580Z
180,LG71DRO,2026-06-01T15:49:34.177Z
180,LG71DRV,2026-05-18T12:00:33.874Z
180,LG71DRX,2026-06-01T15:49:34.177Z
180,LG71DRZ,2026-05-25T13:01:20.469Z
180,LG71DSE,2026-06-01T15:28:31.580Z
180,LG71DSO,2026-06-01T15:49:34.177Z
180,LG71DSU,2026-06-01T15:49:34.177Z
180,LG71DSV,2026-06-01T15:49:34.177Z
180,SL14LNR,2026-05-25T13:01:20.469Z
180,SL14LRO,2026-05-25T13:01:20.469Z
180,SN63JWD,2026-04-29T23:54:22.641Z
180,SN63NBK,2026-06-01T15:49:34.177Z
180,SN64OGR,2026-05-11T13:42:23.199Z
180,SN64OGT,2026-05-25T13:01:20.469Z
180,SN67XEB,2026-05-11T13:42:23.199Z
180,SN67XEC,2026-05-11T13:42:23.199Z
180,SN67XEE,2026-06-01T15:49:34.177Z
180,SN67XEG,2026-05-25T13:01:20.469Z
180,SN67XEH,2026-05-18T12:00:33.874Z
180,SN67XEK,2026-05-11T13:42:23.199Z
180,SN67XEP,2026-05-11T13:42:23.199Z
180,YX16OGE,2026-05-04T11:29:17.869Z
180,YX16OGM,2026-05-11T13:42:23.199Z
180,YX16OGO,2026-06-01T15:49:34.177Z
180,YX16OGR,2026-05-18T12:00:33.874Z
180,YX16OGV,2026-05-11T13:42:23.199Z
180,YX16OGZ,2026-05-04T11:29:17.869Z
180,YX16OHB,2026-05-04T11:29:17.869Z
180,YX16OHE,2026-05-18T12:00:33.874Z
180,YX16OHG,2026-05-25T13:01:20.469Z
180,YX16OHH,2026-05-11T13:42:23.199Z
180,YX16OHO,2026-06-01T15:49:34.177Z
180,YX68UKD,2026-06-01T15:49:34.177Z
180,YX68UKF,2026-06-01T15:49:34.177Z
180,YX68UKH,2026-05-25T13:01:20.469Z
180,YX68UKJ,2026-05-18T12:00:33.874Z
180,YX68UKR,2026-05-18T12:00:33.874Z
181,SN67XBM,2026-06-01T15:49:34.177Z
181,SN67XBO,2026-06-01T15:49:34.177Z
181,SN67XBP,2026-06-01T15:49:34.177Z
181,SN67XBR,2026-06-01T15:49:34.177Z
181,SN67XBS,2026-06-01T15:49:34.177Z
181,SN67XBT,2026-06-01T15:49:34.177Z
181,SN67XBU,2026-06-01T15:49:34.177Z
181,SN67XBV,2026-05-18T12:00:33.874Z
181,SN67XBW,2026-06-01T15:49:34.177Z
181,SN67XBX,2026-06-01T15:49:34.177Z
181,SN67XBY,2026-06-01T15:49:34.177Z
181,SN67XBZ,2026-06-01T15:49:34.177Z
181,SN67XCA,2026-05-18T12:00:33.874Z
181,SN67XCB,2026-06-01T15:49:34.177Z
181,SN67XCC,2026-06-01T15:49:34.177Z
181,YY67UUD,2026-05-04T11:29:17.869Z
181,YY67UUE,2026-05-04T11:29:17.869Z
182,LK16DGX,2026-06-01T15:49:34.177Z
182,LK16DGY,2026-05-25T13:01:20.469Z
182,LK16DGZ,2026-06-01T15:49:34.177Z
182,LK16DHA,2026-06-01T15:49:34.177Z
182,LK16DHE,2026-05-18T12:00:33.874Z
182,LK16HZE,2026-05-18T12:00:33.874Z
182,LK16HZF,2026-06-01T15:49:34.177Z
182,LK16HZG,2026-06-01T15:28:31.580Z
182,LK16HZH,2026-06-01T15:49:34.177Z
182,LK16HZJ,2026-05-25T13:01:20.469Z
182,LK16HZL,2026-06-01T15:49:34.177Z
182,LK16HZM,2026-06-01T15:49:34.177Z
182,LK16HZN,2026-06-01T15:49:34.177Z
182,LK16HZP,2026-06-01T15:49:34.177Z
182,LK16HZR,2026-05-11T13:42:23.199Z
182,LK16HZS,2026-05-25T13:01:20.469Z
182,LK16HZT,2026-05-18T12:00:33.874Z
182,LK16HZV,2026-06-01T15:49:34.177Z
182,LK16HZW,2026-04-29T23:54:22.641Z
182,LK62DVJ,2026-04-29T23:54:22.641Z
182,LK62DVR,2026-05-11T13:42:23.199Z
182,LK62DVU,2026-05-18T12:00:33.874Z
182,LK64EHN,2026-05-18T12:00:33.874Z
182,LK64EHP,2026-05-04T11:29:17.869Z
182,LK64EHS,2026-05-25T13:01:20.469Z
182,LK64EHU,2026-05-11T13:42:23.199Z
182,LK64EHV,2026-05-04T11:29:17.869Z
182,LK64EHX,2026-05-25T13:01:20.469Z
182,LK64EJC,2026-05-18T12:00:33.874Z
182,LK64EJE,2026-06-01T15:49:34.177Z
182,LK64EJF,2026-05-18T12:00:33.874Z
182,LK65EOC,2026-06-01T15:49:34.177Z
182,LK66DWC,2026-05-25T13:01:20.469Z
182,LK66DWD,2026-05-25T13:01:20.469Z
182,LK66DWE,2026-05-11T13:42:23.199Z
182,LK66DWF,2026-06-01T15:49:34.177Z
182,LK66DWG,2026-06-01T15:49:34.177Z
182,LK66DWJ,2026-05-25T13:01:20.469Z
182,LK66DWU,2026-05-18T12:00:33.874Z
182,LK66DWV,2026-05-18T12:00:33.874Z
182,LK66DWW,2026-05-04T11:29:17.869Z
182,LK66DWX,2026-06-01T15:49:34.177Z
182,LK66DWY,2026-06-01T15:49:34.177Z
182,LK66DWZ,2026-06-01T15:49:34.177Z
182,LK66DXA,2026-06-01T15:49:34.177Z
182,LK66DXB,2026-06-01T15:49:34.177Z
182,LK66DXC,2026-06-01T15:49:34.177Z
182,LK66ENU,2026-06-01T15:49:34.177Z
182,LK66ENV,2026-05-18T12:00:33.874Z
182,LK66ENX,2026-05-25T13:01:20.469Z
182,LK66ENY,2026-05-25T13:01:20.469Z
182,LK66EOA,2026-05-04T11:29:17.869Z
182,LK66EOB,2026-05-25T13:01:20.469Z
182,LK66EOC,2026-06-01T15:49:34.177Z
183,LG22AUK,2026-06-01T15:49:34.177Z
183,LG22AUL,2026-05-11T13:42:23.199Z
183,LG22AUM,2026-06-01T15:49:34.177Z
183,LG22AUN,2026-06-01T15:49:34.177Z
183,LG22AUO,2026-06-01T15:49:34.177Z
183,LG22AUP,2026-05-11T13:42:23.199Z
183,LG22AUR,2026-06-01T15:49:34.177Z
183,LG22AUT,2026-06-01T15:49:34.177Z
183,LG22AUU,2026-06-01T15:49:34.177Z
183,LG22AUV,2026-06-01T15:49:34.177Z
183,LG22AUW,2026-06-01T15:49:34.177Z
183,LG22AUX,2026-05-18T12:00:33.874Z
183,LG22AUY,2026-06-01T15:49:34.177Z
183,LG22AVB,2026-05-25T13:01:20.469Z
183,LG22AVC,2026-05-25T13:01:20.469Z
183,LG22AVD,2026-06-01T15:49:34.177Z
183,LG22AVE,2026-06-01T15:49:34.177Z
183,LG22AVF,2026-05-11T13:42:23.199Z
183,LG71DWF,2026-05-18T12:00:33.874Z
183,LG71DWX,2026-06-01T15:49:34.177Z
183,LG72EEA,2026-06-01T15:49:34.177Z
183,LG72EEB,2026-06-01T15:49:34.177Z
183,YX68UOS,2026-05-11T13:42:23.199Z
184,LB71ECV,2026-06-01T15:49:34.177Z
184,LB71ECW,2026-06-01T15:49:34.177Z
184,LB71ECX,2026-06-01T15:49:34.177Z
184,LB71XNR,2026-05-25T13:01:20.469Z
184,LB71XNS,2026-06-01T15:49:34.177Z
184,LB71XNT,2026-05-18T12:00:33.874Z
184,LB71XNV,2026-06-01T15:49:34.177Z
184,LB71XNW,2026-05-11T13:42:23.199Z
184,LF20XMT,2026-05-18T12:00:33.874Z
184,LF20XMU,2026-05-25T13:01:20.469Z
184,LF20XMV,2026-06-01T15:49:34.177Z
184,LF20XMX,2026-06-01T15:49:34.177Z
184,LF20XMY,2026-06-01T15:49:34.177Z
184,LF70YWA,2026-06-01T15:28:31.580Z
184,LF70YWC,2026-05-25T13:01:20.469Z
184,LF70YWD,2026-05-11T13:42:23.199Z
184,LF70YWE,2026-06-01T15:49:34.177Z
184,LF70YWG,2026-05-18T12:00:33.874Z
184,LF70YWH,2026-05-18T12:00:33.874Z
184,LF70YWJ,2026-05-18T12:00:33.874Z
184,LF70YWK,2026-06-01T15:49:34.177Z
184,LF70YWL,2026-05-25T13:01:20.469Z
184,LF70YWN,2026-06-01T15:49:34.177Z
184,LF70YWR,2026-06-01T15:49:34.177Z
184,LF70YWS,2026-05-25T13:01:20.469Z
184,LF70YWT,2026-05-04T11:29:17.869Z
184,LF70YWU,2026-05-25T13:01:20.469Z
184,LF70YWW,2026-05-25T13:01:20.469Z
184,LF70YWX,2026-05-18T12:00:33.874Z
184,LJ67DKD,2026-05-25T13:01:20.469Z
184,LJ67DKF,2026-06-01T15:49:34.177Z
184,LJ67DKK,2026-06-01T15:49:34.177Z
184,LJ67DKU,2026-05-18T12:00:33.874Z
185,LA25EXW,2026-05-18T12:00:33.874Z
185,LB23PFU,2026-05-18T12:00:33.874Z
185,LB23PFV,2026-05-18T12:00:33.874Z
185,LB23PFX,2026-06-01T15:49:34.177Z
185,LB23PFY,2026-06-01T15:49:34.177Z
185,LB23PFZ,2026-06-01T15:49:34.177Z
185,LB23PGE,2026-06-01T15:49:34.177Z
185,LB23PGF,2026-05-18T12:00:33.874Z
185,LB23PGK,2026-05-25T13:01:20.469Z
185,LB23PGO,2026-06-01T15:49:34.177Z
185,LB23PGU,2026-06-01T15:49:34.177Z
185,LB23PGV,2026-06-01T15:49:34.177Z
185,LB23PGX,2026-06-01T15:49:34.177Z
185,LB23PGY,2026-05-11T13:42:23.199Z
185,LB23PGZ,2026-06-01T15:49:34.177Z
185,LF75OTX,2026-06-01T15:49:34.177Z
185,LG73FPV,2026-06-01T15:49:34.177Z
185,LG73FPX,2026-05-25T13:01:20.469Z
185,LG73FPY,2026-06-01T15:49:34.177Z
185,LG73FPZ,2026-06-01T15:49:34.177Z
185,LG73FRC,2026-06-01T15:49:34.177Z
185,LG73FRD,2026-06-01T15:49:34.177Z
185,LG73FRJ,2026-06-01T15:49:34.177Z
185,LG73FRK,2026-05-25T13:01:20.469Z
185,LG73FRN,2026-05-11T13:42:23.199Z
185,LG73FRO,2026-06-01T15:49:34.177Z
185,LG73FRP,2026-06-01T15:49:34.177Z
185,LG73FRU,2026-05-18T12:00:33.874Z
185,LG73FRV,2026-06-01T15:49:34.177Z
185,LG73FRZ,2026-04-29T23:54:22.641Z
185,LG73FSA,2026-05-04T11:29:17.869Z
185,LG73FSC,2026-06-01T15:49:34.177Z
185,LG73FSD,2026-05-18T12:00:33.874Z
185,LG73FSE,2026-05-25T13:01:20.469Z
185,LG73FSF,2026-06-01T15:49:34.177Z
185,LG73FSK,2026-05-25T13:01:20.469Z
185,LG73FTJ,2026-06-01T15:49:34.177Z
185,LG73FTK,2026-05-25T13:01:20.469Z
185,LG73FTN,2026-06-01T15:49:34.177Z
185,LG73FTO,2026-06-01T15:49:34.177Z
185,YX16OCG,2026-05-11T13:42:23.199Z
186,LK16DGX,2026-05-11T13:42:23.199Z
186,LK16DGZ,2026-05-18T12:00:33.874Z
186,LK16DHA,2026-05-04T11:29:17.869Z
186,LK16HZE,2026-06-01T15:49:34.177Z
186,LK16HZF,2026-05-04T11:29:17.869Z
186,LK16HZG,2026-04-29T23:54:22.641Z
186,LK16HZH,2026-05-25T13:01:20.469Z
186,LK16HZJ,2026-06-01T15:49:34.177Z
186,LK16HZL,2026-05-25T13:01:20.469Z
186,LK16HZM,2026-05-18T12:00:33.874Z
186,LK16HZP,2026-05-18T12:00:33.874Z
186,LK16HZR,2026-06-01T15:49:34.177Z
186,LK16HZS,2026-05-18T12:00:33.874Z
186,LK16HZT,2026-06-01T15:49:34.177Z
186,LK16HZU,2026-05-18T12:00:33.874Z
186,LK16HZV,2026-05-18T12:00:33.874Z
186,LK16HZW,2026-06-01T15:49:34.177Z
186,LK16HZX,2026-06-01T15:49:34.177Z
186,LK62DVR,2026-06-01T15:49:34.177Z
186,LK64EHN,2026-05-11T13:42:23.199Z
186,LK64EHO,2026-05-11T13:42:23.199Z
186,LK64EHR,2026-05-18T12:00:33.874Z
186,LK64EHT,2026-06-01T15:49:34.177Z
186,LK64EHU,2026-05-25T13:01:20.469Z
186,LK64EHV,2026-05-25T13:01:20.469Z
186,LK64EHX,2026-06-01T15:49:34.177Z
186,LK64EHZ,2026-05-18T12:00:33.874Z
186,LK64EJA,2026-05-25T13:01:20.469Z
186,LK64EJD,2026-05-18T12:00:33.874Z
186,LK64EJF,2026-06-01T15:49:34.177Z
186,LK65ECD,2026-05-25T13:01:20.469Z
186,LK65EOC,2026-05-25T13:01:20.469Z
186,LK66DWC,2026-05-04T11:29:17.869Z
186,LK66DWD,2026-06-01T15:49:34.177Z
186,LK66DWE,2026-05-18T12:00:33.874Z
186,LK66DWG,2026-05-11T13:42:23.199Z
186,LK66DWJ,2026-06-01T15:49:34.177Z
186,LK66DWL,2026-05-11T13:42:23.199Z
186,LK66DWP,2026-06-01T15:49:34.177Z
186,LK66DWY,2026-05-11T13:42:23.199Z
186,LK66DWZ,2026-05-04T11:29:17.869Z
186,LK66DXA,2026-05-25T13:01:20.469Z
186,LK66DXB,2026-05-04T11:29:17.869Z
186,LK66ENU,2026-05-11T13:42:23.199Z
186,LK66ENW,2026-06-01T15:49:34.177Z
186,LK66ENX,2026-06-01T15:49:34.177Z
186,LK66ENY,2026-05-18T12:00:33.874Z
186,LK66EOA,2026-05-25T13:01:20.469Z
186,LK66EOB,2026-06-01T15:49:34.177Z
186,LK66EOC,2026-05-25T13:01:20.469Z
187,LF73DVN,2026-05-18T12:00:33.874Z
187,LF73DVO,2026-06-01T15:49:34.177Z
187,LF73DVP,2026-06-01T15:49:34.177Z
187,LF73DVR,2026-05-25T13:01:20.469Z
187,LF73DVT,2026-06-01T15:49:34.177Z
187,LF73DVU,2026-06-01T15:49:34.177Z
187,LF73DVV,2026-05-11T13:42:23.199Z
187,LF73DVW,2026-06-01T15:49:34.177Z
187,LF73DVX,2026-05-18T12:00:33.874Z
187,LF73DVY,2026-06-01T15:49:34.177Z
187,LF73DVZ,2026-05-18T12:00:33.874Z
187,LF73DWA,2026-05-18T12:00:33.874Z
187,LF73DWC,2026-06-01T15:49:34.177Z
187,LF73DWD,2026-06-01T15:49:34.177Z
187,LF73DWE,2026-06-01T15:49:34.177Z
187,LF73DWJ,2026-06-01T15:49:34.177Z
187,LF73DWK,2026-05-11T13:42:23.199Z
187,LF73DWM,2026-05-25T13:01:20.469Z
187,LF73DWN,2026-05-18T12:00:33.874Z
187,LF73DWO,2026-05-25T13:01:20.469Z
187,LF73DWP,2026-05-18T12:00:33.874Z
187,LF73DWW,2026-06-01T15:49:34.177Z
188,BF65WJA,2026-04-29T23:54:22.641Z
188,BV66VJA,2026-04-29T23:54:22.641Z
188,LA25EVM,2026-06-01T15:49:34.177Z
188,LA25EVN,2026-06-01T15:49:34.177Z
188,LA25EVP,2026-06-01T15:49:34.177Z
188,LA25EVR,2026-05-18T12:00:33.874Z
188,LA25EVT,2026-06-01T15:49:34.177Z
188,LA25EVV,2026-06-01T15:28:31.580Z
188,LA25EVX,2026-06-01T15:49:34.177Z
188,LA25EWB,2026-06-01T15:49:34.177Z
188,LA25EWC,2026-06-01T15:49:34.177Z
188,LA25EWD,2026-06-01T15:28:31.580Z
188,LA25EWE,2026-06-01T15:49:34.177Z
188,LA25EWF,2026-06-01T15:49:34.177Z
188,LA25EWG,2026-06-01T15:49:34.177Z
188,LA25EWM,2026-06-01T15:49:34.177Z
188,LA25EXW,2026-06-01T15:49:34.177Z
188,LF74TVP,2026-06-01T15:49:34.177Z
188,LF75OTM,2026-06-01T15:49:34.177Z
188,LF75OTN,2026-05-25T13:01:20.469Z
188,LF75OTR,2026-06-01T15:49:34.177Z
188,LF75OTS,2026-06-01T15:49:34.177Z
188,LF75OTU,2026-06-01T15:49:34.177Z
188,LF75OTV,2026-06-01T15:49:34.177Z
188,LF75OTW,2026-06-01T15:49:34.177Z
188,LF75OTX,2026-05-25T13:01:20.469Z
188,LF75OUA,2026-05-25T13:01:20.469Z
190,LK12AEW,2026-05-11T13:42:23.199Z
190,LK17DBU,2026-05-04T11:29:17.869Z
190,LK17DBZ,2026-05-04T11:29:17.869Z
190,LK17DDJ,2026-05-04T11:29:17.869Z
190,LK18AKU,2026-04-29T23:54:22.641Z
190,LK66EOP,2026-06-01T15:49:34.177Z
190,LK66EOR,2026-06-01T15:28:31.580Z
190,LK66EOS,2026-06-01T15:49:34.177Z
190,LK66FSE,2026-06-01T15:49:34.177Z
190,LK66FSF,2026-06-01T15:49:34.177Z
190,LK66FSG,2026-06-01T15:49:34.177Z
190,LK66FSJ,2026-05-18T12:00:33.874Z
190,LK66FSL,2026-06-01T15:49:34.177Z
190,LK66FSN,2026-06-01T15:49:34.177Z
190,LK66FSO,2026-06-01T15:49:34.177Z
190,LK66FSP,2026-06-01T15:49:34.177Z
190,LK67EOM,2026-05-04T11:29:17.869Z
191,LJ13CCO,2026-06-01T15:49:34.177Z
191,LJ13CCU,2026-05-18T12:00:33.874Z
191,LJ13CCV,2026-06-01T15:49:34.177Z
191,LJ13CCY,2026-05-11T13:42:23.199Z
191,LJ13CCZ,2026-06-01T15:49:34.177Z
191,LJ13CDE,2026-06-01T15:49:34.177Z
191,LJ13CDK,2026-06-01T15:49:34.177Z
191,LJ13CDN,2026-05-11T13:42:23.199Z
191,LJ13CDU,2026-05-11T13:42:23.199Z
191,LJ13CEN,2026-05-11T13:42:23.199Z
191,LJ13CEO,2026-05-11T13:42:23.199Z
191,LJ13CEU,2026-05-18T12:00:33.874Z
191,LJ13CJE,2026-05-04T11:29:17.869Z
191,LJ13CJF,2026-06-01T15:49:34.177Z
191,LJ13CJO,2026-06-01T15:49:34.177Z
191,LJ13CJU,2026-06-01T15:28:31.580Z
191,LJ13CJV,2026-05-11T13:42:23.199Z
191,LJ13CKD,2026-06-01T15:49:34.177Z
191,LJ13CKE,2026-05-25T13:01:20.469Z
191,LJ13CKF,2026-06-01T15:49:34.177Z
191,LJ13CKG,2026-05-18T12:00:33.874Z
191,LJ13CKK,2026-06-01T15:49:34.177Z
191,LJ13CKL,2026-05-11T13:42:23.199Z
191,LJ13CKN,2026-06-01T15:49:34.177Z
191,LJ13CKP,2026-05-04T11:29:17.869Z
191,LJ13CKX,2026-05-25T13:01:20.469Z
191,LJ13CLF,2026-06-01T15:49:34.177Z
191,LJ13CLV,2026-06-01T15:49:34.177Z
191,LJ13CLZ,2026-06-01T15:49:34.177Z
191,LJ13CME,2026-05-18T12:00:33.874Z
191,LJ13CMF,2026-05-25T13:01:20.469Z
191,LJ13CMK,2026-06-01T15:28:31.580Z
191,LJ61CCD,2026-06-01T15:49:34.177Z
191,LJ62FNF,2026-06-01T15:49:34.177Z
191,LJ62FNG,2026-05-25T13:01:20.469Z
191,LJ62FNR,2026-05-25T13:01:20.469Z
192,YX69NYA,2026-06-01T15:49:34.177Z
192,YX69NYB,2026-06-01T15:49:34.177Z
192,YX69NYC,2026-06-01T15:49:34.177Z
192,YX69NYD,2026-06-01T15:49:34.177Z
192,YX69NYF,2026-06-01T15:49:34.177Z
192,YX69NYG,2026-06-01T15:49:34.177Z
192,YX69NYH,2026-06-01T15:49:34.177Z
192,YX69NYK,2026-06-01T15:49:34.177Z
192,YX69NYL,2026-06-01T15:49:34.177Z
192,YX69NYM,2026-06-01T15:49:34.177Z
192,YX69NYN,2026-06-01T15:49:34.177Z
192,YX69NYO,2026-06-01T15:49:34.177Z
192,YX69NYP,2026-06-01T15:49:34.177Z
192,YX69NYR,2026-05-25T13:01:20.469Z
192,YX69NYS,2026-06-01T15:49:34.177Z
192,YX69NYT,2026-06-01T15:49:34.177Z
192,YX69NYU,2026-05-18T12:00:33.874Z
193,LX13CYW,2026-05-18T12:00:33.874Z
193,YX68UMF,2026-05-18T12:00:33.874Z
193,YX68UMJ,2026-05-04T11:29:17.869Z
193,YY18TKA,2026-06-01T15:49:34.177Z
193,YY18TKC,2026-06-01T15:49:34.177Z
193,YY18TKD,2026-06-01T15:49:34.177Z
193,YY18TKE,2026-06-01T15:49:34.177Z
193,YY18TKF,2026-06-01T15:49:34.177Z
193,YY18TKJ,2026-06-01T15:49:34.177Z
193,YY18TKK,2026-06-01T15:49:34.177Z
193,YY18TKN,2026-05-25T13:01:20.469Z
193,YY18TKO,2026-06-01T15:49:34.177Z
193,YY18TKT,2026-06-01T15:49:34.177Z
193,YY18TKU,2026-06-01T15:49:34.177Z
193,YY18TKV,2026-06-01T15:49:34.177Z
194,LJ10CUU,2026-06-01T15:49:34.177Z
194,LJ10CUW,2026-06-01T15:49:34.177Z
194,LJ10CVC,2026-06-01T15:49:34.177Z
194,LJ10CVD,2026-05-11T13:42:23.199Z
194,LJ10CVO,2026-05-18T12:00:33.874Z
194,LJ10CVP,2026-06-01T15:49:34.177Z
194,LJ13CDV,2026-05-04T11:29:17.869Z
194,LJ13CDX,2026-05-18T12:00:33.874Z
194,LJ13CDY,2026-05-18T12:00:33.874Z
194,LJ13CEA,2026-06-01T15:49:34.177Z
194,LJ13CFE,2026-06-01T15:49:34.177Z
194,LJ13CFF,2026-06-01T15:49:34.177Z
194,LJ13CFG,2026-05-04T11:29:17.869Z
194,LJ13CFK,2026-06-01T15:28:31.580Z
194,LJ13CFL,2026-06-01T15:49:34.177Z
194,LJ13CFM,2026-05-25T13:01:20.469Z
194,LJ13CHL,2026-06-01T15:49:34.177Z
194,LJ13CHN,2026-06-01T15:49:34.177Z
194,LJ13CHO,2026-06-01T15:49:34.177Z
194,LJ59LWS,2026-05-25T13:01:20.469Z
194,LJ59LWU,2026-05-25T13:01:20.469Z
194,LJ59LXU,2026-06-01T15:49:34.177Z
194,LJ59LXV,2026-05-11T13:42:23.199Z
194,LJ59LXY,2026-05-11T13:42:23.199Z
194,LJ59LXZ,2026-05-18T12:00:33.874Z
194,LJ60AYA,2026-06-01T15:49:34.177Z
195,LV73FGZ,2026-05-04T11:29:17.869Z
195,SN17MMV,2026-05-11T12:08:37.791Z
195,SN17MMX,2026-05-25T13:01:20.469Z
195,SN17MOA,2026-06-01T15:49:34.177Z
195,SN17MOF,2026-06-01T15:49:34.177Z
195,SN17MOU,2026-06-01T15:49:34.177Z
195,SN17MOV,2026-06-01T15:28:31.580Z
195,SN17MPE,2026-06-01T15:49:34.177Z
195,SN17MPF,2026-06-01T15:49:34.177Z
195,SN17MPO,2026-06-01T15:49:34.177Z
195,SN17MPU,2026-06-01T15:49:34.177Z
195,SN17MPV,2026-06-01T15:49:34.177Z
195,SN17MPY,2026-06-01T15:49:34.177Z
195,SN17MPZ,2026-06-01T15:49:34.177Z
195,SN17MRO,2026-05-25T13:01:20.469Z
195,SN17MRU,2026-06-01T15:49:34.177Z
195,SN17MRV,2026-06-01T15:49:34.177Z
195,YX13EHJ,2026-05-11T13:42:23.199Z
195,YX16ODK,2026-06-01T15:49:34.177Z
195,YX16OGC,2026-06-01T15:49:34.177Z
195,YX67VDY,2026-05-25T13:01:20.469Z
195,YX67VEK,2026-05-25T13:01:20.469Z
195,YX67VEP,2026-05-18T12:00:33.874Z
196,YX25ODU,2026-05-25T13:01:20.469Z
196,YX25ODV,2026-06-01T15:49:34.177Z
196,YX25ODW,2026-06-01T15:49:34.177Z
196,YX25ODY,2026-05-25T13:01:20.469Z
196,YX25OEA,2026-06-01T15:49:34.177Z
196,YX25OEB,2026-06-01T15:49:34.177Z
196,YX25OEC,2026-05-11T13:42:23.199Z
196,YX25OED,2026-06-01T15:49:34.177Z
196,YX25OEE,2026-05-25T13:01:20.469Z
196,YX25OEF,2026-06-01T15:49:34.177Z
196,YX25OEG,2026-06-01T15:49:34.177Z
196,YX25OEH,2026-06-01T15:49:34.177Z
196,YX25OEJ,2026-06-01T15:49:34.177Z
196,YX25OEK,2026-06-01T15:49:34.177Z
196,YX25OEL,2026-06-01T15:49:34.177Z
196,YX25OEM,2026-06-01T15:49:34.177Z
196,YX25OEN,2026-06-01T15:49:34.177Z
196,YX25OEO,2026-06-01T15:49:34.177Z
197,BV66VKR,2026-05-18T12:00:33.874Z
197,YW19VVA,2026-06-01T15:49:34.177Z
197,YW19VVB,2026-06-01T15:49:34.177Z
197,YW19VVC,2026-06-01T15:49:34.177Z
197,YW19VVD,2026-06-01T15:49:34.177Z
197,YW19VVE,2026-05-18T12:00:33.874Z
197,YW19VVG,2026-06-01T15:49:34.177Z
197,YW19VVH,2026-06-01T15:49:34.177Z
197,YW19VVJ,2026-06-01T15:49:34.177Z
197,YW19VVK,2026-05-25T13:01:20.469Z
197,YW19VVL,2026-05-25T13:01:20.469Z
197,YW19VVM,2026-06-01T15:49:34.177Z
197,YW19VVN,2026-05-25T13:01:20.469Z
197,YW19VVO,2026-06-01T15:49:34.177Z
197,YW19VVP,2026-05-18T12:00:33.874Z
197,YW19VVR,2026-04-29T23:54:22.641Z
197,YX18KPT,2026-06-01T15:49:34.177Z
197,YX18KPZ,2026-06-01T15:49:34.177Z
197,YX18KRD,2026-06-01T15:49:34.177Z
197,YX18KRE,2026-05-18T12:00:33.874Z
197,YX18KRF,2026-05-25T13:01:20.469Z
197,YX18KRK,2026-05-18T12:00:33.874Z
197,YX18KRN,2026-05-18T12:00:33.874Z
197,YX66WHE,2026-05-11T13:42:23.199Z
197,YX66WHF,2026-06-01T15:49:34.177Z
197,YX66WHG,2026-06-01T15:49:34.177Z
197,YX66WHH,2026-05-25T13:01:20.469Z
197,YX66WHK,2026-06-01T15:49:34.177Z
197,YX66WHM,2026-05-11T13:42:23.199Z
197,YY66OYK,2026-04-29T23:54:22.641Z
198,LK17AGV,2026-05-18T12:00:33.874Z
198,LK17AGZ,2026-05-04T11:29:17.869Z
198,LK17AJO,2026-06-01T15:49:34.177Z
198,LK17AKO,2026-05-11T13:42:23.199Z
198,LK17AKV,2026-05-25T13:01:20.469Z
198,LK17AKX,2026-06-01T15:49:34.177Z
198,LK17AMU,2026-05-11T13:42:23.199Z
198,LK17AMX,2026-05-18T12:00:33.874Z
198,LK65BYV,2026-05-25T13:01:20.469Z
198,LK66GZM,2026-06-01T15:49:34.177Z
198,LK66GZN,2026-06-01T15:49:34.177Z
198,LK66GZO,2026-06-01T15:49:34.177Z
198,LK66GZP,2026-06-01T15:49:34.177Z
198,LK66GZS,2026-05-18T12:00:33.874Z
198,LK66GZU,2026-06-01T15:49:34.177Z
198,LK66GZW,2026-05-18T12:00:33.874Z
198,LK66GZY,2026-06-01T15:49:34.177Z
198,LK66HAE,2026-06-01T15:49:34.177Z
198,LK66HAO,2026-05-04T11:29:17.869Z
199,BL65OYD,2026-04-29T23:54:22.641Z
199,BL65OYK,2026-04-29T23:54:22.641Z
199,LV73FDX,2026-05-18T12:00:33.874Z
199,LV73FDY,2026-06-01T15:49:34.177Z
199,LV73FEF,2026-05-18T12:00:33.874Z
199,LV73FEG,2026-05-25T13:01:20.469Z
199,LV73FEH,2026-06-01T15:49:34.177Z
199,LV73FEJ,2026-06-01T15:49:34.177Z
199,LV73FEK,2026-06-01T15:49:34.177Z
199,LV73FEM,2026-06-01T15:49:34.177Z
199,LV73FEO,2026-06-01T15:49:34.177Z
199,LV73FEP,2026-05-11T13:42:23.199Z
199,LV73FET,2026-06-01T15:49:34.177Z
199,LV73FEU,2026-06-01T15:49:34.177Z
199,LV73FEX,2026-05-11T13:42:23.199Z
199,LV75FLK,2026-06-01T15:28:31.580Z
199,LV75HGU,2026-06-01T15:49:34.177Z
199,LV75HGZ,2026-06-01T15:28:31.580Z
199,LV75HHC,2026-06-01T15:49:34.177Z
199,LV75HHD,2026-05-18T12:00:33.874Z
200,BD65EVN,2026-05-11T13:42:23.199Z
200,BD65EWW,2026-05-04T11:29:17.869Z
200,BT65JGV,2026-05-18T12:00:33.874Z
200,BT66MSY,2026-05-18T12:00:33.874Z
200,LV25OTA,2026-05-25T13:01:20.469Z
200,LV25OTB,2026-05-25T13:01:20.469Z
200,LV25WXK,2026-05-04T11:29:17.869Z
200,LV25WXN,2026-05-04T11:29:17.869Z
200,LX75ZFE,2026-05-04T11:29:17.869Z
200,LX75ZFR,2026-05-18T12:00:33.874Z
200,LY71GHZ,2026-06-01T15:49:34.177Z
200,YJ21EYA,2026-05-11T13:42:23.199Z
200,YJ21EYB,2026-06-01T15:49:34.177Z
200,YJ21EYC,2026-05-25T13:01:20.469Z
200,YJ21EYD,2026-06-01T15:49:34.177Z
200,YJ21EYF,2026-06-01T15:49:34.177Z
200,YJ21EYG,2026-06-01T15:49:34.177Z
200,YJ21EYH,2026-06-01T15:49:34.177Z
200,YJ21EYK,2026-06-01T15:49:34.177Z
200,YJ21EYL,2026-06-01T15:49:34.177Z
200,YJ21EYM,2026-06-01T15:49:34.177Z
200,YJ21EYO,2026-05-25T13:01:20.469Z
200,YJ21EYR,2026-06-01T15:49:34.177Z
200,YJ21EYT,2026-06-01T15:49:34.177Z
200,YJ21EYU,2026-06-01T15:49:34.177Z
200,YJ21EYV,2026-06-01T15:49:34.177Z
200,YJ21EYW,2026-06-01T15:49:34.177Z
201,SN17MWY,2026-06-01T15:49:34.177Z
201,YX10EBD,2026-05-18T12:00:33.874Z
201,YX11HPC,2026-06-01T15:49:34.177Z
201,YX62DAU,2026-06-01T15:49:34.177Z
201,YX62DFO,2026-06-01T15:49:34.177Z
201,YX62DVG,2026-05-11T13:42:23.199Z
201,YY64TZP,2026-05-25T13:01:20.469Z
201,YY64TZR,2026-05-18T12:00:33.874Z
201,YY64TZS,2026-06-01T15:49:34.177Z
201,YY64TZT,2026-05-18T12:00:33.874Z
201,YY64TZU,2026-06-01T15:49:34.177Z
201,YY64TZV,2026-05-18T12:00:33.874Z
201,YY64YJH,2026-05-04T11:29:17.869Z
201,YY64YJJ,2026-06-01T15:49:34.177Z
201,YY64YJK,2026-06-01T15:49:34.177Z
201,YY64YJL,2026-06-01T15:49:34.177Z
201,YY64YJM,2026-05-18T12:00:33.874Z
201,YY64YKB,2026-05-25T13:01:20.469Z
202,LC67AJU,2026-05-18T12:00:33.874Z
202,LC67AJV,2026-06-01T15:49:34.177Z
202,LK17AGU,2026-05-25T13:01:20.469Z
202,LK17AHD,2026-05-25T13:01:20.469Z
202,SK20BFY,2026-06-01T15:28:31.580Z
202,SK20BFZ,2026-06-01T15:49:34.177Z
202,SK20BGE,2026-06-01T15:49:34.177Z
202,SK20BGF,2026-06-01T15:49:34.177Z
202,SK20BGO,2026-06-01T15:49:34.177Z
202,SK20BGU,2026-06-01T15:49:34.177Z
202,SK20BGV,2026-06-01T15:49:34.177Z
202,SK20BGX,2026-06-01T15:49:34.177Z
202,SK20BGY,2026-06-01T15:49:34.177Z
202,SK20BGZ,2026-06-01T15:49:34.177Z
202,SK20BHA,2026-06-01T15:49:34.177Z
202,SK70BUU,2026-05-25T13:01:20.469Z
202,SK70BUV,2026-05-18T12:00:33.874Z
202,SK70BUW,2026-06-01T15:49:34.177Z
202,SK70BVA,2026-06-01T15:49:34.177Z
202,SK70BVE,2026-06-01T15:49:34.177Z
202,SK70BVF,2026-06-01T15:49:34.177Z
203,LF18AYA,2026-05-25T13:01:20.469Z
203,LF18AYB,2026-06-01T15:49:34.177Z
203,LF18AYC,2026-06-01T15:49:34.177Z
203,LF18AYD,2026-06-01T15:49:34.177Z
203,LF18AYE,2026-05-18T12:00:33.874Z
203,LF18AYG,2026-06-01T15:49:34.177Z
203,LJ16EVF,2026-05-11T13:42:23.199Z
203,LJ16EVG,2026-06-01T15:49:34.177Z
203,LJ16EVH,2026-05-25T13:01:20.469Z
203,LJ16EVK,2026-05-18T12:00:33.874Z
203,LJ16EVL,2026-05-18T12:00:33.874Z
203,LJ65FZK,2026-06-01T15:49:34.177Z
203,SN12ATX,2026-05-18T12:00:33.874Z
204,LV23DGX,2026-05-11T13:42:23.199Z
204,LV23DGY,2026-05-11T13:42:23.199Z
204,LV23DHA,2026-05-11T13:42:23.199Z
204,LV23DHC,2026-05-25T13:01:20.469Z
204,LV23DHD,2026-06-01T15:49:34.177Z
204,LV23DHE,2026-05-11T13:42:23.199Z
204,LV23DHF,2026-06-01T15:49:34.177Z
204,LV23DHG,2026-05-18T12:00:33.874Z
204,LV23DHJ,2026-06-01T15:49:34.177Z
204,LV23DHK,2026-06-01T15:49:34.177Z
204,LV23DHN,2026-05-18T12:00:33.874Z
204,LV23DHO,2026-05-18T12:00:33.874Z
204,LV23DHP,2026-05-04T11:29:17.869Z
204,LV23DHX,2026-06-01T15:49:34.177Z
204,LV23DHY,2026-05-18T12:00:33.874Z
204,LV23DHZ,2026-05-11T13:42:23.199Z
204,LV23DJD,2026-06-01T15:49:34.177Z
204,LV23DJE,2026-05-04T11:29:17.869Z
204,LV23DJF,2026-05-04T11:29:17.869Z
204,LV23DJK,2026-05-18T12:00:33.874Z
204,LV23DJO,2026-06-01T15:49:34.177Z
204,LV23DJU,2026-06-01T15:49:34.177Z
204,LV23DJX,2026-05-25T13:01:20.469Z
204,LV23DJZ,2026-06-01T15:49:34.177Z
204,LV23EBD,2026-05-18T12:00:33.874Z
204,LV23EBF,2026-06-01T15:49:34.177Z
204,LV23EBG,2026-05-25T13:01:20.469Z
204,LV24VOJ,2026-05-18T12:00:33.874Z
204,LV24VOM,2026-05-18T12:00:33.874Z
204,LV24VOO,2026-06-01T15:49:34.177Z
204,LV24VOP,2026-05-25T13:01:20.469Z
204,LV24VOU,2026-06-01T15:49:34.177Z
204,LV24VPA,2026-06-01T15:49:34.177Z
204,LV24VPC,2026-05-18T12:00:33.874Z
204,LV24VPE,2026-05-11T13:42:23.199Z
204,LV24VPF,2026-05-04T11:29:17.869Z
204,LV24VPJ,2026-05-11T13:42:23.199Z
204,LV24VPK,2026-05-11T13:42:23.199Z
204,LV24VPL,2026-06-01T15:49:34.177Z
204,LV24VPM,2026-04-29T23:54:22.641Z
204,LV24VPO,2026-06-01T15:49:34.177Z
204,LV24VPP,2026-05-25T13:01:20.469Z
204,LV24VPR,2026-05-11T13:42:23.199Z
204,LV24VPT,2026-05-18T12:00:33.874Z
205,SK14CSX,2026-06-01T15:49:34.177Z
205,SK20BBJ,2026-05-25T13:01:20.469Z
205,SK20BCE,2026-05-04T11:29:17.869Z
205,SK20BCO,2026-05-25T13:01:20.469Z
205,SL14LNT,2026-06-01T15:49:34.177Z
205,SL14LNU,2026-06-01T15:49:34.177Z
205,SL14LNV,2026-06-01T15:49:34.177Z
205,SL14LNW,2026-06-01T15:49:34.177Z
205,SL14LNX,2026-06-01T15:49:34.177Z
205,SL14LNY,2026-05-25T13:01:20.469Z
205,SL14LNZ,2026-06-01T15:49:34.177Z
205,SN14TXW,2026-06-01T15:49:34.177Z
205,SN14TYD,2026-05-25T13:01:20.469Z
205,SN14TYF,2026-06-01T15:49:34.177Z
205,SN14TYG,2026-05-25T13:01:20.469Z
205,SN14TYH,2026-06-01T15:49:34.177Z
205,SN14TYK,2026-06-01T15:49:34.177Z
205,SN14TYP,2026-06-01T15:49:34.177Z
205,SN14TYS,2026-06-01T15:49:34.177Z
205,SN14TYT,2026-06-01T15:49:34.177Z
205,SN14TYU,2026-06-01T15:49:34.177Z
205,SN14TYV,2026-06-01T15:49:34.177Z
205,SN18KUE,2026-06-01T15:49:34.177Z
205,SN62DND,2026-06-01T15:49:34.177Z
205,SN64OGG,2026-06-01T15:49:34.177Z
205,YX19OMC,2026-05-11T13:42:23.199Z
205,YX19OMF,2026-05-11T13:42:23.199Z
206,LF25SVZ,2026-06-01T15:49:34.177Z
206,LG75YYN,2026-05-04T11:29:17.869Z
206,LG75YYP,2026-05-18T12:00:33.874Z
206,LG75YYU,2026-05-11T13:42:23.199Z
206,LJ24ZKZ,2026-06-01T15:49:34.177Z
206,LJ24ZLE,2026-05-04T11:29:17.869Z
206,LJ24ZLK,2026-05-25T13:01:20.469Z
206,LJ24ZLN,2026-05-25T13:01:20.469Z
206,LJ24ZLO,2026-05-25T13:01:20.469Z
206,LJ24ZLU,2026-05-11T13:42:23.199Z
206,LJ24ZLV,2026-05-18T12:00:33.874Z
206,LJ24ZLY,2026-06-01T15:49:34.177Z
206,LJ24ZMU,2026-05-18T12:00:33.874Z
206,LJ24ZMV,2026-05-18T12:00:33.874Z
206,LJ24ZMY,2026-06-01T15:49:34.177Z
206,LJ24ZNA,2026-05-18T12:00:33.874Z
206,LJ24ZNB,2026-06-01T15:49:34.177Z
206,LJ24ZNE,2026-05-04T11:29:17.869Z
206,LJ24ZNF,2026-05-11T13:42:23.199Z
206,LJ24ZNG,2026-05-18T12:00:33.874Z
206,LJ24ZNH,2026-06-01T15:49:34.177Z
206,LJ24ZNK,2026-05-25T13:01:20.469Z
206,LJ24ZNL,2026-05-25T13:01:20.469Z
206,LJ75WBY,2026-06-01T15:49:34.177Z
206,LJ75WBZ,2026-05-04T11:29:17.869Z
206,LJ75WCA,2026-06-01T15:49:34.177Z
206,LJ75WCC,2026-06-01T15:49:34.177Z
206,LJ75WCD,2026-06-01T15:49:34.177Z
206,LJ75WCE,2026-06-01T15:49:34.177Z
206,LJ75WCG,2026-06-01T15:49:34.177Z
206,LK16DFC,2026-05-18T12:00:33.874Z
207,SK20BAU,2026-06-01T15:49:34.177Z
207,SL14DDZ,2026-05-18T12:00:33.874Z
207,SN12AUE,2026-06-01T15:49:34.177Z
207,SN18KKR,2026-06-01T15:49:34.177Z
207,SN18KKS,2026-05-18T12:00:33.874Z
207,SN18KKU,2026-06-01T15:49:34.177Z
207,SN18KKV,2026-05-25T13:01:20.469Z
207,SN18KKW,2026-06-01T15:49:34.177Z
207,SN18KKX,2026-05-25T13:01:20.469Z
207,SN18KKY,2026-06-01T15:49:34.177Z
207,SN18KKZ,2026-06-01T15:49:34.177Z
207,SN18KLA,2026-05-11T13:42:23.199Z
207,SN18KLC,2026-06-01T15:49:34.177Z
207,SN18KLD,2026-06-01T15:49:34.177Z
207,SN18KLE,2026-05-04T11:29:17.869Z
207,SN18KLF,2026-06-01T15:49:34.177Z
207,SN18KLJ,2026-05-18T12:00:33.874Z
207,SN18KLK,2026-06-01T15:49:34.177Z
207,SN61CXX,2026-06-01T15:49:34.177Z
207,SN61CYC,2026-06-01T15:49:34.177Z
207,SN61DGY,2026-06-01T15:49:34.177Z
207,SN61DGZ,2026-06-01T15:49:34.177Z
207,YX15OWD,2026-05-25T13:01:20.469Z
207,YX15OWE,2026-05-18T12:00:33.874Z
207,YX15OWG,2026-06-01T15:49:34.177Z
207,YX15OXA,2026-05-25T13:01:20.469Z
207,YX17NUW,2026-05-25T13:01:20.469Z
207,YX17NVA,2026-05-11T13:42:23.199Z
207,YX17NVB,2026-06-01T15:49:34.177Z
207,YX17NVC,2026-05-18T12:00:33.874Z
207,YX17NVE,2026-06-01T15:28:31.580Z
207,YX17NVF,2026-06-01T15:49:34.177Z
207,YX17NVH,2026-06-01T15:49:34.177Z
207,YX17NVJ,2026-06-01T15:49:34.177Z
207,YX17NVL,2026-05-18T12:00:33.874Z
207,YX17NVN,2026-05-11T13:42:23.199Z
207,YX17NVP,2026-05-11T13:42:23.199Z
207,YX19ORG,2026-06-01T15:49:34.177Z
207,YX19ORH,2026-05-25T13:01:20.469Z
207,YX19ORJ,2026-06-01T15:49:34.177Z
207,YX19ORK,2026-06-01T15:49:34.177Z
207,YX19ORL,2026-06-01T15:49:34.177Z
207,YX20OCB,2026-06-01T15:49:34.177Z
208,LD72YAE,2026-06-01T15:49:34.177Z
208,LF74TZZ,2026-05-11T13:42:23.199Z
208,LF74UAB,2026-05-11T13:42:23.199Z
208,LF74UAH,2026-05-11T13:42:23.199Z
208,YW19VPC,2026-06-01T15:49:34.177Z
208,YW19VPD,2026-06-01T15:49:34.177Z
208,YW19VPE,2026-06-01T15:49:34.177Z
208,YW19VPF,2026-06-01T15:49:34.177Z
208,YW19VPG,2026-05-25T13:01:20.469Z
208,YW19VPJ,2026-05-25T13:01:20.469Z
208,YW19VPK,2026-05-25T13:01:20.469Z
208,YW19VPL,2026-06-01T15:49:34.177Z
208,YW19VPM,2026-06-01T15:49:34.177Z
208,YW19VPN,2026-06-01T15:49:34.177Z
208,YW19VPP,2026-05-18T12:00:33.874Z
208,YW19VPR,2026-06-01T15:49:34.177Z
208,YW19VPT,2026-06-01T15:49:34.177Z
208,YW19VPU,2026-06-01T15:49:34.177Z
208,YW19VPV,2026-06-01T15:49:34.177Z
208,YW19VPX,2026-06-01T15:49:34.177Z
208,YY66OYN,2026-06-01T15:28:31.580Z
208,YY66OYP,2026-05-25T13:01:20.469Z
209,YW19VSJ,2026-05-04T11:29:17.869Z
209,YW19VSK,2026-05-18T12:00:33.874Z
209,YW19VSL,2026-06-01T15:28:31.580Z
209,YW19VSM,2026-05-18T12:00:33.874Z
209,YW19VSN,2026-05-11T12:08:37.791Z
209,YW19VSO,2026-06-01T15:49:34.177Z
209,YW19VSP,2026-05-11T12:08:37.791Z
209,YW19VST,2026-05-11T13:42:23.199Z
209,YW19VSU,2026-05-25T13:01:20.469Z
210,LF25SXX,2026-05-18T12:00:33.874Z
210,LF25SXY,2026-06-01T15:49:34.177Z
210,LF25SXZ,2026-06-01T15:49:34.177Z
210,LF25SYA,2026-05-18T12:00:33.874Z
210,LF25SYC,2026-06-01T15:49:34.177Z
210,LF25SYE,2026-06-01T15:49:34.177Z
210,LF25SYG,2026-06-01T15:49:34.177Z
210,LF25SYH,2026-06-01T15:49:34.177Z
210,LF25SYJ,2026-06-01T15:49:34.177Z
210,LF25SYO,2026-06-01T15:49:34.177Z
210,LF25SYP,2026-06-01T15:49:34.177Z
210,LF25SYR,2026-06-01T15:49:34.177Z
210,LF25SYS,2026-06-01T15:49:34.177Z
210,LF25SYT,2026-06-01T15:49:34.177Z
210,LF25SYU,2026-06-01T15:49:34.177Z
210,LF25SYV,2026-05-25T13:01:20.469Z
210,LK11CXS,2026-05-04T11:29:17.869Z
210,LK64EDU,2026-05-11T12:08:37.791Z
210,LV25CMU,2026-04-29T23:54:22.641Z
212,LF20XLA,2026-05-04T11:29:17.869Z
212,LF20XLC,2026-05-25T13:01:20.469Z
212,LF20XLD,2026-05-25T13:01:20.469Z
212,LF20XLE,2026-06-01T15:49:34.177Z
212,LF20XLG,2026-06-01T15:49:34.177Z
212,LF20XLH,2026-05-11T13:42:23.199Z
212,LF20XLJ,2026-05-11T13:42:23.199Z
212,LF20XLK,2026-05-11T13:42:23.199Z
212,LF20XLL,2026-06-01T15:28:31.580Z
212,LF20XLN,2026-06-01T15:49:34.177Z
212,LF20XLO,2026-06-01T15:49:34.177Z
212,LF20XLP,2026-06-01T15:49:34.177Z
212,LF20XLR,2026-05-18T12:00:33.874Z
212,LF20XLT,2026-05-18T12:00:33.874Z
212,LF20XLU,2026-05-18T12:00:33.874Z
212,LF20XLV,2026-05-11T13:42:23.199Z
212,LF20XLW,2026-06-01T15:49:34.177Z
212,LF20XMA,2026-05-18T12:00:33.874Z
212,LF20XMB,2026-06-01T15:49:34.177Z
212,LF20XMC,2026-05-11T13:42:23.199Z
212,LF20XMD,2026-06-01T15:49:34.177Z
212,LF20XME,2026-06-01T15:49:34.177Z
212,LF20XMG,2026-06-01T15:49:34.177Z
212,LF20XMH,2026-05-18T12:00:33.874Z
212,LF20XMJ,2026-05-25T13:01:20.469Z
212,LF20XMM,2026-05-11T13:42:23.199Z
212,LF20XMO,2026-05-18T12:00:33.874Z
212,LF20XMP,2026-05-25T13:01:20.469Z
212,LF20XMR,2026-06-01T15:49:34.177Z
212,LF24ZJV,2026-04-29T23:54:22.641Z
212,LF24ZJX,2026-05-25T13:01:20.469Z
212,LF24ZJZ,2026-05-11T13:42:23.199Z
213,LD72UHT,2026-05-18T12:00:33.874Z
213,LD72UHU,2026-05-25T13:01:20.469Z
213,LD72UHV,2026-06-01T15:49:34.177Z
213,LD72UHY,2026-05-25T13:01:20.469Z
213,LD72XZT,2026-05-25T13:01:20.469Z
213,LD72YAH,2026-04-29T23:54:22.641Z
213,LG23EUU,2026-04-29T23:54:22.641Z
213,LG23EUV,2026-05-11T13:42:23.199Z
213,LG23EZK,2026-05-18T12:00:33.874Z
213,LG23EZM,2026-05-11T13:42:23.199Z
213,LG23EZN,2026-05-11T13:42:23.199Z
213,LG23EZO,2026-05-18T12:00:33.874Z
213,LG23EZP,2026-06-01T15:28:31.580Z
213,LG23EZR,2026-05-04T11:29:17.869Z
213,LG23FAF,2026-05-11T13:42:23.199Z
213,LG23FAK,2026-05-18T12:00:33.874Z
213,LG23FAM,2026-05-18T12:00:33.874Z
213,LG23FBA,2026-05-18T12:00:33.874Z
213,LG23FBB,2026-05-04T11:29:17.869Z
213,LG23FBC,2026-05-04T11:29:17.869Z
213,LG23FBD,2026-05-25T13:01:20.469Z
213,LG23FBF,2026-06-01T15:49:34.177Z
213,LG23FBK,2026-05-18T12:00:33.874Z
213,LG23FFV,2026-05-04T11:29:17.869Z
213,LG23FFX,2026-05-11T13:42:23.199Z
213,LG23FFY,2026-05-04T11:29:17.869Z
213,LG23FGA,2026-06-01T15:49:34.177Z
213,LG23FGC,2026-06-01T15:49:34.177Z
213,LG23FGD,2026-05-04T11:29:17.869Z
213,LG23FGE,2026-06-01T15:49:34.177Z
213,LG23FGF,2026-06-01T15:49:34.177Z
213,LG23FGJ,2026-06-01T15:49:34.177Z
213,LG23FGK,2026-05-25T13:01:20.469Z
213,LG23FGM,2026-05-25T13:01:20.469Z
213,LG23FGN,2026-05-25T13:01:20.469Z
213,LG23FGP,2026-06-01T15:49:34.177Z
213,LG23FGU,2026-05-04T11:29:17.869Z
213,LG23FGV,2026-05-11T13:42:23.199Z
213,LG23FGX,2026-05-18T12:00:33.874Z
213,LG23FHA,2026-05-11T13:42:23.199Z
213,LG23FHB,2026-06-01T15:49:34.177Z
213,LG23FHC,2026-06-01T15:49:34.177Z
213,LG23FHD,2026-05-04T11:29:17.869Z
213,LG23FHE,2026-05-11T13:42:23.199Z
213,LG23FHF,2026-05-25T13:01:20.469Z
213,LG23FHH,2026-06-01T15:49:34.177Z
213,LG23FJF,2026-06-01T15:49:34.177Z
213,LG23FJJ,2026-06-01T15:49:34.177Z
214,LA19JZW,2026-05-18T12:00:33.874Z
214,LA19JZX,2026-06-01T15:49:34.177Z
214,LA19KAE,2026-06-01T15:49:34.177Z
214,LA19KAJ,2026-06-01T15:49:34.177Z
214,LA19KAK,2026-06-01T15:49:34.177Z
214,LA19KAO,2026-05-11T13:42:23.199Z
214,LA19KAU,2026-05-18T12:00:33.874Z
214,LA19KAX,2026-06-01T15:49:34.177Z
214,LA19KBE,2026-05-18T12:00:33.874Z
214,LA19KBJ,2026-06-01T15:49:34.177Z
214,LA19KBK,2026-05-11T13:42:23.199Z
214,LA19KBN,2026-06-01T15:49:34.177Z
214,LA19KBO,2026-06-01T15:49:34.177Z
214,LA19KBP,2026-06-01T15:49:34.177Z
214,LA19KBU,2026-06-01T15:49:34.177Z
214,LA19KBV,2026-05-18T12:00:33.874Z
214,LA19KBX,2026-05-18T12:00:33.874Z
214,LA19KBY,2026-06-01T15:49:34.177Z
214,LA19KBZ,2026-06-01T15:49:34.177Z
214,LA19KCC,2026-06-01T15:28:31.580Z
214,LA19KCE,2026-06-01T15:49:34.177Z
214,LF69UZC,2026-06-01T15:49:34.177Z
214,LF69UZH,2026-05-18T12:00:33.874Z
214,LF69UZL,2026-05-25T13:01:20.469Z
215,LX12DAO,2026-06-01T15:49:34.177Z
215,LX12DDO,2026-06-01T15:49:34.177Z
215,LX61DFG,2026-06-01T15:49:34.177Z
215,SN64OGP,2026-05-11T13:42:23.199Z
215,SN64OHE,2026-05-11T13:42:23.199Z
216,LJ16EYA,2026-06-01T15:49:34.177Z
216,SN17MUU,2026-05-18T12:00:33.874Z
216,SN18KPX,2026-06-01T15:28:31.580Z
216,SN18KPZ,2026-06-01T15:49:34.177Z
216,SN18KRD,2026-06-01T15:49:34.177Z
216,SN18KRE,2026-05-11T13:42:23.199Z
216,SN18KRF,2026-06-01T15:49:34.177Z
216,SN18KRG,2026-05-25T13:01:20.469Z
216,SN18KRJ,2026-05-18T12:00:33.874Z
216,SN18KRO,2026-05-11T13:42:23.199Z
216,SN18KRV,2026-06-01T15:49:34.177Z
216,YX18KVE,2026-05-04T11:29:17.869Z
216,YX18KVF,2026-06-01T15:49:34.177Z
216,YX18KVG,2026-06-01T15:49:34.177Z
216,YX18KVH,2026-06-01T15:49:34.177Z
216,YX18KVJ,2026-05-11T13:42:23.199Z
216,YX18KVK,2026-05-25T13:01:20.469Z
216,YX18KVL,2026-06-01T15:49:34.177Z
216,YX18KVP,2026-05-18T12:00:33.874Z
216,YX68UVG,2026-05-25T13:01:20.469Z
216,YX68UVM,2026-05-18T12:00:33.874Z
217,LJ13CCU,2026-06-01T15:49:34.177Z
217,LJ13CKY,2026-05-25T13:01:20.469Z
217,LJ61CAA,2026-06-01T15:49:34.177Z
217,LJ61CAU,2026-06-01T15:49:34.177Z
217,LJ61CCA,2026-06-01T15:49:34.177Z
217,LJ61CCD,2026-05-11T13:42:23.199Z
217,LJ61CCF,2026-06-01T15:49:34.177Z
217,LJ61CCN,2026-06-01T15:49:34.177Z
217,LJ61CCO,2026-06-01T15:49:34.177Z
217,LJ61CCU,2026-06-01T15:49:34.177Z
217,LJ61CCY,2026-06-01T15:49:34.177Z
217,LJ61CEA,2026-05-18T12:00:33.874Z
217,LV23ECA,2026-05-18T12:00:33.874Z
217,LV23ECJ,2026-04-29T23:54:22.641Z
217,LV23ECT,2026-06-01T15:49:34.177Z
217,LV23ECX,2026-05-11T13:42:23.199Z
217,LV24VSE,2026-05-25T13:01:20.469Z
217,LV24VSF,2026-05-18T12:00:33.874Z
217,LV24VSG,2026-05-25T13:01:20.469Z
217,LV24VSN,2026-05-25T13:01:20.469Z
217,LV24WUL,2026-05-25T13:01:20.469Z
217,LV24WUW,2026-06-01T15:49:34.177Z
217,LV24WUX,2026-05-25T13:01:20.469Z
217,LY24EKP,2026-06-01T15:49:34.177Z
218,MF25HFL,2026-06-01T15:49:34.177Z
218,MF25HFM,2026-06-01T15:49:34.177Z
218,MF25HFN,2026-06-01T15:49:34.177Z
218,MF25HFO,2026-05-25T13:01:20.469Z
218,MF25HFP,2026-06-01T15:49:34.177Z
218,MF25HFR,2026-06-01T15:28:31.580Z
218,MF25HFS,2026-05-25T13:01:20.469Z
218,MF25HFT,2026-06-01T15:49:34.177Z
218,MF25HFU,2026-06-01T15:49:34.177Z
218,MF25HFV,2026-06-01T15:49:34.177Z
218,YX11FZC,2026-06-01T15:49:34.177Z
219,LG23FJP,2026-05-18T12:00:33.874Z
219,LG23FJU,2026-05-11T13:42:23.199Z
219,LG23FJY,2026-06-01T15:49:34.177Z
219,LG23FJZ,2026-06-01T15:49:34.177Z
219,LG23FKA,2026-05-18T12:00:33.874Z
219,LG23FKB,2026-05-25T13:01:20.469Z
219,LG23FKE,2026-05-18T12:00:33.874Z
219,LG23FKF,2026-05-25T13:01:20.469Z
219,LG23FKH,2026-05-25T13:01:20.469Z
219,LG23FKL,2026-05-04T11:29:17.869Z
219,LG23FKO,2026-06-01T15:49:34.177Z
219,LG23FKP,2026-05-18T12:00:33.874Z
219,LG23FKT,2026-05-25T13:01:20.469Z
219,LG23FKU,2026-05-04T11:29:17.869Z
219,LG23FKY,2026-05-11T13:42:23.199Z
219,LG23FKZ,2026-05-25T13:01:20.469Z
219,LG73FTA,2026-05-04T11:29:17.869Z
219,LJ67DJD,2026-06-01T15:49:34.177Z
219,LJ67DJK,2026-05-18T12:00:33.874Z
219,LJ67DJO,2026-06-01T15:49:34.177Z
219,LJ67DJU,2026-06-01T15:49:34.177Z
219,LJ67DJV,2026-05-18T12:00:33.874Z
219,LJ67DKL,2026-06-01T15:49:34.177Z
219,LJ67DKN,2026-06-01T15:49:34.177Z
219,LJ67DKO,2026-05-25T13:01:20.469Z
219,LJ67DKX,2026-05-11T13:42:23.199Z
219,LJ67DKY,2026-05-11T13:42:23.199Z
219,LJ67DLD,2026-06-01T15:49:34.177Z
219,LJ67DLE,2026-06-01T15:49:34.177Z
219,LJ67DLK,2026-05-18T12:00:33.874Z
219,LJ67DLN,2026-06-01T15:49:34.177Z
219,LV25XYX,2026-06-01T15:49:34.177Z
220,BF67GKL,2026-05-11T13:42:23.199Z
220,BF67GKO,2026-05-04T11:29:17.869Z
220,BF67GKU,2026-05-18T12:00:33.874Z
220,BF67GKV,2026-05-11T13:42:23.199Z
220,BF67GKX,2026-05-25T13:01:20.469Z
220,BF67GKY,2026-05-18T12:00:33.874Z
220,BF67GKZ,2026-06-01T15:49:34.177Z
220,BF67GLK,2026-06-01T15:49:34.177Z
220,BF67GLV,2026-06-01T15:49:34.177Z
220,BF67GLY,2026-06-01T15:49:34.177Z
220,BF67GLZ,2026-06-01T15:49:34.177Z
220,BF67GME,2026-06-01T15:49:34.177Z
220,BF67GMG,2026-05-25T13:01:20.469Z
220,BF67GMO,2026-06-01T15:49:34.177Z
220,BF67GMV,2026-06-01T15:49:34.177Z
220,BF67GMX,2026-05-11T13:42:23.199Z
220,BF67GMY,2026-05-18T12:00:33.874Z
220,BF67GMZ,2026-06-01T15:49:34.177Z
220,BF67GNJ,2026-06-01T15:49:34.177Z
220,BF67GNK,2026-05-11T13:42:23.199Z
220,BF67GNN,2026-06-01T15:49:34.177Z
220,BF67GNU,2026-05-18T12:00:33.874Z
220,LJ16EWD,2026-05-18T12:00:33.874Z
220,LJ16EWE,2026-05-25T13:01:20.469Z
220,LJ16EWF,2026-05-25T13:01:20.469Z
220,LJ16EWK,2026-05-25T13:01:20.469Z
220,LJ16EWL,2026-06-01T15:49:34.177Z
220,LJ16EWU,2026-05-18T12:00:33.874Z
220,LJ65FZN,2026-06-01T15:28:31.580Z
220,LJ65FZO,2026-06-01T15:49:34.177Z
220,LJ65FZS,2026-06-01T15:49:34.177Z
220,LJ66TSO,2026-05-25T13:01:20.469Z
220,LJ66TSU,2026-06-01T15:49:34.177Z
220,SN12ARF,2026-05-18T12:00:33.874Z
220,YX62FAU,2026-06-01T15:49:34.177Z
220,YX62FCM,2026-05-04T11:29:17.869Z
220,YX62FDY,2026-05-11T13:42:23.199Z
220,YX62FHO,2026-06-01T15:49:34.177Z
220,YX62FME,2026-06-01T15:49:34.177Z
220,YX62FMG,2026-06-01T15:49:34.177Z
220,YX62FPF,2026-06-01T15:49:34.177Z
220,YX62FTD,2026-06-01T15:49:34.177Z
220,YX62FTF,2026-05-25T13:01:20.469Z
220,YX62FTP,2026-05-25T13:01:20.469Z
220,YX62FTZ,2026-06-01T15:49:34.177Z
220,YX62FUT,2026-06-01T15:49:34.177Z
220,YX62FUU,2026-06-01T15:49:34.177Z
221,LJ13FAO,2026-05-11T13:42:23.199Z
221,LJ13FAU,2026-06-01T15:49:34.177Z
221,LJ13FBA,2026-06-01T15:49:34.177Z
221,LJ13FBC,2026-06-01T15:49:34.177Z
221,LJ13FBD,2026-06-01T15:49:34.177Z
221,LJ13FBE,2026-05-25T13:01:20.469Z
221,LJ13FBK,2026-05-18T12:00:33.874Z
221,LJ13FBO,2026-06-01T15:49:34.177Z
221,LJ13FBV,2026-06-01T15:49:34.177Z
221,LJ13FBY,2026-05-11T12:08:37.791Z
221,LJ13FCA,2026-06-01T15:49:34.177Z
221,LJ13FCC,2026-05-11T13:42:23.199Z
221,LJ13FCE,2026-05-25T13:01:20.469Z
221,LJ13FCF,2026-05-18T12:00:33.874Z
221,LJ13FCM,2026-05-11T13:42:23.199Z
221,LJ13FCU,2026-06-01T15:49:34.177Z
221,LJ13FCX,2026-06-01T15:49:34.177Z
221,LJ13FCY,2026-05-11T13:42:23.199Z
221,LJ13FDA,2026-06-01T15:49:34.177Z
221,LJ13FDC,2026-06-01T15:49:34.177Z
221,LJ13FET,2026-05-25T13:01:20.469Z
221,LJ17WVF,2026-06-01T15:49:34.177Z
221,LJ17WVG,2026-05-25T13:01:20.469Z
221,LJ17WVH,2026-05-25T13:01:20.469Z
221,LJ60AXD,2026-05-25T13:01:20.469Z
221,LK66GAX,2026-06-01T15:49:34.177Z
221,LK66GBE,2026-06-01T15:49:34.177Z
221,LK66GBO,2026-05-25T13:01:20.469Z
221,LK66GCF,2026-06-01T15:49:34.177Z
221,LK66GCO,2026-05-18T12:00:33.874Z
221,LK66GCX,2026-04-29T23:54:22.641Z
221,LK66GCY,2026-05-04T11:29:17.869Z
221,LK66GCZ,2026-06-01T15:49:34.177Z
221,LK66GDE,2026-05-04T11:29:17.869Z
221,LK66HCL,2026-05-18T12:00:33.874Z
221,LK66HCP,2026-06-01T15:49:34.177Z
221,LK66HCU,2026-05-25T13:01:20.469Z
221,LK66HCX,2026-05-04T11:29:17.869Z
221,LK66HCY,2026-06-01T15:49:34.177Z
221,LK66HDA,2026-06-01T15:49:34.177Z
221,LK66HDC,2026-05-18T12:00:33.874Z
221,LK66HDD,2026-06-01T15:49:34.177Z
221,LK66HDE,2026-05-04T11:29:17.869Z
221,LK66HDF,2026-06-01T15:49:34.177Z
221,LK66HDL,2026-05-18T12:00:33.874Z
221,LK66HDO,2026-05-18T12:00:33.874Z
221,LK66HDU,2026-06-01T15:49:34.177Z
222,LK14FAJ,2026-06-01T15:49:34.177Z
222,LK14FBA,2026-05-25T13:01:20.469Z
222,LK14FBE,2026-05-11T12:08:37.791Z
222,LK14FBJ,2026-06-01T15:49:34.177Z
222,LK14FBL,2026-05-25T13:01:20.469Z
222,LK16DFD,2026-05-11T13:42:23.199Z
222,LK16DFF,2026-06-01T15:49:34.177Z
222,LK16DFG,2026-05-25T13:01:20.469Z
222,LK16DFJ,2026-06-01T15:49:34.177Z
222,LK16DFL,2026-05-18T12:00:33.874Z
222,LK16DFN,2026-05-25T13:01:20.469Z
222,LK16DFO,2026-06-01T15:49:34.177Z
222,LK16DFP,2026-05-18T12:00:33.874Z
222,LK16DFU,2026-06-01T15:49:34.177Z
222,LK16DFV,2026-05-18T12:00:33.874Z
222,LK16DFX,2026-06-01T15:49:34.177Z
222,LK16DFY,2026-06-01T15:49:34.177Z
222,LK16DFZ,2026-05-25T13:01:20.469Z
222,LK16DGE,2026-06-01T15:49:34.177Z
222,LK16DGF,2026-06-01T15:49:34.177Z
222,LK16DGO,2026-06-01T15:49:34.177Z
222,LK16DGU,2026-06-01T15:49:34.177Z
222,LK65EBU,2026-06-01T15:49:34.177Z
222,LK67CXB,2026-06-01T15:49:34.177Z
222,LK67CXC,2026-05-04T11:29:17.869Z
222,LK67CXD,2026-05-25T13:01:20.469Z
222,LK67CXE,2026-05-25T13:01:20.469Z
222,LK67CXF,2026-05-18T12:00:33.874Z
222,LK67CXG,2026-05-11T12:08:37.791Z
222,LK67CXH,2026-04-29T23:54:22.641Z
222,LK67CXJ,2026-06-01T15:49:34.177Z
222,LK67CXL,2026-05-04T11:29:17.869Z
222,LK67CXM,2026-06-01T15:49:34.177Z
222,LK67CXN,2026-05-11T13:42:23.199Z
222,LK67CXO,2026-05-04T11:29:17.869Z
222,LK67CXP,2026-05-25T13:01:20.469Z
222,LK67CXR,2026-05-25T13:01:20.469Z
222,LK67CXS,2026-06-01T15:49:34.177Z
222,LK67CXT,2026-06-01T15:28:31.580Z
222,LK67CXU,2026-05-18T12:00:33.874Z
222,LK67CXV,2026-05-25T13:01:20.469Z
223,LK16DDU,2026-05-18T12:00:33.874Z
223,LK16DDV,2026-05-25T13:01:20.469Z
223,LK16DDX,2026-06-01T15:49:34.177Z
223,LK16DDY,2026-05-18T12:00:33.874Z
223,LK16DDZ,2026-06-01T15:49:34.177Z
223,LK16DEU,2026-06-01T15:49:34.177Z
223,LK16DFA,2026-05-18T12:00:33.874Z
223,LK65EAW,2026-05-11T13:42:23.199Z
223,LK66FSS,2026-06-01T15:49:34.177Z
223,LK66FSU,2026-05-18T12:00:33.874Z
223,LK66FSV,2026-06-01T15:49:34.177Z
223,LK66FSX,2026-06-01T15:49:34.177Z
223,LK66FSY,2026-05-11T13:42:23.199Z
223,LK66FSZ,2026-05-11T13:42:23.199Z
223,LK66FTA,2026-06-01T15:49:34.177Z
223,LK66FTC,2026-05-18T12:00:33.874Z
223,LK66FTD,2026-05-11T13:42:23.199Z
224,YX12AFK,2026-06-01T15:49:34.177Z
224,YX12AFO,2026-05-25T13:01:20.469Z
224,YX12AFU,2026-06-01T15:49:34.177Z
224,YX12AOS,2026-05-18T12:00:33.874Z
224,YX12AOT,2026-06-01T15:49:34.177Z
224,YX12APK,2026-06-01T15:49:34.177Z
224,YX12ATF,2026-05-11T13:42:23.199Z
224,YX12ATN,2026-06-01T15:49:34.177Z
224,YX12AVT,2026-06-01T15:49:34.177Z
224,YX12AYK,2026-06-01T15:49:34.177Z
224,YX12AZG,2026-06-01T15:49:34.177Z
225,YX17NWG,2026-06-01T15:49:34.177Z
225,YX17NWH,2026-06-01T15:49:34.177Z
225,YX17NWJ,2026-06-01T15:49:34.177Z
225,YX17NWK,2026-06-01T15:49:34.177Z
225,YX17NWL,2026-05-18T12:00:33.874Z
225,YX17NWM,2026-06-01T15:49:34.177Z
225,YX68UJB,2026-06-01T15:49:34.177Z
225,YY67UTZ,2026-05-04T11:29:17.869Z
226,LD71YLO,2026-06-01T15:49:34.177Z
226,LG72ECT,2026-05-25T13:01:20.469Z
226,LG72ECV,2026-06-01T15:28:31.580Z
226,LG72ECW,2026-06-01T15:49:34.177Z
226,LG72ECX,2026-05-18T12:00:33.874Z
226,LG72ECY,2026-05-18T12:00:33.874Z
226,LG72ECZ,2026-06-01T15:49:34.177Z
226,LG72EDC,2026-06-01T15:49:34.177Z
226,LG72EDF,2026-06-01T15:49:34.177Z
226,LG72EDJ,2026-06-01T15:49:34.177Z
226,LG72EDK,2026-06-01T15:49:34.177Z
226,LG72EDL,2026-05-18T12:00:33.874Z
226,LG72EDO,2026-06-01T15:49:34.177Z
226,LG72EDP,2026-05-25T13:01:20.469Z
226,LG72EDR,2026-06-01T15:28:31.580Z
226,LG72EDU,2026-06-01T15:49:34.177Z
226,LG72EDV,2026-05-18T12:00:33.874Z
226,LG72EDX,2026-05-18T12:00:33.874Z
226,SK68LTY,2026-04-29T23:54:22.641Z
226,SN18KWD,2026-05-04T11:29:17.869Z
226,SN18KWE,2026-04-29T23:54:22.641Z
226,YX68UOE,2026-05-18T12:00:33.874Z
227,SK19FAO,2026-06-01T15:49:34.177Z
227,SK19FAU,2026-05-25T13:01:20.469Z
227,SK19FBA,2026-05-11T13:42:23.199Z
227,SK19FBB,2026-06-01T15:49:34.177Z
227,SK19FBC,2026-06-01T15:49:34.177Z
227,SK19FBD,2026-06-01T15:49:34.177Z
227,SK19FBE,2026-06-01T15:49:34.177Z
227,SK19FBF,2026-06-01T15:49:34.177Z
227,SK19FBG,2026-06-01T15:49:34.177Z
227,SK19FBJ,2026-06-01T15:49:34.177Z
227,SK19FBL,2026-06-01T15:49:34.177Z
227,SK19FBN,2026-06-01T15:49:34.177Z
227,SK19FBO,2026-06-01T15:49:34.177Z
227,YX13AHD,2026-06-01T15:49:34.177Z
227,YX60FSP,2026-05-18T12:00:33.874Z
228,LF73DVN,2026-04-29T23:54:22.641Z
228,LG75YYO,2026-05-25T13:01:20.469Z
228,LG75YYU,2026-05-25T13:01:20.469Z
228,LJ24ZKY,2026-06-01T15:49:34.177Z
228,LJ24ZLK,2026-06-01T15:49:34.177Z
228,LJ24ZLO,2026-06-01T15:49:34.177Z
228,LJ24ZLV,2026-06-01T15:49:34.177Z
228,LJ24ZMV,2026-05-25T13:01:20.469Z
228,LJ24ZMX,2026-05-11T13:42:23.199Z
228,LJ24ZMY,2026-05-18T12:00:33.874Z
228,LJ24ZNA,2026-06-01T15:49:34.177Z
228,LJ24ZNC,2026-05-11T13:42:23.199Z
228,LJ24ZNE,2026-05-18T12:00:33.874Z
228,LJ24ZNG,2026-05-11T13:42:23.199Z
228,LJ24ZNL,2026-05-18T12:00:33.874Z
228,LJ24ZNM,2026-06-01T15:49:34.177Z
228,LJ75WBZ,2026-06-01T15:49:34.177Z
228,LJ75WCC,2026-05-25T13:01:20.469Z
228,LJ75WCE,2026-05-11T12:08:37.791Z
228,LJ75WCF,2026-05-18T12:00:33.874Z
229,GN61JRX,2026-05-18T12:00:33.874Z
229,LF67EUB,2026-05-11T13:42:23.199Z
229,LJ11EEU,2026-05-18T12:00:33.874Z
229,LJ13CGG,2026-05-11T13:42:23.199Z
229,LJ17WOR,2026-05-11T13:42:23.199Z
229,LJ61CFN,2026-06-01T15:49:34.177Z
229,LJ62BCU,2026-06-01T15:49:34.177Z
229,LJ62BMO,2026-06-01T15:49:34.177Z
229,LJ62BSO,2026-06-01T15:49:34.177Z
229,LJ62BZV,2026-05-25T13:01:20.469Z
229,LK65EKN,2026-04-29T23:54:22.641Z
229,LK65EKZ,2026-05-11T13:42:23.199Z
229,LK65ELC,2026-06-01T15:49:34.177Z
229,LK65ELJ,2026-05-18T12:00:33.874Z
229,LK65ELU,2026-06-01T15:49:34.177Z
229,LK65ELV,2026-06-01T15:49:34.177Z
229,LK65ELW,2026-05-25T13:01:20.469Z
229,LK65ELX,2026-05-25T13:01:20.469Z
229,LK65EMF,2026-05-11T13:42:23.199Z
229,LK65EMJ,2026-06-01T15:28:31.580Z
229,LK65EMV,2026-06-01T15:49:34.177Z
229,LK65EMX,2026-05-18T12:00:33.874Z
229,LK65ENC,2026-05-18T12:00:33.874Z
229,LK65ENE,2026-05-25T13:01:20.469Z
229,LK65ENH,2026-06-01T15:49:34.177Z
229,LK65ENL,2026-06-01T15:49:34.177Z
229,LK65ENM,2026-06-01T15:28:31.580Z
229,LK65ENO,2026-05-25T13:01:20.469Z
229,LK65ENP,2026-05-18T12:00:33.874Z
229,LK65ENR,2026-05-18T12:00:33.874Z
229,LK65ENU,2026-05-25T13:01:20.469Z
229,LK65ENV,2026-05-25T13:01:20.469Z
229,LK65ENW,2026-05-25T13:01:20.469Z
229,LK65ENX,2026-06-01T15:49:34.177Z
229,LK65ENY,2026-06-01T15:49:34.177Z
229,LT63UJJ,2026-05-18T12:00:33.874Z
229,LT63UJK,2026-06-01T15:49:34.177Z
229,LT63UJL,2026-05-11T13:42:23.199Z
230,LF20XLK,2026-05-18T12:00:33.874Z
230,LF20XLZ,2026-05-11T13:42:23.199Z
230,LF20XMD,2026-05-04T11:29:17.869Z
230,LF20XME,2026-05-11T13:42:23.199Z
230,LF20XMG,2026-05-04T11:29:17.869Z
230,LF20XMP,2026-04-29T23:54:22.641Z
230,LV25CTK,2026-06-01T15:49:34.177Z
230,LV25CTO,2026-06-01T15:49:34.177Z
230,LV25CTU,2026-06-01T15:49:34.177Z
230,LV25CTX,2026-05-18T12:00:33.874Z
230,LV25CVW,2026-06-01T15:49:34.177Z
230,LV25CVX,2026-06-01T15:49:34.177Z
230,LV25CVY,2026-06-01T15:49:34.177Z
230,LV25CWE,2026-06-01T15:49:34.177Z
230,LV25CWG,2026-06-01T15:49:34.177Z
230,LV25CWJ,2026-06-01T15:49:34.177Z
230,LV25OTD,2026-06-01T15:49:34.177Z
230,LV25OTE,2026-05-04T11:29:17.869Z
231,LK11CYT,2026-05-18T12:00:33.874Z
231,LK12AHD,2026-06-01T15:49:34.177Z
231,LK12AMV,2026-05-11T13:42:23.199Z
231,LK12AOY,2026-05-25T13:01:20.469Z
231,LK13BEU,2026-06-01T15:49:34.177Z
231,LK13BEY,2026-05-18T12:00:33.874Z
231,LK13BFA,2026-05-25T13:01:20.469Z
231,LK13BFF,2026-05-25T13:01:20.469Z
231,LK13BFJ,2026-05-11T13:42:23.199Z
231,LK13BFL,2026-05-11T13:42:23.199Z
231,LK13BFM,2026-06-01T15:49:34.177Z
231,LK13BFO,2026-06-01T15:49:34.177Z
231,LK62DYC,2026-06-01T15:49:34.177Z
231,LK62DYD,2026-05-04T11:29:17.869Z
231,LK66DWO,2026-06-01T15:49:34.177Z
231,LK66EOG,2026-05-18T12:00:33.874Z
231,LK66EOO,2026-06-01T15:49:34.177Z
232,SK67FKM,2026-06-01T15:49:34.177Z
232,SM19KJN,2026-06-01T15:49:34.177Z
232,SM19KJO,2026-06-01T15:49:34.177Z
232,SM19KJU,2026-06-01T15:49:34.177Z
232,SM19KJV,2026-06-01T15:49:34.177Z
232,SM19KJX,2026-06-01T15:49:34.177Z
232,SM19KJY,2026-06-01T15:49:34.177Z
232,SM19KJZ,2026-05-18T12:00:33.874Z
232,SM19KKB,2026-05-18T12:00:33.874Z
232,SM19KKC,2026-06-01T15:49:34.177Z
232,SM19KKD,2026-06-01T15:49:34.177Z
232,SM19KKE,2026-06-01T15:49:34.177Z
232,SM19KKF,2026-06-01T15:49:34.177Z
232,SM19KKG,2026-06-01T15:49:34.177Z
232,SM19KKH,2026-05-18T12:00:33.874Z
232,SM19KKJ,2026-06-01T15:49:34.177Z
232,SM19KKL,2026-05-18T12:00:33.874Z
232,SM19KKN,2026-06-01T15:49:34.177Z
233,YX11CTK,2026-05-18T12:00:33.874Z
233,YX25OBH,2026-05-18T12:00:33.874Z
233,YX25OBK,2026-05-18T12:00:33.874Z
233,YX25OBL,2026-05-04T11:29:17.869Z
233,YX25OBM,2026-05-11T13:42:23.199Z
233,YX25OBO,2026-06-01T15:49:34.177Z
233,YX25OBP,2026-06-01T15:49:34.177Z
233,YX25OBT,2026-05-11T13:42:23.199Z
233,YX25OBU,2026-05-25T13:01:20.469Z
233,YX25OBV,2026-06-01T15:49:34.177Z
233,YX25OCA,2026-06-01T15:49:34.177Z
233,YX25OCE,2026-06-01T15:49:34.177Z
233,YX25OCF,2026-06-01T15:49:34.177Z
233,YX25OCH,2026-05-04T11:29:17.869Z
233,YX25OCZ,2026-05-04T11:29:17.869Z
234,LK62DAA,2026-06-01T15:49:34.177Z
234,LK62DAO,2026-06-01T15:49:34.177Z
234,LK62DBZ,2026-06-01T15:49:34.177Z
234,LK62DCE,2026-05-18T12:00:33.874Z
234,LK62DCF,2026-06-01T15:49:34.177Z
234,LK62DCY,2026-06-01T15:49:34.177Z
234,LK62DDU,2026-06-01T15:49:34.177Z
234,LK62DDY,2026-06-01T15:49:34.177Z
234,LK62DDZ,2026-06-01T15:28:31.580Z
234,LK62DEU,2026-06-01T15:49:34.177Z
234,LK62DFF,2026-05-18T12:00:33.874Z
234,LK62DFJ,2026-06-01T15:28:31.580Z
234,LK62DFP,2026-05-25T13:01:20.469Z
234,LV74CFD,2026-05-18T12:00:33.874Z
234,LV74CFP,2026-06-01T15:49:34.177Z
234,LV74CFU,2026-05-18T12:00:33.874Z
234,YX61EKV,2026-04-29T23:54:22.641Z
234,YX69NXW,2026-06-01T15:49:34.177Z
235,LB71NZM,2026-06-01T15:49:34.177Z
235,LB71NZN,2026-06-01T15:49:34.177Z
235,LB71NZO,2026-06-01T15:28:31.580Z
235,LB71NZP,2026-06-01T15:49:34.177Z
235,LB71NZR,2026-06-01T15:49:34.177Z
235,LB71NZS,2026-05-25T13:01:20.469Z
235,LB71NZT,2026-06-01T15:49:34.177Z
235,LB71NZU,2026-06-01T15:49:34.177Z
235,LB71NZV,2026-06-01T15:49:34.177Z
235,LB71NZW,2026-06-01T15:49:34.177Z
235,LB71NZX,2026-05-18T12:00:33.874Z
235,LB71NZY,2026-06-01T15:49:34.177Z
235,LB71NZZ,2026-06-01T15:49:34.177Z
235,LB71OAA,2026-06-01T15:49:34.177Z
235,LB71OAC,2026-06-01T15:49:34.177Z
235,LB71OAD,2026-06-01T15:28:31.580Z
235,LB71OAE,2026-06-01T15:49:34.177Z
235,LB71OAG,2026-06-01T15:49:34.177Z
235,LB71OAH,2026-06-01T15:49:34.177Z
235,LB71OAJ,2026-06-01T15:49:34.177Z
235,LB71OAL,2026-05-18T12:00:33.874Z
235,LB71OAM,2026-06-01T15:49:34.177Z
235,LB71OAN,2026-06-01T15:49:34.177Z
235,YX68UVK,2026-05-11T12:08:37.791Z
236,SK17HFY,2026-06-01T15:49:34.177Z
236,SK17HFZ,2026-06-01T15:49:34.177Z
236,SK17HGA,2026-06-01T15:49:34.177Z
236,SK17HGD,2026-05-11T13:42:23.199Z
236,SK17HGE,2026-06-01T15:49:34.177Z
236,SK17HGF,2026-06-01T15:49:34.177Z
236,SK17HGG,2026-05-18T12:00:33.874Z
236,SK17HGJ,2026-06-01T15:49:34.177Z
236,SK17HGL,2026-06-01T15:49:34.177Z
236,SK17HGM,2026-06-01T15:49:34.177Z
236,SK17HGN,2026-05-25T13:01:20.469Z
236,SK17HGO,2026-05-18T12:00:33.874Z
236,SK17HGP,2026-06-01T15:49:34.177Z
236,SN64CVG,2026-05-11T13:42:23.199Z
236,SN64CVK,2026-06-01T15:49:34.177Z
236,YX12ABF,2026-05-04T11:29:17.869Z
236,YX12AHJ,2026-05-25T13:01:20.469Z
236,YX12AHK,2026-06-01T15:49:34.177Z
236,YX12AKZ,2026-06-01T15:49:34.177Z
236,YX12AWU,2026-05-04T11:29:17.869Z
236,YX60DXO,2026-05-25T13:01:20.469Z
236,YX61FZF,2026-05-18T12:00:33.874Z
236,YY64YKN,2026-04-29T23:54:22.641Z
237,BF15KFU,2026-06-01T15:49:34.177Z
237,BF15KFV,2026-06-01T15:49:34.177Z
237,BL64MHF,2026-05-11T13:42:23.199Z
237,BL64MHJ,2026-05-04T11:29:17.869Z
237,BL64MHK,2026-05-18T12:00:33.874Z
237,BL64MHM,2026-05-25T13:01:20.469Z
237,BL64MHV,2026-06-01T15:49:34.177Z
237,BL64MHX,2026-05-25T13:01:20.469Z
237,LA68DXU,2026-05-11T13:42:23.199Z
237,LA68DXX,2026-05-18T12:00:33.874Z
237,LA68DXY,2026-05-18T12:00:33.874Z
237,LF68PXE,2026-05-11T12:08:37.791Z
237,LF68PXG,2026-06-01T15:49:34.177Z
237,LF68PXX,2026-05-25T13:01:20.469Z
237,LK12AEG,2026-05-04T11:29:17.869Z
237,LK12AEW,2026-05-25T13:01:20.469Z
237,LK14FBU,2026-05-18T12:00:33.874Z
237,LK14FBV,2026-05-04T11:29:17.869Z
237,LK17CXY,2026-05-18T12:00:33.874Z
237,LK17CZC,2026-05-11T13:42:23.199Z
237,LK17CZD,2026-05-18T12:00:33.874Z
237,LK17CZE,2026-05-25T13:01:20.469Z
237,LK17CZF,2026-06-01T15:49:34.177Z
237,LK17CZG,2026-06-01T15:49:34.177Z
237,LK17CZH,2026-05-04T11:29:17.869Z
237,LK17CZJ,2026-05-04T11:29:17.869Z
237,LK17CZM,2026-05-18T12:00:33.874Z
237,LK17CZR,2026-06-01T15:49:34.177Z
237,LK17CZS,2026-06-01T15:49:34.177Z
237,LK17CZW,2026-05-18T12:00:33.874Z
237,LK17CZY,2026-05-25T13:01:20.469Z
237,LK17DAO,2026-05-04T11:29:17.869Z
237,LK17DAU,2026-05-18T12:00:33.874Z
237,LK17DBO,2026-06-01T15:49:34.177Z
237,LK17DBU,2026-05-18T12:00:33.874Z
237,LK17DBV,2026-05-18T12:00:33.874Z
237,LK17DDJ,2026-05-11T13:42:23.199Z
237,LK17DDL,2026-05-25T13:01:20.469Z
237,LK17DFE,2026-06-01T15:28:31.580Z
237,LK17DFG,2026-06-01T15:49:34.177Z
237,LK17DFJ,2026-06-01T15:49:34.177Z
237,LK17DFN,2026-05-11T13:42:23.199Z
237,LK17DFO,2026-05-11T13:42:23.199Z
237,LK17DGV,2026-05-25T13:01:20.469Z
237,LK18AFV,2026-05-11T13:42:23.199Z
237,LK18AFZ,2026-05-25T13:01:20.469Z
237,LK18AGU,2026-06-01T15:49:34.177Z
237,LK18AGV,2026-06-01T15:49:34.177Z
237,LK18AGX,2026-05-11T13:42:23.199Z
237,LK18AHD,2026-06-01T15:49:34.177Z
237,LK18AJY,2026-06-01T15:49:34.177Z
237,LK18AKF,2026-05-11T13:42:23.199Z
237,LK18AKO,2026-06-01T15:49:34.177Z
237,LK18AKX,2026-06-01T15:49:34.177Z
237,LK61BNF,2026-05-04T11:29:17.869Z
237,LK67EOC,2026-05-11T13:42:23.199Z
237,LK67EOF,2026-05-25T13:01:20.469Z
237,LK67EOG,2026-05-18T12:00:33.874Z
237,LK67EOJ,2026-05-18T12:00:33.874Z
237,LK67EOM,2026-05-11T13:42:23.199Z
237,LK67EZO,2026-05-04T11:29:17.869Z
237,LK67EZR,2026-06-01T15:49:34.177Z
237,LK67EZS,2026-06-01T15:49:34.177Z
237,LK67EZT,2026-06-01T15:49:34.177Z
238,LX11BFV,2026-05-11T13:42:23.199Z
238,LX11BFZ,2026-06-01T15:49:34.177Z
238,SN16OJM,2026-05-18T12:00:33.874Z
238,SN16OJO,2026-05-18T12:00:33.874Z
238,SN16OJP,2026-05-18T12:00:33.874Z
238,SN16OJR,2026-05-04T11:29:17.869Z
238,SN16OJS,2026-06-01T15:49:34.177Z
238,SN16OJU,2026-05-25T13:01:20.469Z
238,SN16OJZ,2026-06-01T15:49:34.177Z
238,SN16OKA,2026-05-25T13:01:20.469Z
238,SN16OKC,2026-05-11T13:42:23.199Z
238,SN16OKD,2026-06-01T15:49:34.177Z
238,SN16OKF,2026-06-01T15:49:34.177Z
238,SN16OKH,2026-05-04T11:29:17.869Z
238,SN16OKJ,2026-06-01T15:49:34.177Z
238,SN16OKL,2026-05-11T13:42:23.199Z
238,SN16OKO,2026-05-25T13:01:20.469Z
238,SN16OKP,2026-05-25T13:01:20.469Z
238,YX66WCR,2026-05-25T13:01:20.469Z
238,YX67VBF,2026-05-11T13:42:23.199Z
238,YX67VBJ,2026-05-11T13:42:23.199Z
238,YY66PHF,2026-05-11T13:42:23.199Z
238,YY66PHJ,2026-05-18T12:00:33.874Z
238,YY66PHK,2026-06-01T15:49:34.177Z
238,YY66PHN,2026-05-11T13:42:23.199Z
238,YY66PHV,2026-06-01T15:49:34.177Z
238,YY66PHZ,2026-05-18T12:00:33.874Z
238,YY66PJJ,2026-05-18T12:00:33.874Z
238,YY66PJO,2026-06-01T15:49:34.177Z
238,YY66PJU,2026-05-18T12:00:33.874Z
238,YY66PJV,2026-06-01T15:49:34.177Z
238,YY66PJX,2026-05-25T13:01:20.469Z
238,YY66PKA,2026-06-01T15:49:34.177Z
238,YY66PXU,2026-06-01T15:49:34.177Z
240,LV23DGY,2026-06-01T15:49:34.177Z
240,LV23DHK,2026-05-25T13:01:20.469Z
240,LV23DHM,2026-06-01T15:49:34.177Z
240,LV23DHN,2026-05-04T11:29:17.869Z
240,LV23DHP,2026-06-01T15:49:34.177Z
240,LV23DHZ,2026-06-01T15:49:34.177Z
240,LV23DJE,2026-05-18T12:00:33.874Z
240,LV23DJF,2026-05-18T12:00:33.874Z
240,LV23DJO,2026-05-18T12:00:33.874Z
240,LV23DJU,2026-05-18T12:00:33.874Z
240,LV23DJX,2026-05-04T11:29:17.869Z
240,LV23EBF,2026-05-18T12:00:33.874Z
240,LV23EBG,2026-05-11T13:42:23.199Z
240,LV24VOJ,2026-05-25T13:01:20.469Z
240,LV24VOK,2026-06-01T15:49:34.177Z
240,LV24VOO,2026-05-11T13:42:23.199Z
240,LV24VOP,2026-05-18T12:00:33.874Z
240,LV24VOY,2026-06-01T15:49:34.177Z
240,LV24VPC,2026-05-11T13:42:23.199Z
240,LV24VPF,2026-05-11T13:42:23.199Z
240,LV24VPG,2026-06-01T15:49:34.177Z
240,LV24VPJ,2026-05-04T11:29:17.869Z
240,LV24VPK,2026-06-01T15:49:34.177Z
240,LV24VPL,2026-05-25T13:01:20.469Z
240,LV24VPM,2026-05-11T13:42:23.199Z
240,LV24VPN,2026-05-11T13:42:23.199Z
240,LV24VPR,2026-06-01T15:49:34.177Z
240,LV24VPT,2026-05-11T13:42:23.199Z
241,LX12CZH,2026-05-18T12:00:33.874Z
241,LX12DAU,2026-05-04T11:29:17.869Z
241,LX12DBV,2026-05-11T13:42:23.199Z
241,LX12DBY,2026-05-25T13:01:20.469Z
241,LX12DDF,2026-05-11T13:42:23.199Z
241,LX12DGU,2026-05-04T11:29:17.869Z
241,LX12DGY,2026-06-01T15:49:34.177Z
241,LX12DHE,2026-06-01T15:49:34.177Z
241,SN18KUG,2026-05-18T12:00:33.874Z
241,SN18KUH,2026-06-01T15:49:34.177Z
241,SN18KUJ,2026-06-01T15:49:34.177Z
241,SN18KUK,2026-06-01T15:49:34.177Z
241,YY18TGF,2026-06-01T15:49:34.177Z
241,YY18TGJ,2026-06-01T15:49:34.177Z
241,YY18TGK,2026-05-11T13:42:23.199Z
241,YY18TGN,2026-06-01T15:49:34.177Z
241,YY18TGO,2026-04-29T23:54:22.641Z
241,YY18TGU,2026-06-01T15:49:34.177Z
241,YY18TGV,2026-05-04T11:29:17.869Z
241,YY18TGX,2026-06-01T15:49:34.177Z
241,YY18TGZ,2026-06-01T15:28:31.580Z
241,YY18THF,2026-06-01T15:49:34.177Z
241,YY18THG,2026-06-01T15:49:34.177Z
242,LJ24ZPG,2026-06-01T15:49:34.177Z
242,LJ24ZPH,2026-05-11T13:42:23.199Z
242,LJ24ZPM,2026-06-01T15:49:34.177Z
242,LJ24ZPN,2026-05-11T12:08:37.791Z
242,LJ24ZPO,2026-05-25T13:01:20.469Z
242,LJ24ZRG,2026-06-01T15:49:34.177Z
242,LJ24ZRL,2026-05-11T13:42:23.199Z
242,LJ74XPA,2026-05-04T11:29:17.869Z
242,LJ74XPC,2026-05-11T13:42:23.199Z
242,LJ74XPD,2026-06-01T15:49:34.177Z
242,LV24EUX,2026-05-25T13:01:20.469Z
242,LV24EUZ,2026-06-01T15:28:31.580Z
242,LV24EVB,2026-05-25T13:01:20.469Z
242,LV24EVD,2026-05-18T12:00:33.874Z
242,LV24EVF,2026-05-25T13:01:20.469Z
242,LV24EVG,2026-06-01T15:28:31.580Z
242,LV24EVH,2026-05-18T12:00:33.874Z
242,LV24EVJ,2026-06-01T15:49:34.177Z
242,LV24EVK,2026-05-25T13:01:20.469Z
242,LV24EVL,2026-05-04T11:29:17.869Z
242,LV24EVM,2026-06-01T15:49:34.177Z
242,LV24EVN,2026-06-01T15:49:34.177Z
242,LV24EVP,2026-05-18T12:00:33.874Z
242,LV25XWP,2026-05-25T13:01:20.469Z
242,LV25XWR,2026-05-18T12:00:33.874Z
242,LV25XWS,2026-06-01T15:49:34.177Z
242,LV25XWT,2026-06-01T15:49:34.177Z
242,LV25XWU,2026-06-01T15:49:34.177Z
242,LV25XWW,2026-06-01T15:49:34.177Z
242,LV25XWX,2026-06-01T15:49:34.177Z
242,MF25HKE,2026-05-25T13:01:20.469Z
242,MF25HKG,2026-05-11T13:42:23.199Z
242,MF25HKH,2026-06-01T15:49:34.177Z
243,LJ26UVP,2026-05-25T13:01:20.469Z
243,LJ26UVY,2026-05-18T12:00:33.874Z
243,LJ26UWD,2026-06-01T15:49:34.177Z
243,LJ75VZC,2026-06-01T15:49:34.177Z
243,LJ75VZD,2026-06-01T15:49:34.177Z
243,LJ75VZE,2026-06-01T15:49:34.177Z
243,LJ75VZH,2026-05-11T13:42:23.199Z
243,LJ75VZK,2026-05-25T13:01:20.469Z
243,LJ75VZL,2026-06-01T15:49:34.177Z
243,LJ75VZM,2026-06-01T15:49:34.177Z
243,LJ75VZO,2026-06-01T15:49:34.177Z
243,LJ75VZP,2026-05-25T13:01:20.469Z
243,LJ75VZR,2026-05-11T13:42:23.199Z
243,LJ75VZU,2026-06-01T15:28:31.580Z
243,LJ75VZV,2026-05-11T13:42:23.199Z
243,LJ75VZX,2026-05-25T13:01:20.469Z
243,LJ75VZZ,2026-05-25T13:01:20.469Z
243,LJ75WAE,2026-06-01T15:49:34.177Z
243,LJ75WAO,2026-06-01T15:49:34.177Z
243,LJ75WAU,2026-05-11T13:42:23.199Z
243,LJ75WBE,2026-05-04T11:29:17.869Z
243,LJ75WBF,2026-06-01T15:49:34.177Z
243,LV74CEF,2026-05-25T13:01:20.469Z
243,LV74CEJ,2026-05-18T12:00:33.874Z
243,LV74CEK,2026-06-01T15:49:34.177Z
243,LV74CEN,2026-06-01T15:49:34.177Z
243,LY24FXC,2026-05-25T13:01:20.469Z
243,LY24FXJ,2026-06-01T15:49:34.177Z
243,LY24JOU,2026-06-01T15:49:34.177Z
243,LY24JOV,2026-05-04T11:29:17.869Z
243,LY24JPF,2026-05-11T13:42:23.199Z
243,LY24JPJ,2026-06-01T15:49:34.177Z
243,LY24JPO,2026-06-01T15:49:34.177Z
243,LY24JPU,2026-05-25T13:01:20.469Z
243,LY24JPV,2026-05-04T11:29:17.869Z
243,LY24JPX,2026-06-01T15:28:31.580Z
243,LY24JRO,2026-05-25T13:01:20.469Z
243,LY24JRU,2026-05-18T12:00:33.874Z
243,LY24JRZ,2026-05-25T13:01:20.469Z
243,LY24JSU,2026-05-25T13:01:20.469Z
243,LY24JSV,2026-05-18T12:00:33.874Z
243,LY24JSX,2026-06-01T15:49:34.177Z
243,LY24JSZ,2026-05-25T13:01:20.469Z
243,LY24JTO,2026-05-11T13:42:23.199Z
243,LY24JTU,2026-05-11T13:42:23.199Z
243,LY24JTV,2026-06-01T15:49:34.177Z
243,LY24JTX,2026-05-18T12:00:33.874Z
243,LY24JTZ,2026-05-25T13:01:20.469Z
243,LY24JUA,2026-05-18T12:00:33.874Z
243,LY24JUE,2026-05-18T12:00:33.874Z
243,LY24JUF,2026-05-11T13:42:23.199Z
243,LY24JUJ,2026-05-25T13:01:20.469Z
243,LY24KYZ,2026-05-11T12:08:37.791Z
243,LY24KZA,2026-06-01T15:49:34.177Z
243,LY24KZB,2026-06-01T15:49:34.177Z
243,LY24KZC,2026-06-01T15:49:34.177Z
243,LY24KZD,2026-06-01T15:49:34.177Z
243,LY24KZE,2026-05-11T13:42:23.199Z
243,LY24KZF,2026-05-18T12:00:33.874Z
243,LY24KZG,2026-06-01T15:49:34.177Z
243,LY24KZH,2026-06-01T15:49:34.177Z
243,LY24RWF,2026-05-11T13:42:23.199Z
243,LY24RWL,2026-05-18T12:00:33.874Z
244,SN12AOU,2026-06-01T15:49:34.177Z
244,SN12AOV,2026-05-25T13:01:20.469Z
244,SN12APV,2026-05-25T13:01:20.469Z
244,SN61BKL,2026-06-01T15:28:31.580Z
244,SN61DCV,2026-05-25T13:01:20.469Z
244,SN61DCZ,2026-06-01T15:49:34.177Z
244,SN61DFE,2026-05-11T13:42:23.199Z
244,SN61DFG,2026-06-01T15:49:34.177Z
244,SN62DDE,2026-05-18T12:00:33.874Z
244,SN62DDO,2026-06-01T15:49:34.177Z
244,SN62DDX,2026-06-01T15:49:34.177Z
244,SN62DFL,2026-05-18T12:00:33.874Z
244,SN62DGF,2026-06-01T15:49:34.177Z
244,SN62DGU,2026-05-18T12:00:33.874Z
244,SN62DHA,2026-05-11T13:42:23.199Z
244,SN62DHK,2026-05-25T13:01:20.469Z
244,SN62DHZ,2026-06-01T15:49:34.177Z
244,SN62DJO,2026-06-01T15:49:34.177Z
244,YX12FPA,2026-06-01T15:49:34.177Z
244,YX12FPC,2026-06-01T15:28:31.580Z
244,YX12FPD,2026-05-25T13:01:20.469Z
244,YX12FPF,2026-05-25T13:01:20.469Z
244,YX12FPV,2026-06-01T15:49:34.177Z
245,LF19FXC,2026-05-18T12:00:33.874Z
245,LF68PXL,2026-05-11T12:08:37.791Z
245,LF68PXN,2026-06-01T15:49:34.177Z
245,LK10BXN,2026-05-18T12:00:33.874Z
245,LK11CXM,2026-06-01T15:49:34.177Z
245,LK11CXX,2026-05-04T11:29:17.869Z
245,LK11CXY,2026-06-01T15:49:34.177Z
245,LK12AAN,2026-05-18T12:00:33.874Z
245,LK12AEZ,2026-06-01T15:49:34.177Z
245,LK12AFU,2026-05-25T13:01:20.469Z
245,LK12AFV,2026-05-11T13:42:23.199Z
245,LK12AFX,2026-06-01T15:49:34.177Z
245,LK12AHC,2026-05-04T11:29:17.869Z
245,LK12AJX,2026-05-25T13:01:20.469Z
245,LK12AKN,2026-05-18T12:00:33.874Z
245,LK12AKO,2026-05-25T13:01:20.469Z
245,LK12AMO,2026-05-25T13:01:20.469Z
245,LK12AOL,2026-05-04T11:29:17.869Z
245,LK12AOO,2026-06-01T15:49:34.177Z
245,LK15CWY,2026-05-11T13:42:23.199Z
245,LK15CXB,2026-05-25T13:01:20.469Z
245,LK15CXC,2026-05-25T13:01:20.469Z
245,LK15CXE,2026-06-01T15:49:34.177Z
245,LK15CXG,2026-05-18T12:00:33.874Z
245,LK15CXH,2026-05-25T13:01:20.469Z
245,LK15CXM,2026-05-04T11:29:17.869Z
245,LK17CYS,2026-06-01T15:49:34.177Z
245,LK17CYU,2026-05-11T13:42:23.199Z
245,LK17CYW,2026-06-01T15:49:34.177Z
245,LK17CYZ,2026-05-25T13:01:20.469Z
245,LK17CZA,2026-05-04T11:29:17.869Z
245,LK17CZB,2026-05-11T13:42:23.199Z
245,LK17DFV,2026-05-11T13:42:23.199Z
245,LK18AHA,2026-06-01T15:49:34.177Z
245,LK61BNA,2026-05-11T13:42:23.199Z
245,LK62DLO,2026-05-25T13:01:20.469Z
245,LK62DLV,2026-05-11T13:42:23.199Z
245,LK62DLX,2026-05-04T11:29:17.869Z
245,LK62DVO,2026-05-25T13:01:20.469Z
245,LK65EOB,2026-05-25T13:01:20.469Z
245,LK70AZA,2026-06-01T15:49:34.177Z
245,LK70AZG,2026-05-18T12:00:33.874Z
245,LK70AZO,2026-05-18T12:00:33.874Z
245,LK70AZP,2026-06-01T15:49:34.177Z
245,LK70AZU,2026-06-01T15:49:34.177Z
246,LJ25XMB,2026-05-18T12:00:33.874Z
246,SK25BCO,2026-05-11T13:42:23.199Z
246,YY15OWV,2026-06-01T15:49:34.177Z
246,YY15OWW,2026-06-01T15:49:34.177Z
246,YY15OWX,2026-06-01T15:49:34.177Z
246,YY15OWZ,2026-06-01T15:49:34.177Z
246,YY15OXA,2026-06-01T15:49:34.177Z
246,YY15OXB,2026-06-01T15:49:34.177Z
246,YY15OXC,2026-05-04T11:29:17.869Z
247,LV25OSY,2026-05-11T13:42:23.199Z
247,LV25PWN,2026-06-01T15:49:34.177Z
247,LV25PWO,2026-06-01T15:49:34.177Z
247,LV25PWU,2026-05-25T13:01:20.469Z
247,LV25PWZ,2026-06-01T15:49:34.177Z
247,LV25PXA,2026-05-25T13:01:20.469Z
247,LV25PXB,2026-05-11T12:08:37.791Z
247,LV25VOJ,2026-05-18T12:00:33.874Z
247,LV25VOK,2026-05-04T11:29:17.869Z
247,LV25VOM,2026-06-01T15:49:34.177Z
247,LV73FFA,2026-05-11T13:42:23.199Z
247,LV73FFB,2026-06-01T15:49:34.177Z
247,LV73FFC,2026-05-18T12:00:33.874Z
247,LV73FFG,2026-05-11T13:42:23.199Z
247,LV73FFH,2026-06-01T15:49:34.177Z
247,LV73FFJ,2026-06-01T15:28:31.580Z
247,LV73FFL,2026-05-11T13:42:23.199Z
247,LV73FFM,2026-05-18T12:00:33.874Z
247,LV73FFN,2026-05-18T12:00:33.874Z
247,LV73FFP,2026-06-01T15:49:34.177Z
247,LV73FFS,2026-05-18T12:00:33.874Z
247,LV73FFU,2026-05-11T13:42:23.199Z
247,LV73FFW,2026-06-01T15:49:34.177Z
247,LV73FFX,2026-06-01T15:49:34.177Z
247,LV73FFZ,2026-05-25T13:01:20.469Z
247,LV73FGC,2026-05-18T12:00:33.874Z
247,LV73FGE,2026-05-18T12:00:33.874Z
247,LV73FGF,2026-05-18T12:00:33.874Z
247,LV73FGK,2026-05-25T13:01:20.469Z
247,LV73FGM,2026-06-01T15:49:34.177Z
247,LV73FGP,2026-06-01T15:49:34.177Z
248,BG14ONW,2026-05-18T12:00:33.874Z
248,LF67EUV,2026-05-11T13:42:23.199Z
248,LF67EUW,2026-05-11T13:42:23.199Z
248,LF67EVM,2026-05-11T13:42:23.199Z
248,LF67EVX,2026-05-18T12:00:33.874Z
248,LF67EWD,2026-05-18T12:00:33.874Z
248,LK17AFJ,2026-05-18T12:00:33.874Z
248,LK17AFU,2026-05-18T12:00:33.874Z
249,LC67ACX,2026-05-11T13:42:23.199Z
249,LC67ACY,2026-05-18T12:00:33.874Z
249,LC67AHP,2026-05-25T13:01:20.469Z
249,LC67AHU,2026-05-25T13:01:20.469Z
249,LC67AHV,2026-05-25T13:01:20.469Z
249,LC67AHX,2026-05-25T13:01:20.469Z
249,LC67AHZ,2026-06-01T15:49:34.177Z
249,LC67AJU,2026-05-04T11:29:17.869Z
249,LC67AJV,2026-05-18T12:00:33.874Z
249,LC67AKG,2026-05-11T13:42:23.199Z
249,LC67AKJ,2026-05-25T13:01:20.469Z
249,LC67AKK,2026-05-18T12:00:33.874Z
249,LC67AKN,2026-05-18T12:00:33.874Z
249,LC67AKO,2026-06-01T15:49:34.177Z
249,LC67AKP,2026-05-25T13:01:20.469Z
249,LC67AKU,2026-06-01T15:49:34.177Z
249,LF18AWC,2026-05-04T11:29:17.869Z
249,LK17AFX,2026-05-25T13:01:20.469Z
249,LK17AFY,2026-05-11T13:42:23.199Z
249,LK17AFZ,2026-05-04T11:29:17.869Z
249,LK17AGO,2026-05-25T13:01:20.469Z
249,LK17AGY,2026-05-18T12:00:33.874Z
249,LK17AGZ,2026-05-11T13:42:23.199Z
249,LK17AHC,2026-06-01T15:49:34.177Z
249,LK17AHE,2026-06-01T15:49:34.177Z
249,LK17AHG,2026-05-18T12:00:33.874Z
249,LK17AHJ,2026-06-01T15:49:34.177Z
249,LK17AHL,2026-06-01T15:49:34.177Z
249,LK17AHP,2026-05-11T13:42:23.199Z
249,LK17AHU,2026-05-18T12:00:33.874Z
249,LK17AHV,2026-06-01T15:49:34.177Z
249,LK17AHX,2026-05-25T13:01:20.469Z
249,LK17AHY,2026-05-18T12:00:33.874Z
249,LK17AHZ,2026-05-11T13:42:23.199Z
249,LK17AJO,2026-05-04T11:29:17.869Z
249,LK17AKJ,2026-05-04T11:29:17.869Z
249,LK17AKP,2026-05-11T13:42:23.199Z
249,LK17AKZ,2026-05-11T13:42:23.199Z
249,LK17ALO,2026-06-01T15:49:34.177Z
249,LK17ALU,2026-05-18T12:00:33.874Z
249,LK17AMO,2026-06-01T15:49:34.177Z
249,LK17AMV,2026-06-01T15:49:34.177Z
249,LK17AMX,2026-06-01T15:49:34.177Z
249,LT63UJS,2026-06-01T15:49:34.177Z
249,LT63UJU,2026-05-11T13:42:23.199Z
249,LT63UJX,2026-06-01T15:49:34.177Z
250,LJ10HTU,2026-06-01T15:49:34.177Z
250,LJ10HUA,2026-06-01T15:49:34.177Z
250,LJ10HUO,2026-06-01T15:49:34.177Z
250,LJ10HUP,2026-05-11T13:42:23.199Z
250,LJ10HUV,2026-06-01T15:49:34.177Z
250,LJ10HUY,2026-05-04T11:29:17.869Z
250,LJ10HVK,2026-06-01T15:49:34.177Z
250,LJ10HVL,2026-06-01T15:49:34.177Z
250,LJ10HVO,2026-05-25T13:01:20.469Z
250,LJ10HVR,2026-06-01T15:49:34.177Z
250,LJ60ASX,2026-06-01T15:49:34.177Z
250,LJ60ATF,2026-06-01T15:49:34.177Z
250,LJ60ATN,2026-05-11T13:42:23.199Z
250,LJ60ATO,2026-06-01T15:49:34.177Z
250,LJ60ATV,2026-05-04T11:29:17.869Z
250,LJ60AUO,2026-06-01T15:49:34.177Z
250,LJ60AUT,2026-05-25T13:01:20.469Z
250,LJ60AUX,2026-06-01T15:49:34.177Z
250,LJ60AVC,2026-05-11T13:42:23.199Z
250,LJ60AVD,2026-05-25T13:01:20.469Z
250,LJ60AVO,2026-05-18T12:00:33.874Z
250,LJ60AVP,2026-06-01T15:49:34.177Z
250,LJ60AVY,2026-06-01T15:49:34.177Z
250,LJ60AWA,2026-05-25T13:01:20.469Z
250,LV23EYF,2026-05-11T13:42:23.199Z
250,LV23EYG,2026-06-01T15:49:34.177Z
250,LV23EYH,2026-04-29T23:54:22.641Z
250,LV23EYJ,2026-05-11T12:08:37.791Z
250,LV23EYL,2026-06-01T15:49:34.177Z
250,LV23EYR,2026-05-18T12:00:33.874Z
250,LV23EYT,2026-06-01T15:49:34.177Z
250,LV23EZE,2026-05-18T12:00:33.874Z
250,LV23EZF,2026-05-11T13:42:23.199Z
250,LV74CEO,2026-06-01T15:49:34.177Z
250,LY24FXG,2026-06-01T15:49:34.177Z
250,LY24FXK,2026-06-01T15:49:34.177Z
250,LY24FXO,2026-05-25T13:01:20.469Z
250,LY24JOH,2026-06-01T15:49:34.177Z
250,LY24RWE,2026-05-18T12:00:33.874Z
250,LY24RWJ,2026-05-25T13:01:20.469Z
250,LY24RWK,2026-06-01T15:49:34.177Z
251,LF73DXG,2026-06-01T15:49:34.177Z
251,LF73DXH,2026-06-01T15:49:34.177Z
251,LF73DXJ,2026-06-01T15:49:34.177Z
251,LF73DXK,2026-06-01T15:28:31.580Z
251,LF73DXM,2026-05-18T12:00:33.874Z
251,LF73DXO,2026-06-01T15:49:34.177Z
251,LF73DXP,2026-06-01T15:49:34.177Z
251,LF73DXR,2026-06-01T15:28:31.580Z
251,LF73DXS,2026-05-25T13:01:20.469Z
251,LF73DXT,2026-06-01T15:49:34.177Z
251,LF73DXU,2026-06-01T15:28:31.580Z
251,LF73DXV,2026-06-01T15:49:34.177Z
251,LF73DXW,2026-06-01T15:28:31.580Z
252,LX11AYT,2026-05-18T12:00:33.874Z
252,LX11AYV,2026-06-01T15:49:34.177Z
252,LX11AYW,2026-06-01T15:49:34.177Z
252,LX11AYY,2026-06-01T15:49:34.177Z
252,LX11AYZ,2026-05-25T13:01:20.469Z
252,LX11AZA,2026-06-01T15:49:34.177Z
252,LX11AZB,2026-05-11T13:42:23.199Z
252,LX11AZD,2026-05-18T12:00:33.874Z
252,LX11AZF,2026-05-18T12:00:33.874Z
252,LX11AZJ,2026-06-01T15:49:34.177Z
252,LX11AZL,2026-05-04T11:29:17.869Z
252,LX11AZN,2026-05-11T13:42:23.199Z
252,LX11AZO,2026-05-18T12:00:33.874Z
252,LX11AZP,2026-05-25T13:01:20.469Z
252,LX11AZW,2026-05-04T11:29:17.869Z
252,LX11AZZ,2026-04-29T23:54:22.641Z
252,LX11BAO,2026-05-25T13:01:20.469Z
252,LX11BAU,2026-05-11T13:42:23.199Z
252,LX11BAV,2026-05-25T13:01:20.469Z
252,LX11BHD,2026-05-18T12:00:33.874Z
252,LX11BHE,2026-05-18T12:00:33.874Z
252,LX11BHK,2026-06-01T15:49:34.177Z
252,LX11BHL,2026-06-01T15:49:34.177Z
252,LX11BJF,2026-05-18T12:00:33.874Z
252,LX11BKG,2026-05-11T13:42:23.199Z
252,LX11BKU,2026-05-11T13:42:23.199Z
252,LX11BMV,2026-06-01T15:49:34.177Z
252,LX12CZM,2026-06-01T15:49:34.177Z
252,LX12DBO,2026-05-25T13:01:20.469Z
252,LX12DCO,2026-05-04T11:29:17.869Z
252,LX12DCV,2026-06-01T15:49:34.177Z
252,LX12DCY,2026-05-04T11:29:17.869Z
252,LX61DBU,2026-05-25T13:01:20.469Z
252,SN16OLK,2026-05-11T13:42:23.199Z
252,SN16OLO,2026-04-29T23:54:22.641Z
252,SN63JVO,2026-06-01T15:49:34.177Z
252,SN63JVR,2026-05-25T13:01:20.469Z
252,SN63JVT,2026-06-01T15:49:34.177Z
252,SN63JVU,2026-05-18T12:00:33.874Z
252,SN63JVV,2026-05-04T11:29:17.869Z
252,SN63JVX,2026-06-01T15:49:34.177Z
255,LY24EKT,2026-05-18T12:00:33.874Z
255,LY24EKU,2026-06-01T15:49:34.177Z
255,LY24EKV,2026-06-01T15:49:34.177Z
255,LY24EKW,2026-06-01T15:49:34.177Z
255,LY24EKX,2026-05-25T13:01:20.469Z
255,LY24EKZ,2026-06-01T15:49:34.177Z
255,LY24ELC,2026-06-01T15:49:34.177Z
255,LY24FWO,2026-06-01T15:49:34.177Z
255,LY24FWP,2026-06-01T15:49:34.177Z
255,LY24FWR,2026-06-01T15:49:34.177Z
255,LY24FWS,2026-06-01T15:49:34.177Z
256,LV75HJC,2026-06-01T15:49:34.177Z
256,LV75HJF,2026-06-01T15:49:34.177Z
256,LV75HJG,2026-06-01T15:49:34.177Z
256,LX11AYT,2026-06-01T15:28:31.580Z
256,LX11AYU,2026-06-01T15:49:34.177Z
256,LX11AYV,2026-05-11T13:42:23.199Z
256,LX11AYW,2026-05-18T12:00:33.874Z
256,LX11AYZ,2026-05-18T12:00:33.874Z
256,LX11AZD,2026-05-11T13:42:23.199Z
256,LX11AZJ,2026-05-25T13:01:20.469Z
256,LX11AZN,2026-05-18T12:00:33.874Z
256,LX11AZW,2026-05-25T13:01:20.469Z
256,LX11AZZ,2026-06-01T15:49:34.177Z
256,LX11BAA,2026-05-18T12:00:33.874Z
256,LX11BAO,2026-05-11T13:42:23.199Z
256,LX11BAU,2026-05-04T11:29:17.869Z
256,LX11BBF,2026-05-11T13:42:23.199Z
256,LX11BKU,2026-06-01T15:49:34.177Z
256,LX12CZE,2026-05-11T13:42:23.199Z
256,LX12DCE,2026-05-18T12:00:33.874Z
256,LX12DCU,2026-06-01T15:49:34.177Z
256,LX12DHA,2026-05-04T11:29:17.869Z
256,LX61DBO,2026-06-01T15:49:34.177Z
256,LX61DBU,2026-06-01T15:49:34.177Z
256,LX75ZHD,2026-05-25T13:01:20.469Z
256,LX75ZHG,2026-05-18T12:00:33.874Z
256,LX75ZKB,2026-05-25T13:01:20.469Z
256,LX75ZKO,2026-05-11T13:42:23.199Z
256,MF25HJV,2026-05-11T13:42:23.199Z
256,SN16OLK,2026-05-18T12:00:33.874Z
256,SN63JVR,2026-06-01T15:49:34.177Z
256,SN63JVV,2026-05-11T13:42:23.199Z
256,SN63JVW,2026-05-04T11:29:17.869Z
256,SN63JVX,2026-05-18T12:00:33.874Z
257,LV74BYL,2026-06-01T15:49:34.177Z
257,LV74BYM,2026-05-11T13:42:23.199Z
257,LV74BYN,2026-06-01T15:49:34.177Z
257,LV74BYO,2026-06-01T15:49:34.177Z
257,LV74BYP,2026-06-01T15:49:34.177Z
257,LV74BYR,2026-06-01T15:49:34.177Z
257,LV74BYS,2026-06-01T15:49:34.177Z
257,LV74BYT,2026-06-01T15:49:34.177Z
257,LV74BYU,2026-06-01T15:49:34.177Z
257,LV74BYW,2026-06-01T15:49:34.177Z
257,LV74BYX,2026-06-01T15:49:34.177Z
257,LV74BYY,2026-05-18T12:00:33.874Z
257,LV74BYZ,2026-06-01T15:49:34.177Z
257,LV74BZA,2026-06-01T15:49:34.177Z
257,LV74BZB,2026-06-01T15:49:34.177Z
257,LV74BZC,2026-06-01T15:49:34.177Z
257,LV74BZD,2026-06-01T15:49:34.177Z
257,LV74BZE,2026-06-01T15:49:34.177Z
257,LX12DAA,2026-04-29T23:54:22.641Z
257,LX61DCU,2026-04-29T23:54:22.641Z
257,LX61DFF,2026-04-29T23:54:22.641Z
257,LX61DFG,2026-04-29T23:54:22.641Z
257,SN64OGH,2026-04-29T23:54:22.641Z
258,LK13BHW,2026-05-11T13:42:23.199Z
258,LK13BHX,2026-05-25T13:01:20.469Z
258,LK13BHY,2026-06-01T15:49:34.177Z
258,LK13BJE,2026-05-18T12:00:33.874Z
258,LK62DND,2026-06-01T15:49:34.177Z
258,LK62DPE,2026-06-01T15:49:34.177Z
258,LK62DUJ,2026-05-11T13:42:23.199Z
258,LK62DVH,2026-06-01T15:49:34.177Z
258,LK62DVJ,2026-05-18T12:00:33.874Z
258,LK62DVL,2026-05-11T13:42:23.199Z
258,LK62DVP,2026-05-11T13:42:23.199Z
258,LK62DVR,2026-05-25T13:01:20.469Z
258,LK62DVU,2026-06-01T15:49:34.177Z
258,LK64EHM,2026-06-01T15:49:34.177Z
258,LK64EHN,2026-06-01T15:49:34.177Z
258,LK64EHO,2026-05-04T11:29:17.869Z
258,LK64EHP,2026-05-25T13:01:20.469Z
258,LK64EHT,2026-05-18T12:00:33.874Z
258,LK64EHU,2026-06-01T15:49:34.177Z
258,LK64EHV,2026-05-18T12:00:33.874Z
258,LK64EHW,2026-06-01T15:49:34.177Z
258,LK64EHY,2026-05-25T13:01:20.469Z
258,LK64EHZ,2026-06-01T15:49:34.177Z
258,LK64EJC,2026-06-01T15:49:34.177Z
258,LK64EJD,2026-06-01T15:49:34.177Z
259,LF67EUH,2026-06-01T15:49:34.177Z
260,LK13BHZ,2026-05-25T13:01:20.469Z
260,LK15CXN,2026-05-11T13:42:23.199Z
260,LK15CXO,2026-06-01T15:49:34.177Z
260,LK15CXR,2026-05-18T12:00:33.874Z
260,LK15CXS,2026-05-18T12:00:33.874Z
260,LK15CXU,2026-05-25T13:01:20.469Z
260,LK15CXV,2026-05-04T11:29:17.869Z
260,LK17DCF,2026-06-01T15:49:34.177Z
260,LK17DCO,2026-05-11T12:08:37.791Z
260,LK17DDU,2026-06-01T15:49:34.177Z
260,LK17DDV,2026-06-01T15:49:34.177Z
260,LK17DDX,2026-05-11T13:42:23.199Z
260,LK17DEU,2026-05-25T13:01:20.469Z
260,LK64EHG,2026-05-04T11:29:17.869Z
260,LK64EHH,2026-05-11T13:42:23.199Z
260,LK64EHL,2026-05-11T13:42:23.199Z
260,LK67CXY,2026-06-01T15:49:34.177Z
260,LK67CXZ,2026-06-01T15:49:34.177Z
260,LK67CYC,2026-05-11T13:42:23.199Z
260,LK67CYE,2026-06-01T15:49:34.177Z
260,LK67CYH,2026-06-01T15:49:34.177Z
260,LK67CYJ,2026-06-01T15:49:34.177Z
260,LK67CYL,2026-05-25T13:01:20.469Z
260,LK67EKO,2026-05-04T11:29:17.869Z
260,LK67EKP,2026-05-11T13:42:23.199Z
260,LK67EKT,2026-06-01T15:49:34.177Z
260,LK67EKU,2026-05-18T12:00:33.874Z
260,LK67EKV,2026-06-01T15:49:34.177Z
260,LK67EKW,2026-05-18T12:00:33.874Z
260,LK67EKX,2026-06-01T15:49:34.177Z
260,LK67EKY,2026-05-25T13:01:20.469Z
260,LK67EKZ,2026-05-11T13:42:23.199Z
260,LK67ELC,2026-05-04T11:29:17.869Z
260,LK67ELO,2026-05-18T12:00:33.874Z
260,LK67ELU,2026-05-18T12:00:33.874Z
260,LK67ELV,2026-06-01T15:49:34.177Z
260,LK67ELX,2026-05-18T12:00:33.874Z
260,LK67EMJ,2026-06-01T15:49:34.177Z
260,LK67EMV,2026-05-25T13:01:20.469Z
260,LK67EMX,2026-05-18T12:00:33.874Z
260,LK67ENH,2026-05-11T13:42:23.199Z
260,LK67ENL,2026-05-11T13:42:23.199Z
260,LK67ENM,2026-06-01T15:49:34.177Z
260,LK67ENN,2026-06-01T15:49:34.177Z
260,LK67ENO,2026-05-25T13:01:20.469Z
260,LK67ENP,2026-06-01T15:49:34.177Z
260,LK67ENR,2026-05-25T13:01:20.469Z
261,EU62AZO,2026-06-01T15:49:34.177Z
261,LV75FLH,2026-05-18T12:00:33.874Z
261,LV75FLJ,2026-05-11T13:42:23.199Z
261,LV75FLL,2026-05-25T13:01:20.469Z
261,LV75HGO,2026-06-01T15:49:34.177Z
261,LV75HGP,2026-06-01T15:49:34.177Z
261,LV75HGX,2026-05-25T13:01:20.469Z
261,LV75HGY,2026-05-04T11:29:17.869Z
261,LV75HHA,2026-05-18T12:00:33.874Z
261,LV75HHE,2026-05-11T13:42:23.199Z
261,SK25BBZ,2026-05-04T11:29:17.869Z
261,SK25BCF,2026-06-01T15:49:34.177Z
261,SK25BCO,2026-06-01T15:49:34.177Z
261,SK25BCU,2026-05-18T12:00:33.874Z
261,SK25BCX,2026-05-25T13:01:20.469Z
261,SK25BCY,2026-04-29T23:54:22.641Z
261,SK25BCZ,2026-05-18T12:00:33.874Z
261,YX68UTG,2026-06-01T15:28:31.580Z
261,YX68UTH,2026-06-01T15:49:34.177Z
261,YX68UTJ,2026-06-01T15:49:34.177Z
261,YX68UTK,2026-05-25T13:01:20.469Z
261,YX68UTL,2026-06-01T15:49:34.177Z
261,YX68UTM,2026-06-01T15:49:34.177Z
261,YX68UTN,2026-05-25T13:01:20.469Z
261,YX68UTO,2026-06-01T15:49:34.177Z
261,YX68UTP,2026-06-01T15:49:34.177Z
261,YX68UTR,2026-06-01T15:49:34.177Z
261,YX68UTT,2026-06-01T15:49:34.177Z
262,LF24ZNW,2026-06-01T15:49:34.177Z
262,LF24ZNX,2026-06-01T15:28:31.580Z
262,LF24ZNY,2026-06-01T15:49:34.177Z
262,LF24ZNZ,2026-06-01T15:49:34.177Z
262,LF24ZPB,2026-06-01T15:49:34.177Z
262,LF24ZPC,2026-06-01T15:49:34.177Z
262,LF24ZPD,2026-06-01T15:49:34.177Z
262,LF24ZPE,2026-05-18T12:00:33.874Z
262,LF24ZPG,2026-06-01T15:49:34.177Z
262,LF24ZPH,2026-06-01T15:49:34.177Z
262,LF24ZPJ,2026-06-01T15:49:34.177Z
263,LK66EOD,2026-06-01T15:49:34.177Z
263,LK66EOJ,2026-06-01T15:49:34.177Z
263,LK66EOM,2026-06-01T15:49:34.177Z
263,LV22AGX,2026-06-01T15:49:34.177Z
263,LV23EBJ,2026-05-25T13:01:20.469Z
263,LV23EZH,2026-05-18T12:00:33.874Z
263,LV23ZBD,2026-05-18T12:00:33.874Z
263,LV25XXK,2026-05-11T13:42:23.199Z
263,LV25XXL,2026-05-25T13:01:20.469Z
263,LV25XXM,2026-06-01T15:49:34.177Z
263,LV25XXN,2026-05-25T13:01:20.469Z
263,LV25XXO,2026-05-25T13:01:20.469Z
263,LV25XXP,2026-05-18T12:00:33.874Z
263,LV25XXR,2026-05-11T12:08:37.791Z
263,LV25XXS,2026-06-01T15:49:34.177Z
263,LV25XXT,2026-05-25T13:01:20.469Z
263,LV25XXU,2026-05-18T12:00:33.874Z
263,LV25XXW,2026-06-01T15:49:34.177Z
263,LV25XXY,2026-06-01T15:49:34.177Z
263,LV25XXZ,2026-05-11T13:42:23.199Z
263,LV25XYA,2026-06-01T15:49:34.177Z
263,LV25XYB,2026-06-01T15:49:34.177Z
263,LV25XYC,2026-05-18T12:00:33.874Z
263,LV25XYD,2026-06-01T15:49:34.177Z
263,LV25XYF,2026-06-01T15:49:34.177Z
263,LV25XYG,2026-05-18T12:00:33.874Z
263,LV25XYH,2026-05-18T12:00:33.874Z
263,LV25XYU,2026-05-18T12:00:33.874Z
263,LV74TJO,2026-06-01T15:49:34.177Z
263,LV74TJU,2026-06-01T15:49:34.177Z
263,LV74TJX,2026-05-25T13:01:20.469Z
263,LV74TJY,2026-06-01T15:49:34.177Z
263,LV74TJZ,2026-05-25T13:01:20.469Z
263,LV74TKA,2026-05-04T11:29:17.869Z
263,LV74TKC,2026-05-18T12:00:33.874Z
263,LV74TKD,2026-05-18T12:00:33.874Z
263,LV74TKE,2026-05-11T13:42:23.199Z
263,LV74TKF,2026-05-25T13:01:20.469Z
263,LV74TKK,2026-05-25T13:01:20.469Z
263,LV74TKO,2026-06-01T15:49:34.177Z
263,LY74EWT,2026-06-01T15:49:34.177Z
263,LY74NXL,2026-06-01T15:49:34.177Z
263,LY74NXM,2026-05-04T11:29:17.869Z
263,LY74NXP,2026-05-18T12:00:33.874Z
264,LG72DNO,2026-05-25T13:01:20.469Z
264,LG72DNU,2026-06-01T15:49:34.177Z
264,LG72DNV,2026-06-01T15:49:34.177Z
264,LG72DNX,2026-05-25T13:01:20.469Z
264,LG72DNY,2026-05-11T13:42:23.199Z
264,LG72DOH,2026-06-01T15:49:34.177Z
264,LG72DOJ,2026-05-11T13:42:23.199Z
264,LG72DOU,2026-05-18T12:00:33.874Z
264,LG72DPE,2026-06-01T15:49:34.177Z
264,LG72DPF,2026-05-18T12:00:33.874Z
264,LG72DPK,2026-06-01T15:49:34.177Z
264,LG72DPN,2026-05-11T13:42:23.199Z
264,LG72DPO,2026-06-01T15:49:34.177Z
264,LG72DPU,2026-05-04T11:29:17.869Z
264,LG72DPV,2026-06-01T15:49:34.177Z
264,LG72DPX,2026-05-11T13:42:23.199Z
264,LG72DPY,2026-06-01T15:49:34.177Z
264,LG72DPZ,2026-06-01T15:49:34.177Z
264,LG72DRO,2026-05-18T12:00:33.874Z
264,LG72DRV,2026-06-01T15:49:34.177Z
264,LG72DRX,2026-05-18T12:00:33.874Z
264,LG72DRZ,2026-06-01T15:49:34.177Z
264,LG72DSE,2026-05-25T13:01:20.469Z
265,LB23PHN,2026-06-01T15:49:34.177Z
265,LB23PHO,2026-05-25T13:01:20.469Z
265,LB23PHU,2026-05-18T12:00:33.874Z
265,LB23PHV,2026-05-04T11:29:17.869Z
265,LB23PHX,2026-05-25T13:01:20.469Z
265,LB23PHY,2026-05-25T13:01:20.469Z
265,LB23PHZ,2026-05-11T13:42:23.199Z
265,LB23PJJ,2026-06-01T15:49:34.177Z
265,LB23PJO,2026-06-01T15:49:34.177Z
265,LB23PJU,2026-05-18T12:00:33.874Z
265,LB23PJX,2026-06-01T15:49:34.177Z
265,LF24ZGZ,2026-06-01T15:49:34.177Z
265,LF24ZHA,2026-06-01T15:49:34.177Z
265,LF24ZHB,2026-06-01T15:49:34.177Z
265,LF24ZHC,2026-06-01T15:49:34.177Z
265,LF24ZHD,2026-05-25T13:01:20.469Z
265,LF24ZHE,2026-05-18T12:00:33.874Z
265,LF24ZHG,2026-05-25T13:01:20.469Z
265,LF24ZHH,2026-05-18T12:00:33.874Z
265,LF24ZHJ,2026-05-18T12:00:33.874Z
265,LF24ZHK,2026-06-01T15:49:34.177Z
265,LF24ZHL,2026-05-18T12:00:33.874Z
265,LF24ZHM,2026-06-01T15:49:34.177Z
265,LF24ZHN,2026-05-11T13:42:23.199Z
265,LF24ZHO,2026-05-11T13:42:23.199Z
265,LF24ZHP,2026-06-01T15:49:34.177Z
265,LF24ZHR,2026-05-25T13:01:20.469Z
265,LG73FZU,2026-06-01T15:49:34.177Z
266,LV23ZBF,2026-05-18T12:00:33.874Z
266,LV25CLO,2026-06-01T15:49:34.177Z
266,LV25CLU,2026-06-01T15:49:34.177Z
266,LV25CLX,2026-06-01T15:49:34.177Z
266,LV25CLY,2026-06-01T15:49:34.177Z
266,LV25CLZ,2026-05-25T13:01:20.469Z
266,LV25CME,2026-06-01T15:49:34.177Z
266,LV25CMF,2026-06-01T15:49:34.177Z
266,LV25CMK,2026-06-01T15:28:31.580Z
266,LV25CMO,2026-06-01T15:49:34.177Z
266,LV25CMU,2026-06-01T15:49:34.177Z
266,LV25CMX,2026-05-25T13:01:20.469Z
266,LV25CMY,2026-06-01T15:49:34.177Z
266,LV25CMZ,2026-05-25T13:01:20.469Z
266,LV25CNA,2026-05-25T13:01:20.469Z
266,LY74EWN,2026-06-01T15:49:34.177Z
266,LY74EWO,2026-06-01T15:49:34.177Z
266,LY74EWP,2026-06-01T15:28:31.580Z
266,LY74EWR,2026-06-01T15:49:34.177Z
266,LY74NXX,2026-06-01T15:49:34.177Z
266,LY74NXZ,2026-06-01T15:49:34.177Z
266,LY74NYB,2026-06-01T15:49:34.177Z
266,LY74NYC,2026-06-01T15:49:34.177Z
266,LY74NYD,2026-06-01T15:49:34.177Z
266,LY74NYF,2026-05-25T13:01:20.469Z
266,LY74NYG,2026-06-01T15:49:34.177Z
266,LY74NYH,2026-06-01T15:49:34.177Z
266,LY74NYK,2026-06-01T15:49:34.177Z
266,LY74NYL,2026-05-25T13:01:20.469Z
266,LY74NYM,2026-06-01T15:49:34.177Z
267,LV72BYT,2026-05-04T11:29:17.869Z
268,LF75PFE,2026-06-01T15:49:34.177Z
268,LF75PFG,2026-06-01T15:49:34.177Z
268,LF75PFK,2026-06-01T15:49:34.177Z
268,LF75PFO,2026-06-01T15:49:34.177Z
268,LF75PFU,2026-06-01T15:49:34.177Z
269,LV25CTF,2026-05-25T13:01:20.469Z
269,LV25CTZ,2026-05-11T13:42:23.199Z
269,LV25CUA,2026-05-11T13:42:23.199Z
269,LV25CUC,2026-05-11T13:42:23.199Z
269,LV25CUG,2026-06-01T15:49:34.177Z
269,LV25CUH,2026-06-01T15:49:34.177Z
269,LV25CUJ,2026-06-01T15:49:34.177Z
269,LV25CUK,2026-06-01T15:49:34.177Z
269,LV25CUO,2026-05-18T12:00:33.874Z
269,LV25CUU,2026-05-18T12:00:33.874Z
269,LV25OTF,2026-05-25T13:01:20.469Z
269,LV25WXL,2026-06-01T15:49:34.177Z
269,LV25WXM,2026-05-04T11:29:17.869Z
269,LV25WXP,2026-05-25T13:01:20.469Z
269,LV25WXS,2026-04-29T23:54:22.641Z
269,LV25WXW,2026-06-01T15:49:34.177Z
269,LV25WXX,2026-06-01T15:49:34.177Z
269,LV25WYJ,2026-06-01T15:49:34.177Z
269,LV25WYK,2026-05-18T12:00:33.874Z
269,LV25WYL,2026-06-01T15:49:34.177Z
269,LV25WYM,2026-05-18T12:00:33.874Z
269,LV25WYS,2026-06-01T15:49:34.177Z
269,LV25WZB,2026-05-04T11:29:17.869Z
269,LV25XUK,2026-05-04T11:29:17.869Z
269,LV25XUL,2026-06-01T15:49:34.177Z
269,LX59CYL,2026-05-18T12:00:33.874Z
269,LX75ZFA,2026-06-01T15:49:34.177Z
269,LX75ZFF,2026-05-25T13:01:20.469Z
269,LX75ZFG,2026-06-01T15:49:34.177Z
269,LX75ZFM,2026-05-25T13:01:20.469Z
269,YX61DPK,2026-05-11T13:42:23.199Z
270,LV25CUW,2026-06-01T15:49:34.177Z
270,LV25CUX,2026-05-18T12:00:33.874Z
270,LV25CUY,2026-06-01T15:49:34.177Z
270,LV25CVA,2026-06-01T15:49:34.177Z
270,LV25CVB,2026-06-01T15:49:34.177Z
270,LV25CVC,2026-05-11T13:42:23.199Z
270,LV25CVD,2026-06-01T15:49:34.177Z
270,LV25CVE,2026-05-25T13:01:20.469Z
270,LV25CVF,2026-06-01T15:28:31.580Z
270,LV25CVG,2026-06-01T15:49:34.177Z
270,LV25CVH,2026-06-01T15:49:34.177Z
270,LV25CVJ,2026-06-01T15:49:34.177Z
270,LV25CVK,2026-06-01T15:49:34.177Z
270,LV25CVL,2026-06-01T15:49:34.177Z
270,LV25CVM,2026-06-01T15:49:34.177Z
270,LV25CVN,2026-06-01T15:49:34.177Z
270,LV25CVO,2026-06-01T15:49:34.177Z
272,LJ16EXZ,2026-05-11T13:42:23.199Z
272,YX19OMU,2026-06-01T15:49:34.177Z
272,YX19OMV,2026-06-01T15:49:34.177Z
272,YX19ONA,2026-05-18T12:00:33.874Z
272,YX19ONB,2026-05-25T13:01:20.469Z
272,YX19OND,2026-06-01T15:49:34.177Z
272,YX19ONF,2026-06-01T15:49:34.177Z
272,YX19ONG,2026-06-01T15:49:34.177Z
272,YX19ONH,2026-05-18T12:00:33.874Z
272,YX19ONJ,2026-06-01T15:49:34.177Z
272,YX68UWF,2026-06-01T15:49:34.177Z
272,YX68UWH,2026-05-18T12:00:33.874Z
272,YX68UWJ,2026-05-18T12:00:33.874Z
272,YX68UWK,2026-06-01T15:49:34.177Z
272,YX68UWL,2026-05-18T12:00:33.874Z
272,YX68UWM,2026-06-01T15:49:34.177Z
273,LX12DHM,2026-05-25T13:01:20.469Z
273,LX12DHP,2026-05-25T13:01:20.469Z
273,LX12DHV,2026-06-01T15:49:34.177Z
273,LX12DJD,2026-05-04T11:29:17.869Z
273,SN16OGO,2026-06-01T15:49:34.177Z
273,SN66WMU,2026-05-11T13:42:23.199Z
273,SN66WMV,2026-05-18T12:00:33.874Z
273,SN66WMX,2026-06-01T15:49:34.177Z
273,SN66WMY,2026-06-01T15:49:34.177Z
273,SN66WMZ,2026-05-18T12:00:33.874Z
273,SN66WNA,2026-05-18T12:00:33.874Z
273,SN66WNB,2026-06-01T15:49:34.177Z
273,SN66WNC,2026-05-11T13:42:23.199Z
273,SN67WYO,2026-06-01T15:49:34.177Z
273,SN67WYP,2026-06-01T15:49:34.177Z
273,SN67WYR,2026-05-25T13:01:20.469Z
273,SN67WYU,2026-05-18T12:00:33.874Z
273,YY64GRK,2026-05-11T13:42:23.199Z
273,YY64GRU,2026-05-18T12:00:33.874Z
273,YY64GRX,2026-06-01T15:49:34.177Z
273,YY64GRZ,2026-06-01T15:49:34.177Z
274,LK18AHG,2026-06-01T15:49:34.177Z
274,LK18AHJ,2026-05-18T12:00:33.874Z
274,LK18AHL,2026-06-01T15:49:34.177Z
274,LK18AHN,2026-05-25T13:01:20.469Z
274,LK18AHO,2026-05-11T13:42:23.199Z
274,LK18AHP,2026-05-11T13:42:23.199Z
274,LK18AHU,2026-05-11T13:42:23.199Z
274,LK18AHV,2026-05-11T13:42:23.199Z
274,LK18AHX,2026-06-01T15:49:34.177Z
274,LK18AHY,2026-05-18T12:00:33.874Z
274,LK18AHZ,2026-05-11T12:08:37.791Z
274,LK18AJO,2026-05-25T13:01:20.469Z
274,LK18AJU,2026-05-25T13:01:20.469Z
274,LK18AJV,2026-06-01T15:49:34.177Z
274,LK18AKG,2026-06-01T15:49:34.177Z
274,LK18AKJ,2026-05-25T13:01:20.469Z
274,LK18ALO,2026-05-04T11:29:17.869Z
274,LK18ALU,2026-05-25T13:01:20.469Z
274,LK18AMO,2026-06-01T15:49:34.177Z
274,LK18AMU,2026-06-01T15:49:34.177Z
274,LK18AMX,2026-05-11T13:42:23.199Z
274,LK18ANF,2026-05-18T12:00:33.874Z
274,LK18ANP,2026-06-01T15:49:34.177Z
274,LK18ANR,2026-06-01T15:49:34.177Z
274,LK18ANU,2026-06-01T15:49:34.177Z
274,LK18ANV,2026-05-25T13:01:20.469Z
274,LK18ANX,2026-05-11T13:42:23.199Z
274,LK18AOA,2026-05-25T13:01:20.469Z
274,LK18AOB,2026-05-11T13:42:23.199Z
274,LK18AOC,2026-06-01T15:49:34.177Z
274,LK18AOD,2026-06-01T15:49:34.177Z
274,LK18AOE,2026-05-11T13:42:23.199Z
275,EU62AXT,2026-06-01T15:49:34.177Z
275,LX11BGE,2026-06-01T15:28:31.580Z
275,LX11BGK,2026-06-01T15:49:34.177Z
275,LX11BLZ,2026-06-01T15:49:34.177Z
275,LX12CZZ,2026-06-01T15:49:34.177Z
275,LX12DAA,2026-06-01T15:49:34.177Z
275,LX12DAO,2026-05-25T13:01:20.469Z
275,LX12DDJ,2026-06-01T15:49:34.177Z
275,LX12DDK,2026-06-01T15:49:34.177Z
275,LX12DDL,2026-06-01T15:49:34.177Z
275,LX12DDN,2026-06-01T15:49:34.177Z
275,LX12DDO,2026-05-18T12:00:33.874Z
275,LX12DDU,2026-06-01T15:49:34.177Z
275,LX12DDV,2026-06-01T15:49:34.177Z
275,LX61DDA,2026-05-11T13:42:23.199Z
275,LX61DDU,2026-05-18T12:00:33.874Z
275,LX61DFA,2026-05-11T12:08:37.791Z
275,SN64OHB,2026-05-11T13:42:23.199Z
275,SN64OHC,2026-06-01T15:49:34.177Z
275,YX19ORV,2026-05-04T11:29:17.869Z
275,YX19ORW,2026-05-04T11:29:17.869Z
275,YX19ORZ,2026-05-18T12:00:33.874Z
276,LF73DYA,2026-06-01T15:49:34.177Z
276,LF73DYB,2026-06-01T15:49:34.177Z
276,LF73DYC,2026-05-25T13:01:20.469Z
276,LJ24ZKE,2026-06-01T15:49:34.177Z
276,LJ24ZKF,2026-05-11T13:42:23.199Z
276,LJ24ZKG,2026-05-18T12:00:33.874Z
276,LJ24ZKH,2026-06-01T15:28:31.580Z
276,LJ24ZKK,2026-06-01T15:49:34.177Z
276,LJ24ZKL,2026-06-01T15:28:31.580Z
276,LJ24ZKM,2026-05-25T13:01:20.469Z
276,LJ24ZKN,2026-06-01T15:49:34.177Z
276,LJ24ZKO,2026-05-25T13:01:20.469Z
276,LJ24ZKP,2026-05-11T13:42:23.199Z
276,LJ24ZKR,2026-05-11T13:42:23.199Z
276,LJ24ZKS,2026-06-01T15:49:34.177Z
276,LJ24ZKT,2026-06-01T15:49:34.177Z
276,LJ24ZKU,2026-05-11T13:42:23.199Z
276,LJ24ZKV,2026-05-25T13:01:20.469Z
276,LJ24ZKW,2026-06-01T15:28:31.580Z
276,LJ25XMS,2026-06-01T15:28:31.580Z
276,LJ25XMT,2026-06-01T15:49:34.177Z
276,LJ25XMU,2026-06-01T15:49:34.177Z
276,LJ25XMV,2026-05-18T12:00:33.874Z
276,LJ25XMW,2026-06-01T15:49:34.177Z
276,LJ25XMY,2026-05-11T13:42:23.199Z
276,LJ25XMZ,2026-06-01T15:49:34.177Z
276,LJ25XNB,2026-06-01T15:49:34.177Z
277,LJ24ZPE,2026-06-01T15:49:34.177Z
277,LJ24ZPF,2026-05-18T12:00:33.874Z
277,LJ24ZPG,2026-05-25T13:01:20.469Z
277,LJ24ZPH,2026-05-18T12:00:33.874Z
277,LJ24ZPK,2026-05-18T12:00:33.874Z
277,LJ24ZPL,2026-05-11T13:42:23.199Z
277,LJ24ZPM,2026-05-25T13:01:20.469Z
277,LJ24ZPN,2026-06-01T15:49:34.177Z
277,LJ24ZPO,2026-06-01T15:49:34.177Z
277,LJ24ZRN,2026-06-01T15:49:34.177Z
277,LJ74XPA,2026-06-01T15:49:34.177Z
277,LJ74XPB,2026-05-25T13:01:20.469Z
277,LJ74XPC,2026-06-01T15:49:34.177Z
277,LJ74XPD,2026-05-25T13:01:20.469Z
277,LJ74XPF,2026-06-01T15:28:31.580Z
277,LJ74XPG,2026-06-01T15:49:34.177Z
277,LV24EUW,2026-05-04T11:29:17.869Z
277,LV24EUX,2026-05-18T12:00:33.874Z
277,LV24EUY,2026-06-01T15:49:34.177Z
277,LV24EUZ,2026-05-11T13:42:23.199Z
277,LV24EVB,2026-06-01T15:49:34.177Z
277,LV24EVC,2026-05-11T13:42:23.199Z
277,LV24EVD,2026-06-01T15:49:34.177Z
277,LV24EVF,2026-05-11T13:42:23.199Z
277,LV24EVG,2026-05-25T13:01:20.469Z
277,LV24EVH,2026-05-25T13:01:20.469Z
277,LV24EVL,2026-05-18T12:00:33.874Z
277,LV24EVM,2026-05-11T13:42:23.199Z
277,LV24EVN,2026-05-25T13:01:20.469Z
277,LV24EVP,2026-06-01T15:49:34.177Z
277,LV25XWO,2026-06-01T15:28:31.580Z
277,LV25XWP,2026-06-01T15:49:34.177Z
277,LV25XWS,2026-05-25T13:01:20.469Z
277,LV25XWU,2026-05-11T13:42:23.199Z
277,LV25XWW,2026-05-18T12:00:33.874Z
277,LV25XWX,2026-05-11T13:42:23.199Z
277,MF25HKE,2026-06-01T15:49:34.177Z
278,SK20AZV,2026-05-25T13:01:20.469Z
278,SK20AZX,2026-06-01T15:49:34.177Z
278,SK20AZZ,2026-06-01T15:49:34.177Z
278,SL14DEU,2026-05-11T13:42:23.199Z
278,SN61DGF,2026-06-01T15:49:34.177Z
278,SN61DGO,2026-05-25T13:01:20.469Z
278,SN61DGU,2026-06-01T15:49:34.177Z
278,SN61DGV,2026-05-11T13:42:23.199Z
278,SN61DGX,2026-06-01T15:49:34.177Z
278,SN69ZRL,2026-06-01T15:28:31.580Z
278,SN69ZRO,2026-06-01T15:49:34.177Z
278,SN69ZRP,2026-05-18T12:00:33.874Z
278,SN69ZRR,2026-06-01T15:49:34.177Z
278,SN69ZRT,2026-06-01T15:28:31.580Z
278,SN69ZRU,2026-06-01T15:49:34.177Z
278,SN69ZRV,2026-06-01T15:49:34.177Z
278,YX15OXB,2026-05-25T13:01:20.469Z
278,YX15OXC,2026-06-01T15:49:34.177Z
279,LV23EBP,2026-06-01T15:49:34.177Z
279,LV23EBU,2026-05-25T13:01:20.469Z
279,LV23EBX,2026-06-01T15:49:34.177Z
279,LV23EBZ,2026-06-01T15:49:34.177Z
279,LV23ECA,2026-05-25T13:01:20.469Z
279,LV23ECC,2026-06-01T15:49:34.177Z
279,LV23ECD,2026-06-01T15:49:34.177Z
279,LV23ECF,2026-06-01T15:49:34.177Z
279,LV23ECJ,2026-06-01T15:49:34.177Z
279,LV23ECN,2026-05-25T13:01:20.469Z
279,LV23ECT,2026-05-25T13:01:20.469Z
279,LV23ECW,2026-06-01T15:49:34.177Z
279,LV23ECX,2026-05-18T12:00:33.874Z
279,LV23ECY,2026-05-11T13:42:23.199Z
279,LV23ECZ,2026-05-25T13:01:20.469Z
279,LV23EDC,2026-06-01T15:49:34.177Z
279,LV24VSA,2026-06-01T15:49:34.177Z
279,LV24VSC,2026-06-01T15:49:34.177Z
279,LV24VSE,2026-05-04T11:29:17.869Z
279,LV24VSF,2026-06-01T15:49:34.177Z
279,LV24VSG,2026-05-11T13:42:23.199Z
279,LV24VSJ,2026-06-01T15:49:34.177Z
279,LV24VSK,2026-06-01T15:49:34.177Z
279,LV24VSL,2026-05-25T13:01:20.469Z
279,LV24VSM,2026-05-11T13:42:23.199Z
279,LV24VSN,2026-05-18T12:00:33.874Z
279,LV24VSO,2026-06-01T15:49:34.177Z
279,LV24WUB,2026-06-01T15:49:34.177Z
279,LV24WUC,2026-05-25T13:01:20.469Z
279,LV24WUD,2026-06-01T15:49:34.177Z
279,LV24WUE,2026-06-01T15:49:34.177Z
279,LV24WUG,2026-06-01T15:49:34.177Z
279,LV24WUH,2026-05-18T12:00:33.874Z
279,LV24WUJ,2026-06-01T15:49:34.177Z
279,LV24WUK,2026-06-01T15:49:34.177Z
279,LV24WUL,2026-06-01T15:49:34.177Z
279,LV24WUM,2026-05-11T13:42:23.199Z
279,LV24WUO,2026-05-18T12:00:33.874Z
279,LV24WUR,2026-04-29T23:54:22.641Z
279,LV24WUT,2026-06-01T15:49:34.177Z
279,LV24WUU,2026-05-25T13:01:20.469Z
279,LV24WUW,2026-05-25T13:01:20.469Z
279,LV25XYW,2026-06-01T15:49:34.177Z
279,LV75NMF,2026-06-01T15:49:34.177Z
279,LY24EKM,2026-06-01T15:49:34.177Z
279,LY24EKN,2026-05-18T12:00:33.874Z
279,LY24EKO,2026-06-01T15:49:34.177Z
279,LY24EKP,2026-05-18T12:00:33.874Z
279,LY24EKR,2026-06-01T15:49:34.177Z
280,BD65EVN,2026-06-01T15:49:34.177Z
280,BD65EWU,2026-06-01T15:49:34.177Z
280,BP15OLM,2026-06-01T15:49:34.177Z
280,BP15OLN,2026-06-01T15:49:34.177Z
280,BP15OLO,2026-05-18T12:00:33.874Z
280,BT65JGV,2026-05-25T13:01:20.469Z
280,BT66MSY,2026-06-01T15:49:34.177Z
280,BV66VLO,2026-05-25T13:01:20.469Z
280,LJ12CHH,2026-05-25T13:01:20.469Z
280,LJ12CHK,2026-05-18T12:00:33.874Z
280,LJ61NVF,2026-06-01T15:49:34.177Z
280,LJ61NVG,2026-06-01T15:49:34.177Z
280,LJ61NVH,2026-06-01T15:49:34.177Z
280,LJ61NVK,2026-06-01T15:49:34.177Z
280,LJ61NVL,2026-05-25T13:01:20.469Z
280,LJ61NVM,2026-06-01T15:49:34.177Z
280,LJ61NVN,2026-05-04T11:29:17.869Z
280,LJ61NVP,2026-06-01T15:49:34.177Z
280,LJ61NVR,2026-06-01T15:49:34.177Z
280,LJ61NVS,2026-06-01T15:49:34.177Z
280,LX11FJO,2026-06-01T15:49:34.177Z
281,LE21FRV,2026-06-01T15:49:34.177Z
281,LE21FRX,2026-05-25T13:01:20.469Z
281,LE21FRZ,2026-05-25T13:01:20.469Z
281,LE21FSA,2026-05-25T13:01:20.469Z
281,LE21FSD,2026-06-01T15:49:34.177Z
281,LE21FSF,2026-06-01T15:49:34.177Z
281,LE21FSG,2026-05-11T13:42:23.199Z
281,LE21FSJ,2026-05-11T13:42:23.199Z
281,LE21FSK,2026-05-18T12:00:33.874Z
281,LE21FSP,2026-06-01T15:49:34.177Z
281,LG71DSX,2026-05-11T13:42:23.199Z
281,LG71DSY,2026-06-01T15:49:34.177Z
281,LG71DVM,2026-06-01T15:49:34.177Z
281,LG71DVN,2026-05-18T12:00:33.874Z
281,LG71DVO,2026-05-11T13:42:23.199Z
281,LG71DVP,2026-05-25T13:01:20.469Z
281,LG71DVU,2026-05-25T13:01:20.469Z
281,LG71DVV,2026-05-04T11:29:17.869Z
281,LG71DVW,2026-05-25T13:01:20.469Z
281,LG71DVY,2026-06-01T15:49:34.177Z
281,LG71DVZ,2026-06-01T15:49:34.177Z
281,LG71DXT,2026-06-01T15:49:34.177Z
281,LG71DXV,2026-06-01T15:49:34.177Z
281,LG71DXW,2026-06-01T15:49:34.177Z
281,LG71DXX,2026-05-04T11:29:17.869Z
281,LG71DXY,2026-06-01T15:49:34.177Z
281,LG71DXZ,2026-05-18T12:00:33.874Z
281,LG71DYA,2026-05-11T13:42:23.199Z
281,LG71DYB,2026-05-04T11:29:17.869Z
281,LG71DYC,2026-05-25T13:01:20.469Z
281,LG71DYD,2026-05-18T12:00:33.874Z
281,LG71DYF,2026-05-18T12:00:33.874Z
281,LG71DYH,2026-05-18T12:00:33.874Z
281,LG71DYJ,2026-05-25T13:01:20.469Z
281,LG71DYM,2026-05-11T13:42:23.199Z
281,LG71DYN,2026-06-01T15:49:34.177Z
281,LG71DYO,2026-05-04T11:29:17.869Z
281,LG71DYP,2026-05-25T13:01:20.469Z
281,LG71DYT,2026-06-01T15:49:34.177Z
281,LG71DYU,2026-05-25T13:01:20.469Z
281,LG71DYV,2026-06-01T15:49:34.177Z
281,LG71DYW,2026-06-01T15:49:34.177Z
281,LG71DYY,2026-06-01T15:49:34.177Z
281,LG71DZA,2026-05-18T12:00:33.874Z
281,LG71DZC,2026-06-01T15:49:34.177Z
281,LG71DZE,2026-06-01T15:49:34.177Z
281,LG71DZF,2026-05-25T13:01:20.469Z
281,LJ15JZL,2026-06-01T15:49:34.177Z
281,LJ15JZM,2026-05-18T12:00:33.874Z
281,LJ15JZN,2026-05-18T12:00:33.874Z
281,LJ15JZP,2026-04-29T23:54:22.641Z
281,LJ15JZU,2026-04-29T23:54:22.641Z
281,LJ15JZV,2026-04-29T23:54:22.641Z
281,LJ16EWM,2026-05-18T12:00:33.874Z
281,LJ16EWT,2026-06-01T15:49:34.177Z
281,LJ69YYA,2026-05-11T13:42:23.199Z
282,LA68DXH,2026-05-11T12:08:37.791Z
282,LA68DXJ,2026-05-04T11:29:17.869Z
282,LA68DXL,2026-05-11T13:42:23.199Z
282,LA68DXM,2026-05-11T13:42:23.199Z
282,LA68DXO,2026-05-18T12:00:33.874Z
282,LA68DXR,2026-05-18T12:00:33.874Z
282,LA68DXT,2026-05-11T13:42:23.199Z
282,LK13BGE,2026-06-01T15:28:31.580Z
282,LK13BGF,2026-06-01T15:49:34.177Z
282,LK13BGU,2026-06-01T15:49:34.177Z
282,LK13BGV,2026-05-18T12:00:33.874Z
282,LK13BGX,2026-05-25T13:01:20.469Z
282,LK13BGY,2026-05-11T13:42:23.199Z
282,LK13BGZ,2026-06-01T15:49:34.177Z
282,LK13BHA,2026-06-01T15:49:34.177Z
282,LK13BHF,2026-06-01T15:49:34.177Z
282,LK13BHJ,2026-06-01T15:49:34.177Z
282,LK13BHL,2026-06-01T15:49:34.177Z
282,LK13BHN,2026-06-01T15:49:34.177Z
282,LK13BHO,2026-06-01T15:49:34.177Z
282,LK13BHP,2026-06-01T15:49:34.177Z
282,LK13BHU,2026-06-01T15:49:34.177Z
282,LK13BHV,2026-06-01T15:49:34.177Z
282,LK15CWT,2026-06-01T15:49:34.177Z
282,LK18AFF,2026-06-01T15:49:34.177Z
282,LK18AFJ,2026-05-25T13:01:20.469Z
282,LK18AFN,2026-06-01T15:49:34.177Z
282,LK65EBA,2026-06-01T15:49:34.177Z
282,LK65EBD,2026-05-25T13:01:20.469Z
282,LK65EBF,2026-05-25T13:01:20.469Z
282,LK65EBN,2026-05-04T11:29:17.869Z
284,LX12DJE,2026-06-01T15:49:34.177Z
284,SN17MMU,2026-05-25T13:01:20.469Z
284,YY67UTP,2026-06-01T15:49:34.177Z
284,YY67UTR,2026-06-01T15:49:34.177Z
284,YY67UTS,2026-05-18T12:00:33.874Z
284,YY67UTT,2026-06-01T15:49:34.177Z
284,YY67UTU,2026-06-01T15:49:34.177Z
284,YY67UTV,2026-06-01T15:49:34.177Z
284,YY67UTW,2026-06-01T15:49:34.177Z
284,YY67UTX,2026-06-01T15:49:34.177Z
284,YY67UTZ,2026-05-18T12:00:33.874Z
284,YY67UUA,2026-06-01T15:49:34.177Z
284,YY67UUB,2026-06-01T15:49:34.177Z
284,YY67UUC,2026-06-01T15:49:34.177Z
284,YY67UUD,2026-06-01T15:49:34.177Z
284,YY67UUE,2026-06-01T15:49:34.177Z
285,LV72BYU,2026-05-25T13:01:20.469Z
285,SK20BAV,2026-06-01T15:49:34.177Z
285,SK20BDZ,2026-06-01T15:49:34.177Z
285,SK20BEJ,2026-06-01T15:49:34.177Z
285,SK20BEO,2026-06-01T15:49:34.177Z
285,SK20BEU,2026-05-25T13:01:20.469Z
285,SK20BEY,2026-06-01T15:49:34.177Z
285,SK20BFA,2026-06-01T15:49:34.177Z
285,SK20BFE,2026-05-25T13:01:20.469Z
285,SK20BFF,2026-06-01T15:49:34.177Z
285,SK20BFJ,2026-06-01T15:49:34.177Z
285,SK20BFL,2026-06-01T15:49:34.177Z
285,SK20BFM,2026-06-01T15:49:34.177Z
285,SK20BFN,2026-06-01T15:49:34.177Z
285,SK20BFO,2026-05-18T12:00:33.874Z
285,SK20BFP,2026-06-01T15:49:34.177Z
285,SK20BFU,2026-06-01T15:49:34.177Z
285,SK20BFV,2026-06-01T15:49:34.177Z
285,SK20BFX,2026-05-25T13:01:20.469Z
285,SN18KLL,2026-05-25T13:01:20.469Z
285,YX17NPU,2026-06-01T15:49:34.177Z
285,YX17NPV,2026-06-01T15:49:34.177Z
286,SK67FMA,2026-05-18T12:00:33.874Z
286,SK67FMD,2026-05-18T12:00:33.874Z
286,SK67FME,2026-06-01T15:49:34.177Z
286,SK67FMF,2026-06-01T15:49:34.177Z
286,SK67FMJ,2026-06-01T15:49:34.177Z
286,SK67FML,2026-06-01T15:49:34.177Z
286,SK67FMM,2026-06-01T15:49:34.177Z
286,SK67FMO,2026-06-01T15:49:34.177Z
286,SK67FMP,2026-06-01T15:49:34.177Z
286,SK67FMU,2026-06-01T15:49:34.177Z
286,SK67FMV,2026-06-01T15:49:34.177Z
286,SK67FMX,2026-05-11T13:42:23.199Z
286,SL16YPK,2026-06-01T15:49:34.177Z
286,SN12AOT,2026-05-11T13:42:23.199Z
286,SN12AVF,2026-05-18T12:00:33.874Z
286,SN18XZV,2026-06-01T15:28:31.580Z
286,YX11AGU,2026-04-29T23:54:22.641Z
286,YX11FYW,2026-05-18T12:00:33.874Z
286,YX11FYY,2026-05-18T12:00:33.874Z
286,YX16OAG,2026-05-11T13:42:23.199Z
286,YX60DXU,2026-06-01T15:49:34.177Z
286,YX60FSN,2026-05-11T13:42:23.199Z
286,YY14WDT,2026-05-11T13:42:23.199Z
286,YY14WDX,2026-06-01T15:49:34.177Z
287,LV75FLD,2026-05-18T12:00:33.874Z
287,LV75FLE,2026-05-18T12:00:33.874Z
287,LV75FLG,2026-06-01T15:49:34.177Z
287,LV75HJE,2026-06-01T15:49:34.177Z
287,LV75HJG,2026-05-25T13:01:20.469Z
287,LV75HJK,2026-06-01T15:49:34.177Z
287,LV75HJU,2026-05-11T13:42:23.199Z
287,LV75NLG,2026-05-18T12:00:33.874Z
287,LV75NLJ,2026-05-25T13:01:20.469Z
287,LX75ZHD,2026-05-18T12:00:33.874Z
287,LX75ZHE,2026-05-04T11:29:17.869Z
287,LX75ZHF,2026-05-11T13:42:23.199Z
287,LX75ZHJ,2026-05-25T13:01:20.469Z
287,LX75ZHK,2026-06-01T15:49:34.177Z
287,LX75ZJK,2026-05-11T13:42:23.199Z
287,LX75ZJO,2026-05-11T13:42:23.199Z
287,LX75ZJZ,2026-05-25T13:01:20.469Z
287,LX75ZKA,2026-05-04T11:29:17.869Z
287,LX75ZKC,2026-05-04T11:29:17.869Z
287,LX75ZKD,2026-05-04T11:29:17.869Z
287,LX75ZKE,2026-05-18T12:00:33.874Z
287,LX75ZKG,2026-06-01T15:49:34.177Z
287,LX75ZKN,2026-05-18T12:00:33.874Z
287,LX75ZKP,2026-06-01T15:49:34.177Z
287,LX75ZKR,2026-05-25T13:01:20.469Z
287,MF25HHW,2026-06-01T15:49:34.177Z
287,MF25HJV,2026-05-25T13:01:20.469Z
288,SK68LTT,2026-05-18T12:00:33.874Z
288,SK68LTX,2026-06-01T15:49:34.177Z
288,SK68LTY,2026-06-01T15:49:34.177Z
288,SK68LTZ,2026-06-01T15:49:34.177Z
288,SK68LUA,2026-05-18T12:00:33.874Z
288,SK68LUD,2026-05-11T12:08:37.791Z
288,SN18KWA,2026-05-11T13:42:23.199Z
288,SN18KWB,2026-05-04T11:29:17.869Z
288,SN18KWD,2026-05-18T12:00:33.874Z
288,SN18KWF,2026-06-01T15:49:34.177Z
288,SN18KWG,2026-05-18T12:00:33.874Z
288,YX19OML,2026-05-11T13:42:23.199Z
288,YX19OMM,2026-05-11T13:42:23.199Z
288,YX19OMO,2026-06-01T15:49:34.177Z
288,YX19OMP,2026-05-04T11:29:17.869Z
288,YX19OMT,2026-05-04T11:29:17.869Z
288,YX68UOD,2026-06-01T15:49:34.177Z
288,YX68UOE,2026-05-25T13:01:20.469Z
288,YX68UOF,2026-05-18T12:00:33.874Z
288,YX68UOH,2026-05-25T13:01:20.469Z
288,YX68URN,2026-05-04T11:29:17.869Z
288,YX68URO,2026-05-25T13:01:20.469Z
288,YX68URP,2026-05-25T13:01:20.469Z
288,YX68URR,2026-05-11T13:42:23.199Z
288,YX68URS,2026-05-25T13:01:20.469Z
288,YX68URW,2026-06-01T15:49:34.177Z
289,GN61JPY,2026-06-01T15:49:34.177Z
289,GN61JSU,2026-06-01T15:49:34.177Z
289,KX61LDN,2026-06-01T15:49:34.177Z
289,LJ10HTU,2026-05-25T13:01:20.469Z
289,LJ10HUA,2026-05-18T12:00:33.874Z
289,LJ10HUP,2026-06-01T15:49:34.177Z
289,LJ10HUV,2026-05-11T13:42:23.199Z
289,LJ10HUY,2026-06-01T15:49:34.177Z
289,LJ10HVL,2026-05-25T13:01:20.469Z
289,LJ10HVO,2026-06-01T15:28:31.580Z
289,LJ10HVR,2026-05-11T13:42:23.199Z
289,LJ13CHV,2026-06-01T15:49:34.177Z
289,LJ60ASX,2026-05-11T13:42:23.199Z
289,LJ60ATF,2026-05-18T12:00:33.874Z
289,LJ60ATK,2026-06-01T15:49:34.177Z
289,LJ60ATN,2026-05-18T12:00:33.874Z
289,LJ60ATO,2026-05-25T13:01:20.469Z
289,LJ60ATV,2026-06-01T15:49:34.177Z
289,LJ60AUO,2026-05-25T13:01:20.469Z
289,LJ60AUT,2026-06-01T15:49:34.177Z
289,LJ60AUX,2026-05-25T13:01:20.469Z
289,LJ60AVC,2026-06-01T15:49:34.177Z
289,LJ60AVD,2026-06-01T15:49:34.177Z
289,LJ60AVO,2026-06-01T15:49:34.177Z
289,LJ60AVP,2026-05-18T12:00:33.874Z
289,LJ60AVW,2026-05-18T12:00:33.874Z
289,LJ60AWA,2026-06-01T15:49:34.177Z
289,LJ61LHX,2026-06-01T15:49:34.177Z
289,LJ61LHY,2026-06-01T15:49:34.177Z
290,LD71YLP,2026-05-18T12:00:33.874Z
290,LD71YLR,2026-05-18T12:00:33.874Z
290,LD71YLS,2026-06-01T15:49:34.177Z
290,LD71YLT,2026-05-11T13:42:23.199Z
290,LD71YLU,2026-06-01T15:49:34.177Z
290,LD71YLV,2026-06-01T15:49:34.177Z
290,LD71YLW,2026-05-18T12:00:33.874Z
290,LG71DSZ,2026-06-01T15:49:34.177Z
290,LG71DTF,2026-06-01T15:49:34.177Z
290,LG71DTK,2026-05-25T13:01:20.469Z
290,LG71DTN,2026-05-11T12:08:37.791Z
290,LG71DTO,2026-05-04T11:29:17.869Z
290,LG71DTU,2026-05-25T13:01:20.469Z
290,LG71DUA,2026-06-01T15:49:34.177Z
290,LG71DUH,2026-06-01T15:49:34.177Z
290,LG71DUJ,2026-05-25T13:01:20.469Z
290,LJ16EYA,2026-05-04T11:29:17.869Z
290,MF25HFY,2026-06-01T15:49:34.177Z
290,MF25HGA,2026-05-25T13:01:20.469Z
290,MF25HGL,2026-05-18T12:00:33.874Z
290,SN18KRJ,2026-05-25T13:01:20.469Z
290,SN18KRK,2026-05-04T11:29:17.869Z
290,YX18KVF,2026-05-04T11:29:17.869Z
290,YX18KVM,2026-05-11T13:42:23.199Z
291,SN12AOT,2026-06-01T15:49:34.177Z
291,SN12AOU,2026-05-04T11:29:17.869Z
291,SN61BKL,2026-05-25T13:01:20.469Z
291,SN61DDA,2026-06-01T15:49:34.177Z
291,SN62DDE,2026-06-01T15:49:34.177Z
291,SN62DDX,2026-05-11T13:42:23.199Z
291,SN62DHA,2026-05-25T13:01:20.469Z
291,SN62DHK,2026-05-11T13:42:23.199Z
291,SN62DHZ,2026-05-18T12:00:33.874Z
291,SN62DLY,2026-05-18T12:00:33.874Z
291,SN62DLZ,2026-06-01T15:49:34.177Z
291,SN62DMV,2026-05-25T13:01:20.469Z
291,YX12FPC,2026-05-25T13:01:20.469Z
291,YX12FPD,2026-06-01T15:49:34.177Z
291,YX12FPK,2026-05-11T13:42:23.199Z
292,LD72XZS,2026-05-11T13:42:23.199Z
292,LF25TPY,2026-05-18T12:00:33.874Z
292,LF69UXJ,2026-05-25T13:01:20.469Z
292,LF70YUR,2026-06-01T15:49:34.177Z
292,LF70YUS,2026-06-01T15:49:34.177Z
292,LF70YVA,2026-05-25T13:01:20.469Z
292,LF74UHY,2026-06-01T15:49:34.177Z
292,SN12AWC,2026-06-01T15:49:34.177Z
292,YX12FNH,2026-06-01T15:49:34.177Z
292,YX12FNL,2026-05-25T13:01:20.469Z
292,YX12FNW,2026-05-11T13:42:23.199Z
292,YX12FOC,2026-05-11T13:42:23.199Z
292,YX12FON,2026-05-25T13:01:20.469Z
292,YX62BHD,2026-05-25T13:01:20.469Z
292,YY64GXG,2026-05-04T11:29:17.869Z
293,LJ16EVW,2026-05-25T13:01:20.469Z
293,SK68LXR,2026-06-01T15:49:34.177Z
293,SK68LXS,2026-06-01T15:49:34.177Z
293,SK68LXT,2026-06-01T15:49:34.177Z
293,SK68LXU,2026-05-25T13:01:20.469Z
293,SK68LXV,2026-06-01T15:49:34.177Z
293,SK68LXW,2026-06-01T15:49:34.177Z
293,SN18KPJ,2026-05-11T13:42:23.199Z
293,SN18KPO,2026-05-18T12:00:33.874Z
293,SN18KPU,2026-05-11T13:42:23.199Z
294,LX12DFF,2026-05-25T13:01:20.469Z
294,LX12DFL,2026-06-01T15:49:34.177Z
294,LX12DFY,2026-05-18T12:00:33.874Z
294,SN16OKR,2026-05-25T13:01:20.469Z
294,SN16OKS,2026-06-01T15:49:34.177Z
294,SN16OKT,2026-05-11T13:42:23.199Z
294,SN16OKV,2026-05-18T12:00:33.874Z
294,SN16OKW,2026-05-11T13:42:23.199Z
294,SN16OKX,2026-06-01T15:28:31.580Z
294,SN16OKZ,2026-06-01T15:49:34.177Z
294,SN16OLB,2026-06-01T15:49:34.177Z
294,SN16OLC,2026-06-01T15:49:34.177Z
294,SN16OLH,2026-05-25T13:01:20.469Z
294,SN16OLJ,2026-06-01T15:49:34.177Z
294,WLT546,2026-06-01T15:49:34.177Z
294,YY15OYT,2026-06-01T15:49:34.177Z
294,YY15OYU,2026-05-25T13:01:20.469Z
294,YY15OYV,2026-06-01T15:49:34.177Z
294,YY15OYW,2026-05-18T12:00:33.874Z
294,YY15OYX,2026-06-01T15:49:34.177Z
294,YY15OYZ,2026-06-01T15:49:34.177Z
295,LD72UFW,2026-05-25T13:01:20.469Z
295,LD72UFX,2026-05-25T13:01:20.469Z
295,LD72UFY,2026-06-01T15:49:34.177Z
295,LD72UFZ,2026-06-01T15:49:34.177Z
295,LD72UGA,2026-06-01T15:49:34.177Z
295,LD72UGB,2026-05-25T13:01:20.469Z
295,LD72UGC,2026-06-01T15:49:34.177Z
295,LD72UGE,2026-05-25T13:01:20.469Z
295,LD72UGF,2026-06-01T15:49:34.177Z
295,LD72UGG,2026-06-01T15:49:34.177Z
295,LD72UGJ,2026-06-01T15:49:34.177Z
295,LD72UGK,2026-06-01T15:28:31.580Z
295,LD72UGL,2026-06-01T15:49:34.177Z
295,LD72UGM,2026-06-01T15:49:34.177Z
295,LD72UGN,2026-06-01T15:49:34.177Z
295,LD72UGO,2026-06-01T15:49:34.177Z
295,LD72UGP,2026-05-18T12:00:33.874Z
295,LJ17WSV,2026-04-29T23:54:22.641Z
295,YJ21EXE,2026-05-25T13:01:20.469Z
295,YJ21EXH,2026-06-01T15:49:34.177Z
295,YJ21EXL,2026-06-01T15:49:34.177Z
295,YJ21EXM,2026-05-11T12:08:37.791Z
295,YJ21EXU,2026-06-01T15:49:34.177Z
295,YJ70EVB,2026-06-01T15:49:34.177Z
295,YJ70EVC,2026-05-11T13:42:23.199Z
295,YJ70EVD,2026-05-11T13:42:23.199Z
295,YJ70EVF,2026-05-18T12:00:33.874Z
295,YJ70EVK,2026-05-18T12:00:33.874Z
295,YJ70EVL,2026-05-11T13:42:23.199Z
295,YJ70EVN,2026-06-01T15:49:34.177Z
295,YJ70EVP,2026-05-18T12:00:33.874Z
295,YJ70EVX,2026-05-11T13:42:23.199Z
295,YJ70EXC,2026-06-01T15:49:34.177Z
296,LX13CYW,2026-06-01T15:49:34.177Z
296,YX68UMA,2026-06-01T15:49:34.177Z
296,YX68UMB,2026-06-01T15:49:34.177Z
296,YX68UMC,2026-05-18T12:00:33.874Z
296,YX68UMD,2026-06-01T15:49:34.177Z
296,YX68UMF,2026-06-01T15:49:34.177Z
296,YX68UMG,2026-06-01T15:49:34.177Z
296,YX68UMH,2026-06-01T15:49:34.177Z
296,YX68UMJ,2026-06-01T15:49:34.177Z
296,YX68UMK,2026-05-25T13:01:20.469Z
296,YY18TKD,2026-05-18T12:00:33.874Z
297,LA68DWN,2026-05-11T13:42:23.199Z
297,LA68DWO,2026-05-25T13:01:20.469Z
297,LF19FXB,2026-05-04T11:29:17.869Z
297,LF68PXH,2026-05-04T11:29:17.869Z
297,LK10BXM,2026-05-04T11:29:17.869Z
297,LK10BXN,2026-05-25T13:01:20.469Z
297,LK10BXO,2026-06-01T15:49:34.177Z
297,LK11CXM,2026-05-25T13:01:20.469Z
297,LK11CXX,2026-04-29T23:54:22.641Z
297,LK11CXY,2026-05-18T12:00:33.874Z
297,LK12AFA,2026-05-18T12:00:33.874Z
297,LK12AHC,2026-06-01T15:49:34.177Z
297,LK12AHU,2026-05-18T12:00:33.874Z
297,LK12AHZ,2026-06-01T15:49:34.177Z
297,LK12AKN,2026-06-01T15:49:34.177Z
297,LK12ALO,2026-06-01T15:49:34.177Z
297,LK12AMO,2026-06-01T15:49:34.177Z
297,LK12AOL,2026-05-11T13:42:23.199Z
297,LK12AOO,2026-05-18T12:00:33.874Z
297,LK15CWY,2026-05-25T13:01:20.469Z
297,LK15CXA,2026-05-25T13:01:20.469Z
297,LK15CXC,2026-06-01T15:49:34.177Z
297,LK15CXD,2026-05-25T13:01:20.469Z
297,LK15CXE,2026-05-25T13:01:20.469Z
297,LK15CXG,2026-06-01T15:49:34.177Z
297,LK15CXH,2026-05-11T13:42:23.199Z
297,LK15CXJ,2026-05-18T12:00:33.874Z
297,LK15CXL,2026-06-01T15:49:34.177Z
297,LK15CXM,2026-06-01T15:49:34.177Z
297,LK17CYS,2026-05-04T11:29:17.869Z
297,LK17CYT,2026-05-11T13:42:23.199Z
297,LK17CYU,2026-05-18T12:00:33.874Z
297,LK17CYY,2026-04-29T23:54:22.641Z
297,LK17CYZ,2026-05-18T12:00:33.874Z
297,LK17DFU,2026-05-04T11:29:17.869Z
297,LK17DFX,2026-04-29T23:54:22.641Z
297,LK17DGF,2026-05-18T12:00:33.874Z
297,LK17DGO,2026-05-04T11:29:17.869Z
297,LK17DGU,2026-06-01T15:49:34.177Z
297,LK18AGZ,2026-06-01T15:49:34.177Z
297,LK62DKV,2026-05-11T13:42:23.199Z
297,LK62DLJ,2026-06-01T15:49:34.177Z
297,LK62DLO,2026-05-18T12:00:33.874Z
297,LK62DLX,2026-05-18T12:00:33.874Z
297,LK62DMV,2026-05-11T13:42:23.199Z
297,LK62DOH,2026-06-01T15:49:34.177Z
297,LK62DVO,2026-06-01T15:49:34.177Z
297,LK65EOA,2026-06-01T15:49:34.177Z
297,LK67EZW,2026-05-11T13:42:23.199Z
298,LF70YVA,2026-06-01T15:28:31.580Z
298,LK60AGY,2026-05-25T13:01:20.469Z
298,SN12AWC,2026-05-11T13:42:23.199Z
298,YX12FNH,2026-05-18T12:00:33.874Z
298,YX12FNK,2026-06-01T15:49:34.177Z
298,YX12FNL,2026-05-11T13:42:23.199Z
298,YX12FOC,2026-06-01T15:49:34.177Z
298,YX12FOD,2026-06-01T15:49:34.177Z
298,YX12FON,2026-05-11T12:08:37.791Z
298,YX62BHD,2026-05-18T12:00:33.874Z
298,YX62BHW,2026-06-01T15:49:34.177Z
298,YX62BUA,2026-05-18T12:00:33.874Z
298,YX62BXR,2026-06-01T15:49:34.177Z
298,YY64GXG,2026-05-11T13:42:23.199Z
299,YX11FYS,2026-05-11T13:42:23.199Z
299,YX61BXO,2026-05-11T13:42:23.199Z
299,YX61DTU,2026-06-01T15:49:34.177Z
299,YX61DTV,2026-06-01T15:49:34.177Z
299,YX61DVB,2026-06-01T15:49:34.177Z
299,YX61EKF,2026-06-01T15:49:34.177Z
299,YX61EKG,2026-05-25T13:01:20.469Z
299,YX61EKH,2026-06-01T15:49:34.177Z
299,YX61EKK,2026-05-25T13:01:20.469Z
299,YX61EKL,2026-06-01T15:49:34.177Z
300,YX61BWA,2026-06-01T15:49:34.177Z
300,YX61BWB,2026-06-01T15:49:34.177Z
300,YX61BWC,2026-06-01T15:49:34.177Z
300,YX61BWD,2026-05-25T13:01:20.469Z
300,YX61BWE,2026-06-01T15:49:34.177Z
300,YX61BWM,2026-06-01T15:49:34.177Z
300,YX61BXR,2026-06-01T15:49:34.177Z
300,YX61BXS,2026-06-01T15:49:34.177Z
300,YX61BXU,2026-06-01T15:49:34.177Z
300,YX61BYD,2026-05-25T13:01:20.469Z
300,YX61BYF,2026-06-01T15:49:34.177Z
300,YX61BYG,2026-06-01T15:49:34.177Z
301,GN61JRX,2026-05-04T11:29:17.869Z
301,LF67EUA,2026-05-11T13:42:23.199Z
301,LF67EUB,2026-05-18T12:00:33.874Z
301,LJ11EEU,2026-05-25T13:01:20.469Z
301,LJ11EFE,2026-05-04T11:29:17.869Z
301,LJ11EFK,2026-05-11T13:42:23.199Z
301,LJ11EFL,2026-05-11T13:42:23.199Z
301,LJ11EFN,2026-05-25T13:01:20.469Z
301,LJ11EFT,2026-06-01T15:49:34.177Z
301,LJ13FDD,2026-05-25T13:01:20.469Z
301,LJ13FDN,2026-05-18T12:00:33.874Z
301,LJ17WOU,2026-05-11T13:42:23.199Z
301,LJ17WOY,2026-06-01T15:49:34.177Z
301,LJ17WPA,2026-05-18T12:00:33.874Z
301,LJ62BJX,2026-06-01T15:49:34.177Z
301,LJ62BMO,2026-05-18T12:00:33.874Z
301,LJ62BMZ,2026-05-11T13:42:23.199Z
301,LJ62BPV,2026-05-04T11:29:17.869Z
301,LJ62BVP,2026-05-18T12:00:33.874Z
301,LJ62BVY,2026-06-01T15:28:31.580Z
301,LJ62BWF,2026-04-29T23:54:22.641Z
301,LJ62BXD,2026-05-11T13:42:23.199Z
301,LJ62BXF,2026-06-01T15:49:34.177Z
301,LJ62BYT,2026-06-01T15:49:34.177Z
301,LK65EKN,2026-06-01T15:49:34.177Z
301,LK65ELJ,2026-05-25T13:01:20.469Z
301,LK65ELX,2026-05-18T12:00:33.874Z
301,LK65EMF,2026-05-25T13:01:20.469Z
301,LK65EMJ,2026-05-18T12:00:33.874Z
301,LK65ENF,2026-06-01T15:49:34.177Z
301,LK65ENM,2026-05-25T13:01:20.469Z
301,LK65ENP,2026-05-25T13:01:20.469Z
301,LK65ENR,2026-05-25T13:01:20.469Z
301,LK65ENV,2026-05-11T13:42:23.199Z
301,LK65ENW,2026-06-01T15:49:34.177Z
301,LT63UJG,2026-05-04T11:29:17.869Z
301,LT63UJM,2026-05-04T11:29:17.869Z
301,LT63UJN,2026-06-01T15:49:34.177Z
302,LK13BHZ,2026-05-11T13:42:23.199Z
302,LK15CXN,2026-05-18T12:00:33.874Z
302,LK15CXP,2026-05-04T11:29:17.869Z
302,LK15CXR,2026-05-11T12:08:37.791Z
302,LK15CXT,2026-05-11T13:42:23.199Z
302,LK17DCU,2026-05-18T12:00:33.874Z
302,LK17DDN,2026-05-25T13:01:20.469Z
302,LK17DDO,2026-05-18T12:00:33.874Z
302,LK17DDZ,2026-05-25T13:01:20.469Z
302,LK62DHX,2026-06-01T15:49:34.177Z
302,LK62DHZ,2026-05-25T13:01:20.469Z
302,LK62DJY,2026-06-01T15:49:34.177Z
302,LK62DJZ,2026-05-25T13:01:20.469Z
302,LK62DKE,2026-05-25T13:01:20.469Z
302,LK62DWA,2026-06-01T15:49:34.177Z
302,LK62DWE,2026-05-25T13:01:20.469Z
302,LK62DWJ,2026-05-11T13:42:23.199Z
302,LK62DWO,2026-06-01T15:49:34.177Z
302,LK62DWU,2026-06-01T15:49:34.177Z
302,LK62DWV,2026-05-18T12:00:33.874Z
302,LK62DWY,2026-05-18T12:00:33.874Z
302,LK62DXF,2026-06-01T15:28:31.580Z
302,LK64EHG,2026-05-18T12:00:33.874Z
302,LK64EHH,2026-05-25T13:01:20.469Z
302,LK64EHJ,2026-05-11T13:42:23.199Z
302,LK67CXZ,2026-05-04T11:29:17.869Z
302,LK67CYA,2026-06-01T15:49:34.177Z
302,LK67CYC,2026-06-01T15:49:34.177Z
302,LK67CYF,2026-05-18T12:00:33.874Z
302,LK67EKO,2026-05-25T13:01:20.469Z
302,LK67EKP,2026-05-18T12:00:33.874Z
302,LK67EKR,2026-05-04T11:29:17.869Z
302,LK67EKT,2026-05-25T13:01:20.469Z
302,LK67EKV,2026-05-11T13:42:23.199Z
302,LK67EKY,2026-05-18T12:00:33.874Z
302,LK67ELJ,2026-06-01T15:49:34.177Z
302,LK67ELW,2026-05-04T11:29:17.869Z
302,LK67ENH,2026-05-18T12:00:33.874Z
302,LK67ENL,2026-05-04T11:29:17.869Z
302,LK67ENP,2026-05-11T13:42:23.199Z
303,SK68LTT,2026-06-01T15:49:34.177Z
303,SK68LTX,2026-05-25T13:01:20.469Z
303,SK68LTZ,2026-05-04T11:29:17.869Z
303,SK68LUD,2026-06-01T15:49:34.177Z
303,SN18KVZ,2026-05-18T12:00:33.874Z
303,SN18KWA,2026-05-18T12:00:33.874Z
303,SN18KWC,2026-06-01T15:49:34.177Z
303,SN18KWD,2026-06-01T15:49:34.177Z
303,SN18KWG,2026-06-01T15:49:34.177Z
303,YX19OMK,2026-05-11T13:42:23.199Z
303,YX19OML,2026-06-01T15:49:34.177Z
303,YX19OMM,2026-05-18T12:00:33.874Z
303,YX19OMS,2026-05-11T13:42:23.199Z
303,YX19OMT,2026-05-25T13:01:20.469Z
303,YX68UOA,2026-05-18T12:00:33.874Z
303,YX68UOD,2026-05-11T13:42:23.199Z
303,YX68UOE,2026-05-11T13:42:23.199Z
303,YX68UOG,2026-06-01T15:49:34.177Z
303,YX68URR,2026-05-04T11:29:17.869Z
303,YX68URS,2026-05-18T12:00:33.874Z
303,YX68URU,2026-06-01T15:49:34.177Z
304,BD65EWN,2026-05-18T12:00:33.874Z
304,BD65EWT,2026-05-11T13:42:23.199Z
304,BD65EXA,2026-05-04T11:29:17.869Z
304,BF65WJO,2026-05-11T13:42:23.199Z
304,BT65JGO,2026-06-01T15:49:34.177Z
304,BV66VHN,2026-05-18T12:00:33.874Z
304,BV66VHO,2026-05-11T13:42:23.199Z
304,LF67EYC,2026-05-25T13:01:20.469Z
304,LF67EYD,2026-06-01T15:49:34.177Z
304,LF67EYG,2026-05-25T13:01:20.469Z
304,LF67EYH,2026-06-01T15:49:34.177Z
304,LF67EYJ,2026-06-01T15:49:34.177Z
304,SN13CJE,2026-05-25T13:01:20.469Z
304,SN13CJF,2026-05-11T13:42:23.199Z
304,SN13CJJ,2026-05-18T12:00:33.874Z
304,SN61BJK,2026-05-18T12:00:33.874Z
304,SN61BJO,2026-06-01T15:49:34.177Z
304,SN61BJV,2026-05-11T13:42:23.199Z
304,SN61DBO,2026-05-25T13:01:20.469Z
304,SN61DBY,2026-05-04T11:29:17.869Z
304,SN61DBZ,2026-05-11T13:42:23.199Z
304,SN61DCO,2026-04-29T23:54:22.641Z
304,SN61DCU,2026-05-18T12:00:33.874Z
304,YX13BJE,2026-05-25T13:01:20.469Z
304,YX13BJF,2026-05-18T12:00:33.874Z
304,YX13BJK,2026-05-04T11:29:17.869Z
304,YX13BJO,2026-06-01T15:49:34.177Z
304,YX13BJV,2026-06-01T15:49:34.177Z
304,YX13BJY,2026-06-01T15:49:34.177Z
304,YX13BJZ,2026-06-01T15:49:34.177Z
304,YX13BKA,2026-06-01T15:49:34.177Z
306,LV24EUF,2026-05-25T13:01:20.469Z
306,LV24EUL,2026-05-18T12:00:33.874Z
306,LV24EUN,2026-06-01T15:49:34.177Z
306,LV24EUR,2026-05-11T13:42:23.199Z
306,LV24EUT,2026-05-18T12:00:33.874Z
306,LV24EVR,2026-05-11T13:42:23.199Z
306,LV24EVT,2026-05-25T13:01:20.469Z
306,LV24EVU,2026-06-01T15:49:34.177Z
306,LV24EVX,2026-05-04T11:29:17.869Z
306,LV24EWA,2026-06-01T15:49:34.177Z
306,LV24EWB,2026-05-25T13:01:20.469Z
306,LV24EWC,2026-05-18T12:00:33.874Z
306,LV24EWD,2026-05-11T13:42:23.199Z
306,LV24EWE,2026-05-11T13:42:23.199Z
306,LV24EWF,2026-05-11T13:42:23.199Z
306,LV24EWG,2026-05-04T11:29:17.869Z
306,LV24EWH,2026-06-01T15:49:34.177Z
306,LV24EWL,2026-05-04T11:29:17.869Z
306,LV24EWM,2026-05-18T12:00:33.874Z
306,LV24EWO,2026-05-18T12:00:33.874Z
306,LV24EWU,2026-05-18T12:00:33.874Z
306,LV24EWX,2026-05-18T12:00:33.874Z
306,LV25VOP,2026-05-25T13:01:20.469Z
306,LV25VPC,2026-05-25T13:01:20.469Z
306,LV25VPD,2026-05-25T13:01:20.469Z
306,LV25VPE,2026-06-01T15:49:34.177Z
306,LV25VPF,2026-05-18T12:00:33.874Z
306,LV25VTK,2026-06-01T15:49:34.177Z
306,LV73FHK,2026-06-01T15:49:34.177Z
306,LV73FHP,2026-06-01T15:49:34.177Z
306,LV73FHS,2026-05-11T13:42:23.199Z
306,LV73FHT,2026-05-25T13:01:20.469Z
306,LV73FHU,2026-06-01T15:49:34.177Z
307,LV23EBP,2026-05-11T13:42:23.199Z
307,LV23EBU,2026-06-01T15:49:34.177Z
307,LV23EBX,2026-05-18T12:00:33.874Z
307,LV23EBZ,2026-05-25T13:01:20.469Z
307,LV23ECA,2026-06-01T15:49:34.177Z
307,LV23ECD,2026-05-25T13:01:20.469Z
307,LV23ECF,2026-05-11T13:42:23.199Z
307,LV23ECT,2026-05-11T13:42:23.199Z
307,LV23ECW,2026-05-11T13:42:23.199Z
307,LV23ECX,2026-06-01T15:49:34.177Z
307,LV23ECY,2026-06-01T15:49:34.177Z
307,LV23ECZ,2026-06-01T15:49:34.177Z
307,LV23EDC,2026-05-04T11:29:17.869Z
307,LV24VSA,2026-05-18T12:00:33.874Z
307,LV24VSE,2026-05-11T13:42:23.199Z
307,LV24VSK,2026-05-18T12:00:33.874Z
307,LV24VSL,2026-06-01T15:49:34.177Z
307,LV24VSN,2026-06-01T15:49:34.177Z
307,LV24VSO,2026-05-18T12:00:33.874Z
307,LV24WUB,2026-05-18T12:00:33.874Z
307,LV24WUC,2026-06-01T15:49:34.177Z
307,LV24WUE,2026-05-25T13:01:20.469Z
307,LV24WUG,2026-05-18T12:00:33.874Z
307,LV24WUH,2026-06-01T15:49:34.177Z
307,LV24WUK,2026-05-25T13:01:20.469Z
307,LV24WUM,2026-06-01T15:49:34.177Z
307,LV24WUO,2026-06-01T15:49:34.177Z
307,LV24WUR,2026-05-18T12:00:33.874Z
307,LV24WUU,2026-05-11T13:42:23.199Z
307,LV24WUW,2026-05-18T12:00:33.874Z
307,LV24WUX,2026-06-01T15:49:34.177Z
307,LY24EKM,2026-05-25T13:01:20.469Z
307,LY24EKN,2026-06-01T15:49:34.177Z
307,LY24EKO,2026-05-18T12:00:33.874Z
307,LY24EKR,2026-05-11T13:42:23.199Z
308,BU16UXG,2026-06-01T15:49:34.177Z
308,BU16UXJ,2026-06-01T15:49:34.177Z
308,BU16UXV,2026-05-18T12:00:33.874Z
308,BU16UXX,2026-06-01T15:49:34.177Z
308,BU16UXY,2026-05-18T12:00:33.874Z
308,BU16UXZ,2026-06-01T15:49:34.177Z
308,LJ17WRF,2026-06-01T15:49:34.177Z
308,LJ17WRK,2026-06-01T15:49:34.177Z
308,LJ17WRL,2026-05-04T11:29:17.869Z
308,LJ17WTK,2026-06-01T15:49:34.177Z
308,LJ17WTL,2026-06-01T15:49:34.177Z
308,LJ17WTM,2026-05-11T13:42:23.199Z
308,LJ17WTN,2026-05-11T13:42:23.199Z
308,LJ17WTO,2026-06-01T15:49:34.177Z
308,LJ17WTP,2026-05-25T13:01:20.469Z
308,LJ17WTR,2026-06-01T15:49:34.177Z
308,LJ17WTT,2026-06-01T15:49:34.177Z
308,LJ17WTU,2026-05-11T13:42:23.199Z
308,LJ17WTV,2026-05-18T12:00:33.874Z
308,LJ17WTW,2026-06-01T15:49:34.177Z
308,LJ17WTX,2026-06-01T15:49:34.177Z
308,LJ17WTY,2026-05-18T12:00:33.874Z
308,LJ17WTZ,2026-05-04T11:29:17.869Z
308,LJ17WUA,2026-05-25T13:01:20.469Z
308,LJ17WUB,2026-05-25T13:01:20.469Z
308,SK19FDM,2026-05-11T13:42:23.199Z
308,SN68AGA,2026-06-01T15:49:34.177Z
309,SN16OGO,2026-05-11T13:42:23.199Z
309,YX17NWN,2026-06-01T15:49:34.177Z
309,YX17NWP,2026-05-25T13:01:20.469Z
309,YX17NWS,2026-05-18T12:00:33.874Z
309,YY66PYV,2026-06-01T15:49:34.177Z
309,YY66PYW,2026-06-01T15:49:34.177Z
309,YY66PYX,2026-05-18T12:00:33.874Z
309,YY66PYZ,2026-06-01T15:49:34.177Z
309,YY66PZA,2026-05-18T12:00:33.874Z
309,YY66PZB,2026-06-01T15:49:34.177Z
309,YY66PZC,2026-06-01T15:49:34.177Z
309,YY66PZD,2026-06-01T15:49:34.177Z
309,YY66PZE,2026-05-11T13:42:23.199Z
310,LX13CZU,2026-05-25T13:01:20.469Z
310,YX17NWF,2026-05-18T12:00:33.874Z
310,YX68UJA,2026-05-25T13:01:20.469Z
310,YX68UJC,2026-05-04T11:29:17.869Z
310,YX68UJD,2026-05-25T13:01:20.469Z
310,YX68UJE,2026-06-01T15:49:34.177Z
310,YX68UJF,2026-06-01T15:49:34.177Z
310,YX68UJG,2026-06-01T15:49:34.177Z
310,YX68UJH,2026-06-01T15:49:34.177Z
310,YX68UJJ,2026-06-01T15:28:31.580Z
310,YX68UJL,2026-06-01T15:49:34.177Z
310,YX68UJM,2026-05-25T13:01:20.469Z
310,YX68UJN,2026-06-01T15:49:34.177Z
310,YX68UML,2026-05-11T13:42:23.199Z
310,YX68UMM,2026-06-01T15:49:34.177Z
312,LA75ZCZ,2026-06-01T15:49:34.177Z
312,LA75ZDC,2026-06-01T15:49:34.177Z
312,LA75ZDD,2026-06-01T15:49:34.177Z
312,LA75ZDE,2026-05-25T13:01:20.469Z
312,LA75ZDG,2026-06-01T15:49:34.177Z
312,LA75ZDH,2026-05-04T11:29:17.869Z
312,LA75ZDK,2026-06-01T15:49:34.177Z
312,LA75ZDL,2026-06-01T15:49:34.177Z
312,LA75ZDM,2026-05-18T12:00:33.874Z
312,LA75ZDN,2026-05-25T13:01:20.469Z
312,LA75ZDP,2026-06-01T15:49:34.177Z
312,LA75ZDR,2026-05-18T12:00:33.874Z
312,LA75ZDT,2026-05-18T12:00:33.874Z
312,LA75ZDU,2026-06-01T15:49:34.177Z
312,LA75ZDW,2026-06-01T15:49:34.177Z
312,LA75ZDX,2026-06-01T15:49:34.177Z
312,LA75ZDZ,2026-05-18T12:00:33.874Z
312,LA75ZFB,2026-06-01T15:49:34.177Z
312,LA75ZFC,2026-05-18T12:00:33.874Z
312,LJ12BYC,2026-05-11T13:42:23.199Z
312,LJ60AYO,2026-04-29T23:54:22.641Z
312,LX11AWF,2026-04-29T23:54:22.641Z
312,LX11AWG,2026-05-11T13:42:23.199Z
312,LX11AWJ,2026-04-29T23:54:22.641Z
312,LX11AWN,2026-05-04T11:29:17.869Z
313,LJ13CDK,2026-05-11T13:42:23.199Z
313,LJ13CDU,2026-05-18T12:00:33.874Z
313,LJ13CEN,2026-06-01T15:28:31.580Z
313,LJ13CJF,2026-05-04T11:29:17.869Z
313,LJ13CJO,2026-05-11T13:42:23.199Z
313,LJ13CMF,2026-06-01T15:49:34.177Z
314,LJ25XLP,2026-06-01T15:49:34.177Z
314,LJ25XLR,2026-06-01T15:49:34.177Z
314,LJ25XLS,2026-06-01T15:49:34.177Z
314,LJ25XLT,2026-06-01T15:49:34.177Z
314,LJ25XLU,2026-05-18T12:00:33.874Z
314,LJ25XLV,2026-06-01T15:49:34.177Z
314,LJ25XLW,2026-06-01T15:49:34.177Z
314,LJ25XLX,2026-06-01T15:49:34.177Z
314,LJ25XLY,2026-06-01T15:49:34.177Z
314,LJ25XLZ,2026-06-01T15:49:34.177Z
314,LJ25XMA,2026-06-01T15:49:34.177Z
314,LJ25XMB,2026-06-01T15:49:34.177Z
314,LJ25XMC,2026-06-01T15:49:34.177Z
314,LJ25XMD,2026-06-01T15:49:34.177Z
314,LJ25XME,2026-05-11T13:42:23.199Z
314,LJ25XMG,2026-06-01T15:49:34.177Z
314,LJ25XMH,2026-06-01T15:28:31.580Z
314,LJ25XMK,2026-06-01T15:49:34.177Z
314,LJ25XML,2026-05-25T13:01:20.469Z
315,YX13EHK,2026-06-01T15:49:34.177Z
315,YX13EHL,2026-06-01T15:49:34.177Z
315,YX13EHN,2026-06-01T15:49:34.177Z
315,YX13EHO,2026-06-01T15:49:34.177Z
315,YX16OAW,2026-06-01T15:49:34.177Z
315,YX16OAZ,2026-06-01T15:49:34.177Z
315,YX16OBC,2026-05-11T13:42:23.199Z
315,YX16OBG,2026-05-11T13:42:23.199Z
315,YX16OBH,2026-05-11T13:42:23.199Z
315,YX16ODU,2026-05-04T11:29:17.869Z
315,YY64TXE,2026-05-18T12:00:33.874Z
315,YY64TXF,2026-05-18T12:00:33.874Z
316,LF73DWO,2026-05-11T13:42:23.199Z
316,LG75YYN,2026-06-01T15:49:34.177Z
316,LG75YYO,2026-05-18T12:00:33.874Z
316,LG75YYP,2026-06-01T15:49:34.177Z
316,LG75YYU,2026-06-01T15:49:34.177Z
316,LJ24ZKY,2026-05-18T12:00:33.874Z
316,LJ24ZKZ,2026-05-04T11:29:17.869Z
316,LJ24ZLE,2026-06-01T15:49:34.177Z
316,LJ24ZLK,2026-05-18T12:00:33.874Z
316,LJ24ZLN,2026-06-01T15:49:34.177Z
316,LJ24ZLO,2026-05-11T13:42:23.199Z
316,LJ24ZLU,2026-06-01T15:49:34.177Z
316,LJ24ZLV,2026-05-11T12:08:37.791Z
316,LJ24ZLX,2026-06-01T15:49:34.177Z
316,LJ24ZLY,2026-05-25T13:01:20.469Z
316,LJ24ZLZ,2026-06-01T15:49:34.177Z
316,LJ24ZMO,2026-06-01T15:49:34.177Z
316,LJ24ZMU,2026-05-11T13:42:23.199Z
316,LJ24ZMV,2026-06-01T15:49:34.177Z
316,LJ24ZMX,2026-06-01T15:49:34.177Z
316,LJ24ZMY,2026-05-25T13:01:20.469Z
316,LJ24ZMZ,2026-06-01T15:49:34.177Z
316,LJ24ZNB,2026-05-11T13:42:23.199Z
316,LJ24ZNC,2026-06-01T15:49:34.177Z
316,LJ24ZNE,2026-06-01T15:49:34.177Z
316,LJ24ZNF,2026-05-25T13:01:20.469Z
316,LJ24ZNH,2026-05-18T12:00:33.874Z
316,LJ24ZNK,2026-06-01T15:49:34.177Z
316,LJ24ZNL,2026-06-01T15:49:34.177Z
316,LJ24ZNM,2026-05-18T12:00:33.874Z
316,LJ24ZNN,2026-06-01T15:49:34.177Z
316,LJ75WBY,2026-05-25T13:01:20.469Z
316,LJ75WBZ,2026-05-11T13:42:23.199Z
316,LJ75WCD,2026-05-25T13:01:20.469Z
316,LJ75WCE,2026-05-18T12:00:33.874Z
316,LJ75WCF,2026-06-01T15:49:34.177Z
316,LJ75WCG,2026-05-25T13:01:20.469Z
317,LK12AHD,2026-04-29T23:54:22.641Z
317,LK66EOF,2026-06-01T15:49:34.177Z
317,LV22AGX,2026-05-11T13:42:23.199Z
317,LV23ZBD,2026-05-11T13:42:23.199Z
317,LV25XXK,2026-05-25T13:01:20.469Z
317,LV25XXO,2026-05-18T12:00:33.874Z
317,LV25XXR,2026-05-25T13:01:20.469Z
317,LV25XXU,2026-06-01T15:49:34.177Z
317,LV25XXW,2026-05-18T12:00:33.874Z
317,LV25XXY,2026-04-29T23:54:22.641Z
317,LV25XYE,2026-05-11T13:42:23.199Z
317,LV25XYH,2026-05-04T11:29:17.869Z
317,LV74TJZ,2026-06-01T15:49:34.177Z
317,LV74TKA,2026-05-11T13:42:23.199Z
317,LV74TKJ,2026-06-01T15:49:34.177Z
317,LY74NXP,2026-06-01T15:49:34.177Z
318,YY15EYT,2026-05-25T13:01:20.469Z
318,YY15EYU,2026-06-01T15:49:34.177Z
318,YY15EYV,2026-06-01T15:49:34.177Z
318,YY15EYW,2026-05-18T12:00:33.874Z
318,YY15HKA,2026-06-01T15:49:34.177Z
318,YY15HKB,2026-06-01T15:28:31.580Z
318,YY15HKC,2026-05-25T13:01:20.469Z
318,YY15HKD,2026-05-18T12:00:33.874Z
318,YY15HKE,2026-06-01T15:28:31.580Z
318,YY15HKF,2026-05-18T12:00:33.874Z
319,LG71DJK,2026-06-01T15:49:34.177Z
319,LG71DJO,2026-05-18T12:00:33.874Z
319,LG71DJU,2026-06-01T15:49:34.177Z
319,LG71DJV,2026-06-01T15:49:34.177Z
319,LG71DJY,2026-06-01T15:49:34.177Z
319,LG71DJZ,2026-06-01T15:49:34.177Z
319,LG71DKA,2026-06-01T15:49:34.177Z
319,LG71DKD,2026-05-18T12:00:33.874Z
319,LG71DKE,2026-06-01T15:28:31.580Z
319,LG71DKF,2026-06-01T15:49:34.177Z
319,LG71DKJ,2026-06-01T15:49:34.177Z
319,LG71DKK,2026-06-01T15:49:34.177Z
319,LG71DKL,2026-06-01T15:49:34.177Z
319,LG71DKN,2026-06-01T15:49:34.177Z
319,LG71DKO,2026-06-01T15:49:34.177Z
319,LG71DKU,2026-06-01T15:49:34.177Z
319,LG71DKV,2026-06-01T15:49:34.177Z
319,LG71DKX,2026-05-18T12:00:33.874Z
319,LG71DKY,2026-06-01T15:49:34.177Z
319,LG71DLD,2026-05-25T13:01:20.469Z
319,LG71DLE,2026-06-01T15:49:34.177Z
319,LV23ZCE,2026-06-01T15:49:34.177Z
320,LD72YAA,2026-06-01T15:49:34.177Z
320,LF74TZV,2026-06-01T15:49:34.177Z
320,LF74TZW,2026-06-01T15:49:34.177Z
320,LF74TZX,2026-06-01T15:49:34.177Z
320,LF74TZY,2026-06-01T15:49:34.177Z
320,LF74TZZ,2026-06-01T15:49:34.177Z
320,LF74UAA,2026-06-01T15:49:34.177Z
320,LF74UAB,2026-06-01T15:49:34.177Z
320,LF74UAC,2026-05-11T13:42:23.199Z
320,LF74UAD,2026-05-11T13:42:23.199Z
320,LF74UAE,2026-05-18T12:00:33.874Z
320,LF74UAG,2026-06-01T15:49:34.177Z
320,LF74UAH,2026-06-01T15:49:34.177Z
320,LF74UAJ,2026-06-01T15:49:34.177Z
320,LF74UAK,2026-06-01T15:49:34.177Z
320,LF74UAL,2026-06-01T15:49:34.177Z
320,LF74UAM,2026-05-25T13:01:20.469Z
321,LF25SFJ,2026-06-01T15:49:34.177Z
321,LF25SFK,2026-06-01T15:49:34.177Z
321,LF25SFN,2026-06-01T15:49:34.177Z
321,LF74TZA,2026-06-01T15:49:34.177Z
321,LF74TZB,2026-06-01T15:28:31.580Z
321,LF74TZC,2026-06-01T15:49:34.177Z
321,LF74TZD,2026-06-01T15:49:34.177Z
321,LF74TZE,2026-06-01T15:49:34.177Z
321,LF74TZG,2026-06-01T15:49:34.177Z
321,LF74TZH,2026-06-01T15:49:34.177Z
321,LF74TZJ,2026-05-25T13:01:20.469Z
321,LF74TZK,2026-05-25T13:01:20.469Z
321,LF74TZL,2026-06-01T15:49:34.177Z
321,LF74TZM,2026-05-18T12:00:33.874Z
321,LF74TZN,2026-06-01T15:49:34.177Z
321,LF74TZO,2026-06-01T15:49:34.177Z
321,LF74TZP,2026-05-18T12:00:33.874Z
321,LF74TZR,2026-05-11T13:42:23.199Z
321,LF74TZS,2026-06-01T15:49:34.177Z
321,LF74TZT,2026-06-01T15:49:34.177Z
321,LF74TZU,2026-06-01T15:49:34.177Z
321,LV25XUW,2026-05-04T11:29:17.869Z
321,LV25XUX,2026-05-11T13:42:23.199Z
322,YX26KBN,2026-05-25T13:01:20.469Z
322,YX26KBO,2026-05-25T13:01:20.469Z
322,YX26KBP,2026-06-01T15:49:34.177Z
322,YX26KBU,2026-06-01T15:49:34.177Z
322,YX26KBV,2026-05-25T13:01:20.469Z
322,YX26KBY,2026-06-01T15:49:34.177Z
322,YX26KBZ,2026-06-01T15:49:34.177Z
322,YX26KCA,2026-06-01T15:49:34.177Z
322,YX26KCC,2026-06-01T15:49:34.177Z
322,YX26KCE,2026-06-01T15:49:34.177Z
322,YX26KCF,2026-06-01T15:49:34.177Z
322,YX26KCG,2026-06-01T15:49:34.177Z
322,YX26KCK,2026-06-01T15:49:34.177Z
323,LX12DJF,2026-06-01T15:49:34.177Z
323,LX13CZO,2026-06-01T15:49:34.177Z
323,LX13CZP,2026-06-01T15:49:34.177Z
323,LX13CZR,2026-06-01T15:49:34.177Z
324,LK64ECE,2026-05-11T13:42:23.199Z
324,LK64ECN,2026-05-11T13:42:23.199Z
324,LK64ECT,2026-05-18T12:00:33.874Z
324,LK64ECV,2026-06-01T15:49:34.177Z
324,LK64ECW,2026-06-01T15:49:34.177Z
324,LK64ECX,2026-05-18T12:00:33.874Z
324,LK64ECZ,2026-05-18T12:00:33.874Z
324,LK66FTF,2026-05-25T13:01:20.469Z
324,YX19OVC,2026-05-11T13:42:23.199Z
324,YX19OVD,2026-06-01T15:49:34.177Z
324,YX19OVE,2026-06-01T15:49:34.177Z
324,YX19OVG,2026-06-01T15:49:34.177Z
324,YX19OVH,2026-05-18T12:00:33.874Z
324,YX19OVJ,2026-05-11T13:42:23.199Z
324,YX19OVK,2026-06-01T15:49:34.177Z
324,YX19OVL,2026-05-25T13:01:20.469Z
324,YX19OVO,2026-05-25T13:01:20.469Z
324,YX19OVP,2026-05-04T11:29:17.869Z
324,YX19OVR,2026-06-01T15:49:34.177Z
325,LB23PDZ,2026-05-11T13:42:23.199Z
325,LB23PFD,2026-05-11T13:42:23.199Z
325,LF24ZCY,2026-06-01T15:49:34.177Z
325,LF24ZHT,2026-06-01T15:49:34.177Z
325,LF24ZHU,2026-06-01T15:49:34.177Z
325,LF24ZHV,2026-06-01T15:49:34.177Z
325,LF24ZHW,2026-06-01T15:49:34.177Z
325,LF24ZHX,2026-05-25T13:01:20.469Z
325,LF24ZHY,2026-05-25T13:01:20.469Z
325,LF24ZHZ,2026-06-01T15:49:34.177Z
325,LF24ZJE,2026-06-01T15:49:34.177Z
325,LF24ZJJ,2026-06-01T15:49:34.177Z
325,LF24ZJK,2026-06-01T15:49:34.177Z
325,LF24ZJN,2026-06-01T15:49:34.177Z
325,LF24ZJO,2026-06-01T15:49:34.177Z
325,LF24ZJU,2026-05-11T13:42:23.199Z
326,SK68LTT,2026-05-04T11:29:17.869Z
326,SK68LTU,2026-05-25T13:01:20.469Z
326,SK68LTV,2026-06-01T15:49:34.177Z
326,SK68LTX,2026-05-11T13:42:23.199Z
326,SK68LTY,2026-05-18T12:00:33.874Z
326,SK68LTZ,2026-05-25T13:01:20.469Z
326,SK68LUA,2026-05-11T13:42:23.199Z
326,SK68LUB,2026-06-01T15:49:34.177Z
326,SK68LUD,2026-05-25T13:01:20.469Z
326,SN18KVZ,2026-06-01T15:49:34.177Z
326,SN18KWA,2026-06-01T15:49:34.177Z
326,SN18KWB,2026-06-01T15:49:34.177Z
326,SN18KWC,2026-05-18T12:00:33.874Z
326,SN18KWE,2026-05-04T11:29:17.869Z
326,YX19OMJ,2026-05-18T12:00:33.874Z
326,YX19OML,2026-05-25T13:01:20.469Z
326,YX19OMP,2026-06-01T15:49:34.177Z
326,YX19OMR,2026-06-01T15:49:34.177Z
326,YX19OMS,2026-06-01T15:49:34.177Z
326,YX19OMT,2026-05-11T13:42:23.199Z
326,YX68UOA,2026-06-01T15:49:34.177Z
326,YX68UOB,2026-06-01T15:49:34.177Z
326,YX68UOD,2026-05-25T13:01:20.469Z
326,YX68UOE,2026-05-04T11:29:17.869Z
326,YX68UOF,2026-05-11T13:42:23.199Z
326,YX68UOG,2026-05-25T13:01:20.469Z
326,YX68UOH,2026-06-01T15:49:34.177Z
326,YX68URN,2026-05-11T13:42:23.199Z
326,YX68URO,2026-06-01T15:49:34.177Z
326,YX68URP,2026-06-01T15:49:34.177Z
326,YX68URS,2026-06-01T15:49:34.177Z
326,YX68URU,2026-05-18T12:00:33.874Z
326,YX68URV,2026-06-01T15:49:34.177Z
326,YX68URW,2026-05-25T13:01:20.469Z
327,LK11CWM,2026-05-18T12:00:33.874Z
327,LK62DHU,2026-05-11T13:42:23.199Z
327,YX61EKT,2026-06-01T15:49:34.177Z
328,LK14FBX,2026-06-01T15:49:34.177Z
328,LK14FBY,2026-05-18T12:00:33.874Z
328,LK14FBZ,2026-06-01T15:49:34.177Z
328,LK14FCA,2026-06-01T15:49:34.177Z
328,LK15CRZ,2026-05-18T12:00:33.874Z
328,LK15CSV,2026-05-25T13:01:20.469Z
328,LK15CSY,2026-05-25T13:01:20.469Z
328,LK15CUG,2026-05-18T12:00:33.874Z
328,LK15CWD,2026-06-01T15:49:34.177Z
328,LK15CWE,2026-06-01T15:49:34.177Z
328,LK15CWF,2026-05-25T13:01:20.469Z
328,LK15CWG,2026-05-18T12:00:33.874Z
328,LK15CWO,2026-06-01T15:49:34.177Z
328,LK64EDC,2026-06-01T15:49:34.177Z
328,LK64EDF,2026-06-01T15:49:34.177Z
328,LK64EDJ,2026-05-11T13:42:23.199Z
328,LK64EDL,2026-06-01T15:49:34.177Z
328,LK64EDO,2026-06-01T15:49:34.177Z
328,LK64EDP,2026-06-01T15:49:34.177Z
328,LK64EDR,2026-06-01T15:49:34.177Z
328,LK64EDU,2026-06-01T15:49:34.177Z
328,LK64EDV,2026-05-25T13:01:20.469Z
328,LK64EDX,2026-06-01T15:49:34.177Z
328,LK64EHB,2026-06-01T15:49:34.177Z
328,LK64EHC,2026-06-01T15:49:34.177Z
328,LK64EHD,2026-06-01T15:49:34.177Z
328,LK64EHE,2026-05-18T12:00:33.874Z
328,LK64EHF,2026-05-11T13:42:23.199Z
328,LK64EJG,2026-06-01T15:49:34.177Z
329,LJ61CGX,2026-06-01T15:49:34.177Z
329,LJ61LHP,2026-06-01T15:49:34.177Z
329,LJ61LHT,2026-06-01T15:49:34.177Z
329,LJ61LHU,2026-06-01T15:49:34.177Z
329,LJ61LJF,2026-06-01T15:49:34.177Z
329,LJ61LJK,2026-06-01T15:49:34.177Z
329,LJ61LJL,2026-05-18T12:00:33.874Z
329,LJ61LJN,2026-06-01T15:28:31.580Z
329,LJ61LJU,2026-05-25T13:01:20.469Z
329,LJ61LJV,2026-05-18T12:00:33.874Z
329,LJ61LJX,2026-05-18T12:00:33.874Z
329,LK17AJX,2026-06-01T15:49:34.177Z
329,LK65BYR,2026-05-18T12:00:33.874Z
329,LK65BYS,2026-05-25T13:01:20.469Z
329,LK65BYU,2026-06-01T15:28:31.580Z
329,LK65BYX,2026-05-25T13:01:20.469Z
329,LK65BZB,2026-06-01T15:49:34.177Z
329,LK66GCF,2026-05-25T13:01:20.469Z
329,LK66GCZ,2026-05-25T13:01:20.469Z
329,LK66GDJ,2026-06-01T15:49:34.177Z
329,LK66HCJ,2026-06-01T15:28:31.580Z
329,LK66HCL,2026-05-25T13:01:20.469Z
330,LF67EXH,2026-05-11T13:42:23.199Z
330,LF67EXJ,2026-05-11T13:42:23.199Z
330,LF67EXL,2026-05-11T13:42:23.199Z
330,LX11FJF,2026-05-25T13:01:20.469Z
330,LX11FJK,2026-05-04T11:29:17.869Z
330,SN18KME,2026-05-18T12:00:33.874Z
330,SN18KMG,2026-06-01T15:49:34.177Z
330,SN18KMJ,2026-06-01T15:49:34.177Z
330,SN61BHL,2026-06-01T15:49:34.177Z
330,SN61BHO,2026-06-01T15:49:34.177Z
330,SN61BHP,2026-05-25T13:01:20.469Z
330,SN61BHU,2026-06-01T15:49:34.177Z
330,SN61BHV,2026-06-01T15:49:34.177Z
330,SN61BHW,2026-06-01T15:49:34.177Z
330,SN61BHX,2026-06-01T15:49:34.177Z
330,SN61BHY,2026-05-18T12:00:33.874Z
330,YW17JTV,2026-06-01T15:49:34.177Z
330,YW17JTX,2026-05-18T12:00:33.874Z
331,LK11CWG,2026-05-18T12:00:33.874Z
331,LK12AWU,2026-05-11T13:42:23.199Z
331,LK12AXP,2026-05-11T13:42:23.199Z
331,LK16DDJ,2026-06-01T15:49:34.177Z
331,LK16DDL,2026-06-01T15:49:34.177Z
331,LK16DDN,2026-05-25T13:01:20.469Z
331,LK16DDO,2026-05-11T13:42:23.199Z
331,LK65EAA,2026-06-01T15:49:34.177Z
331,LK65EAC,2026-06-01T15:49:34.177Z
331,LK65EAE,2026-06-01T15:49:34.177Z
331,LK65EAF,2026-06-01T15:49:34.177Z
331,LK65EAG,2026-06-01T15:49:34.177Z
331,LK65EAJ,2026-05-25T13:01:20.469Z
331,LK65EAM,2026-05-18T12:00:33.874Z
331,LK65EAO,2026-06-01T15:49:34.177Z
331,LK65EAP,2026-05-18T12:00:33.874Z
333,BD65EVX,2026-05-25T13:01:20.469Z
333,BG66MHV,2026-06-01T15:49:34.177Z
333,BT66MPF,2026-06-01T15:49:34.177Z
333,BV66VGD,2026-06-01T15:49:34.177Z
333,BV66VGE,2026-06-01T15:49:34.177Z
333,BV66VGF,2026-06-01T15:49:34.177Z
333,BV66VGG,2026-05-25T13:01:20.469Z
333,BV66VGK,2026-05-18T12:00:33.874Z
333,BV66VGL,2026-06-01T15:49:34.177Z
333,BV66VGM,2026-06-01T15:49:34.177Z
333,BV66VGN,2026-06-01T15:49:34.177Z
333,BV66VGO,2026-06-01T15:49:34.177Z
333,BV66VGP,2026-06-01T15:49:34.177Z
333,BV66VKM,2026-06-01T15:49:34.177Z
333,BV66VLL,2026-04-29T23:54:22.641Z
333,LF67EWK,2026-06-01T15:49:34.177Z
333,LF67EWL,2026-06-01T15:49:34.177Z
333,LF67EWM,2026-06-01T15:49:34.177Z
333,LF67EWN,2026-06-01T15:49:34.177Z
333,YX18KPF,2026-05-25T13:01:20.469Z
335,LF67EUC,2026-05-18T12:00:33.874Z
335,LJ11EEU,2026-06-01T15:49:34.177Z
335,LJ11EFE,2026-05-25T13:01:20.469Z
335,LJ11EFL,2026-06-01T15:49:34.177Z
335,LJ11EFN,2026-06-01T15:49:34.177Z
335,LJ17WOH,2026-05-11T13:42:23.199Z
335,LJ17WOR,2026-05-18T12:00:33.874Z
335,LJ17WOV,2026-05-18T12:00:33.874Z
335,LJ17WOX,2026-05-18T12:00:33.874Z
335,LJ17WPA,2026-05-11T13:42:23.199Z
335,LJ17WPD,2026-05-11T13:42:23.199Z
335,LJ17WPE,2026-06-01T15:49:34.177Z
335,LJ62BGX,2026-05-18T12:00:33.874Z
335,LJ62BKX,2026-05-25T13:01:20.469Z
335,LJ62BMZ,2026-05-25T13:01:20.469Z
335,LJ62BNL,2026-06-01T15:49:34.177Z
335,LJ62BVP,2026-05-04T11:29:17.869Z
335,LJ62BVY,2026-05-25T13:01:20.469Z
335,LT63UJJ,2026-06-01T15:49:34.177Z
336,YX16OHY,2026-05-25T13:01:20.469Z
336,YX16OHZ,2026-06-01T15:49:34.177Z
336,YX16OJZ,2026-06-01T15:49:34.177Z
336,YX16OKP,2026-05-11T13:42:23.199Z
336,YX16OKR,2026-06-01T15:49:34.177Z
336,YX16OKS,2026-05-25T13:01:20.469Z
336,YX16OKT,2026-06-01T15:49:34.177Z
336,YX16OKU,2026-06-01T15:49:34.177Z
336,YX16OKV,2026-06-01T15:49:34.177Z
336,YX16OKW,2026-05-25T13:01:20.469Z
336,YX16OKZ,2026-06-01T15:49:34.177Z
336,YX16OLA,2026-06-01T15:49:34.177Z
336,YX16OLB,2026-06-01T15:28:31.580Z
336,YX63LGC,2026-06-01T15:49:34.177Z
337,LV24EUF,2026-04-29T23:54:22.641Z
337,LV24EUK,2026-05-18T12:00:33.874Z
337,LV24EUL,2026-06-01T15:49:34.177Z
337,LV24EUM,2026-05-11T13:42:23.199Z
337,LV24EUT,2026-06-01T15:49:34.177Z
337,LV24EVR,2026-05-25T13:01:20.469Z
337,LV24EVT,2026-05-18T12:00:33.874Z
337,LV24EVU,2026-05-18T12:00:33.874Z
337,LV24EVX,2026-05-25T13:01:20.469Z
337,LV24EWA,2026-05-04T11:29:17.869Z
337,LV24EWB,2026-06-01T15:49:34.177Z
337,LV24EWD,2026-06-01T15:49:34.177Z
337,LV24EWE,2026-05-18T12:00:33.874Z
337,LV24EWF,2026-05-18T12:00:33.874Z
337,LV24EWH,2026-05-11T13:42:23.199Z
337,LV24EWJ,2026-06-01T15:49:34.177Z
337,LV24EWK,2026-05-25T13:01:20.469Z
337,LV24EWM,2026-05-11T13:42:23.199Z
337,LV24EWP,2026-05-11T13:42:23.199Z
337,LV24EWT,2026-05-11T13:42:23.199Z
337,LV24EWU,2026-05-25T13:01:20.469Z
337,LV24EWW,2026-06-01T15:49:34.177Z
337,LV25VOO,2026-05-11T13:42:23.199Z
337,LV25VOT,2026-06-01T15:49:34.177Z
337,LV25VOY,2026-06-01T15:49:34.177Z
337,LV25VPA,2026-05-04T11:29:17.869Z
337,LV25VPD,2026-05-18T12:00:33.874Z
337,LV25VPE,2026-05-04T11:29:17.869Z
337,LV25VPF,2026-06-01T15:49:34.177Z
337,LV25VTK,2026-05-25T13:01:20.469Z
337,LV25WXH,2026-05-04T11:29:17.869Z
337,LV73FHL,2026-06-01T15:49:34.177Z
337,LV73FHN,2026-04-29T23:54:22.641Z
337,LV73FHO,2026-05-18T12:00:33.874Z
337,LV73FHP,2026-05-11T13:42:23.199Z
337,LV73FHS,2026-06-01T15:49:34.177Z
339,YJ23EWA,2026-06-01T15:49:34.177Z
339,YJ23EWB,2026-06-01T15:28:31.580Z
339,YJ23EWC,2026-06-01T15:49:34.177Z
339,YJ23EWE,2026-06-01T15:49:34.177Z
339,YJ23EWF,2026-06-01T15:49:34.177Z
339,YJ23EWH,2026-05-11T13:42:23.199Z
339,YJ23EWL,2026-06-01T15:49:34.177Z
339,YJ23EWM,2026-06-01T15:49:34.177Z
339,YJ23EWN,2026-05-25T13:01:20.469Z
339,YX60DXO,2026-06-01T15:49:34.177Z
339,YX61FZF,2026-06-01T15:49:34.177Z
339,YX65RMZ,2026-06-01T15:49:34.177Z
340,BF67GKJ,2026-05-04T11:29:17.869Z
340,BU16UXC,2026-06-01T15:49:34.177Z
340,BU16UXN,2026-06-01T15:49:34.177Z
340,BU16UXR,2026-06-01T15:49:34.177Z
340,LF68PYP,2026-06-01T15:49:34.177Z
340,LF68PYT,2026-05-25T13:01:20.469Z
340,LF68PYU,2026-06-01T15:49:34.177Z
340,LG71DWY,2026-05-04T11:29:17.869Z
340,LG71DXH,2026-05-11T13:42:23.199Z
340,LJ16EWW,2026-05-18T12:00:33.874Z
340,LJ66EZP,2026-05-18T12:00:33.874Z
340,LJ66EZT,2026-05-18T12:00:33.874Z
340,LJ66EZU,2026-05-18T12:00:33.874Z
340,SN12ARO,2026-05-11T13:42:23.199Z
340,YX68UNH,2026-05-18T12:00:33.874Z
340,YX68UNJ,2026-05-11T13:42:23.199Z
340,YX68UNK,2026-06-01T15:49:34.177Z
340,YX68UNM,2026-05-11T13:42:23.199Z
340,YX68UNN,2026-05-11T12:08:37.791Z
340,YX68UNV,2026-06-01T15:49:34.177Z
340,YX68UNW,2026-05-25T13:01:20.469Z
340,YX68UOJ,2026-05-11T13:42:23.199Z
340,YY67UUO,2026-06-01T15:49:34.177Z
340,YY67UUR,2026-06-01T15:49:34.177Z
341,LJ26UVN,2026-06-01T15:49:34.177Z
341,LJ26UVP,2026-05-04T11:29:17.869Z
341,LJ26UVY,2026-05-25T13:01:20.469Z
341,LJ75VZF,2026-05-04T11:29:17.869Z
341,LJ75VZK,2026-05-04T11:29:17.869Z
341,LJ75VZN,2026-05-04T11:29:17.869Z
341,LJ75VZO,2026-05-04T11:29:17.869Z
341,LJ75VZX,2026-04-29T23:54:22.641Z
341,LJ75VZZ,2026-05-04T11:29:17.869Z
341,LJ75WBE,2026-05-25T13:01:20.469Z
341,LV74CEF,2026-06-01T15:49:34.177Z
341,LV74CEJ,2026-06-01T15:49:34.177Z
341,LV74CEK,2026-05-25T13:01:20.469Z
341,LV74CEN,2026-05-18T12:00:33.874Z
341,LY24FXC,2026-06-01T15:49:34.177Z
341,LY24FXF,2026-05-25T13:01:20.469Z
341,LY24FXJ,2026-05-11T13:42:23.199Z
341,LY24JOJ,2026-06-01T15:49:34.177Z
341,LY24JOU,2026-05-18T12:00:33.874Z
341,LY24JOV,2026-05-18T12:00:33.874Z
341,LY24JPF,2026-06-01T15:49:34.177Z
341,LY24JPJ,2026-05-18T12:00:33.874Z
341,LY24JPO,2026-05-25T13:01:20.469Z
341,LY24JPU,2026-06-01T15:49:34.177Z
341,LY24JPX,2026-05-18T12:00:33.874Z
341,LY24JRO,2026-05-04T11:29:17.869Z
341,LY24JRV,2026-06-01T15:49:34.177Z
341,LY24JRZ,2026-06-01T15:49:34.177Z
341,LY24JSU,2026-06-01T15:49:34.177Z
341,LY24JSV,2026-06-01T15:49:34.177Z
341,LY24JSX,2026-05-18T12:00:33.874Z
341,LY24JSZ,2026-06-01T15:28:31.580Z
341,LY24JTO,2026-06-01T15:49:34.177Z
341,LY24JTU,2026-05-18T12:00:33.874Z
341,LY24JTX,2026-06-01T15:49:34.177Z
341,LY24JTZ,2026-05-18T12:00:33.874Z
341,LY24JUA,2026-05-25T13:01:20.469Z
341,LY24JUC,2026-06-01T15:49:34.177Z
341,LY24JUE,2026-06-01T15:49:34.177Z
341,LY24JUF,2026-06-01T15:49:34.177Z
341,LY24JUH,2026-05-25T13:01:20.469Z
341,LY24JUJ,2026-05-11T13:42:23.199Z
341,LY24KYZ,2026-05-04T11:29:17.869Z
341,LY24KZA,2026-05-11T13:42:23.199Z
341,LY24KZB,2026-05-18T12:00:33.874Z
341,LY24KZC,2026-05-25T13:01:20.469Z
341,LY24KZD,2026-05-18T12:00:33.874Z
341,LY24KZE,2026-06-01T15:49:34.177Z
341,LY24KZF,2026-05-25T13:01:20.469Z
341,LY24KZG,2026-05-25T13:01:20.469Z
341,LY24KZH,2026-05-18T12:00:33.874Z
341,LY24KZJ,2026-06-01T15:49:34.177Z
341,LY24RWF,2026-05-18T12:00:33.874Z
341,LY24RWL,2026-05-11T13:42:23.199Z
343,SN18KLV,2026-06-01T15:49:34.177Z
343,SN18KLX,2026-05-18T12:00:33.874Z
343,SN18KMK,2026-05-04T11:29:17.869Z
343,SN18KMM,2026-06-01T15:49:34.177Z
343,SN18KMO,2026-06-01T15:49:34.177Z
343,SN18KMX,2026-06-01T15:49:34.177Z
343,SN18KMY,2026-05-25T13:01:20.469Z
343,SN18KMZ,2026-06-01T15:49:34.177Z
343,SN18KNA,2026-05-25T13:01:20.469Z
343,SN18KNB,2026-06-01T15:49:34.177Z
343,SN18KNC,2026-05-18T12:00:33.874Z
343,YW17JTZ,2026-06-01T15:49:34.177Z
343,YW17JUA,2026-05-11T13:42:23.199Z
343,YW17JUC,2026-06-01T15:49:34.177Z
343,YW17JUE,2026-05-25T13:01:20.469Z
343,YW17JUK,2026-06-01T15:49:34.177Z
343,YX18KRO,2026-06-01T15:49:34.177Z
343,YX18KRV,2026-05-18T12:00:33.874Z
343,YX18KSE,2026-06-01T15:49:34.177Z
343,YX18KSO,2026-05-04T11:29:17.869Z
343,YX18KSU,2026-05-04T11:29:17.869Z
343,YX18KSV,2026-06-01T15:28:31.580Z
343,YX18KSY,2026-06-01T15:49:34.177Z
343,YX18KTD,2026-05-25T13:01:20.469Z
343,YX18KTE,2026-05-25T13:01:20.469Z
343,YX18KTF,2026-06-01T15:49:34.177Z
343,YX18KTG,2026-05-18T12:00:33.874Z
343,YX18KTJ,2026-06-01T15:49:34.177Z
343,YX18KTN,2026-06-01T15:49:34.177Z
343,YX18KTO,2026-05-18T12:00:33.874Z
343,YX67VFK,2026-05-25T13:01:20.469Z
343,YX67VFM,2026-05-18T12:00:33.874Z
343,YX67VFO,2026-05-18T12:00:33.874Z
343,YX67VFP,2026-05-11T13:42:23.199Z
343,YY67URJ,2026-06-01T15:49:34.177Z
343,YY67URL,2026-05-25T13:01:20.469Z
343,YY67URP,2026-05-25T13:01:20.469Z
343,YY67URR,2026-05-04T11:29:17.869Z
343,YY67URV,2026-06-01T15:49:34.177Z
343,YY67URW,2026-05-18T12:00:33.874Z
343,YY67URX,2026-05-11T13:42:23.199Z
343,YY67URZ,2026-06-01T15:49:34.177Z
343,YY67UTF,2026-05-18T12:00:33.874Z
343,YY67UTJ,2026-05-25T13:01:20.469Z
343,YY67UTK,2026-06-01T15:49:34.177Z
343,YY67UTL,2026-05-25T13:01:20.469Z
344,LV24EVR,2026-05-18T12:00:33.874Z
344,SK14CTZ,2026-05-11T13:42:23.199Z
344,SK14CUA,2026-06-01T15:49:34.177Z
344,SK14CUC,2026-05-04T11:29:17.869Z
344,SK14CUG,2026-05-25T13:01:20.469Z
344,SK14CUH,2026-06-01T15:49:34.177Z
344,SK14SYY,2026-06-01T15:49:34.177Z
344,SK14SYZ,2026-05-04T11:29:17.869Z
344,SK20AZW,2026-05-11T13:42:23.199Z
344,SL14DDF,2026-06-01T15:49:34.177Z
344,SL14DDJ,2026-05-25T13:01:20.469Z
344,SL14DDK,2026-06-01T15:49:34.177Z
344,SL14DDN,2026-05-18T12:00:33.874Z
344,SL14DDO,2026-05-18T12:00:33.874Z
344,SL14DDU,2026-04-29T23:54:22.641Z
344,SL14DDV,2026-06-01T15:49:34.177Z
344,SL14DDY,2026-05-04T11:29:17.869Z
344,SL14DFA,2026-06-01T15:49:34.177Z
344,SL14LOA,2026-05-25T13:01:20.469Z
344,SL14LOD,2026-06-01T15:49:34.177Z
344,SN61CYL,2026-06-01T15:49:34.177Z
344,SN61CYT,2026-06-01T15:49:34.177Z
344,SN61CYU,2026-05-04T11:29:17.869Z
344,SN61CYV,2026-05-25T13:01:20.469Z
344,SN64OER,2026-06-01T15:49:34.177Z
344,SN64OET,2026-06-01T15:28:31.580Z
344,SN64OEU,2026-06-01T15:49:34.177Z
344,SN64OEV,2026-06-01T15:49:34.177Z
344,SN64OEX,2026-05-11T13:42:23.199Z
344,SN64OEZ,2026-06-01T15:49:34.177Z
344,SN64OFA,2026-05-25T13:01:20.469Z
344,SN64OFB,2026-05-11T13:42:23.199Z
344,SN64OFC,2026-06-01T15:49:34.177Z
344,SN64OFD,2026-05-04T11:29:17.869Z
344,SN64OFG,2026-05-18T12:00:33.874Z
344,SN64OFH,2026-04-29T23:54:22.641Z
344,SN64OFJ,2026-05-04T11:29:17.869Z
344,YX15OWO,2026-05-11T13:42:23.199Z
344,YX15OWP,2026-05-18T12:00:33.874Z
344,YX15OWR,2026-05-04T11:29:17.869Z
344,YX15OWU,2026-05-25T13:01:20.469Z
344,YX15OWV,2026-05-04T11:29:17.869Z
344,YX15OWW,2026-05-11T13:42:23.199Z
344,YX15OWY,2026-05-25T13:01:20.469Z
344,YX15OWZ,2026-05-25T13:01:20.469Z
344,YX17NPP,2026-05-25T13:01:20.469Z
344,YY16YKC,2026-05-25T13:01:20.469Z
344,YY16YKD,2026-06-01T15:28:31.580Z
344,YY16YKE,2026-05-25T13:01:20.469Z
344,YY16YKF,2026-05-25T13:01:20.469Z
344,YY16YKJ,2026-05-04T11:29:17.869Z
344,YY16YKK,2026-05-04T11:29:17.869Z
344,YY16YKL,2026-06-01T15:49:34.177Z
344,YY16YKM,2026-06-01T15:49:34.177Z
344,YY16YKN,2026-05-18T12:00:33.874Z
344,YY16YKP,2026-05-25T13:01:20.469Z
344,YY16YKR,2026-06-01T15:49:34.177Z
344,YY16YKS,2026-06-01T15:49:34.177Z
344,YY16YKT,2026-05-04T11:29:17.869Z
345,SK14CTZ,2026-05-18T12:00:33.874Z
345,SK14CUA,2026-05-11T13:42:23.199Z
345,SK14CUC,2026-06-01T15:49:34.177Z
345,SK14CUG,2026-06-01T15:49:34.177Z
345,SK14CUH,2026-05-18T12:00:33.874Z
345,SK14SYY,2026-05-18T12:00:33.874Z
345,SK14SYZ,2026-06-01T15:49:34.177Z
345,SL14DDF,2026-05-25T13:01:20.469Z
345,SL14DDJ,2026-06-01T15:49:34.177Z
345,SL14DDK,2026-05-11T13:42:23.199Z
345,SL14DDN,2026-05-25T13:01:20.469Z
345,SL14DDO,2026-06-01T15:49:34.177Z
345,SL14DDU,2026-05-04T11:29:17.869Z
345,SL14DDV,2026-05-11T13:42:23.199Z
345,SL14DDX,2026-06-01T15:49:34.177Z
345,SL14DDY,2026-05-11T13:42:23.199Z
345,SL14DFC,2026-05-25T13:01:20.469Z
345,SL14LOA,2026-06-01T15:49:34.177Z
345,SN12AUF,2026-05-18T12:00:33.874Z
345,SN12AUH,2026-05-18T12:00:33.874Z
345,SN61CYL,2026-05-04T11:29:17.869Z
345,SN61CYO,2026-06-01T15:49:34.177Z
345,SN61CYT,2026-05-25T13:01:20.469Z
345,SN61CYU,2026-05-11T13:42:23.199Z
345,SN61CYV,2026-06-01T15:49:34.177Z
345,SN64OER,2026-05-25T13:01:20.469Z
345,SN64OET,2026-05-25T13:01:20.469Z
345,SN64OEU,2026-05-25T13:01:20.469Z
345,SN64OEW,2026-05-04T11:29:17.869Z
345,SN64OEX,2026-05-18T12:00:33.874Z
345,SN64OEY,2026-06-01T15:49:34.177Z
345,SN64OEZ,2026-05-04T11:29:17.869Z
345,SN64OFA,2026-05-18T12:00:33.874Z
345,SN64OFB,2026-06-01T15:49:34.177Z
345,SN64OFC,2026-05-11T13:42:23.199Z
345,SN64OFD,2026-05-25T13:01:20.469Z
345,SN64OFE,2026-05-25T13:01:20.469Z
345,SN64OFG,2026-06-01T15:49:34.177Z
345,SN64OFH,2026-05-11T13:42:23.199Z
345,SN64OFJ,2026-05-11T13:42:23.199Z
345,SN64OFK,2026-06-01T15:49:34.177Z
345,SN64OFL,2026-05-25T13:01:20.469Z
345,YX15OWO,2026-06-01T15:49:34.177Z
345,YX15OWP,2026-06-01T15:49:34.177Z
345,YX15OWR,2026-05-25T13:01:20.469Z
345,YX15OWU,2026-06-01T15:49:34.177Z
345,YX15OWV,2026-05-18T12:00:33.874Z
345,YX15OWW,2026-06-01T15:28:31.580Z
345,YX15OWZ,2026-05-11T13:42:23.199Z
345,YX17NPP,2026-06-01T15:49:34.177Z
345,YY16YKA,2026-06-01T15:49:34.177Z
345,YY16YKB,2026-06-01T15:49:34.177Z
345,YY16YKC,2026-06-01T15:49:34.177Z
345,YY16YKD,2026-05-04T11:29:17.869Z
345,YY16YKG,2026-05-18T12:00:33.874Z
345,YY16YKH,2026-04-29T23:54:22.641Z
345,YY16YKJ,2026-05-11T13:42:23.199Z
345,YY16YKK,2026-06-01T15:49:34.177Z
345,YY16YKL,2026-05-18T12:00:33.874Z
345,YY16YKM,2026-05-11T13:42:23.199Z
345,YY16YKO,2026-05-18T12:00:33.874Z
345,YY16YKP,2026-06-01T15:49:34.177Z
345,YY16YKR,2026-05-18T12:00:33.874Z
345,YY16YKS,2026-05-11T13:42:23.199Z
345,YY16YKT,2026-06-01T15:49:34.177Z
346,LX12DKF,2026-06-01T15:49:34.177Z
346,YW19VUC,2026-05-25T13:01:20.469Z
346,YW19VUD,2026-06-01T15:49:34.177Z
346,YX65RMU,2026-05-25T13:01:20.469Z
346,YX65RMV,2026-06-01T15:49:34.177Z
346,YX68UMO,2026-06-01T15:49:34.177Z
346,YX68UMR,2026-06-01T15:49:34.177Z
346,YY15OWU,2026-06-01T15:49:34.177Z
349,LY24JRU,2026-06-01T15:49:34.177Z
349,LY24KZG,2026-05-18T12:00:33.874Z
350,SN17MSU,2026-06-01T15:49:34.177Z
350,SN17MSV,2026-06-01T15:49:34.177Z
350,SN17MSX,2026-05-25T13:01:20.469Z
350,SN17MSY,2026-06-01T15:49:34.177Z
350,SN17MTE,2026-06-01T15:49:34.177Z
350,YX10EBJ,2026-04-29T23:54:22.641Z
350,YX10EBM,2026-06-01T15:49:34.177Z
350,YX13EHM,2026-05-18T12:00:33.874Z
350,YX14RYV,2026-05-25T13:01:20.469Z
350,YX16NZT,2026-05-04T11:29:17.869Z
350,YX16OFR,2026-05-11T13:42:23.199Z
352,SM15HWG,2026-05-25T13:01:20.469Z
352,SM15HWH,2026-06-01T15:49:34.177Z
352,SM15HWJ,2026-06-01T15:49:34.177Z
352,SM15HWK,2026-05-18T12:00:33.874Z
352,SM15VKA,2026-06-01T15:49:34.177Z
352,SN16OLR,2026-05-11T13:42:23.199Z
352,YX60FUV,2026-05-25T13:01:20.469Z
352,YX60FUW,2026-05-11T13:42:23.199Z
352,YX60FVA,2026-06-01T15:49:34.177Z
352,YX60FVB,2026-06-01T15:49:34.177Z
352,YX62DZU,2026-05-25T13:01:20.469Z
352,YX65RJV,2026-05-18T12:00:33.874Z
352,YY15CNV,2026-06-01T15:49:34.177Z
353,LD72XZV,2026-06-01T15:49:34.177Z
353,LD72XZW,2026-05-11T13:42:23.199Z
353,LD72XZX,2026-05-25T13:01:20.469Z
353,LD72XZY,2026-06-01T15:49:34.177Z
353,LD72XZZ,2026-06-01T15:49:34.177Z
353,LD72YAA,2026-05-18T12:00:33.874Z
353,LD72YAE,2026-05-11T13:42:23.199Z
353,LD72YAF,2026-06-01T15:49:34.177Z
353,LD72YAG,2026-06-01T15:49:34.177Z
353,YW19VPC,2026-05-11T13:42:23.199Z
353,YW19VPG,2026-06-01T15:49:34.177Z
354,SN16OLR,2026-05-18T12:00:33.874Z
354,YX60FTZ,2026-06-01T15:49:34.177Z
354,YX60FUV,2026-06-01T15:49:34.177Z
354,YX60FUW,2026-06-01T15:28:31.580Z
354,YX62DZE,2026-05-18T12:00:33.874Z
354,YX62DZN,2026-05-25T13:01:20.469Z
354,YX65RJV,2026-05-11T13:42:23.199Z
354,YX65RJY,2026-05-04T11:29:17.869Z
354,YX65RJZ,2026-05-11T13:42:23.199Z
354,YX65RKA,2026-05-11T13:42:23.199Z
354,YX65RKE,2026-06-01T15:49:34.177Z
354,YX65RKJ,2026-06-01T15:49:34.177Z
354,YY15CNV,2026-05-25T13:01:20.469Z
355,BV66VJJ,2026-05-25T13:01:20.469Z
355,BV66VKA,2026-05-11T13:42:23.199Z
355,LV25CRK,2026-05-04T11:29:17.869Z
355,LV25CRU,2026-05-25T13:01:20.469Z
355,LV25CRX,2026-05-25T13:01:20.469Z
355,LV25CRZ,2026-05-11T13:42:23.199Z
355,LV25CSF,2026-05-25T13:01:20.469Z
355,LV25CSO,2026-05-18T12:00:33.874Z
355,LV25CSU,2026-06-01T15:49:34.177Z
355,LV25CSX,2026-06-01T15:49:34.177Z
355,LV25CSY,2026-06-01T15:49:34.177Z
355,LV25CSZ,2026-06-01T15:49:34.177Z
355,LV25CTE,2026-05-25T13:01:20.469Z
355,LV25CVP,2026-06-01T15:49:34.177Z
355,LV25CVS,2026-06-01T15:49:34.177Z
355,LV25CVT,2026-06-01T15:49:34.177Z
355,LV25CVZ,2026-06-01T15:49:34.177Z
355,LV25CWA,2026-06-01T15:49:34.177Z
355,LV25OTG,2026-05-11T13:42:23.199Z
355,LV25PWK,2026-06-01T15:28:31.580Z
355,SK67FKH,2026-05-04T11:29:17.869Z
355,SK67FKL,2026-06-01T15:49:34.177Z
355,SK67FKN,2026-06-01T15:49:34.177Z
355,YY66OYR,2026-05-25T13:01:20.469Z
356,SN66WMT,2026-05-18T12:00:33.874Z
356,SN66WMV,2026-06-01T15:49:34.177Z
356,SN66WMX,2026-05-25T13:01:20.469Z
356,SN66WNC,2026-05-04T11:29:17.869Z
356,SN67WYP,2026-05-04T11:29:17.869Z
356,SN67WYS,2026-06-01T15:49:34.177Z
356,SN67WYU,2026-05-25T13:01:20.469Z
356,YY18TNJ,2026-05-25T13:01:20.469Z
356,YY18TNK,2026-05-25T13:01:20.469Z
356,YY18TNL,2026-05-18T12:00:33.874Z
356,YY18TNN,2026-06-01T15:49:34.177Z
356,YY18TNO,2026-06-01T15:49:34.177Z
356,YY18TNU,2026-06-01T15:49:34.177Z
356,YY18TNV,2026-06-01T15:49:34.177Z
357,LB71ECW,2026-05-04T11:29:17.869Z
357,LB71XNV,2026-05-25T13:01:20.469Z
357,LF20XLA,2026-05-11T13:42:23.199Z
357,LF20XLC,2026-06-01T15:49:34.177Z
357,LF20XLD,2026-06-01T15:49:34.177Z
357,LF20XLE,2026-05-11T13:42:23.199Z
357,LF20XLL,2026-05-18T12:00:33.874Z
357,LF20XLM,2026-06-01T15:49:34.177Z
357,LF20XLS,2026-05-18T12:00:33.874Z
357,LF20XLT,2026-06-01T15:49:34.177Z
357,LF20XLV,2026-05-18T12:00:33.874Z
357,LF20XLW,2026-05-11T13:42:23.199Z
357,LF20XLX,2026-05-11T13:42:23.199Z
357,LF20XMB,2026-05-18T12:00:33.874Z
357,LF20XMJ,2026-06-01T15:49:34.177Z
357,LF20XMO,2026-05-11T13:42:23.199Z
357,LF20XMV,2026-05-04T11:29:17.869Z
357,LF24ZJX,2026-05-11T13:42:23.199Z
357,LF24ZJZ,2026-06-01T15:49:34.177Z
357,LF24ZKA,2026-05-18T12:00:33.874Z
357,LF70YWA,2026-05-04T11:29:17.869Z
357,LF70YWD,2026-05-25T13:01:20.469Z
357,LF70YWK,2026-05-25T13:01:20.469Z
357,LF70YWX,2026-05-04T11:29:17.869Z
358,LJ23FHS,2026-06-01T15:49:34.177Z
358,LJ23FHT,2026-05-18T12:00:33.874Z
358,LJ23FHU,2026-06-01T15:49:34.177Z
358,LJ23FHV,2026-06-01T15:49:34.177Z
358,LJ23FHW,2026-05-11T13:42:23.199Z
358,LJ73CHV,2026-06-01T15:49:34.177Z
358,LJ73CHX,2026-05-25T13:01:20.469Z
358,LJ74BPY,2026-06-01T15:49:34.177Z
358,LJ74BPZ,2026-06-01T15:49:34.177Z
358,LJ74BRF,2026-06-01T15:49:34.177Z
358,LJ74BRV,2026-05-18T12:00:33.874Z
358,LJ74BRX,2026-06-01T15:28:31.580Z
358,LJ74BRZ,2026-06-01T15:49:34.177Z
358,LJ74BSY,2026-06-01T15:49:34.177Z
358,LJ74BSZ,2026-06-01T15:49:34.177Z
358,LJ74BTV,2026-05-18T12:00:33.874Z
358,LJ74CZN,2026-06-01T15:49:34.177Z
358,LJ74CZO,2026-06-01T15:49:34.177Z
358,LJ74CZP,2026-06-01T15:49:34.177Z
358,LX23BKA,2026-05-25T13:01:20.469Z
358,YX11CTK,2026-06-01T15:49:34.177Z
358,YX61BXE,2026-06-01T15:49:34.177Z
359,LB71XNY,2026-06-01T15:49:34.177Z
359,LG22AXD,2026-06-01T15:49:34.177Z
359,LG73FYP,2026-05-25T13:01:20.469Z
360,LF69UZA,2026-05-25T13:01:20.469Z
360,LF69UZB,2026-05-18T12:00:33.874Z
360,LF69UZD,2026-06-01T15:49:34.177Z
360,LF69UZJ,2026-05-11T13:42:23.199Z
360,LF69UZL,2026-05-11T13:42:23.199Z
360,LJ66CHY,2026-06-01T15:49:34.177Z
360,LJ66CJX,2026-06-01T15:49:34.177Z
360,LJ66CJZ,2026-06-01T15:49:34.177Z
360,LJ66GYY,2026-06-01T15:49:34.177Z
360,LV25CRK,2026-06-01T15:49:34.177Z
360,LV25CRU,2026-05-04T11:29:17.869Z
360,LV25CRX,2026-06-01T15:49:34.177Z
360,LV25CRZ,2026-05-25T13:01:20.469Z
360,LV25CSF,2026-06-01T15:49:34.177Z
360,LV25CSO,2026-06-01T15:49:34.177Z
360,LV25CSU,2026-05-18T12:00:33.874Z
360,LV25CSX,2026-05-11T13:42:23.199Z
360,LV25CSZ,2026-05-25T13:01:20.469Z
360,LV25CTE,2026-06-01T15:49:34.177Z
360,LV25CVP,2026-05-25T13:01:20.469Z
360,LV25CVR,2026-05-18T12:00:33.874Z
360,LV25CVS,2026-05-25T13:01:20.469Z
360,LV25CVT,2026-05-18T12:00:33.874Z
360,LV25CVZ,2026-05-18T12:00:33.874Z
360,LV25OTG,2026-06-01T15:49:34.177Z
360,LV25PWK,2026-05-04T11:29:17.869Z
362,LX12DKA,2026-05-18T12:00:33.874Z
362,SN17MKP,2026-05-18T12:00:33.874Z
362,SN17MKU,2026-05-25T13:01:20.469Z
362,SN17MLJ,2026-05-18T12:00:33.874Z
362,SN17MLL,2026-06-01T15:49:34.177Z
362,SN17MLU,2026-06-01T15:49:34.177Z
362,SN17MLV,2026-06-01T15:49:34.177Z
362,SN17MLZ,2026-05-11T13:42:23.199Z
362,SN17MMA,2026-05-04T11:29:17.869Z
362,SN17MME,2026-05-11T13:42:23.199Z
362,SN17MMF,2026-05-04T11:29:17.869Z
363,LV24VNO,2026-06-01T15:28:31.580Z
363,LV24VNP,2026-05-18T12:00:33.874Z
363,LV24VNT,2026-05-04T11:29:17.869Z
363,LV24VNX,2026-05-04T11:29:17.869Z
363,LV24VNY,2026-05-18T12:00:33.874Z
363,LV24VOA,2026-05-25T13:01:20.469Z
363,LV24VOB,2026-05-18T12:00:33.874Z
363,LV24VOD,2026-05-25T13:01:20.469Z
363,LV73FDK,2026-05-11T13:42:23.199Z
363,LV73FDM,2026-05-04T11:29:17.869Z
363,LV73FDP,2026-05-04T11:29:17.869Z
363,LV73FDU,2026-06-01T15:49:34.177Z
363,SK20AZU,2026-06-01T15:49:34.177Z
363,SN12AUL,2026-06-01T15:49:34.177Z
363,SN61CYJ,2026-06-01T15:49:34.177Z
363,SN61CYK,2026-06-01T15:49:34.177Z
363,YX15OWH,2026-05-11T13:42:23.199Z
363,YX15OWK,2026-05-11T13:42:23.199Z
363,YX17NVR,2026-06-01T15:49:34.177Z
363,YX17NVT,2026-06-01T15:49:34.177Z
363,YX17NVU,2026-05-18T12:00:33.874Z
363,YX17NVV,2026-05-25T13:01:20.469Z
363,YX17NVW,2026-06-01T15:49:34.177Z
363,YX17NVY,2026-06-01T15:49:34.177Z
363,YX17NVZ,2026-05-25T13:01:20.469Z
363,YY67GZJ,2026-05-11T13:42:23.199Z
363,YY67GZN,2026-06-01T15:49:34.177Z
363,YY67GZO,2026-05-25T13:01:20.469Z
363,YY67GZS,2026-06-01T15:49:34.177Z
363,YY67GZT,2026-05-11T13:42:23.199Z
363,YY67GZU,2026-06-01T15:49:34.177Z
363,YY67GZV,2026-05-25T13:01:20.469Z
363,YY67GZW,2026-05-25T13:01:20.469Z
363,YY67GZX,2026-05-04T11:29:17.869Z
363,YY67GZZ,2026-05-18T12:00:33.874Z
364,YX61BXK,2026-06-01T15:49:34.177Z
364,YX61FZO,2026-05-18T12:00:33.874Z
364,YX61FZP,2026-06-01T15:49:34.177Z
364,YX69NNH,2026-06-01T15:49:34.177Z
364,YX69NNJ,2026-06-01T15:49:34.177Z
364,YX69NNK,2026-06-01T15:28:31.580Z
364,YX69NNL,2026-06-01T15:49:34.177Z
364,YX69NNM,2026-06-01T15:49:34.177Z
364,YX69NNO,2026-05-18T12:00:33.874Z
364,YX69NNP,2026-06-01T15:49:34.177Z
364,YX69NNR,2026-06-01T15:49:34.177Z
364,YX69NNT,2026-06-01T15:49:34.177Z
364,YX69NNU,2026-05-11T13:42:23.199Z
364,YX69NNW,2026-05-18T12:00:33.874Z
364,YX69NNY,2026-06-01T15:49:34.177Z
364,YX69NNZ,2026-06-01T15:49:34.177Z
364,YX69NOF,2026-06-01T15:49:34.177Z
364,YX69NOH,2026-06-01T15:49:34.177Z
365,LV25PWY,2026-04-29T23:54:22.641Z
365,LV73FFB,2026-04-29T23:54:22.641Z
365,LV73FGC,2026-04-29T23:54:22.641Z
365,LX11AYU,2026-05-25T13:01:20.469Z
365,LX11AYV,2026-05-04T11:29:17.869Z
365,LX11AZB,2026-05-18T12:00:33.874Z
365,LX11AZG,2026-06-01T15:49:34.177Z
365,LX11AZJ,2026-05-11T13:42:23.199Z
365,LX11AZL,2026-06-01T15:49:34.177Z
365,LX11AZN,2026-05-04T11:29:17.869Z
365,LX11AZO,2026-06-01T15:49:34.177Z
365,LX11AZP,2026-05-18T12:00:33.874Z
365,LX11AZR,2026-05-25T13:01:20.469Z
365,LX11AZU,2026-05-25T13:01:20.469Z
365,LX11BAO,2026-06-01T15:28:31.580Z
365,LX11BHE,2026-06-01T15:49:34.177Z
365,LX11BHK,2026-05-11T13:42:23.199Z
365,LX11BJF,2026-05-11T13:42:23.199Z
365,LX11BKU,2026-05-18T12:00:33.874Z
365,LX11BLJ,2026-06-01T15:49:34.177Z
365,LX11BMV,2026-05-18T12:00:33.874Z
365,LX12CZG,2026-05-11T12:08:37.791Z
365,LX12DBO,2026-06-01T15:49:34.177Z
365,LX12DCE,2026-05-25T13:01:20.469Z
365,LX12DCO,2026-05-11T12:08:37.791Z
365,LX12DCY,2026-06-01T15:49:34.177Z
365,LX12DFO,2026-05-18T12:00:33.874Z
365,LX12DGO,2026-05-25T13:01:20.469Z
365,LX61DBO,2026-05-18T12:00:33.874Z
365,LX61DDJ,2026-06-01T15:49:34.177Z
365,SN16OLK,2026-06-01T15:49:34.177Z
365,SN16OLO,2026-05-18T12:00:33.874Z
365,SN63JVR,2026-05-18T12:00:33.874Z
365,SN63JVT,2026-05-11T12:08:37.791Z
365,SN63JVU,2026-06-01T15:49:34.177Z
365,SN63JVX,2026-05-04T11:29:17.869Z
365,SN63JVY,2026-05-11T13:42:23.199Z
366,LB23PCV,2026-06-01T15:49:34.177Z
366,LB23PCX,2026-06-01T15:49:34.177Z
366,LB23PCY,2026-06-01T15:49:34.177Z
366,LB23PCZ,2026-06-01T15:49:34.177Z
366,LB23PDK,2026-06-01T15:49:34.177Z
366,LB23PDO,2026-05-18T12:00:33.874Z
366,LB23PDU,2026-06-01T15:49:34.177Z
366,LB23PDV,2026-06-01T15:49:34.177Z
366,LB23PDX,2026-06-01T15:49:34.177Z
366,LB23PDY,2026-06-01T15:49:34.177Z
366,LB23PDZ,2026-06-01T15:49:34.177Z
366,LB23PEO,2026-06-01T15:49:34.177Z
366,LB23PFA,2026-05-18T12:00:33.874Z
366,LB23PFD,2026-06-01T15:49:34.177Z
366,LB23PFE,2026-06-01T15:49:34.177Z
366,LB23PFF,2026-05-25T13:01:20.469Z
366,LB23PFG,2026-06-01T15:28:31.580Z
366,LB23PFJ,2026-06-01T15:49:34.177Z
366,LB23PFK,2026-05-11T13:42:23.199Z
366,LB23PFO,2026-06-01T15:49:34.177Z
366,LF24ZHU,2026-05-11T13:42:23.199Z
366,LF24ZJE,2026-05-25T13:01:20.469Z
366,LF24ZJN,2026-05-04T11:29:17.869Z
367,SN66WNP,2026-06-01T15:49:34.177Z
367,YX10EBF,2026-05-18T12:00:33.874Z
367,YX13EHL,2026-05-11T13:42:23.199Z
367,YX14RYU,2026-05-18T12:00:33.874Z
367,YX16OAW,2026-05-18T12:00:33.874Z
367,YX16OAY,2026-05-11T13:42:23.199Z
367,YX16OBC,2026-05-25T13:01:20.469Z
367,YX16OBD,2026-06-01T15:49:34.177Z
367,YX16OBE,2026-06-01T15:49:34.177Z
367,YX16OBF,2026-06-01T15:49:34.177Z
367,YX16OBG,2026-06-01T15:49:34.177Z
367,YX16ODM,2026-05-04T11:29:17.869Z
367,YX16ODP,2026-05-25T13:01:20.469Z
367,YX16ODR,2026-05-04T11:29:17.869Z
367,YX16ODV,2026-05-25T13:01:20.469Z
367,YX16ODW,2026-05-04T11:29:17.869Z
367,YX16OFA,2026-05-25T13:01:20.469Z
367,YY64GVW,2026-06-01T15:49:34.177Z
367,YY64GVX,2026-06-01T15:49:34.177Z
367,YY64TXB,2026-05-18T12:00:33.874Z
367,YY64TXC,2026-06-01T15:49:34.177Z
367,YY64TXD,2026-05-11T13:42:23.199Z
367,YY64TXE,2026-06-01T15:49:34.177Z
367,YY64TXF,2026-06-01T15:49:34.177Z
368,LF25SFO,2026-06-01T15:49:34.177Z
368,LF25SFU,2026-06-01T15:49:34.177Z
368,LF25SFV,2026-05-25T13:01:20.469Z
368,LF25SFX,2026-06-01T15:49:34.177Z
368,LF25SFY,2026-05-11T13:42:23.199Z
368,LF25SFZ,2026-05-25T13:01:20.469Z
368,LF25SGO,2026-05-11T13:42:23.199Z
368,LF25SGU,2026-06-01T15:49:34.177Z
368,LF25SGV,2026-05-18T12:00:33.874Z
368,LF25SGX,2026-05-25T13:01:20.469Z
368,LF25SGY,2026-06-01T15:49:34.177Z
368,LF74TTZ,2026-06-01T15:49:34.177Z
368,LF74TUA,2026-05-04T11:29:17.869Z
368,LF74TUH,2026-05-25T13:01:20.469Z
368,LF74TUO,2026-06-01T15:49:34.177Z
368,LF74TUP,2026-06-01T15:49:34.177Z
368,LF74TUU,2026-05-25T13:01:20.469Z
368,LF74TUV,2026-05-18T12:00:33.874Z
368,LF74TUY,2026-05-18T12:00:33.874Z
370,BG14ONW,2026-05-04T11:29:17.869Z
370,LF67EUM,2026-06-01T15:49:34.177Z
370,LF67EUN,2026-06-01T15:49:34.177Z
370,LF67EUP,2026-05-11T13:42:23.199Z
370,LF67EUW,2026-06-01T15:49:34.177Z
370,LF67EUZ,2026-05-18T12:00:33.874Z
370,LF67EVB,2026-05-25T13:01:20.469Z
370,LF67EVC,2026-05-11T13:42:23.199Z
370,LF67EVD,2026-05-11T13:42:23.199Z
370,LF67EVG,2026-05-25T13:01:20.469Z
370,LF67EVH,2026-06-01T15:49:34.177Z
370,LF67EVJ,2026-05-11T13:42:23.199Z
370,LF67EVL,2026-05-04T11:29:17.869Z
370,LF67EVM,2026-05-25T13:01:20.469Z
370,LF67EVP,2026-05-11T13:42:23.199Z
370,LF67EVR,2026-05-11T13:42:23.199Z
370,LF67EVT,2026-05-18T12:00:33.874Z
370,LF67EVU,2026-05-18T12:00:33.874Z
370,LF67EVW,2026-06-01T15:49:34.177Z
370,LF67EVX,2026-06-01T15:49:34.177Z
370,LF67EVY,2026-05-11T13:42:23.199Z
370,LF67EWA,2026-05-18T12:00:33.874Z
370,LF67EWB,2026-06-01T15:49:34.177Z
370,LF67EWC,2026-06-01T15:49:34.177Z
370,LF67EWG,2026-05-18T12:00:33.874Z
370,LF67EWH,2026-06-01T15:49:34.177Z
370,LJ61CGZ,2026-05-18T12:00:33.874Z
370,LJ61LKZ,2026-06-01T15:49:34.177Z
370,LK17AFA,2026-05-04T11:29:17.869Z
370,LK17AFE,2026-05-18T12:00:33.874Z
370,LK17AFF,2026-05-25T13:01:20.469Z
370,LK17AFJ,2026-05-04T11:29:17.869Z
370,LK17AFN,2026-05-25T13:01:20.469Z
370,LK17AFO,2026-06-01T15:49:34.177Z
370,LK17AFU,2026-06-01T15:49:34.177Z
370,LK66GGJ,2026-06-01T15:49:34.177Z
370,WLT676,2026-05-11T13:42:23.199Z
371,LD71YLR,2026-06-01T15:49:34.177Z
371,LD71YLS,2026-05-04T11:29:17.869Z
371,LD71YLT,2026-05-18T12:00:33.874Z
371,LD71YLU,2026-05-25T13:01:20.469Z
371,LD71YLV,2026-05-04T11:29:17.869Z
371,LD71YLW,2026-06-01T15:49:34.177Z
371,LE21FSK,2026-06-01T15:49:34.177Z
371,LG71DTK,2026-05-04T11:29:17.869Z
371,LG71DTN,2026-06-01T15:49:34.177Z
371,LG71DTO,2026-05-25T13:01:20.469Z
371,LG71DTU,2026-05-11T13:42:23.199Z
371,LG71DTV,2026-05-25T13:01:20.469Z
371,LG71DTX,2026-06-01T15:49:34.177Z
371,LG71DTY,2026-05-25T13:01:20.469Z
371,LG71DTZ,2026-06-01T15:49:34.177Z
371,LG71DUA,2026-05-11T13:42:23.199Z
371,LG71DUH,2026-05-25T13:01:20.469Z
371,LG71DXZ,2026-05-11T13:42:23.199Z
371,LG71DYB,2026-05-11T13:42:23.199Z
371,LG71DYF,2026-06-01T15:49:34.177Z
371,LG71DYH,2026-06-01T15:49:34.177Z
371,LG71DYJ,2026-05-18T12:00:33.874Z
371,LG71DYT,2026-05-18T12:00:33.874Z
371,MF25HFY,2026-05-18T12:00:33.874Z
371,MF25HFZ,2026-06-01T15:49:34.177Z
371,MF25HGA,2026-06-01T15:49:34.177Z
371,MF25HGC,2026-06-01T15:49:34.177Z
371,MF25HGE,2026-06-01T15:49:34.177Z
371,MF25HGJ,2026-05-25T13:01:20.469Z
371,MF25HGK,2026-05-11T13:42:23.199Z
371,MF25HGL,2026-05-11T13:42:23.199Z
371,MF25HGM,2026-06-01T15:49:34.177Z
371,MF25HGO,2026-05-04T11:29:17.869Z
371,MF25HGP,2026-05-25T13:01:20.469Z
371,MF25HGU,2026-05-11T13:42:23.199Z
371,MF25HGX,2026-05-18T12:00:33.874Z
371,MF25HGY,2026-05-18T12:00:33.874Z
371,MF25HGZ,2026-05-18T12:00:33.874Z
372,LV75HJX,2026-05-11T13:42:23.199Z
372,LX11AYU,2026-05-18T12:00:33.874Z
372,LX11AYZ,2026-05-04T11:29:17.869Z
372,LX11AZA,2026-05-11T13:42:23.199Z
372,LX11AZB,2026-06-01T15:49:34.177Z
372,LX11AZD,2026-05-04T11:29:17.869Z
372,LX11AZF,2026-05-11T13:42:23.199Z
372,LX11AZG,2026-05-25T13:01:20.469Z
372,LX11AZL,2026-05-11T13:42:23.199Z
372,LX11AZP,2026-06-01T15:49:34.177Z
372,LX11AZT,2026-06-01T15:49:34.177Z
372,LX11AZU,2026-06-01T15:49:34.177Z
372,LX11AZV,2026-05-11T13:42:23.199Z
372,LX11BAU,2026-06-01T15:49:34.177Z
372,LX11BAV,2026-05-11T13:42:23.199Z
372,LX11BBE,2026-05-18T12:00:33.874Z
372,LX11BBF,2026-05-18T12:00:33.874Z
372,LX11BHD,2026-06-01T15:49:34.177Z
372,LX11BLJ,2026-05-18T12:00:33.874Z
372,LX11BMV,2026-05-11T13:42:23.199Z
372,LX12CZE,2026-06-01T15:49:34.177Z
372,LX12DCO,2026-05-18T12:00:33.874Z
372,LX12DCY,2026-05-25T13:01:20.469Z
372,LX75ZJN,2026-05-11T13:42:23.199Z
372,LX75ZJV,2026-06-01T15:49:34.177Z
372,SN63JVP,2026-05-18T12:00:33.874Z
375,LX11AWU,2026-06-01T15:49:34.177Z
376,LF20XMZ,2026-05-18T12:00:33.874Z
376,LF20XNA,2026-06-01T15:49:34.177Z
376,LF20XNB,2026-06-01T15:49:34.177Z
376,LF20XNC,2026-06-01T15:49:34.177Z
376,LF20XND,2026-06-01T15:28:31.580Z
376,LF20XNE,2026-06-01T15:49:34.177Z
376,LF70YWV,2026-06-01T15:49:34.177Z
376,LG73FZH,2026-06-01T15:49:34.177Z
376,LG73FZJ,2026-05-25T13:01:20.469Z
376,LG73FZK,2026-06-01T15:49:34.177Z
376,LG73FZL,2026-06-01T15:49:34.177Z
376,YX61BWD,2026-06-01T15:49:34.177Z
377,YJ73BVB,2026-06-01T15:28:31.580Z
377,YJ73BVC,2026-06-01T15:49:34.177Z
377,YJ73BVE,2026-06-01T15:49:34.177Z
377,YX69NYR,2026-06-01T15:49:34.177Z
378,YW19VSG,2026-05-25T13:01:20.469Z
378,YW19VSJ,2026-05-04T11:29:17.869Z
378,YW19VSK,2026-05-25T13:01:20.469Z
378,YW19VSL,2026-06-01T15:49:34.177Z
378,YW19VSM,2026-06-01T15:49:34.177Z
378,YW19VSN,2026-05-25T13:01:20.469Z
378,YW19VSO,2026-06-01T15:49:34.177Z
378,YW19VSP,2026-06-01T15:49:34.177Z
378,YW19VST,2026-05-11T12:08:37.791Z
378,YW19VSU,2026-06-01T15:49:34.177Z
379,YJ24BKF,2026-06-01T15:49:34.177Z
379,YX25NYP,2026-05-18T12:00:33.874Z
379,YX25NYV,2026-04-29T23:54:22.641Z
379,YX25NYW,2026-06-01T15:49:34.177Z
379,YX25NYY,2026-05-25T13:01:20.469Z
379,YX25NYZ,2026-05-18T12:00:33.874Z
380,LX12DKJ,2026-05-04T11:29:17.869Z
380,YX17NXF,2026-06-01T15:49:34.177Z
380,YX17NXG,2026-05-25T13:01:20.469Z
380,YX17NXH,2026-06-01T15:28:31.580Z
380,YX17NXJ,2026-06-01T15:49:34.177Z
380,YX17NXK,2026-06-01T15:49:34.177Z
380,YX17NXL,2026-06-01T15:49:34.177Z
380,YX17NXM,2026-06-01T15:28:31.580Z
380,YX17NXO,2026-06-01T15:49:34.177Z
380,YX17NXR,2026-06-01T15:49:34.177Z
380,YX17NXS,2026-05-18T12:00:33.874Z
380,YX17NXT,2026-05-25T13:01:20.469Z
380,YX17NXU,2026-05-25T13:01:20.469Z
380,YX17NXV,2026-05-04T11:29:17.869Z
380,YX17NXW,2026-06-01T15:49:34.177Z
380,YX17NXY,2026-06-01T15:49:34.177Z
381,LC71KWK,2026-05-18T12:00:33.874Z
381,LC71KWO,2026-05-11T12:08:37.791Z
381,LC71KWS,2026-05-11T13:42:23.199Z
381,LC71KWT,2026-05-25T13:01:20.469Z
381,LC71KWX,2026-05-11T13:42:23.199Z
381,LC71KWY,2026-05-04T11:29:17.869Z
381,LC71KWZ,2026-05-25T13:01:20.469Z
381,LC71KXA,2026-05-11T13:42:23.199Z
381,LC71KXB,2026-05-04T11:29:17.869Z
381,LC71KXE,2026-05-25T13:01:20.469Z
381,LC71KXM,2026-06-01T15:49:34.177Z
381,LC71KXN,2026-05-18T12:00:33.874Z
381,LV24VNO,2026-05-25T13:01:20.469Z
381,LV24VNP,2026-06-01T15:49:34.177Z
381,LV24VNR,2026-05-11T13:42:23.199Z
381,LV24VNT,2026-06-01T15:49:34.177Z
381,LV24VNU,2026-06-01T15:49:34.177Z
381,LV24VNW,2026-06-01T15:49:34.177Z
381,LV24VNX,2026-06-01T15:49:34.177Z
381,LV24VNY,2026-05-25T13:01:20.469Z
381,LV24VNZ,2026-06-01T15:49:34.177Z
381,LV24VOA,2026-05-11T13:42:23.199Z
381,LV24VOB,2026-06-01T15:28:31.580Z
381,LV24VOC,2026-05-18T12:00:33.874Z
381,LV24VOD,2026-06-01T15:49:34.177Z
381,LV24VOF,2026-05-25T13:01:20.469Z
381,LV24VOG,2026-06-01T15:49:34.177Z
381,LV24VOH,2026-05-25T13:01:20.469Z
381,LV73FDK,2026-06-01T15:49:34.177Z
381,LV73FDL,2026-05-25T13:01:20.469Z
381,LV73FDM,2026-06-01T15:28:31.580Z
381,LV73FDN,2026-06-01T15:49:34.177Z
381,LV73FDO,2026-06-01T15:49:34.177Z
381,LV73FDP,2026-06-01T15:49:34.177Z
381,LV73FDU,2026-05-25T13:01:20.469Z
382,LF73DWU,2026-06-01T15:49:34.177Z
382,LF73DWV,2026-05-11T13:42:23.199Z
382,LF73DWY,2026-05-18T12:00:33.874Z
382,LF73DWZ,2026-06-01T15:49:34.177Z
382,LF73DXA,2026-05-04T11:29:17.869Z
382,LF73DXB,2026-06-01T15:49:34.177Z
382,LF73DXC,2026-05-18T12:00:33.874Z
382,LF73DXD,2026-06-01T15:49:34.177Z
382,LF73DXE,2026-06-01T15:49:34.177Z
382,LG75YYS,2026-06-01T15:49:34.177Z
382,LG75YYT,2026-06-01T15:49:34.177Z
382,LG75YYV,2026-05-18T12:00:33.874Z
382,LG75YYX,2026-06-01T15:49:34.177Z
382,LG75YYZ,2026-06-01T15:49:34.177Z
382,LG75YZA,2026-05-25T13:01:20.469Z
382,LG75YZB,2026-05-18T12:00:33.874Z
382,LG75YZC,2026-05-11T13:42:23.199Z
383,LJ12BYW,2026-06-01T15:49:34.177Z
383,YY15NKA,2026-05-18T12:00:33.874Z
383,YY15NKC,2026-06-01T15:49:34.177Z
383,YY15NKD,2026-06-01T15:49:34.177Z
383,YY15NKE,2026-06-01T15:49:34.177Z
384,LF73DWU,2026-05-25T13:01:20.469Z
384,LF73DWV,2026-06-01T15:49:34.177Z
384,LF73DWZ,2026-05-18T12:00:33.874Z
384,LF73DXA,2026-06-01T15:49:34.177Z
384,LF73DXC,2026-06-01T15:49:34.177Z
384,LF73DXD,2026-05-18T12:00:33.874Z
384,LF73DXE,2026-05-25T13:01:20.469Z
384,LG75YYR,2026-05-18T12:00:33.874Z
384,LG75YYS,2026-05-11T13:42:23.199Z
384,LG75YYT,2026-05-18T12:00:33.874Z
384,LG75YYV,2026-06-01T15:49:34.177Z
384,LG75YYW,2026-05-25T13:01:20.469Z
384,LG75YYX,2026-05-11T13:42:23.199Z
384,LG75YYZ,2026-05-18T12:00:33.874Z
384,LG75YZA,2026-06-01T15:49:34.177Z
384,LG75YZC,2026-06-01T15:28:31.580Z
384,LK62DHU,2026-06-01T15:49:34.177Z
384,LK62DHV,2026-05-11T13:42:23.199Z
385,YX65RMY,2026-05-18T12:00:33.874Z
385,YX65RNA,2026-05-11T13:42:23.199Z
386,SN12AVF,2026-06-01T15:49:34.177Z
386,SN12AVG,2026-05-18T12:00:33.874Z
386,YX11AGU,2026-06-01T15:49:34.177Z
386,YX11CPN,2026-06-01T15:49:34.177Z
386,YX11CPY,2026-06-01T15:28:31.580Z
386,YX11FYU,2026-06-01T15:49:34.177Z
386,YX11FYW,2026-06-01T15:49:34.177Z
386,YX11FYY,2026-06-01T15:49:34.177Z
386,YX60DXU,2026-05-18T12:00:33.874Z
386,YX61DTZ,2026-05-25T13:01:20.469Z
386,YX61DVN,2026-06-01T15:28:31.580Z
386,YY64GXD,2026-05-25T13:01:20.469Z
386,YY64GXE,2026-06-01T15:49:34.177Z
386,YY64GXF,2026-06-01T15:49:34.177Z
386,YY64GXH,2026-05-25T13:01:20.469Z
388,LV25XWT,2026-05-11T13:42:23.199Z
388,SN16OHP,2026-06-01T15:49:34.177Z
388,SN16OHS,2026-05-18T12:00:33.874Z
388,SN16OHT,2026-05-25T13:01:20.469Z
388,SN16OHV,2026-06-01T15:49:34.177Z
388,SN16OHW,2026-06-01T15:49:34.177Z
388,SN16OHY,2026-05-18T12:00:33.874Z
388,SN16OHZ,2026-05-18T12:00:33.874Z
388,SN16OJA,2026-05-04T11:29:17.869Z
388,SN16OJB,2026-06-01T15:49:34.177Z
388,SN16OJC,2026-06-01T15:49:34.177Z
388,SN16OJD,2026-05-18T12:00:33.874Z
388,SN16OJE,2026-05-25T13:01:20.469Z
388,SN16OJG,2026-05-11T13:42:23.199Z
388,SN16OJH,2026-05-18T12:00:33.874Z
388,SN16OJJ,2026-05-25T13:01:20.469Z
388,SN16OJK,2026-05-18T12:00:33.874Z
388,SN16OJL,2026-06-01T15:49:34.177Z
388,SN18KTX,2026-06-01T15:49:34.177Z
388,SN18KUC,2026-06-01T15:49:34.177Z
388,SN66WRE,2026-05-25T13:01:20.469Z
388,SN66WRJ,2026-06-01T15:49:34.177Z
388,SN66WRK,2026-05-25T13:01:20.469Z
388,SN66WRO,2026-05-25T13:01:20.469Z
388,SN66WRP,2026-05-25T13:01:20.469Z
388,SN66WRR,2026-06-01T15:49:34.177Z
388,SN66WRT,2026-06-01T15:49:34.177Z
388,SN66WRU,2026-05-18T12:00:33.874Z
388,SN66WRV,2026-05-18T12:00:33.874Z
388,SN66WRW,2026-05-11T13:42:23.199Z
388,SN66WRX,2026-05-11T13:42:23.199Z
388,SN66WRZ,2026-05-11T13:42:23.199Z
389,YX61DVB,2026-05-18T12:00:33.874Z
389,YX61EKF,2026-05-11T13:42:23.199Z
393,LK62DEU,2026-05-18T12:00:33.874Z
393,YX69NXP,2026-06-01T15:49:34.177Z
393,YX69NXR,2026-06-01T15:28:31.580Z
393,YX69NXS,2026-06-01T15:49:34.177Z
393,YX69NXT,2026-06-01T15:28:31.580Z
393,YX69NXU,2026-06-01T15:49:34.177Z
393,YX69NXV,2026-06-01T15:49:34.177Z
393,YX69NXW,2026-05-25T13:01:20.469Z
393,YX69NXY,2026-06-01T15:49:34.177Z
393,YX69NXZ,2026-06-01T15:49:34.177Z
393,YX69NYV,2026-06-01T15:28:31.580Z
393,YX69NYY,2026-06-01T15:49:34.177Z
393,YX69NYZ,2026-06-01T15:49:34.177Z
393,YX69NZA,2026-06-01T15:49:34.177Z
393,YX69NZB,2026-06-01T15:49:34.177Z
393,YX69NZC,2026-06-01T15:49:34.177Z
394,YX17NWN,2026-05-25T13:01:20.469Z
394,YX17NWO,2026-05-11T13:42:23.199Z
394,YX17NWP,2026-06-01T15:28:31.580Z
394,YX17NWR,2026-06-01T15:49:34.177Z
394,YX17NWS,2026-06-01T15:28:31.580Z
394,YX17NWT,2026-06-01T15:49:34.177Z
394,YX17NWU,2026-06-01T15:49:34.177Z
394,YX17NWV,2026-06-01T15:49:34.177Z
394,YX17NWW,2026-06-01T15:28:31.580Z
394,YX17NWY,2026-06-01T15:49:34.177Z
395,YY67UUF,2026-05-25T13:01:20.469Z
395,YY67UUG,2026-06-01T15:49:34.177Z
395,YY67UUH,2026-06-01T15:49:34.177Z
395,YY67UUJ,2026-06-01T15:49:34.177Z
395,YY67UUK,2026-06-01T15:49:34.177Z
395,YY67UUL,2026-06-01T15:49:34.177Z
395,YY67UUM,2026-05-25T13:01:20.469Z
396,LF24ZCY,2026-05-25T13:01:20.469Z
396,LF24ZCZ,2026-06-01T15:49:34.177Z
396,LF24ZDA,2026-06-01T15:49:34.177Z
396,LF24ZDC,2026-06-01T15:49:34.177Z
396,LF24ZJK,2026-05-04T11:29:17.869Z
396,LF24ZJN,2026-05-25T13:01:20.469Z
396,YX61FZO,2026-06-01T15:49:34.177Z
397,YX17NWB,2026-05-18T12:00:33.874Z
397,YX17NWC,2026-05-25T13:01:20.469Z
397,YX17NWD,2026-06-01T15:49:34.177Z
397,YX17NWE,2026-05-25T13:01:20.469Z
397,YX66WFZ,2026-06-01T15:49:34.177Z
397,YY66PYB,2026-05-18T12:00:33.874Z
397,YY66PYD,2026-05-18T12:00:33.874Z
397,YY66PYG,2026-05-18T12:00:33.874Z
397,YY66PYL,2026-05-04T11:29:17.869Z
397,YY66PYS,2026-05-11T13:42:23.199Z
397,YY66PYT,2026-06-01T15:49:34.177Z
397,YY66PYU,2026-06-01T15:49:34.177Z
397,YY66PZF,2026-06-01T15:49:34.177Z
398,LC71KUB,2026-05-25T13:01:20.469Z
398,LC71KUD,2026-06-01T15:49:34.177Z
398,LC71KUE,2026-05-25T13:01:20.469Z
398,LC71KUF,2026-06-01T15:49:34.177Z
398,LC71KUJ,2026-05-25T13:01:20.469Z
398,LC71KUN,2026-05-11T13:42:23.199Z
398,LC71KUO,2026-06-01T15:49:34.177Z
398,LC71KUP,2026-05-11T13:42:23.199Z
398,LC71KUT,2026-05-11T13:42:23.199Z
398,LC71KUU,2026-05-11T13:42:23.199Z
398,LC71KUV,2026-06-01T15:49:34.177Z
398,LC71KUW,2026-05-18T12:00:33.874Z
398,LG71EAE,2026-05-04T11:29:17.869Z
398,LG71EAF,2026-05-18T12:00:33.874Z
399,YX61DVB,2026-05-18T12:00:33.874Z
399,YX61EKF,2026-05-11T13:42:23.199Z
401,LV25CTY,2026-05-18T12:00:33.874Z
401,LV25CTZ,2026-06-01T15:49:34.177Z
401,LV25CUG,2026-05-11T13:42:23.199Z
401,LV25CUH,2026-05-04T11:29:17.869Z
401,LV25CUK,2026-05-18T12:00:33.874Z
401,LV25CVU,2026-06-01T15:49:34.177Z
401,LV25WXM,2026-06-01T15:49:34.177Z
401,LV25WXO,2026-06-01T15:49:34.177Z
401,LV25WXS,2026-05-11T12:08:37.791Z
401,LV25WXW,2026-05-04T11:29:17.869Z
401,LV25WYA,2026-05-04T11:29:17.869Z
401,LV25WYB,2026-05-25T13:01:20.469Z
401,LV25WYJ,2026-05-11T13:42:23.199Z
401,LV25WYK,2026-05-25T13:01:20.469Z
401,LV25WYO,2026-06-01T15:49:34.177Z
401,LV25WZB,2026-05-25T13:01:20.469Z
401,LV25XUK,2026-06-01T15:49:34.177Z
401,LV25XWZ,2026-06-01T15:28:31.580Z
401,LX75ZFA,2026-05-18T12:00:33.874Z
401,LX75ZFF,2026-05-18T12:00:33.874Z
403,BF63HDE,2026-05-18T12:00:33.874Z
403,BL61ADO,2026-05-25T13:01:20.469Z
403,BL61ADV,2026-05-11T13:42:23.199Z
403,BL61ADX,2026-06-01T15:49:34.177Z
403,LJ61GWG,2026-06-01T15:49:34.177Z
403,LJ61GWK,2026-06-01T15:49:34.177Z
403,LJ61GWL,2026-06-01T15:49:34.177Z
403,LK59FDN,2026-06-01T15:49:34.177Z
403,LK59FDP,2026-06-01T15:49:34.177Z
403,SN61BJY,2026-06-01T15:49:34.177Z
403,SN61BKA,2026-05-18T12:00:33.874Z
403,SN61BKD,2026-05-11T13:42:23.199Z
403,SN61BKF,2026-05-11T13:42:23.199Z
403,SN61DDO,2026-05-11T13:42:23.199Z
403,SN61DDV,2026-05-18T12:00:33.874Z
403,SN61DDX,2026-06-01T15:49:34.177Z
403,SN61DDZ,2026-05-18T12:00:33.874Z
403,SN61DFC,2026-05-04T11:29:17.869Z
404,YX16OAW,2026-05-25T13:01:20.469Z
404,YX16OAY,2026-05-04T11:29:17.869Z
404,YX16OAZ,2026-05-25T13:01:20.469Z
404,YX16OBC,2026-06-01T15:49:34.177Z
404,YX16OBD,2026-05-18T12:00:33.874Z
404,YX16OBE,2026-05-11T13:42:23.199Z
404,YX16OBF,2026-05-04T11:29:17.869Z
404,YX16OBH,2026-05-25T13:01:20.469Z
404,YX16ODN,2026-06-01T15:49:34.177Z
404,YX16ODS,2026-06-01T15:49:34.177Z
405,LF75ORN,2026-05-25T13:01:20.469Z
405,LF75ORO,2026-06-01T15:28:31.580Z
405,LF75ORT,2026-06-01T15:49:34.177Z
405,LF75ORU,2026-05-11T13:42:23.199Z
405,LF75ORZ,2026-06-01T15:49:34.177Z
405,LF75OSB,2026-05-25T13:01:20.469Z
405,LF75OSC,2026-05-11T13:42:23.199Z
405,LF75OVS,2026-05-25T13:01:20.469Z
405,LF75OVT,2026-05-18T12:00:33.874Z
405,LF75OVV,2026-06-01T15:49:34.177Z
405,LF75OVW,2026-05-25T13:01:20.469Z
405,LF75OVY,2026-06-01T15:49:34.177Z
405,LF75OVZ,2026-06-01T15:49:34.177Z
405,LF75OWB,2026-05-18T12:00:33.874Z
405,LF75OWE,2026-05-25T13:01:20.469Z
405,LF75OWM,2026-05-25T13:01:20.469Z
405,LF75OWO,2026-06-01T15:49:34.177Z
405,LF75OWU,2026-06-01T15:49:34.177Z
405,LF75OWV,2026-05-25T13:01:20.469Z
405,LF75OWW,2026-05-11T13:42:23.199Z
405,LF75OXA,2026-05-11T13:42:23.199Z
405,LF75OXC,2026-05-18T12:00:33.874Z
405,LF75OXN,2026-06-01T15:49:34.177Z
405,LF75OXR,2026-05-11T13:42:23.199Z
405,LF75OXW,2026-06-01T15:49:34.177Z
405,LF75OYC,2026-05-04T11:29:17.869Z
405,LF75OYH,2026-05-18T12:00:33.874Z
406,LF19FWB,2026-06-01T15:49:34.177Z
406,LF19FWD,2026-05-11T13:42:23.199Z
406,LF19FWG,2026-06-01T15:49:34.177Z
406,LF19FWH,2026-06-01T15:28:31.580Z
406,LF19FWK,2026-06-01T15:49:34.177Z
406,LJ15JYY,2026-05-18T12:00:33.874Z
406,LJ15JZA,2026-05-18T12:00:33.874Z
406,LJ15JZC,2026-05-04T11:29:17.869Z
406,LJ15JZD,2026-05-18T12:00:33.874Z
406,LJ15JZF,2026-05-11T12:08:37.791Z
406,LJ15JZG,2026-06-01T15:49:34.177Z
406,LJ16EVD,2026-05-11T13:42:23.199Z
406,LJ16EVN,2026-05-18T12:00:33.874Z
406,LJ16EVU,2026-06-01T15:49:34.177Z
406,LJ16EVV,2026-05-11T13:42:23.199Z
406,LJ16EVX,2026-05-18T12:00:33.874Z
406,LJ16EWA,2026-06-01T15:49:34.177Z
406,LJ16KLV,2026-05-25T13:01:20.469Z
406,SN12ASZ,2026-06-01T15:49:34.177Z
406,SN13CHD,2026-05-25T13:01:20.469Z
406,SN13CHH,2026-06-01T15:49:34.177Z
407,SN12AUK,2026-05-11T13:42:23.199Z
407,SN61CXZ,2026-06-01T15:49:34.177Z
407,SN61CYE,2026-05-04T11:29:17.869Z
407,SN61CYF,2026-05-18T12:00:33.874Z
407,SN61CYH,2026-05-18T12:00:33.874Z
407,SN61CYP,2026-05-18T12:00:33.874Z
407,SN61DFL,2026-06-01T15:49:34.177Z
407,SN61DFP,2026-05-11T13:42:23.199Z
407,SN61DFU,2026-06-01T15:49:34.177Z
407,SN61DFV,2026-06-01T15:49:34.177Z
407,SN61DFX,2026-06-01T15:49:34.177Z
407,SN61DFY,2026-06-01T15:49:34.177Z
407,SN61DFZ,2026-06-01T15:49:34.177Z
407,SN61DGE,2026-06-01T15:49:34.177Z
407,YY64TYH,2026-06-01T15:49:34.177Z
407,YY64TYU,2026-06-01T15:49:34.177Z
407,YY64TZO,2026-05-04T11:29:17.869Z
407,YY67GZA,2026-06-01T15:49:34.177Z
407,YY67GZB,2026-06-01T15:49:34.177Z
407,YY67GZC,2026-06-01T15:49:34.177Z
407,YY67GZD,2026-05-25T13:01:20.469Z
407,YY67GZE,2026-06-01T15:49:34.177Z
407,YY67GZF,2026-06-01T15:49:34.177Z
407,YY67GZG,2026-06-01T15:49:34.177Z
407,YY67GZH,2026-05-18T12:00:33.874Z
410,LK66AMO,2026-06-01T15:49:34.177Z
410,LK66AMU,2026-06-01T15:49:34.177Z
410,LK66AMV,2026-06-01T15:49:34.177Z
410,LK66AMX,2026-06-01T15:49:34.177Z
410,LK66ANF,2026-06-01T15:49:34.177Z
410,LK66ANP,2026-05-25T13:01:20.469Z
410,LK66ANR,2026-05-18T12:00:33.874Z
410,LK66ANU,2026-06-01T15:49:34.177Z
410,LK66ANV,2026-05-18T12:00:33.874Z
410,LK66AOA,2026-06-01T15:49:34.177Z
410,LK66AOB,2026-06-01T15:49:34.177Z
410,LK66AOC,2026-06-01T15:49:34.177Z
410,LK66AOD,2026-06-01T15:49:34.177Z
410,LK66AOE,2026-06-01T15:49:34.177Z
410,LK66AOF,2026-05-11T13:42:23.199Z
410,LK66AOG,2026-06-01T15:49:34.177Z
410,LK66AOH,2026-06-01T15:49:34.177Z
410,LK66AOJ,2026-05-11T13:42:23.199Z
410,LK66AOL,2026-06-01T15:49:34.177Z
410,LK66AOM,2026-06-01T15:49:34.177Z
410,SK17HJG,2026-06-01T15:49:34.177Z
410,SK17HJJ,2026-06-01T15:49:34.177Z
410,SK17HJO,2026-06-01T15:49:34.177Z
411,LK64CZZ,2026-05-25T13:01:20.469Z
411,SN17MUP,2026-05-04T11:29:17.869Z
411,SN17MVL,2026-06-01T15:49:34.177Z
411,SN17MVP,2026-05-11T13:42:23.199Z
411,SN17MVR,2026-05-04T11:29:17.869Z
411,SN17MVS,2026-06-01T15:49:34.177Z
411,SN18KPF,2026-05-18T12:00:33.874Z
411,SN18KPG,2026-05-25T13:01:20.469Z
411,SN18KPK,2026-05-25T13:01:20.469Z
411,SN18KPP,2026-06-01T15:49:34.177Z
411,SN18KPR,2026-06-01T15:49:34.177Z
411,SN18KPU,2026-05-18T12:00:33.874Z
411,SN18KPV,2026-05-11T13:42:23.199Z
411,YX68UVS,2026-06-01T15:49:34.177Z
412,LF75ORT,2026-05-18T12:00:33.874Z
412,LF75ORV,2026-05-25T13:01:20.469Z
412,LF75ORX,2026-05-04T11:29:17.869Z
412,LF75ORY,2026-05-04T11:29:17.869Z
412,LF75ORZ,2026-05-18T12:00:33.874Z
412,LF75OVW,2026-06-01T15:49:34.177Z
412,LF75OWC,2026-05-11T13:42:23.199Z
412,LF75OWE,2026-06-01T15:49:34.177Z
412,LF75OWH,2026-06-01T15:49:34.177Z
412,LF75OWJ,2026-05-18T12:00:33.874Z
412,LF75OWM,2026-06-01T15:49:34.177Z
412,LF75OWZ,2026-05-11T13:42:23.199Z
412,LF75OXC,2026-05-25T13:01:20.469Z
412,LF75OXL,2026-05-11T13:42:23.199Z
412,LF75OXV,2026-06-01T15:49:34.177Z
412,LF75OYA,2026-05-11T13:42:23.199Z
412,LF75OYC,2026-06-01T15:49:34.177Z
412,LF75OYD,2026-05-18T12:00:33.874Z
412,LF75OYH,2026-05-11T13:42:23.199Z
413,LG23FJX,2026-05-11T13:42:23.199Z
413,LG23FJZ,2026-05-18T12:00:33.874Z
413,LG23FKA,2026-04-29T23:54:22.641Z
413,LG23FKF,2026-06-01T15:49:34.177Z
413,LG23FKJ,2026-05-18T12:00:33.874Z
413,LG23FKM,2026-05-18T12:00:33.874Z
413,LG23FKN,2026-05-11T13:42:23.199Z
413,LG23FKU,2026-05-25T13:01:20.469Z
413,LG23FKX,2026-06-01T15:28:31.580Z
413,LG73FSN,2026-06-01T15:49:34.177Z
413,LG73FSX,2026-04-29T23:54:22.641Z
413,LJ67DJD,2026-05-11T13:42:23.199Z
413,LJ67DJE,2026-06-01T15:49:34.177Z
413,LJ67DJK,2026-05-25T13:01:20.469Z
413,LJ67DJU,2026-05-11T13:42:23.199Z
413,LJ67DJV,2026-05-11T13:42:23.199Z
413,LJ67DJX,2026-06-01T15:49:34.177Z
413,LJ67DKA,2026-06-01T15:49:34.177Z
413,LJ67DKN,2026-05-04T11:29:17.869Z
413,LJ67DKO,2026-05-11T13:42:23.199Z
413,LJ67DLK,2026-05-25T13:01:20.469Z
413,LJ67DLN,2026-05-18T12:00:33.874Z
413,SN12AVE,2026-06-01T15:49:34.177Z
415,SK20AZR,2026-06-01T15:49:34.177Z
415,SK20AZT,2026-06-01T15:49:34.177Z
415,SK20AZW,2026-06-01T15:49:34.177Z
417,LV23EYU,2026-06-01T15:49:34.177Z
417,LV23EYW,2026-05-04T11:29:17.869Z
417,LV23EYX,2026-05-25T13:01:20.469Z
417,LV23EYY,2026-06-01T15:49:34.177Z
417,LV23EZC,2026-06-01T15:49:34.177Z
417,LV23ZCE,2026-05-18T12:00:33.874Z
417,LV23ZCF,2026-05-11T13:42:23.199Z
417,LV23ZCJ,2026-06-01T15:49:34.177Z
417,LV23ZCK,2026-05-18T12:00:33.874Z
417,LV23ZCL,2026-05-18T12:00:33.874Z
417,LV23ZCN,2026-06-01T15:49:34.177Z
417,LV23ZCO,2026-06-01T15:49:34.177Z
417,LV23ZCT,2026-05-11T13:42:23.199Z
417,LV23ZCU,2026-05-11T13:42:23.199Z
417,LV23ZCX,2026-06-01T15:49:34.177Z
417,LV23ZCZ,2026-05-18T12:00:33.874Z
417,LY24FWU,2026-05-18T12:00:33.874Z
417,LY24FWV,2026-05-18T12:00:33.874Z
417,LY24FWW,2026-05-11T13:42:23.199Z
417,LY24FWX,2026-06-01T15:49:34.177Z
417,LY24FWZ,2026-05-25T13:01:20.469Z
417,LY24FXA,2026-06-01T15:49:34.177Z
417,LY24FXM,2026-06-01T15:49:34.177Z
417,LY24KZK,2026-06-01T15:49:34.177Z
417,LY24KZL,2026-06-01T15:49:34.177Z
418,LF19FWA,2026-06-01T15:49:34.177Z
418,LF19FWB,2026-05-11T13:42:23.199Z
418,LF19FWD,2026-06-01T15:49:34.177Z
418,LF19FWE,2026-05-18T12:00:33.874Z
418,LF19FWG,2026-05-11T12:08:37.791Z
418,LF19FWH,2026-06-01T15:49:34.177Z
418,LF19FWJ,2026-05-25T13:01:20.469Z
418,LF19FWK,2026-05-04T11:29:17.869Z
418,LJ15JYY,2026-05-18T12:00:33.874Z
418,LJ15JZC,2026-05-11T13:42:23.199Z
418,LJ15JZD,2026-06-01T15:49:34.177Z
418,LJ15JZF,2026-05-11T13:42:23.199Z
418,LJ15JZG,2026-06-01T15:49:34.177Z
418,LJ16EVD,2026-05-11T12:08:37.791Z
418,LJ16EVN,2026-06-01T15:49:34.177Z
418,LJ16EVU,2026-06-01T15:28:31.580Z
418,LJ16EVX,2026-05-25T13:01:20.469Z
418,LJ16EVY,2026-05-18T12:00:33.874Z
418,LJ65FZP,2026-05-04T11:29:17.869Z
418,SN12AUA,2026-05-25T13:01:20.469Z
418,SN13CHC,2026-06-01T15:49:34.177Z
418,SN13CHD,2026-05-11T13:42:23.199Z
418,SN13CHH,2026-06-01T15:49:34.177Z
419,LJ16EXN,2026-06-01T15:49:34.177Z
419,LJ16EXT,2026-06-01T15:49:34.177Z
419,SN17MUV,2026-05-04T11:29:17.869Z
419,SN17MUY,2026-05-25T13:01:20.469Z
419,SN17MVA,2026-05-18T12:00:33.874Z
419,SN17MVC,2026-05-11T13:42:23.199Z
419,SN17MVD,2026-05-25T13:01:20.469Z
419,SN17MVF,2026-05-18T12:00:33.874Z
419,SN17MVH,2026-04-29T23:54:22.641Z
419,SN17MVJ,2026-05-11T13:42:23.199Z
419,SN17MVK,2026-06-01T15:49:34.177Z
419,SN17MVT,2026-05-04T11:29:17.869Z
419,SN17MVU,2026-06-01T15:49:34.177Z
419,YX17NHG,2026-05-25T13:01:20.469Z
419,YX17NHH,2026-05-11T13:42:23.199Z
419,YX17NHJ,2026-05-18T12:00:33.874Z
419,YX17NHK,2026-06-01T15:49:34.177Z
419,YX17NHN,2026-05-25T13:01:20.469Z
419,YX17NHO,2026-05-25T13:01:20.469Z
419,YX68UOT,2026-05-11T13:42:23.199Z
419,YX68UOU,2026-06-01T15:49:34.177Z
419,YX68UOV,2026-05-25T13:01:20.469Z
419,YX68UOW,2026-05-18T12:00:33.874Z
419,YX68UOY,2026-06-01T15:49:34.177Z
419,YX68UPA,2026-06-01T15:49:34.177Z
419,YX68UPB,2026-06-01T15:49:34.177Z
419,YX68UVN,2026-06-01T15:49:34.177Z
419,YX68UVT,2026-06-01T15:49:34.177Z
419,YX68UVU,2026-06-01T15:49:34.177Z
419,YX68UVV,2026-05-18T12:00:33.874Z
419,YX68UVY,2026-05-11T13:42:23.199Z
419,YX68UVZ,2026-05-18T12:00:33.874Z
419,YX68UWA,2026-05-11T13:42:23.199Z
422,BF15KGN,2026-05-11T13:42:23.199Z
422,BF15KGO,2026-05-18T12:00:33.874Z
422,BF15KGX,2026-05-25T13:01:20.469Z
422,BF15KGY,2026-05-18T12:00:33.874Z
422,BF15KHC,2026-05-11T12:08:37.791Z
422,BF15KHD,2026-05-25T13:01:20.469Z
422,BF15KHG,2026-05-25T13:01:20.469Z
422,BF15KHH,2026-05-25T13:01:20.469Z
422,LX11BKK,2026-05-11T13:42:23.199Z
422,LX12CZO,2026-06-01T15:49:34.177Z
422,LX12CZT,2026-05-18T12:00:33.874Z
422,LX12CZV,2026-06-01T15:49:34.177Z
422,LX12DCZ,2026-05-11T13:42:23.199Z
422,LX12DDA,2026-05-18T12:00:33.874Z
422,LX12DDE,2026-06-01T15:49:34.177Z
422,SN14TVW,2026-05-11T13:42:23.199Z
422,SN14TWF,2026-06-01T15:49:34.177Z
422,SN14TWG,2026-06-01T15:49:34.177Z
422,SN14TWV,2026-06-01T15:49:34.177Z
422,SN14TWW,2026-05-04T11:29:17.869Z
422,SN63JVM,2026-05-11T13:42:23.199Z
422,SN63JWC,2026-04-29T23:54:22.641Z
422,SN63JWD,2026-05-11T13:42:23.199Z
422,SN63JWE,2026-05-18T12:00:33.874Z
422,SN63JWG,2026-06-01T15:49:34.177Z
422,SN63JWJ,2026-05-11T13:42:23.199Z
422,SN63NBD,2026-06-01T15:49:34.177Z
422,SN63NBE,2026-05-25T13:01:20.469Z
422,SN63NBF,2026-05-11T13:42:23.199Z
422,SN63NBJ,2026-06-01T15:49:34.177Z
422,SN63NBK,2026-04-29T23:54:22.641Z
422,SN63NBL,2026-05-25T13:01:20.469Z
422,SN63NBX,2026-05-25T13:01:20.469Z
422,SN63NBY,2026-05-18T12:00:33.874Z
422,SN63NBZ,2026-05-18T12:00:33.874Z
422,SN64OGR,2026-05-18T12:00:33.874Z
422,SN64OGT,2026-05-11T13:42:23.199Z
422,SN67XDW,2026-05-11T13:42:23.199Z
422,SN67XEB,2026-05-04T11:29:17.869Z
422,SN67XEG,2026-06-01T15:49:34.177Z
422,SN67XEL,2026-05-18T12:00:33.874Z
422,YX16OGD,2026-05-11T13:42:23.199Z
422,YX16OGE,2026-05-25T13:01:20.469Z
422,YX16OGF,2026-06-01T15:28:31.580Z
422,YX16OGG,2026-06-01T15:49:34.177Z
422,YX16OGH,2026-06-01T15:49:34.177Z
422,YX16OGO,2026-05-25T13:01:20.469Z
422,YX16OGR,2026-05-25T13:01:20.469Z
422,YX16OGS,2026-05-11T13:42:23.199Z
422,YX16OGU,2026-06-01T15:49:34.177Z
422,YX16OHA,2026-05-11T13:42:23.199Z
422,YX16OHD,2026-06-01T15:49:34.177Z
422,YX16OHE,2026-06-01T15:49:34.177Z
422,YX68UKH,2026-05-04T11:29:17.869Z
422,YX68UKK,2026-04-29T23:54:22.641Z
422,YX68UKR,2026-05-04T11:29:17.869Z
422,YX68UKS,2026-06-01T15:49:34.177Z
423,BF67GNO,2026-05-18T12:00:33.874Z
423,BF67GNP,2026-05-18T12:00:33.874Z
423,BF67GNV,2026-06-01T15:49:34.177Z
423,BF67GUD,2026-06-01T15:49:34.177Z
423,LC67ADV,2026-04-29T23:54:22.641Z
423,LC67ADX,2026-05-18T12:00:33.874Z
423,LF18AWO,2026-05-04T11:29:17.869Z
423,LF18AXB,2026-05-25T13:01:20.469Z
423,LF18AXH,2026-05-11T13:42:23.199Z
423,LF18AXJ,2026-05-18T12:00:33.874Z
423,LF18AXM,2026-05-18T12:00:33.874Z
423,LF18AXO,2026-06-01T15:49:34.177Z
423,LF18AXP,2026-06-01T15:49:34.177Z
423,LF18AXT,2026-06-01T15:49:34.177Z
423,LJ15LAE,2026-06-01T15:49:34.177Z
423,LJ15LAO,2026-05-04T11:29:17.869Z
423,LJ15LBF,2026-05-11T13:42:23.199Z
423,LJ15LBK,2026-05-25T13:01:20.469Z
423,LJ15LBL,2026-05-11T13:42:23.199Z
423,LJ16EWH,2026-06-01T15:49:34.177Z
423,LJ65FZL,2026-05-18T12:00:33.874Z
423,LJ65FZM,2026-05-25T13:01:20.469Z
424,SK17HKA,2026-06-01T15:49:34.177Z
424,SK17HKB,2026-05-18T12:00:33.874Z
424,SK17HKC,2026-05-18T12:00:33.874Z
424,YX13AJU,2026-06-01T15:28:31.580Z
424,YX13AJV,2026-05-18T12:00:33.874Z
424,YX13AJY,2026-06-01T15:49:34.177Z
424,YY13VKO,2026-05-18T12:00:33.874Z
424,YY13VKR,2026-06-01T15:49:34.177Z
425,SK20AXU,2026-05-25T13:01:20.469Z
425,SK20AXV,2026-05-11T13:42:23.199Z
425,SK20AXW,2026-05-04T11:29:17.869Z
425,SK20AXX,2026-05-25T13:01:20.469Z
425,SK20AXY,2026-06-01T15:49:34.177Z
425,SK20AXZ,2026-06-01T15:49:34.177Z
425,SK20AYA,2026-06-01T15:49:34.177Z
425,SK20AYB,2026-06-01T15:49:34.177Z
425,SK20AYC,2026-06-01T15:49:34.177Z
425,SK20AYD,2026-06-01T15:49:34.177Z
425,SK20AYH,2026-06-01T15:49:34.177Z
425,SK20AYJ,2026-06-01T15:49:34.177Z
425,SK20AYL,2026-05-04T11:29:17.869Z
425,SK20AYM,2026-06-01T15:49:34.177Z
425,SK20AYO,2026-06-01T15:49:34.177Z
425,SK20AYP,2026-06-01T15:49:34.177Z
425,SK20AYS,2026-06-01T15:49:34.177Z
425,SK20AYT,2026-05-25T13:01:20.469Z
425,SK20AYU,2026-06-01T15:49:34.177Z
425,SK20AYV,2026-06-01T15:49:34.177Z
425,SK20AYX,2026-05-25T13:01:20.469Z
425,SK20AYY,2026-05-11T13:42:23.199Z
425,SK20AZA,2026-05-18T12:00:33.874Z
425,SK20AZB,2026-05-04T11:29:17.869Z
425,SK20AZC,2026-06-01T15:49:34.177Z
425,SK20AZF,2026-05-18T12:00:33.874Z
425,SK20AZG,2026-05-18T12:00:33.874Z
425,SK20AZJ,2026-05-11T13:42:23.199Z
425,SK20BBE,2026-05-18T12:00:33.874Z
425,SK20BBF,2026-05-25T13:01:20.469Z
425,SK20BBJ,2026-05-11T13:42:23.199Z
425,SK20BBN,2026-06-01T15:49:34.177Z
425,SK20BBO,2026-05-11T13:42:23.199Z
425,SK20BBX,2026-05-25T13:01:20.469Z
425,SK20BBZ,2026-05-25T13:01:20.469Z
425,SK20BCE,2026-05-18T12:00:33.874Z
425,SK20BCV,2026-06-01T15:49:34.177Z
425,SK20BCX,2026-05-25T13:01:20.469Z
425,SK20BCY,2026-05-18T12:00:33.874Z
425,SK20BCZ,2026-05-04T11:29:17.869Z
425,SK20BDE,2026-05-25T13:01:20.469Z
425,SK20BDF,2026-05-25T13:01:20.469Z
425,SK20BDO,2026-05-18T12:00:33.874Z
425,SK20BDU,2026-06-01T15:49:34.177Z
425,SK20BDX,2026-05-11T13:42:23.199Z
425,SK20BDY,2026-06-01T15:49:34.177Z
425,SN18KUE,2026-05-11T13:42:23.199Z
425,YX19OMF,2026-06-01T15:49:34.177Z
427,SK20BAA,2026-06-01T15:49:34.177Z
427,SK20BAO,2026-05-18T12:00:33.874Z
427,SK20BAU,2026-05-11T13:42:23.199Z
427,SL14DDZ,2026-05-11T13:42:23.199Z
427,SN18KKS,2026-06-01T15:49:34.177Z
427,SN18KKV,2026-06-01T15:28:31.580Z
427,SN18KKX,2026-06-01T15:49:34.177Z
427,SN18KKZ,2026-05-25T13:01:20.469Z
427,SN18KLA,2026-05-25T13:01:20.469Z
427,SN18KLF,2026-05-04T11:29:17.869Z
427,SN18KLJ,2026-04-29T23:54:22.641Z
427,SN18KLK,2026-05-04T11:29:17.869Z
427,SN61CXX,2026-05-25T13:01:20.469Z
427,SN61CXY,2026-06-01T15:49:34.177Z
427,SN61CYC,2026-05-18T12:00:33.874Z
427,SN61DGY,2026-05-18T12:00:33.874Z
427,SN61DHA,2026-05-11T12:08:37.791Z
427,YX15OWD,2026-05-18T12:00:33.874Z
427,YX15OWF,2026-06-01T15:49:34.177Z
427,YX15OXA,2026-05-11T13:42:23.199Z
427,YX17NUW,2026-06-01T15:49:34.177Z
427,YX17NUY,2026-06-01T15:28:31.580Z
427,YX17NVA,2026-06-01T15:49:34.177Z
427,YX17NVB,2026-05-11T13:42:23.199Z
427,YX17NVC,2026-06-01T15:49:34.177Z
427,YX17NVD,2026-05-25T13:01:20.469Z
427,YX17NVE,2026-05-25T13:01:20.469Z
427,YX17NVF,2026-05-04T11:29:17.869Z
427,YX17NVG,2026-06-01T15:49:34.177Z
427,YX17NVH,2026-05-11T12:08:37.791Z
427,YX17NVJ,2026-05-18T12:00:33.874Z
427,YX17NVK,2026-06-01T15:49:34.177Z
427,YX17NVL,2026-06-01T15:49:34.177Z
427,YX17NVM,2026-06-01T15:49:34.177Z
427,YX17NVN,2026-06-01T15:49:34.177Z
427,YX17NVP,2026-06-01T15:49:34.177Z
427,YX19ORK,2026-05-11T13:42:23.199Z
428,GN61JRX,2026-05-11T13:42:23.199Z
428,KX61LDV,2026-05-11T13:42:23.199Z
428,LF67EUD,2026-05-04T11:29:17.869Z
428,LF67EUE,2026-05-18T12:00:33.874Z
428,LJ11EFE,2026-06-01T15:49:34.177Z
428,LJ11EFG,2026-06-01T15:49:34.177Z
428,LJ11EFN,2026-05-18T12:00:33.874Z
428,LJ11EFO,2026-05-04T11:29:17.869Z
428,LJ11EFT,2026-05-18T12:00:33.874Z
428,LJ13CGG,2026-05-25T13:01:20.469Z
428,LJ13FCO,2026-05-18T12:00:33.874Z
428,LJ13FDK,2026-05-25T13:01:20.469Z
428,LJ13FDN,2026-05-25T13:01:20.469Z
428,LJ62BGX,2026-05-04T11:29:17.869Z
428,LJ62BKX,2026-05-11T13:42:23.199Z
428,LJ62BNL,2026-05-25T13:01:20.469Z
428,LJ62BTO,2026-05-11T13:42:23.199Z
428,LJ62BTY,2026-06-01T15:49:34.177Z
428,LJ62BVY,2026-05-18T12:00:33.874Z
428,LJ62BXD,2026-05-18T12:00:33.874Z
428,LJ62BXF,2026-05-18T12:00:33.874Z
428,LJ62BZV,2026-06-01T15:49:34.177Z
428,LK65ELC,2026-05-11T13:42:23.199Z
428,LK65EMF,2026-06-01T15:49:34.177Z
428,LK65ENH,2026-05-11T12:08:37.791Z
428,LK65ENL,2026-05-11T13:42:23.199Z
428,LK65ENP,2026-06-01T15:49:34.177Z
428,LK65ENR,2026-06-01T15:49:34.177Z
428,LK65ENU,2026-06-01T15:49:34.177Z
428,LK65ENW,2026-05-18T12:00:33.874Z
428,LT63UJG,2026-06-01T15:49:34.177Z
428,LT63UJJ,2026-05-11T13:42:23.199Z
430,BT66MSO,2026-05-11T13:42:23.199Z
430,BT66MSU,2026-06-01T15:49:34.177Z
430,BT66MSV,2026-04-29T23:54:22.641Z
430,BV66VHH,2026-05-04T11:29:17.869Z
430,BV66VHJ,2026-05-25T13:01:20.469Z
430,BV66VHL,2026-06-01T15:49:34.177Z
430,BV66VHT,2026-05-11T13:42:23.199Z
430,BV66VHW,2026-06-01T15:49:34.177Z
430,BV66VHX,2026-05-25T13:01:20.469Z
430,BV66VJP,2026-05-25T13:01:20.469Z
430,BV66VJU,2026-05-11T13:42:23.199Z
430,BV66VJY,2026-06-01T15:49:34.177Z
430,BV66VJZ,2026-06-01T15:49:34.177Z
430,BV66VLA,2026-06-01T15:49:34.177Z
430,BV66VLE,2026-05-18T12:00:33.874Z
430,BV66VLG,2026-05-25T13:01:20.469Z
430,BV66VLM,2026-05-18T12:00:33.874Z
430,BV66VLN,2026-05-04T11:29:17.869Z
430,BV66ZRY,2026-05-18T12:00:33.874Z
430,LJ61GVX,2026-05-04T11:29:17.869Z
430,LJ61GVZ,2026-06-01T15:49:34.177Z
430,LJ61GWC,2026-05-11T13:42:23.199Z
430,LJ61GXH,2026-05-18T12:00:33.874Z
430,LJ61GXL,2026-06-01T15:49:34.177Z
430,LJ61GXP,2026-05-04T11:29:17.869Z
430,LJ61NVD,2026-05-25T13:01:20.469Z
430,LJ62KGN,2026-05-04T11:29:17.869Z
430,YY66OYV,2026-06-01T15:49:34.177Z
430,YY66OYW,2026-05-11T13:42:23.199Z
430,YY66OYZ,2026-05-25T13:01:20.469Z
430,YY66OZA,2026-05-04T11:29:17.869Z
430,YY66OZB,2026-06-01T15:49:34.177Z
430,YY66OZD,2026-05-25T13:01:20.469Z
430,YY66OZF,2026-05-18T12:00:33.874Z
430,YY66OZJ,2026-04-29T23:54:22.641Z
430,YY66OZK,2026-05-11T13:42:23.199Z
430,YY66OZL,2026-06-01T15:49:34.177Z
430,YY66OZM,2026-05-25T13:01:20.469Z
430,YY66OZR,2026-05-04T11:29:17.869Z
430,YY66OZS,2026-05-18T12:00:33.874Z
430,YY66OZT,2026-05-25T13:01:20.469Z
432,LC67ACZ,2026-05-04T11:29:17.869Z
432,LC67AHV,2026-06-01T15:49:34.177Z
432,LC67AHZ,2026-05-11T13:42:23.199Z
432,LC67AKF,2026-05-04T11:29:17.869Z
432,LC67AKK,2026-06-01T15:49:34.177Z
432,LC67AKN,2026-06-01T15:49:34.177Z
432,LJ11EGD,2026-06-01T15:49:34.177Z
432,LK17AFX,2026-05-04T11:29:17.869Z
432,LK17AGX,2026-05-11T13:42:23.199Z
432,LK17AGZ,2026-06-01T15:49:34.177Z
432,LK17AHG,2026-05-04T11:29:17.869Z
432,LK17AHP,2026-05-18T12:00:33.874Z
432,LK17AHX,2026-06-01T15:49:34.177Z
432,LT63UJD,2026-06-01T15:49:34.177Z
432,LT63UJE,2026-06-01T15:49:34.177Z
432,LT63UJP,2026-06-01T15:49:34.177Z
432,LT63UJR,2026-05-25T13:01:20.469Z
432,LT63UJS,2026-05-18T12:00:33.874Z
432,LT63UJU,2026-05-25T13:01:20.469Z
432,LT63UJV,2026-05-11T13:42:23.199Z
432,LT63UJX,2026-05-25T13:01:20.469Z
432,LT63UJY,2026-06-01T15:49:34.177Z
432,LT63UJZ,2026-05-18T12:00:33.874Z
433,BV23ZYX,2026-05-11T13:42:23.199Z
433,BV23ZYZ,2026-05-11T13:42:23.199Z
433,BV23ZZB,2026-05-11T12:08:37.791Z
433,BV23ZZD,2026-05-11T13:42:23.199Z
433,BV23ZZE,2026-05-11T13:42:23.199Z
433,BV23ZZG,2026-05-11T13:42:23.199Z
433,LV25WYC,2026-06-01T15:49:34.177Z
433,LV25WYF,2026-06-01T15:49:34.177Z
433,LV25WYG,2026-06-01T15:49:34.177Z
433,LV25WYH,2026-06-01T15:49:34.177Z
433,LV25XZD,2026-05-18T12:00:33.874Z
433,LV25XZE,2026-06-01T15:49:34.177Z
433,LV25XZF,2026-05-25T13:01:20.469Z
433,LV75HHO,2026-05-11T13:42:23.199Z
433,LX26ZFZ,2026-05-18T12:00:33.874Z
433,LX26ZGB,2026-06-01T15:28:31.580Z
433,MJ74JTX,2026-06-01T15:49:34.177Z
433,SN17MWO,2026-06-01T15:49:34.177Z
434,SK17HKD,2026-05-25T13:01:20.469Z
434,SK17HKE,2026-05-18T12:00:33.874Z
434,SM15VKD,2026-06-01T15:49:34.177Z
434,SN64CUK,2026-05-18T12:00:33.874Z
434,SN64CUW,2026-06-01T15:49:34.177Z
434,SN64CUY,2026-06-01T15:49:34.177Z
434,SN64CVB,2026-05-04T11:29:17.869Z
434,SN64CVC,2026-05-25T13:01:20.469Z
434,YY13VKP,2026-05-25T13:01:20.469Z
434,YY13VKS,2026-06-01T15:49:34.177Z
436,SN18KLV,2026-05-25T13:01:20.469Z
436,SN18KLZ,2026-05-25T13:01:20.469Z
436,SN18KMA,2026-05-11T13:42:23.199Z
436,SN18KMY,2026-05-18T12:00:33.874Z
436,SN18KMZ,2026-05-11T13:42:23.199Z
436,SN18KNB,2026-05-25T13:01:20.469Z
436,SN18KNC,2026-06-01T15:49:34.177Z
436,SN18KND,2026-05-11T13:42:23.199Z
436,YW17JUA,2026-05-18T12:00:33.874Z
436,YW17JUE,2026-05-11T13:42:23.199Z
436,YW17JUK,2026-04-29T23:54:22.641Z
436,YX18KRO,2026-05-18T12:00:33.874Z
436,YX18KRV,2026-05-25T13:01:20.469Z
436,YX18KSJ,2026-05-18T12:00:33.874Z
436,YX18KSN,2026-05-25T13:01:20.469Z
436,YX18KSU,2026-05-11T13:42:23.199Z
436,YX18KSV,2026-05-18T12:00:33.874Z
436,YX18KSZ,2026-05-25T13:01:20.469Z
436,YX18KTF,2026-05-11T13:42:23.199Z
436,YX18KTJ,2026-05-25T13:01:20.469Z
436,YX67VFH,2026-06-01T15:49:34.177Z
436,YX67VFK,2026-06-01T15:28:31.580Z
436,YX67VFP,2026-06-01T15:49:34.177Z
436,YY67UPX,2026-06-01T15:49:34.177Z
436,YY67UPZ,2026-06-01T15:49:34.177Z
436,YY67URE,2026-05-18T12:00:33.874Z
436,YY67URJ,2026-05-18T12:00:33.874Z
436,YY67URK,2026-06-01T15:49:34.177Z
436,YY67URM,2026-06-01T15:49:34.177Z
436,YY67URN,2026-05-25T13:01:20.469Z
436,YY67URP,2026-05-11T13:42:23.199Z
436,YY67URR,2026-06-01T15:49:34.177Z
436,YY67URS,2026-06-01T15:49:34.177Z
436,YY67URT,2026-06-01T15:49:34.177Z
436,YY67URU,2026-05-18T12:00:33.874Z
436,YY67URX,2026-06-01T15:49:34.177Z
436,YY67URZ,2026-05-04T11:29:17.869Z
436,YY67UTE,2026-04-29T23:54:22.641Z
436,YY67UTF,2026-06-01T15:49:34.177Z
436,YY67UTK,2026-05-18T12:00:33.874Z
436,YY67UTL,2026-05-11T13:42:23.199Z
436,YY67UTM,2026-05-04T11:29:17.869Z
439,LF24ZCU,2026-05-25T13:01:20.469Z
439,LF24ZCV,2026-05-25T13:01:20.469Z
439,LF24ZCX,2026-05-04T11:29:17.869Z
439,LG73FYD,2026-05-18T12:00:33.874Z
439,LG73FYE,2026-06-01T15:49:34.177Z
439,LG73FYF,2026-06-01T15:49:34.177Z
439,LG73FYH,2026-06-01T15:49:34.177Z
439,LG73FYK,2026-05-11T13:42:23.199Z
439,LG73FYL,2026-05-18T12:00:33.874Z
439,LG73FYO,2026-05-25T13:01:20.469Z
439,LG73FYP,2026-05-11T13:42:23.199Z
439,LG73FYT,2026-05-18T12:00:33.874Z
440,LJ16EXX,2026-06-01T15:49:34.177Z
440,LJ16EXZ,2026-06-01T15:49:34.177Z
440,YX19OMU,2026-05-18T12:00:33.874Z
440,YX19OMW,2026-06-01T15:49:34.177Z
440,YX19OMY,2026-06-01T15:49:34.177Z
440,YX19ONA,2026-06-01T15:49:34.177Z
440,YX19ONB,2026-06-01T15:49:34.177Z
440,YX19ONC,2026-06-01T15:28:31.580Z
440,YX19OND,2026-05-18T12:00:33.874Z
440,YX19ONF,2026-05-18T12:00:33.874Z
440,YX19ONG,2026-05-25T13:01:20.469Z
440,YX19ONH,2026-06-01T15:49:34.177Z
440,YX19ONJ,2026-05-18T12:00:33.874Z
440,YX68UWB,2026-05-25T13:01:20.469Z
440,YX68UWD,2026-05-11T13:42:23.199Z
440,YX68UWF,2026-05-25T13:01:20.469Z
440,YX68UWG,2026-05-18T12:00:33.874Z
440,YX68UWH,2026-06-01T15:49:34.177Z
440,YX68UWJ,2026-06-01T15:49:34.177Z
440,YX68UWL,2026-06-01T15:49:34.177Z
440,YX68UWM,2026-05-25T13:01:20.469Z
444,LJ66CJF,2026-05-11T13:42:23.199Z
444,LJ66CJO,2026-06-01T15:49:34.177Z
444,LX75ZHM,2026-06-01T15:49:34.177Z
444,LX75ZHN,2026-06-01T15:49:34.177Z
444,LX75ZHO,2026-05-18T12:00:33.874Z
444,LX75ZHP,2026-06-01T15:49:34.177Z
444,LX75ZHR,2026-06-01T15:49:34.177Z
444,LX75ZHT,2026-06-01T15:49:34.177Z
444,LX75ZHU,2026-06-01T15:49:34.177Z
444,LX75ZHV,2026-06-01T15:49:34.177Z
444,LX75ZHW,2026-06-01T15:49:34.177Z
444,LX75ZHY,2026-06-01T15:49:34.177Z
444,LX75ZHZ,2026-05-11T13:42:23.199Z
444,LX75ZJE,2026-06-01T15:49:34.177Z
444,LX75ZJJ,2026-06-01T15:49:34.177Z
450,LF24ZCU,2026-06-01T15:49:34.177Z
450,LF24ZCV,2026-05-18T12:00:33.874Z
450,LF24ZCX,2026-06-01T15:49:34.177Z
450,LG73FYC,2026-05-25T13:01:20.469Z
450,LG73FYD,2026-06-01T15:49:34.177Z
450,LG73FYF,2026-05-25T13:01:20.469Z
450,LG73FYH,2026-05-25T13:01:20.469Z
450,LG73FYJ,2026-06-01T15:49:34.177Z
450,LG73FYL,2026-05-11T13:42:23.199Z
450,LG73FYM,2026-06-01T15:49:34.177Z
450,LG73FYN,2026-06-01T15:49:34.177Z
450,LG73FYO,2026-06-01T15:49:34.177Z
450,LG73FYP,2026-06-01T15:49:34.177Z
450,LG73FYR,2026-06-01T15:49:34.177Z
450,LG73FYT,2026-06-01T15:49:34.177Z
450,LG73FYU,2026-06-01T15:49:34.177Z
450,LG73FYV,2026-05-25T13:01:20.469Z
450,LG73FZN,2026-06-01T15:49:34.177Z
450,LG73FZO,2026-06-01T15:49:34.177Z
452,LJ17WRC,2026-05-11T13:42:23.199Z
452,LJ17WRD,2026-05-11T13:42:23.199Z
452,LJ17WRE,2026-06-01T15:49:34.177Z
452,LJ17WRG,2026-06-01T15:49:34.177Z
452,LJ17WRO,2026-06-01T15:49:34.177Z
452,LJ17WRP,2026-05-18T12:00:33.874Z
452,LJ17WRV,2026-06-01T15:49:34.177Z
452,LJ17WRW,2026-05-11T13:42:23.199Z
452,LJ17WRX,2026-06-01T15:49:34.177Z
452,LJ17WSD,2026-05-25T13:01:20.469Z
452,LJ17WSF,2026-05-18T12:00:33.874Z
452,LJ17WSK,2026-06-01T15:28:31.580Z
452,LJ17WSL,2026-05-25T13:01:20.469Z
452,LJ17WSO,2026-05-04T11:29:17.869Z
452,LJ17WSU,2026-05-04T11:29:17.869Z
452,LJ17WSV,2026-05-04T11:29:17.869Z
452,LJ17WSX,2026-05-25T13:01:20.469Z
452,LJ17WTA,2026-06-01T15:49:34.177Z
452,LJ17WTC,2026-05-11T13:42:23.199Z
452,LJ17WTD,2026-05-25T13:01:20.469Z
452,LJ17WTF,2026-05-25T13:01:20.469Z
452,YJ21EXE,2026-06-01T15:49:34.177Z
452,YJ21EXG,2026-05-11T13:42:23.199Z
452,YJ21EXH,2026-05-18T12:00:33.874Z
452,YJ21EXK,2026-05-11T12:08:37.791Z
452,YJ21EXL,2026-05-11T13:42:23.199Z
452,YJ21EXM,2026-05-18T12:00:33.874Z
452,YJ21EXO,2026-05-25T13:01:20.469Z
452,YJ21EXT,2026-06-01T15:49:34.177Z
452,YJ21EXU,2026-05-25T13:01:20.469Z
452,YJ21EXV,2026-06-01T15:49:34.177Z
452,YJ70EVB,2026-05-18T12:00:33.874Z
452,YJ70EVD,2026-05-18T12:00:33.874Z
452,YJ70EVF,2026-05-25T13:01:20.469Z
452,YJ70EVH,2026-05-25T13:01:20.469Z
452,YJ70EVK,2026-06-01T15:49:34.177Z
452,YJ70EVL,2026-06-01T15:49:34.177Z
452,YJ70EVM,2026-05-11T12:08:37.791Z
452,YJ70EVN,2026-05-18T12:00:33.874Z
452,YJ70EVP,2026-06-01T15:49:34.177Z
452,YJ70EVT,2026-05-11T13:42:23.199Z
452,YJ70EVY,2026-05-04T11:29:17.869Z
452,YJ70EXB,2026-05-25T13:01:20.469Z
452,YJ70EXC,2026-05-18T12:00:33.874Z
456,LJ67DKU,2026-05-04T11:29:17.869Z
456,SM15HWE,2026-06-01T15:49:34.177Z
456,SM15HWF,2026-06-01T15:49:34.177Z
456,SM15WCK,2026-05-11T12:08:37.791Z
456,SM15WCL,2026-05-11T13:42:23.199Z
456,SM15WCN,2026-06-01T15:49:34.177Z
456,SM15WCO,2026-06-01T15:49:34.177Z
456,YX11FYS,2026-06-01T15:49:34.177Z
456,YY15HKE,2026-05-25T13:01:20.469Z
460,LK13BHZ,2026-05-18T12:00:33.874Z
460,LK15CXO,2026-05-18T12:00:33.874Z
460,LK15CXP,2026-06-01T15:28:31.580Z
460,LK15CXU,2026-05-04T11:29:17.869Z
460,LK15CXV,2026-05-11T13:42:23.199Z
460,LK17DCV,2026-05-25T13:01:20.469Z
460,LK17DDX,2026-05-25T13:01:20.469Z
460,LK17DDY,2026-06-01T15:49:34.177Z
460,LK62DHX,2026-05-18T12:00:33.874Z
460,LK62DJY,2026-05-11T13:42:23.199Z
460,LK62DKE,2026-06-01T15:49:34.177Z
460,LK62DWA,2026-05-18T12:00:33.874Z
460,LK62DWD,2026-05-18T12:00:33.874Z
460,LK62DWE,2026-05-11T13:42:23.199Z
460,LK62DWF,2026-06-01T15:49:34.177Z
460,LK62DWO,2026-05-25T13:01:20.469Z
460,LK62DWV,2026-05-04T11:29:17.869Z
460,LK62DWY,2026-06-01T15:49:34.177Z
460,LK62DXF,2026-05-18T12:00:33.874Z
460,LK64EHG,2026-06-01T15:28:31.580Z
460,LK64EHJ,2026-06-01T15:49:34.177Z
460,LK64EHL,2026-06-01T15:49:34.177Z
460,LK65EBO,2026-06-01T15:49:34.177Z
460,LK67CYA,2026-05-25T13:01:20.469Z
460,LK67CYC,2026-05-25T13:01:20.469Z
460,LK67CYF,2026-05-25T13:01:20.469Z
460,LK67CYG,2026-05-11T13:42:23.199Z
460,LK67EKP,2026-05-25T13:01:20.469Z
460,LK67ELH,2026-05-11T13:42:23.199Z
460,LK67ELV,2026-05-11T13:42:23.199Z
460,LK67ELX,2026-06-01T15:49:34.177Z
460,LK67ENL,2026-06-01T15:49:34.177Z
460,LK67ENN,2026-05-04T11:29:17.869Z
462,LX12DKE,2026-05-18T12:00:33.874Z
462,SN17MKP,2026-06-01T15:49:34.177Z
462,SN17MKU,2026-06-01T15:49:34.177Z
462,SN17MKV,2026-06-01T15:49:34.177Z
462,SN17MKX,2026-06-01T15:49:34.177Z
462,SN17MKZ,2026-06-01T15:49:34.177Z
462,SN17MLF,2026-06-01T15:49:34.177Z
462,SN17MLJ,2026-05-11T13:42:23.199Z
462,SN17MLK,2026-05-25T13:01:20.469Z
462,SN17MLY,2026-06-01T15:49:34.177Z
462,SN17MMA,2026-05-18T12:00:33.874Z
462,SN17MMF,2026-06-01T15:49:34.177Z
463,SK17HKD,2026-06-01T15:49:34.177Z
463,SK17HKE,2026-05-11T13:42:23.199Z
463,SM15VKB,2026-05-04T11:29:17.869Z
463,SM15VKC,2026-05-25T13:01:20.469Z
463,SM15VKE,2026-05-04T11:29:17.869Z
463,SN64CTZ,2026-05-18T12:00:33.874Z
463,SN64CUA,2026-05-25T13:01:20.469Z
463,SN64CUH,2026-06-01T15:49:34.177Z
463,SN64CUK,2026-06-01T15:49:34.177Z
463,SN64CUU,2026-06-01T15:49:34.177Z
463,SN64CUV,2026-06-01T15:49:34.177Z
463,SN64CUW,2026-05-25T13:01:20.469Z
463,SN64CUY,2026-05-25T13:01:20.469Z
463,SN64CVB,2026-06-01T15:49:34.177Z
463,SN64CVC,2026-06-01T15:49:34.177Z
463,YY15HKG,2026-06-01T15:49:34.177Z
463,YY15HKJ,2026-06-01T15:49:34.177Z
464,SN17MRX,2026-05-04T11:29:17.869Z
464,SN17MRY,2026-05-25T13:01:20.469Z
464,SN17MSO,2026-06-01T15:49:34.177Z
464,YX16OAZ,2026-05-11T13:42:23.199Z
464,YX16OBC,2026-05-18T12:00:33.874Z
464,YX16OBE,2026-05-18T12:00:33.874Z
464,YX16OBH,2026-06-01T15:49:34.177Z
464,YX16ODV,2026-04-29T23:54:22.641Z
465,SN17MVX,2026-05-04T11:29:17.869Z
465,SN17MVY,2026-06-01T15:49:34.177Z
465,SN17MVZ,2026-06-01T15:49:34.177Z
465,SN17MWC,2026-06-01T15:49:34.177Z
465,SN17MWD,2026-06-01T15:49:34.177Z
465,SN17MWE,2026-06-01T15:49:34.177Z
465,SN17MWG,2026-05-11T13:42:23.199Z
465,SN17MWJ,2026-05-11T13:42:23.199Z
465,YX13EFM,2026-04-29T23:54:22.641Z
465,YX16NZV,2026-06-01T15:49:34.177Z
465,YX16OFT,2026-05-18T12:00:33.874Z
465,YX16OFU,2026-06-01T15:49:34.177Z
465,YX16OFV,2026-05-25T13:01:20.469Z
465,YX16OFY,2026-05-18T12:00:33.874Z
465,YX16OGA,2026-05-11T13:42:23.199Z
465,YX16OGB,2026-05-11T13:42:23.199Z
466,LF75ORN,2026-06-01T15:49:34.177Z
466,LF75ORO,2026-05-11T13:42:23.199Z
466,LF75ORT,2026-05-11T13:42:23.199Z
466,LF75ORV,2026-06-01T15:28:31.580Z
466,LF75ORX,2026-05-18T12:00:33.874Z
466,LF75ORY,2026-06-01T15:49:34.177Z
466,LF75ORZ,2026-05-04T11:29:17.869Z
466,LF75OSA,2026-05-04T11:29:17.869Z
466,LF75OSB,2026-06-01T15:49:34.177Z
466,LF75OSC,2026-06-01T15:49:34.177Z
466,LF75OVT,2026-05-25T13:01:20.469Z
466,LF75OVU,2026-06-01T15:49:34.177Z
466,LF75OVW,2026-05-04T11:29:17.869Z
466,LF75OVX,2026-05-18T12:00:33.874Z
466,LF75OVY,2026-05-11T13:42:23.199Z
466,LF75OVZ,2026-05-25T13:01:20.469Z
466,LF75OWA,2026-05-18T12:00:33.874Z
466,LF75OWC,2026-05-18T12:00:33.874Z
466,LF75OWD,2026-06-01T15:49:34.177Z
466,LF75OWE,2026-05-11T13:42:23.199Z
466,LF75OWG,2026-06-01T15:49:34.177Z
466,LF75OWH,2026-05-11T13:42:23.199Z
466,LF75OWJ,2026-05-25T13:01:20.469Z
466,LF75OWK,2026-05-18T12:00:33.874Z
466,LF75OWM,2026-05-04T11:29:17.869Z
466,LF75OWP,2026-05-11T13:42:23.199Z
466,LF75OWU,2026-05-25T13:01:20.469Z
466,LF75OWV,2026-04-29T23:54:22.641Z
466,LF75OWW,2026-06-01T15:49:34.177Z
466,LF75OXA,2026-06-01T15:49:34.177Z
466,LF75OXB,2026-06-01T15:49:34.177Z
466,LF75OXL,2026-05-04T11:29:17.869Z
466,LF75OXN,2026-05-25T13:01:20.469Z
466,LF75OXR,2026-06-01T15:49:34.177Z
466,LF75OXV,2026-05-18T12:00:33.874Z
466,LF75OYA,2026-06-01T15:49:34.177Z
466,LF75OYC,2026-05-18T12:00:33.874Z
466,LF75OYE,2026-06-01T15:49:34.177Z
467,LF19FWE,2026-06-01T15:49:34.177Z
467,LF19FWH,2026-05-11T13:42:23.199Z
467,LJ16EVU,2026-05-18T12:00:33.874Z
467,SN12ASZ,2026-05-11T12:08:37.791Z
467,SN12AUA,2026-05-18T12:00:33.874Z
467,SN13CHD,2026-06-01T15:49:34.177Z
468,LC67ACU,2026-05-11T13:42:23.199Z
468,LC67ACX,2026-05-18T12:00:33.874Z
468,LC67ACY,2026-06-01T15:49:34.177Z
468,LC67ACZ,2026-06-01T15:49:34.177Z
468,LC67AHO,2026-05-25T13:01:20.469Z
468,LC67AHP,2026-06-01T15:49:34.177Z
468,LC67AHU,2026-06-01T15:49:34.177Z
468,LC67AHV,2026-05-11T13:42:23.199Z
468,LC67AHX,2026-06-01T15:49:34.177Z
468,LC67AHY,2026-06-01T15:49:34.177Z
468,LC67AHZ,2026-05-18T12:00:33.874Z
468,LC67AJU,2026-05-25T13:01:20.469Z
468,LC67AJV,2026-05-04T11:29:17.869Z
468,LC67AJX,2026-06-01T15:49:34.177Z
468,LC67AKF,2026-06-01T15:49:34.177Z
468,LC67AKG,2026-05-18T12:00:33.874Z
468,LC67AKJ,2026-06-01T15:49:34.177Z
468,LC67AKN,2026-05-25T13:01:20.469Z
468,LC67AKP,2026-05-11T13:42:23.199Z
468,LF18AWA,2026-06-01T15:49:34.177Z
468,LF18AWC,2026-06-01T15:49:34.177Z
468,LK17AFX,2026-05-18T12:00:33.874Z
468,LK17AFY,2026-05-18T12:00:33.874Z
468,LK17AFZ,2026-05-18T12:00:33.874Z
468,LK17AGO,2026-06-01T15:49:34.177Z
468,LK17AGU,2026-04-29T23:54:22.641Z
468,LK17AGV,2026-06-01T15:49:34.177Z
468,LK17AGX,2026-06-01T15:49:34.177Z
468,LK17AGY,2026-05-11T13:42:23.199Z
468,LK17AHA,2026-05-11T13:42:23.199Z
468,LK17AHD,2026-05-18T12:00:33.874Z
468,LK17AHE,2026-04-29T23:54:22.641Z
468,LK17AHG,2026-06-01T15:49:34.177Z
468,LK17AHJ,2026-05-18T12:00:33.874Z
468,LK17AHL,2026-05-18T12:00:33.874Z
468,LK17AHO,2026-05-18T12:00:33.874Z
468,LK17AHP,2026-05-25T13:01:20.469Z
468,LK17AHV,2026-05-04T11:29:17.869Z
468,LK17AHY,2026-05-11T13:42:23.199Z
468,LK17AJO,2026-05-18T12:00:33.874Z
468,LK17AJV,2026-05-04T11:29:17.869Z
468,LK17AKJ,2026-05-25T13:01:20.469Z
468,LK17AKN,2026-05-18T12:00:33.874Z
468,LK17AKO,2026-06-01T15:49:34.177Z
468,LK17AKU,2026-06-01T15:49:34.177Z
468,LK17AKV,2026-06-01T15:49:34.177Z
468,LK17AKX,2026-05-11T13:42:23.199Z
468,LK17AKY,2026-06-01T15:49:34.177Z
468,LK17AKZ,2026-06-01T15:49:34.177Z
468,LK17ALO,2026-05-11T13:42:23.199Z
468,LK17ALU,2026-06-01T15:49:34.177Z
468,LK17AMU,2026-06-01T15:49:34.177Z
468,LK17AMV,2026-05-04T11:29:17.869Z
468,LK17AMX,2026-05-25T13:01:20.469Z
468,LT63UJE,2026-05-11T13:42:23.199Z
469,SN12AVG,2026-06-01T15:49:34.177Z
469,YX11CPY,2026-05-18T12:00:33.874Z
469,YX16NZS,2026-05-11T13:42:23.199Z
469,YX16NZU,2026-06-01T15:49:34.177Z
469,YX16NZW,2026-06-01T15:49:34.177Z
469,YX16NZY,2026-05-25T13:01:20.469Z
469,YX16NZZ,2026-06-01T15:28:31.580Z
469,YX16OAA,2026-05-25T13:01:20.469Z
469,YX16OAB,2026-05-11T13:42:23.199Z
469,YX16OAE,2026-05-11T13:42:23.199Z
469,YX16OAG,2026-06-01T15:49:34.177Z
469,YX16OAM,2026-06-01T15:49:34.177Z
469,YX60DXU,2026-05-11T13:42:23.199Z
469,YX61DTZ,2026-06-01T15:49:34.177Z
469,YY64GXD,2026-06-01T15:49:34.177Z
469,YY64GXH,2026-06-01T15:49:34.177Z
470,YY15CNJ,2026-06-01T15:49:34.177Z
470,YY15CNK,2026-05-18T12:00:33.874Z
470,YY15CNN,2026-06-01T15:49:34.177Z
470,YY15CNO,2026-06-01T15:49:34.177Z
470,YY15CNU,2026-06-01T15:49:34.177Z
473,LF74TVA,2026-05-18T12:00:33.874Z
473,LF74TVD,2026-06-01T15:49:34.177Z
473,LF74TVE,2026-05-11T13:42:23.199Z
473,LF74TVJ,2026-06-01T15:49:34.177Z
473,LF74TVL,2026-06-01T15:49:34.177Z
473,LF74TVM,2026-05-11T13:42:23.199Z
473,LF74TVN,2026-04-29T23:54:22.641Z
473,LF74TWW,2026-05-11T13:42:23.199Z
473,LF74TWX,2026-05-11T13:42:23.199Z
473,LF74TWY,2026-05-25T13:01:20.469Z
473,LF74TWZ,2026-04-29T23:54:22.641Z
473,LF74TXA,2026-05-25T13:01:20.469Z
473,LF74TXB,2026-06-01T15:49:34.177Z
473,LF74TXC,2026-06-01T15:49:34.177Z
473,LF74TXD,2026-05-18T12:00:33.874Z
473,LF74TXE,2026-05-18T12:00:33.874Z
473,LF74TXJ,2026-05-04T11:29:17.869Z
473,LF74TXK,2026-05-18T12:00:33.874Z
473,LF74TXL,2026-05-11T13:42:23.199Z
473,LF74TXM,2026-06-01T15:49:34.177Z
473,LF74TXN,2026-05-11T13:42:23.199Z
473,LF74TXO,2026-06-01T15:49:34.177Z
473,LF74TXP,2026-05-25T13:01:20.469Z
473,LF74TXR,2026-05-18T12:00:33.874Z
473,LF74TXS,2026-06-01T15:49:34.177Z
473,LF74TXT,2026-05-04T11:29:17.869Z
473,LF74TXU,2026-06-01T15:49:34.177Z
474,BP15OMB,2026-06-01T15:49:34.177Z
474,BP15OME,2026-06-01T15:49:34.177Z
474,LF67EXG,2026-06-01T15:49:34.177Z
474,LF67EXH,2026-06-01T15:49:34.177Z
474,LF67EXJ,2026-06-01T15:49:34.177Z
474,LF67EXL,2026-05-25T13:01:20.469Z
474,LF67EXM,2026-05-18T12:00:33.874Z
474,LF67EXN,2026-06-01T15:49:34.177Z
474,LF67EXO,2026-06-01T15:49:34.177Z
474,LF67EXP,2026-06-01T15:49:34.177Z
474,LF67EXR,2026-06-01T15:49:34.177Z
474,LF67EXS,2026-05-25T13:01:20.469Z
474,LF67EXT,2026-06-01T15:49:34.177Z
474,LF67EXU,2026-06-01T15:49:34.177Z
474,LF67EXV,2026-06-01T15:49:34.177Z
474,LF67EXW,2026-05-18T12:00:33.874Z
474,LF67EXX,2026-05-18T12:00:33.874Z
474,LX11FJF,2026-05-04T11:29:17.869Z
474,SN61BHP,2026-06-01T15:49:34.177Z
474,SN61BHW,2026-05-04T11:29:17.869Z
474,SN61BHX,2026-04-29T23:54:22.641Z
474,SN61BHY,2026-06-01T15:49:34.177Z
476,BF65WJK,2026-06-01T15:49:34.177Z
476,BF65WJM,2026-05-04T11:29:17.869Z
476,BF65WJN,2026-06-01T15:49:34.177Z
476,BF65WJV,2026-05-11T13:42:23.199Z
476,BJ15TWL,2026-06-01T15:28:31.580Z
476,BK15AZR,2026-06-01T15:49:34.177Z
476,BL15HBJ,2026-06-01T15:49:34.177Z
476,BL15HBK,2026-06-01T15:49:34.177Z
476,BL15HBN,2026-05-18T12:00:33.874Z
476,BL15HBX,2026-06-01T15:28:31.580Z
476,BL15HBZ,2026-05-25T13:01:20.469Z
476,BL15HCA,2026-06-01T15:49:34.177Z
476,BL15HCD,2026-06-01T15:49:34.177Z
476,BT66MPE,2026-05-11T12:08:37.791Z
476,BU16OYV,2026-05-11T13:42:23.199Z
476,BU16OYY,2026-05-04T11:29:17.869Z
476,BU16OYZ,2026-06-01T15:49:34.177Z
476,BU16OZA,2026-05-18T12:00:33.874Z
476,BU16OZB,2026-05-18T12:00:33.874Z
476,BV66VFT,2026-05-11T13:42:23.199Z
476,BV66VFW,2026-05-18T12:00:33.874Z
476,BV66VFZ,2026-05-18T12:00:33.874Z
476,BV66VKG,2026-06-01T15:49:34.177Z
476,BV66VKH,2026-05-25T13:01:20.469Z
476,BV66VKL,2026-05-11T13:42:23.199Z
476,LF20XLB,2026-05-04T11:29:17.869Z
476,LF20XLH,2026-05-25T13:01:20.469Z
476,LF20XLV,2026-05-04T11:29:17.869Z
476,LF20XLW,2026-05-25T13:01:20.469Z
476,LF20XMK,2026-05-25T13:01:20.469Z
476,LF20XML,2026-05-25T13:01:20.469Z
476,LF24ZJV,2026-05-11T13:42:23.199Z
476,LF24ZJY,2026-05-25T13:01:20.469Z
476,LF24ZJZ,2026-05-04T11:29:17.869Z
476,LF67EWO,2026-05-04T11:29:17.869Z
476,LF67EWT,2026-05-11T13:42:23.199Z
476,LF67EWU,2026-05-04T11:29:17.869Z
476,LF67EWV,2026-05-25T13:01:20.469Z
476,LF67EWW,2026-05-18T12:00:33.874Z
476,LF67EWX,2026-05-18T12:00:33.874Z
476,LJ61NVE,2026-05-11T12:08:37.791Z
481,BL64MHU,2026-05-11T12:08:37.791Z
481,BL64MHV,2026-05-18T12:00:33.874Z
481,BL64MHX,2026-06-01T15:49:34.177Z
481,LF68PXD,2026-06-01T15:49:34.177Z
481,LF68PXW,2026-06-01T15:49:34.177Z
481,LK14FBV,2026-05-11T13:42:23.199Z
481,LK17CZO,2026-06-01T15:28:31.580Z
481,LK17DBV,2026-06-01T15:49:34.177Z
481,LK17DCZ,2026-05-04T11:29:17.869Z
481,LK17DDA,2026-06-01T15:49:34.177Z
481,LK17DFA,2026-05-11T13:42:23.199Z
481,LK17DFD,2026-05-04T11:29:17.869Z
481,LK17DFF,2026-05-11T13:42:23.199Z
481,LK17DFJ,2026-05-25T13:01:20.469Z
481,LK18AFU,2026-05-18T12:00:33.874Z
481,LK18AFZ,2026-05-18T12:00:33.874Z
481,LK18AHE,2026-05-18T12:00:33.874Z
481,LK18AJX,2026-05-11T12:08:37.791Z
481,LK67EOE,2026-05-11T13:42:23.199Z
482,SK20AZX,2026-05-04T11:29:17.869Z
482,SK20BAA,2026-05-25T13:01:20.469Z
482,SK20BAU,2026-05-25T13:01:20.469Z
482,SN18KLA,2026-06-01T15:28:31.580Z
482,YX15OWD,2026-06-01T15:49:34.177Z
482,YX17NVF,2026-05-11T13:42:23.199Z
482,YX20OBU,2026-06-01T15:49:34.177Z
482,YX20OBV,2026-06-01T15:49:34.177Z
482,YX20OBW,2026-06-01T15:49:34.177Z
482,YX20OBY,2026-06-01T15:49:34.177Z
482,YX20OBZ,2026-06-01T15:49:34.177Z
482,YX20OCA,2026-05-25T13:01:20.469Z
482,YX20OCB,2026-05-25T13:01:20.469Z
482,YX20OCC,2026-05-04T11:29:17.869Z
482,YX20OCD,2026-06-01T15:49:34.177Z
483,LA68DWN,2026-05-25T13:01:20.469Z
483,LA68DWP,2026-06-01T15:49:34.177Z
483,LF19FXA,2026-05-04T11:29:17.869Z
483,LF19FXC,2026-05-25T13:01:20.469Z
483,LF19FXD,2026-05-25T13:01:20.469Z
483,LF68PXH,2026-06-01T15:49:34.177Z
483,LF68PXJ,2026-05-25T13:01:20.469Z
483,LF68PXM,2026-06-01T15:49:34.177Z
483,LF68PXP,2026-05-18T12:00:33.874Z
483,LK11CXM,2026-05-11T13:42:23.199Z
483,LK12AAJ,2026-06-01T15:49:34.177Z
483,LK12AAN,2026-06-01T15:49:34.177Z
483,LK12AAU,2026-06-01T15:49:34.177Z
483,LK12AEZ,2026-05-11T13:42:23.199Z
483,LK12AFU,2026-05-18T12:00:33.874Z
483,LK12AFV,2026-05-18T12:00:33.874Z
483,LK12AHO,2026-05-11T13:42:23.199Z
483,LK12AKO,2026-06-01T15:49:34.177Z
483,LK15CWY,2026-06-01T15:49:34.177Z
483,LK15CWZ,2026-05-18T12:00:33.874Z
483,LK15CXA,2026-05-11T13:42:23.199Z
483,LK15CXB,2026-06-01T15:49:34.177Z
483,LK15CXC,2026-05-18T12:00:33.874Z
483,LK15CXD,2026-06-01T15:49:34.177Z
483,LK15CXE,2026-05-18T12:00:33.874Z
483,LK15CXF,2026-06-01T15:49:34.177Z
483,LK15CXJ,2026-06-01T15:49:34.177Z
483,LK15CXL,2026-04-29T23:54:22.641Z
483,LK15CXM,2026-05-11T13:42:23.199Z
483,LK17CYP,2026-05-11T13:42:23.199Z
483,LK17CYS,2026-05-18T12:00:33.874Z
483,LK17CYT,2026-06-01T15:49:34.177Z
483,LK17CYV,2026-05-25T13:01:20.469Z
483,LK17CYW,2026-05-18T12:00:33.874Z
483,LK17CYY,2026-06-01T15:49:34.177Z
483,LK17CZA,2026-05-18T12:00:33.874Z
483,LK17CZB,2026-05-25T13:01:20.469Z
483,LK17CZN,2026-06-01T15:49:34.177Z
483,LK17DFP,2026-05-18T12:00:33.874Z
483,LK17DFU,2026-06-01T15:49:34.177Z
483,LK17DFV,2026-06-01T15:49:34.177Z
483,LK17DFX,2026-05-11T13:42:23.199Z
483,LK17DFY,2026-06-01T15:49:34.177Z
483,LK17DFZ,2026-05-04T11:29:17.869Z
483,LK17DGF,2026-06-01T15:49:34.177Z
483,LK17DGO,2026-05-18T12:00:33.874Z
483,LK17DGU,2026-05-18T12:00:33.874Z
483,LK18AGY,2026-04-29T23:54:22.641Z
483,LK18AGZ,2026-05-25T13:01:20.469Z
483,LK61BNB,2026-06-01T15:49:34.177Z
483,LK62DKN,2026-05-25T13:01:20.469Z
483,LK62DLJ,2026-05-25T13:01:20.469Z
483,LK62DOH,2026-05-25T13:01:20.469Z
483,LK65EOA,2026-05-18T12:00:33.874Z
483,LK65EOB,2026-05-18T12:00:33.874Z
483,LK67EZW,2026-05-18T12:00:33.874Z
484,LF69UZD,2026-05-11T13:42:23.199Z
484,LF69UZG,2026-06-01T15:49:34.177Z
484,LF69UZM,2026-06-01T15:49:34.177Z
484,LG21JBE,2026-05-25T13:01:20.469Z
484,LG21JBO,2026-05-11T13:42:23.199Z
484,LG21JBU,2026-05-25T13:01:20.469Z
484,LG21JBV,2026-06-01T15:49:34.177Z
484,LG21JBX,2026-05-18T12:00:33.874Z
484,LG21JBZ,2026-06-01T15:49:34.177Z
484,LG21JCO,2026-06-01T15:49:34.177Z
484,LG21JCU,2026-06-01T15:49:34.177Z
484,LG21JCV,2026-06-01T15:49:34.177Z
484,LG21JCX,2026-06-01T15:49:34.177Z
484,LG21JCZ,2026-06-01T15:49:34.177Z
485,LV25XYY,2026-05-25T13:01:20.469Z
485,LV25XYZ,2026-06-01T15:49:34.177Z
485,LV25XZA,2026-06-01T15:49:34.177Z
485,LV25XZB,2026-06-01T15:49:34.177Z
485,LV25XZC,2026-06-01T15:49:34.177Z
486,BL61ACY,2026-06-01T15:49:34.177Z
486,BL61ACZ,2026-05-18T12:00:33.874Z
486,BL61ADU,2026-05-11T13:42:23.199Z
486,LJ61NUM,2026-06-01T15:49:34.177Z
486,LJ61NUO,2026-05-18T12:00:33.874Z
486,LJ61NUP,2026-06-01T15:49:34.177Z
486,LJ61NUU,2026-05-11T13:42:23.199Z
486,LJ61NUV,2026-06-01T15:49:34.177Z
486,LJ61NUW,2026-05-04T11:29:17.869Z
486,LJ61NUX,2026-06-01T15:49:34.177Z
486,LJ61NUY,2026-05-11T13:42:23.199Z
486,LJ61NVA,2026-06-01T15:49:34.177Z
486,LJ61NVB,2026-05-25T13:01:20.469Z
486,LJ61NWW,2026-05-18T12:00:33.874Z
486,LV25WXZ,2026-05-18T12:00:33.874Z
486,LV25XUD,2026-05-18T12:00:33.874Z
486,LX59CYL,2026-05-11T13:42:23.199Z
486,YX61DPF,2026-06-01T15:49:34.177Z
486,YX61DPK,2026-06-01T15:49:34.177Z
486,YX61DPN,2026-05-18T12:00:33.874Z
486,YX61DPO,2026-05-11T13:42:23.199Z
486,YX61DPU,2026-05-25T13:01:20.469Z
486,YX61DPV,2026-05-25T13:01:20.469Z
486,YX61DPY,2026-05-18T12:00:33.874Z
486,YX61DPZ,2026-05-25T13:01:20.469Z
486,YX61DSE,2026-05-04T11:29:17.869Z
486,YX61DSO,2026-06-01T15:49:34.177Z
486,YX61DSU,2026-05-11T13:42:23.199Z
486,YX61DSV,2026-05-18T12:00:33.874Z
486,YX61DSY,2026-06-01T15:49:34.177Z
486,YX61DSZ,2026-05-04T11:29:17.869Z
486,YX61DTF,2026-06-01T15:49:34.177Z
486,YX61DTK,2026-06-01T15:49:34.177Z
486,YX61DTN,2026-05-25T13:01:20.469Z
487,LF73DVN,2026-06-01T15:49:34.177Z
487,LF73DVO,2026-05-25T13:01:20.469Z
487,LF73DVP,2026-05-18T12:00:33.874Z
487,LF73DVR,2026-06-01T15:49:34.177Z
487,LF73DVT,2026-05-18T12:00:33.874Z
487,LF73DVU,2026-05-04T11:29:17.869Z
487,LF73DVV,2026-06-01T15:49:34.177Z
487,LF73DVW,2026-05-25T13:01:20.469Z
487,LF73DVX,2026-06-01T15:49:34.177Z
487,LF73DVY,2026-05-18T12:00:33.874Z
487,LF73DVZ,2026-06-01T15:49:34.177Z
487,LF73DWA,2026-06-01T15:49:34.177Z
487,LF73DWC,2026-05-11T13:42:23.199Z
487,LF73DWD,2026-05-11T13:42:23.199Z
487,LF73DWG,2026-06-01T15:49:34.177Z
487,LF73DWJ,2026-05-18T12:00:33.874Z
487,LF73DWK,2026-06-01T15:49:34.177Z
487,LF73DWL,2026-06-01T15:28:31.580Z
487,LF73DWM,2026-06-01T15:49:34.177Z
487,LF73DWN,2026-06-01T15:49:34.177Z
487,LF73DWP,2026-06-01T15:28:31.580Z
487,LF73DWW,2026-05-11T12:08:37.791Z
487,LF73DWX,2026-06-01T15:49:34.177Z
488,YX12AHJ,2026-06-01T15:49:34.177Z
488,YX12AKY,2026-05-25T13:01:20.469Z
488,YX12AWU,2026-05-18T12:00:33.874Z
488,YY64YKM,2026-06-01T15:49:34.177Z
488,YY64YKN,2026-06-01T15:49:34.177Z
488,YY64YKO,2026-05-11T12:08:37.791Z
488,YY64YKP,2026-06-01T15:49:34.177Z
488,YY64YKR,2026-06-01T15:49:34.177Z
488,YY64YKS,2026-06-01T15:49:34.177Z
488,YY64YKT,2026-05-18T12:00:33.874Z
488,YY64YKU,2026-05-18T12:00:33.874Z
488,YY64YKV,2026-06-01T15:49:34.177Z
488,YY64YKW,2026-06-01T15:49:34.177Z
490,LV24VRT,2026-05-11T12:08:37.791Z
490,SN17MVW,2026-06-01T15:49:34.177Z
490,SN17MVX,2026-05-11T13:42:23.199Z
490,SN17MVZ,2026-05-25T13:01:20.469Z
490,SN17MWG,2026-06-01T15:49:34.177Z
490,SN17MWJ,2026-05-18T12:00:33.874Z
490,YX12DLJ,2026-05-25T13:01:20.469Z
490,YX12GHD,2026-05-04T11:29:17.869Z
490,YX12GHF,2026-05-18T12:00:33.874Z
490,YX12GHG,2026-05-11T13:42:23.199Z
490,YX13EFN,2026-06-01T15:49:34.177Z
490,YX13EFO,2026-06-01T15:49:34.177Z
490,YX13EFP,2026-06-01T15:49:34.177Z
490,YX13EFR,2026-05-18T12:00:33.874Z
490,YX13EFT,2026-06-01T15:49:34.177Z
490,YX13EFU,2026-05-18T12:00:33.874Z
490,YX13EFW,2026-04-29T23:54:22.641Z
490,YX16NZV,2026-05-11T13:42:23.199Z
490,YX16OFT,2026-06-01T15:49:34.177Z
490,YX16OFU,2026-05-04T11:29:17.869Z
490,YX16OFV,2026-06-01T15:49:34.177Z
490,YX16OFY,2026-06-01T15:49:34.177Z
490,YX16OFZ,2026-05-11T13:42:23.199Z
490,YX16OGB,2026-05-25T13:01:20.469Z
490,YX67VEH,2026-05-25T13:01:20.469Z
490,YY64YJN,2026-06-01T15:28:31.580Z
490,YY64YJO,2026-05-04T11:29:17.869Z
490,YY64YJP,2026-06-01T15:49:34.177Z
490,YY64YJR,2026-05-25T13:01:20.469Z
490,YY64YJS,2026-06-01T15:49:34.177Z
490,YY64YJT,2026-05-18T12:00:33.874Z
490,YY64YJV,2026-06-01T15:49:34.177Z
490,YY64YJW,2026-06-01T15:49:34.177Z
490,YY64YJX,2026-06-01T15:49:34.177Z
490,YY64YJZ,2026-06-01T15:49:34.177Z
490,YY64YKA,2026-05-18T12:00:33.874Z
491,LF75PFX,2026-06-01T15:49:34.177Z
491,LF75PFY,2026-05-18T12:00:33.874Z
491,LF75PFZ,2026-05-18T12:00:33.874Z
491,LF75PGE,2026-06-01T15:49:34.177Z
491,LF75PGU,2026-06-01T15:49:34.177Z
491,LF75PGX,2026-06-01T15:49:34.177Z
491,LK11CWM,2026-05-11T13:42:23.199Z
491,LK11CWX,2026-05-04T11:29:17.869Z
491,LK12AXS,2026-06-01T15:49:34.177Z
491,LK12AYF,2026-06-01T15:49:34.177Z
491,LK12AYG,2026-06-01T15:49:34.177Z
491,LK12AYN,2026-05-11T12:08:37.791Z
491,LK12AYP,2026-05-04T11:29:17.869Z
491,LK12AYZ,2026-05-11T13:42:23.199Z
491,LK12AZA,2026-06-01T15:49:34.177Z
491,LK62DFY,2026-05-25T13:01:20.469Z
491,LK62DGO,2026-05-11T13:42:23.199Z
491,LK62DHE,2026-05-11T13:42:23.199Z
491,LK62DHG,2026-05-25T13:01:20.469Z
491,LK62DHP,2026-05-18T12:00:33.874Z
491,YX61EKT,2026-05-18T12:00:33.874Z
491,YX61EKU,2026-05-04T11:29:17.869Z
491,YX61EKZ,2026-05-18T12:00:33.874Z
492,GN61JRV,2026-06-01T15:49:34.177Z
492,GN61JRX,2026-06-01T15:49:34.177Z
492,LJ13CGG,2026-05-04T11:29:17.869Z
492,LJ60AXB,2026-05-11T13:42:23.199Z
492,LJ61CFN,2026-05-25T13:01:20.469Z
492,LJ62BZV,2026-05-04T11:29:17.869Z
492,LK65EKN,2026-05-11T13:42:23.199Z
492,LK65EKZ,2026-05-25T13:01:20.469Z
492,LK65ELJ,2026-06-01T15:49:34.177Z
492,LK65ELU,2026-05-11T13:42:23.199Z
492,LK65ELV,2026-05-18T12:00:33.874Z
492,LK65ELW,2026-06-01T15:49:34.177Z
492,LK65ELX,2026-05-11T13:42:23.199Z
492,LK65EMF,2026-05-18T12:00:33.874Z
492,LK65EMJ,2026-05-11T13:42:23.199Z
492,LK65EMX,2026-05-25T13:01:20.469Z
492,LK65ENC,2026-05-25T13:01:20.469Z
492,LK65ENH,2026-05-18T12:00:33.874Z
492,LK65ENL,2026-05-04T11:29:17.869Z
492,LK65ENM,2026-05-18T12:00:33.874Z
492,LK65ENO,2026-06-01T15:49:34.177Z
492,LK65ENP,2026-05-04T11:29:17.869Z
492,LK65ENT,2026-06-01T15:49:34.177Z
492,LK65ENU,2026-05-18T12:00:33.874Z
492,LK65ENV,2026-06-01T15:49:34.177Z
492,LK65ENX,2026-05-25T13:01:20.469Z
492,LT63UJG,2026-05-25T13:01:20.469Z
493,LV25WYD,2026-05-25T13:01:20.469Z
493,LV25XZD,2026-06-01T15:49:34.177Z
493,LV25XZF,2026-06-01T15:49:34.177Z
493,LV75HHU,2026-05-04T11:29:17.869Z
493,LX26ZFB,2026-06-01T15:49:34.177Z
493,LX26ZFC,2026-06-01T15:49:34.177Z
493,LX26ZFD,2026-06-01T15:49:34.177Z
493,LX26ZFE,2026-05-25T13:01:20.469Z
493,LX26ZFF,2026-06-01T15:49:34.177Z
493,LX26ZFG,2026-06-01T15:49:34.177Z
493,LX26ZFH,2026-05-11T13:42:23.199Z
493,LX26ZFJ,2026-05-18T12:00:33.874Z
493,LX26ZFK,2026-06-01T15:49:34.177Z
493,LX26ZFL,2026-06-01T15:49:34.177Z
493,LX26ZFW,2026-06-01T15:49:34.177Z
493,LX26ZFY,2026-05-18T12:00:33.874Z
493,LX26ZFZ,2026-06-01T15:49:34.177Z
493,LX26ZGA,2026-06-01T15:49:34.177Z
493,LX26ZGB,2026-05-25T13:01:20.469Z
493,LX26ZGC,2026-06-01T15:49:34.177Z
493,LX26ZGD,2026-06-01T15:49:34.177Z
493,LX26ZGE,2026-06-01T15:49:34.177Z
493,LX26ZGF,2026-06-01T15:49:34.177Z
493,YX11HPC,2026-05-18T12:00:33.874Z
493,YX11HPF,2026-05-18T12:00:33.874Z
493,YX62DAU,2026-05-11T13:42:23.199Z
493,YX62DBU,2026-04-29T23:54:22.641Z
493,YX62DFO,2026-05-18T12:00:33.874Z
493,YX62DVG,2026-04-29T23:54:22.641Z
496,LX11AZR,2026-05-11T13:42:23.199Z
496,LX11AZT,2026-05-18T12:00:33.874Z
496,LX11AZW,2026-06-01T15:49:34.177Z
496,LX11AZZ,2026-05-11T13:42:23.199Z
496,LX11BAA,2026-05-25T13:01:20.469Z
496,LX11BAV,2026-06-01T15:49:34.177Z
496,LX11BBE,2026-05-11T13:42:23.199Z
496,LX11BBF,2026-05-25T13:01:20.469Z
496,LX11BBJ,2026-06-01T15:49:34.177Z
496,LX12DCE,2026-05-11T13:42:23.199Z
496,LX12DCO,2026-06-01T15:49:34.177Z
496,LX12DCU,2026-05-25T13:01:20.469Z
496,LX12DFO,2026-06-01T15:49:34.177Z
496,LX12DGO,2026-06-01T15:49:34.177Z
496,LX12DHA,2026-05-11T13:42:23.199Z
496,LX12DHD,2026-06-01T15:49:34.177Z
496,LX61DBU,2026-05-18T12:00:33.874Z
496,LX75ZKT,2026-05-25T13:01:20.469Z
496,SN63JVR,2026-05-04T11:29:17.869Z
496,SN63JVU,2026-05-04T11:29:17.869Z
496,SN63JVY,2026-06-01T15:49:34.177Z
498,LX12DFN,2026-05-18T12:00:33.874Z
498,LX12DGE,2026-06-01T15:49:34.177Z
498,LX12DGF,2026-05-11T13:42:23.199Z
498,SN16OKR,2026-06-01T15:49:34.177Z
498,SN16OKT,2026-06-01T15:49:34.177Z
498,SN16OKU,2026-05-18T12:00:33.874Z
498,SN16OKV,2026-06-01T15:49:34.177Z
498,SN16OKW,2026-06-01T15:28:31.580Z
498,SN16OKX,2026-05-18T12:00:33.874Z
498,SN16OKZ,2026-05-04T11:29:17.869Z
498,SN16OLB,2026-05-11T12:08:37.791Z
498,SN16OLC,2026-05-11T13:42:23.199Z
498,SN16OLH,2026-06-01T15:49:34.177Z
498,SN16OLJ,2026-05-04T11:29:17.869Z
498,WLT546,2026-05-18T12:00:33.874Z
498,YY15OYT,2026-05-25T13:01:20.469Z
498,YY15OYU,2026-05-11T13:42:23.199Z
498,YY15OYW,2026-05-25T13:01:20.469Z
498,YY15OYX,2026-05-18T12:00:33.874Z
499,LX11AZP,2026-05-11T12:08:37.791Z
499,LX11AZR,2026-05-18T12:00:33.874Z
499,LX11AZV,2026-06-01T15:49:34.177Z
499,LX11AZW,2026-05-18T12:00:33.874Z
499,LX11BBF,2026-06-01T15:49:34.177Z
499,LX11BKG,2026-06-01T15:49:34.177Z
499,LX11BKU,2026-05-25T13:01:20.469Z
499,LX11BLJ,2026-05-04T11:29:17.869Z
499,LX12CZG,2026-06-01T15:49:34.177Z
499,LX12DCU,2026-05-11T13:42:23.199Z
499,LX12DFO,2026-05-11T13:42:23.199Z
499,LX12DHA,2026-06-01T15:49:34.177Z
499,LX61DDJ,2026-05-25T13:01:20.469Z
499,SN63JVP,2026-06-01T15:49:34.177Z
499,SN63JVT,2026-05-18T12:00:33.874Z
499,SN63JVU,2026-05-11T13:42:23.199Z
499,SN63JVV,2026-06-01T15:49:34.177Z
499,SN63JVX,2026-05-11T13:42:23.199Z
499,SN63JVY,2026-05-18T12:00:33.874Z
533,YW19VSG,2026-05-11T13:42:23.199Z
533,YW19VSJ,2026-06-01T15:49:34.177Z
533,YW19VSK,2026-06-01T15:49:34.177Z
533,YW19VSL,2026-05-18T12:00:33.874Z
533,YW19VSM,2026-05-25T13:01:20.469Z
533,YW19VSN,2026-06-01T15:49:34.177Z
533,YW19VSO,2026-05-25T13:01:20.469Z
533,YW19VSP,2026-05-25T13:01:20.469Z
533,YW19VST,2026-06-01T15:49:34.177Z
533,YW19VSU,2026-05-18T12:00:33.874Z
533,YW19VSV,2026-06-01T15:49:34.177Z
533,YX65RPO,2026-04-29T23:54:22.641Z
533,YX65RRZ,2026-05-11T13:42:23.199Z
533,YX65RSZ,2026-05-04T11:29:17.869Z
601,LX11CWZ,2026-06-01T15:28:31.580Z
601,LX11FHW,2026-06-01T15:28:31.580Z
601,LX11FHY,2026-06-01T15:28:31.580Z
601,LX11FJA,2026-06-01T15:49:34.177Z
601,LX11FJC,2026-06-01T15:28:31.580Z
601,SN12APV,2026-06-01T15:28:31.580Z
602,LX12DFJ,2026-05-11T13:42:23.199Z
602,SN64OGO,2026-05-11T13:42:23.199Z
603,LV23ZBR,2026-06-01T15:49:34.177Z
603,LY74EWG,2026-06-01T15:49:34.177Z
606,LV23DHG,2026-06-01T15:49:34.177Z
606,LV24VPD,2026-06-01T15:49:34.177Z
612,LY24JNV,2026-06-01T15:28:31.580Z
616,LK65BYS,2026-05-11T13:42:23.199Z
625,LJ61GVP,2026-06-01T15:28:31.580Z
625,LX11CXC,2026-06-01T15:28:31.580Z
626,LV23EBK,2026-06-01T15:28:31.580Z
626,LV74TJX,2026-06-01T15:49:34.177Z
626,LV74TKA,2026-06-01T15:49:34.177Z
626,LV74TKC,2026-06-01T15:49:34.177Z
631,YJ68FXG,2026-05-11T13:42:23.199Z
635,LK17DFL,2026-05-11T13:42:23.199Z
638,LV75HHE,2026-06-01T15:49:34.177Z
638,LV75VYF,2026-06-01T15:28:31.580Z
639,SN12AUF,2026-06-01T15:28:31.580Z
640,LK12AUU,2026-06-01T15:49:34.177Z
646,YX69NNU,2026-06-01T15:28:31.580Z
646,YX69NNV,2026-06-01T15:28:31.580Z
653,LK60AGY,2026-06-01T15:28:31.580Z
653,YX62BJF,2026-06-01T15:28:31.580Z
658,LX11CXD,2026-06-01T15:49:34.177Z
664,YW19VPK,2026-05-11T13:42:23.199Z
677,LF20XLU,2026-06-01T15:28:31.580Z
679,LX60DWJ,2026-06-01T15:28:31.580Z
679,SN61DCO,2026-06-01T15:49:34.177Z
683,YX62BJU,2026-06-01T15:28:31.580Z
683,YX62BXR,2026-05-11T13:42:23.199Z
686,BU16OYL,2026-06-01T15:28:31.580Z
686,LF74TUY,2026-06-01T15:28:31.580Z
688,YX12FNL,2026-06-01T15:28:31.580Z
688,YY64GXG,2026-06-01T15:28:31.580Z
699,LF69UXJ,2026-06-01T15:28:31.580Z
A10,LK11CWG,2026-06-01T15:49:34.177Z
A10,LK11CWL,2026-05-11T13:42:23.199Z
A10,LK11CWN,2026-05-25T13:01:20.469Z
A10,LK11CWP,2026-05-04T11:29:17.869Z
A10,LK11CXE,2026-05-18T12:00:33.874Z
A10,LK12AVD,2026-06-01T15:49:34.177Z
A10,LK12AVU,2026-05-11T13:42:23.199Z
A10,LK12AWU,2026-05-25T13:01:20.469Z
A10,LK12AWX,2026-05-11T13:42:23.199Z
A10,LK12AXR,2026-06-01T15:49:34.177Z
A10,LK12AXV,2026-05-25T13:01:20.469Z
A10,LK14FBC,2026-05-04T11:29:17.869Z
A10,LK61BNJ,2026-05-18T12:00:33.874Z
A10,LK62DTV,2026-06-01T15:49:34.177Z
A10,LK62DXX,2026-05-18T12:00:33.874Z
A10,LK65EAA,2026-05-18T12:00:33.874Z
A10,LK65EAP,2026-06-01T15:49:34.177Z
B11,LV25CPE,2026-05-11T13:42:23.199Z
B11,SN12AUR,2026-05-18T12:00:33.874Z
B11,SN12AVJ,2026-05-25T13:01:20.469Z
B11,SN12AVL,2026-06-01T15:49:34.177Z
B11,YX13AFY,2026-06-01T15:49:34.177Z
B11,YX13AFZ,2026-05-18T12:00:33.874Z
B11,YX13AGO,2026-06-01T15:49:34.177Z
B11,YX13AGU,2026-05-18T12:00:33.874Z
B11,YX16OAC,2026-06-01T15:49:34.177Z
B11,YX16OAL,2026-05-11T13:42:23.199Z
B11,YX16OAV,2026-05-11T13:42:23.199Z
B11,YX61BWZ,2026-06-01T15:49:34.177Z
B11,YX61EKM,2026-05-25T13:01:20.469Z
B11,YX61EKN,2026-06-01T15:49:34.177Z
B11,YY14WEA,2026-05-18T12:00:33.874Z
B11,YY14WEF,2026-06-01T15:49:34.177Z
B11,YY14WEJ,2026-06-01T15:49:34.177Z
B12,SN12AUP,2026-06-01T15:49:34.177Z
B12,SN12AUR,2026-06-01T15:49:34.177Z
B12,SN12AVJ,2026-06-01T15:49:34.177Z
B12,SN12AVK,2026-05-18T12:00:33.874Z
B12,SN12AVL,2026-05-18T12:00:33.874Z
B12,SN12AVO,2026-06-01T15:49:34.177Z
B12,YX13AFY,2026-05-25T13:01:20.469Z
B12,YX13AFZ,2026-05-11T13:42:23.199Z
B12,YX13AGO,2026-05-25T13:01:20.469Z
B12,YX13AGU,2026-06-01T15:49:34.177Z
B12,YX16OAL,2026-05-18T12:00:33.874Z
B12,YX16OAS,2026-05-11T13:42:23.199Z
B12,YX61BWZ,2026-05-11T13:42:23.199Z
B12,YX61EKM,2026-06-01T15:49:34.177Z
B12,YX61EKN,2026-05-11T13:42:23.199Z
B12,YY14WDZ,2026-05-11T13:42:23.199Z
B12,YY14WEF,2026-05-04T11:29:17.869Z
B13,LB72DYA,2026-06-01T15:49:34.177Z
B13,LB72DYC,2026-05-18T12:00:33.874Z
B13,LB72DYD,2026-06-01T15:49:34.177Z
B13,LB72DYF,2026-06-01T15:28:31.580Z
B13,LB72DYG,2026-06-01T15:49:34.177Z
B14,YX16OJZ,2026-05-25T13:01:20.469Z
B14,YX16OKR,2026-05-11T13:42:23.199Z
B14,YX16OKT,2026-05-04T11:29:17.869Z
B14,YX16OKW,2026-06-01T15:49:34.177Z
B14,YX16OLB,2026-05-25T13:01:20.469Z
B14,YX25OCJ,2026-05-25T13:01:20.469Z
B14,YX25OCL,2026-06-01T15:49:34.177Z
B14,YX25OCM,2026-06-01T15:28:31.580Z
B14,YX25OCN,2026-06-01T15:49:34.177Z
B14,YX25OCO,2026-06-01T15:49:34.177Z
B14,YX25OCP,2026-05-25T13:01:20.469Z
B14,YX25OCR,2026-06-01T15:49:34.177Z
B15,LV25CPN,2026-05-18T12:00:33.874Z
B15,LV25CPO,2026-05-25T13:01:20.469Z
B15,LV25CPY,2026-06-01T15:49:34.177Z
B15,LV25CRF,2026-04-29T23:54:22.641Z
B15,YY14WDZ,2026-06-01T15:49:34.177Z
B15,YY14WEA,2026-05-11T12:08:37.791Z
B15,YY14WEC,2026-06-01T15:49:34.177Z
B15,YY14WEF,2026-05-11T13:42:23.199Z
B15,YY14WEH,2026-06-01T15:49:34.177Z
B15,YY14WEJ,2026-05-11T13:42:23.199Z
B15,YY14WEK,2026-06-01T15:49:34.177Z
B15,YY14WEP,2026-06-01T15:28:31.580Z
B15,YY14WEU,2026-05-18T12:00:33.874Z
B16,LV25COU,2026-06-01T15:49:34.177Z
B16,LV25CPE,2026-06-01T15:49:34.177Z
B16,LV25CPF,2026-06-01T15:49:34.177Z
B16,LV25CPK,2026-06-01T15:49:34.177Z
B16,LV25CPN,2026-06-01T15:49:34.177Z
B16,LV25CPO,2026-06-01T15:49:34.177Z
B16,LV25CPU,2026-05-25T13:01:20.469Z
B16,LV25CPX,2026-06-01T15:49:34.177Z
B16,LV25CPY,2026-05-18T12:00:33.874Z
B16,LV25CPZ,2026-06-01T15:49:34.177Z
B16,LV25CRF,2026-06-01T15:49:34.177Z
B16,LV25CTF,2026-05-18T12:00:33.874Z
B16,LV25WXX,2026-05-04T11:29:17.869Z
B16,LV25WYB,2026-05-18T12:00:33.874Z
B16,LV25WYK,2026-06-01T15:49:34.177Z
BL1,LF20XNG,2026-06-01T15:49:34.177Z
BL1,LF20XNJ,2026-06-01T15:49:34.177Z
BL1,LF20XNK,2026-06-01T15:49:34.177Z
BL1,LF20XNL,2026-05-18T12:00:33.874Z
BL1,LF20XNM,2026-06-01T15:49:34.177Z
BL1,LF20XNN,2026-06-01T15:49:34.177Z
BL1,LF20XNO,2026-06-01T15:49:34.177Z
BL1,LF20XNP,2026-06-01T15:49:34.177Z
BL1,LF20XNR,2026-06-01T15:49:34.177Z
BL1,LF20XNS,2026-06-01T15:49:34.177Z
BL1,LF20XNT,2026-06-01T15:49:34.177Z
BL1,LF20XNU,2026-05-25T13:01:20.469Z
C1,LJ18FJD,2026-05-18T12:00:33.874Z
C1,LJ18FJE,2026-06-01T15:49:34.177Z
C1,LJ18FJF,2026-06-01T15:49:34.177Z
C1,LJ18FJN,2026-05-25T13:01:20.469Z
C1,LJ18FJO,2026-06-01T15:49:34.177Z
C1,LJ18FJP,2026-05-18T12:00:33.874Z
C1,LJ18FJU,2026-06-01T15:49:34.177Z
C1,LJ18FJX,2026-05-25T13:01:20.469Z
C1,LJ18FJY,2026-05-11T13:42:23.199Z
C1,LJ18FJZ,2026-05-18T12:00:33.874Z
C1,LJ18FKA,2026-05-25T13:01:20.469Z
C1,LJ18FKB,2026-05-11T12:08:37.791Z
C1,LJ18FKE,2026-05-25T13:01:20.469Z
C1,LJ18FKF,2026-05-25T13:01:20.469Z
C1,LJ18FKG,2026-05-11T13:42:23.199Z
C1,LJ18FKH,2026-05-25T13:01:20.469Z
C1,LJ18FKL,2026-05-25T13:01:20.469Z
C1,LJ18FKM,2026-06-01T15:49:34.177Z
C1,LJ18FKN,2026-06-01T15:49:34.177Z
C1,LJ18FKO,2026-05-18T12:00:33.874Z
C1,LJ18FKP,2026-05-11T13:42:23.199Z
C1,LJ18FKS,2026-06-01T15:49:34.177Z
C1,LJ18FKT,2026-05-04T11:29:17.869Z
C1,LJ18FKU,2026-06-01T15:49:34.177Z
C1,LJ18FKW,2026-06-01T15:49:34.177Z
C1,LJ18FKX,2026-05-04T11:29:17.869Z
C1,LJ18FKY,2026-06-01T15:49:34.177Z
C1,LJ18FKZ,2026-06-01T15:49:34.177Z
C1,LJ18FLA,2026-06-01T15:49:34.177Z
C1,LJ18FLC,2026-06-01T15:49:34.177Z
C1,LJ18FLD,2026-06-01T15:49:34.177Z
C10,LV25WYD,2026-05-11T13:42:23.199Z
C10,LV25WYF,2026-05-11T13:42:23.199Z
C10,LV25WYG,2026-05-11T13:42:23.199Z
C10,LV25WYH,2026-04-29T23:54:22.641Z
C10,LV25XZD,2026-05-11T13:42:23.199Z
C10,LV25XZE,2026-05-11T13:42:23.199Z
C10,LV25XZF,2026-05-11T13:42:23.199Z
C10,LV25XZG,2026-06-01T15:49:34.177Z
C10,LV25XZH,2026-06-01T15:49:34.177Z
C10,LV25XZJ,2026-06-01T15:49:34.177Z
C10,LV25XZK,2026-06-01T15:49:34.177Z
C10,LV25XZL,2026-05-25T13:01:20.469Z
C10,LV25XZM,2026-06-01T15:49:34.177Z
C10,LV25XZN,2026-06-01T15:28:31.580Z
C10,LV25XZO,2026-06-01T15:49:34.177Z
C10,LV25XZP,2026-06-01T15:49:34.177Z
C10,LV25XZR,2026-06-01T15:49:34.177Z
C10,LV25XZS,2026-05-25T13:01:20.469Z
C10,LV25XZZ,2026-06-01T15:49:34.177Z
C10,LV25ZBC,2026-06-01T15:49:34.177Z
C10,LV25ZBD,2026-05-11T13:42:23.199Z
C10,LV25ZBE,2026-06-01T15:49:34.177Z
C10,LV25ZBF,2026-06-01T15:49:34.177Z
C10,LX75ZFT,2026-06-01T15:49:34.177Z
C10,LX75ZFU,2026-06-01T15:49:34.177Z
C10,LX75ZFV,2026-06-01T15:49:34.177Z
C10,LX75ZFW,2026-06-01T15:49:34.177Z
C10,LX75ZFY,2026-05-25T13:01:20.469Z
C10,LX75ZFZ,2026-06-01T15:49:34.177Z
C10,LX75ZGA,2026-06-01T15:28:31.580Z
C10,LX75ZGB,2026-06-01T15:49:34.177Z
C10,LX75ZGC,2026-06-01T15:49:34.177Z
C10,LY25OYG,2026-06-01T15:49:34.177Z
C10,LY25OYH,2026-05-18T12:00:33.874Z
C11,LV74CFA,2026-06-01T15:49:34.177Z
C11,LV74CFD,2026-06-01T15:49:34.177Z
C11,LV74CFE,2026-06-01T15:49:34.177Z
C11,LV74CFF,2026-06-01T15:49:34.177Z
C11,LV74CFG,2026-06-01T15:49:34.177Z
C11,LV74CFJ,2026-06-01T15:49:34.177Z
C11,LV74CFK,2026-06-01T15:49:34.177Z
C11,LV74CFL,2026-06-01T15:49:34.177Z
C11,LV74CFM,2026-06-01T15:49:34.177Z
C11,LV74CFN,2026-06-01T15:49:34.177Z
C11,LV74CFO,2026-05-18T12:00:33.874Z
C11,LV74CFP,2026-05-25T13:01:20.469Z
C11,LV74CFU,2026-06-01T15:49:34.177Z
C11,LV74CFX,2026-06-01T15:49:34.177Z
C11,LV74CFY,2026-06-01T15:49:34.177Z
C11,LV74CFZ,2026-06-01T15:49:34.177Z
C11,LV74CGE,2026-06-01T15:49:34.177Z
C11,LV74CGF,2026-06-01T15:49:34.177Z
C3,LV24EUF,2026-06-01T15:49:34.177Z
C3,LV24EUH,2026-05-11T13:42:23.199Z
C3,LV24EUL,2026-05-04T11:29:17.869Z
C3,LV24EUM,2026-05-25T13:01:20.469Z
C3,LV24EUN,2026-05-25T13:01:20.469Z
C3,LV24EUR,2026-05-25T13:01:20.469Z
C3,LV24EVR,2026-05-04T11:29:17.869Z
C3,LV24EVT,2026-06-01T15:49:34.177Z
C3,LV24EVU,2026-05-04T11:29:17.869Z
C3,LV24EVW,2026-06-01T15:49:34.177Z
C3,LV24EWA,2026-05-18T12:00:33.874Z
C3,LV24EWC,2026-05-04T11:29:17.869Z
C3,LV24EWF,2026-05-25T13:01:20.469Z
C3,LV24EWL,2026-06-01T15:49:34.177Z
C3,LV24EWM,2026-05-04T11:29:17.869Z
C3,LV24EWN,2026-05-18T12:00:33.874Z
C3,LV24EWO,2026-05-11T13:42:23.199Z
C3,LV24EWS,2026-06-01T15:49:34.177Z
C3,LV24EWT,2026-05-18T12:00:33.874Z
C3,LV24EWU,2026-06-01T15:49:34.177Z
C3,LV24EWW,2026-05-18T12:00:33.874Z
C3,LV24EWX,2026-06-01T15:49:34.177Z
C3,LV25VOO,2026-05-18T12:00:33.874Z
C3,LV25VOT,2026-05-18T12:00:33.874Z
C3,LV25VOU,2026-05-11T13:42:23.199Z
C3,LV25VOY,2026-05-25T13:01:20.469Z
C3,LV25VPA,2026-06-01T15:49:34.177Z
C3,LV25VPC,2026-05-18T12:00:33.874Z
C3,LV25VPE,2026-05-25T13:01:20.469Z
C3,LV73FHK,2026-05-18T12:00:33.874Z
C3,LV73FHL,2026-05-04T11:29:17.869Z
C3,LV73FHO,2026-06-01T15:49:34.177Z
C3,LV73FHR,2026-05-11T13:42:23.199Z
D3,LG73FYW,2026-06-01T15:49:34.177Z
D3,LG73FYX,2026-06-01T15:49:34.177Z
D3,LG73FYY,2026-06-01T15:49:34.177Z
D3,LG73FYZ,2026-06-01T15:49:34.177Z
D3,LG73FZA,2026-05-18T12:00:33.874Z
D3,LG73FZB,2026-05-11T13:42:23.199Z
D3,LG73FZC,2026-06-01T15:49:34.177Z
D3,LG73FZD,2026-06-01T15:49:34.177Z
D3,LG73FZE,2026-06-01T15:49:34.177Z
D3,LG73FZF,2026-06-01T15:49:34.177Z
D6,LX12DBU,2026-06-01T15:49:34.177Z
D6,LX12DJU,2026-06-01T15:49:34.177Z
D6,LX13CZT,2026-06-01T15:49:34.177Z
D6,LX13CZU,2026-06-01T15:49:34.177Z
D6,LX13CZV,2026-06-01T15:49:34.177Z
D6,LX13CZW,2026-06-01T15:49:34.177Z
D6,LX13CZY,2026-05-04T11:29:17.869Z
D6,YX65RLY,2026-05-25T13:01:20.469Z
D6,YX65RLZ,2026-06-01T15:49:34.177Z
D6,YX65RMO,2026-06-01T15:49:34.177Z
D6,YX68UJA,2026-06-01T15:49:34.177Z
D6,YX68UJC,2026-06-01T15:49:34.177Z
D6,YX68UJD,2026-06-01T15:49:34.177Z
D6,YX68UJH,2026-05-11T12:08:37.791Z
D6,YX68UJL,2026-05-25T13:01:20.469Z
D6,YX68UJM,2026-06-01T15:49:34.177Z
D6,YX68UML,2026-06-01T15:49:34.177Z
D6,YY64YKL,2026-06-01T15:49:34.177Z
D6,YY66PYW,2026-05-11T13:42:23.199Z
D7,LJ24ZPE,2026-05-11T13:42:23.199Z
D7,LJ24ZPH,2026-06-01T15:49:34.177Z
D7,LJ24ZPK,2026-05-04T11:29:17.869Z
D7,LJ24ZPL,2026-06-01T15:49:34.177Z
D7,LJ24ZPM,2026-05-04T11:29:17.869Z
D7,LJ24ZPN,2026-05-04T11:29:17.869Z
D7,LJ24ZRN,2026-05-25T13:01:20.469Z
D7,LJ74XPB,2026-06-01T15:49:34.177Z
D7,LJ74XPC,2026-05-18T12:00:33.874Z
D7,LJ74XPG,2026-05-11T13:42:23.199Z
D7,LV24EUW,2026-06-01T15:49:34.177Z
D7,LV24EUX,2026-04-29T23:54:22.641Z
D7,LV24EUY,2026-05-25T13:01:20.469Z
D7,LV24EUZ,2026-05-25T13:01:20.469Z
D7,LV24EVC,2026-06-01T15:49:34.177Z
D7,LV24EVG,2026-05-04T11:29:17.869Z
D7,LV24EVK,2026-06-01T15:49:34.177Z
D7,LV24EVL,2026-06-01T15:49:34.177Z
D7,LV24EVM,2026-04-29T23:54:22.641Z
D7,LV24EVN,2026-05-11T13:42:23.199Z
D7,LV24EVP,2026-05-11T13:42:23.199Z
D7,LV25XWR,2026-05-11T13:42:23.199Z
D7,LV25XWU,2026-05-25T13:01:20.469Z
D7,MF25HKG,2026-06-01T15:49:34.177Z
D7,MF25HKH,2026-05-04T11:29:17.869Z
D8,LJ24ZNU,2026-05-04T11:29:17.869Z
D8,LJ24ZNY,2026-05-18T12:00:33.874Z
D8,LJ24ZPP,2026-05-25T13:01:20.469Z
D8,LJ24ZPS,2026-06-01T15:49:34.177Z
D8,LJ24ZPT,2026-05-04T11:29:17.869Z
D8,LJ24ZPU,2026-05-04T11:29:17.869Z
D8,LJ24ZPV,2026-05-25T13:01:20.469Z
D8,LJ24ZPW,2026-06-01T15:28:31.580Z
D8,LJ24ZPX,2026-05-18T12:00:33.874Z
D8,LJ24ZPY,2026-04-29T23:54:22.641Z
D8,LJ24ZPZ,2026-06-01T15:49:34.177Z
D8,LJ24ZRA,2026-06-01T15:49:34.177Z
D8,LJ24ZRD,2026-05-11T13:42:23.199Z
D8,LJ24ZRE,2026-06-01T15:49:34.177Z
D8,LJ24ZRF,2026-05-25T13:01:20.469Z
D8,LJ74XOD,2026-05-11T13:42:23.199Z
E1,LA68DXL,2026-06-01T15:49:34.177Z
E1,LK12AUN,2026-05-18T12:00:33.874Z
E1,LK12AUU,2026-05-18T12:00:33.874Z
E1,LK12AUV,2026-06-01T15:49:34.177Z
E1,LK12AUW,2026-06-01T15:49:34.177Z
E1,LK12AUY,2026-05-18T12:00:33.874Z
E1,LK15CWR,2026-05-04T11:29:17.869Z
E1,LK62DNE,2026-05-25T13:01:20.469Z
E1,LK62DNO,2026-06-01T15:49:34.177Z
E1,LK62DNU,2026-05-25T13:01:20.469Z
E1,LK65EBG,2026-04-29T23:54:22.641Z
E1,LK65EBL,2026-05-04T11:29:17.869Z
E1,LK65EBN,2026-05-25T13:01:20.469Z
E1,LK67ENU,2026-06-01T15:28:31.580Z
E10,YX14RYV,2026-06-01T15:49:34.177Z
E10,YX19OOB,2026-05-04T11:29:17.869Z
E10,YX19OOE,2026-05-11T13:42:23.199Z
E10,YX19OPM,2026-06-01T15:49:34.177Z
E10,YX19OPN,2026-05-18T12:00:33.874Z
E10,YX19OPO,2026-06-01T15:49:34.177Z
E10,YX19OPP,2026-06-01T15:49:34.177Z
E10,YX19OPR,2026-06-01T15:49:34.177Z
E10,YX19OPS,2026-06-01T15:49:34.177Z
E10,YX19OPT,2026-06-01T15:49:34.177Z
E10,YX19OPU,2026-06-01T15:49:34.177Z
E10,YX19OPV,2026-06-01T15:49:34.177Z
E11,YX19OOA,2026-06-01T15:49:34.177Z
E11,YX19OOB,2026-06-01T15:49:34.177Z
E11,YX19OOC,2026-06-01T15:49:34.177Z
E11,YX19OOD,2026-05-18T12:00:33.874Z
E11,YX19OOE,2026-06-01T15:49:34.177Z
E11,YX19OOG,2026-06-01T15:49:34.177Z
E11,YX19OPO,2026-05-25T13:01:20.469Z
E11,YX19OPR,2026-04-29T23:54:22.641Z
E2,BF15KFV,2026-05-25T13:01:20.469Z
E2,BL64MHK,2026-06-01T15:49:34.177Z
E2,BL64MHN,2026-06-01T15:28:31.580Z
E2,BL64MHX,2026-05-11T12:08:37.791Z
E2,LA68DXU,2026-05-04T11:29:17.869Z
E2,LF68PXD,2026-05-18T12:00:33.874Z
E2,LF68PXW,2026-05-11T13:42:23.199Z
E2,LF68PXX,2026-05-18T12:00:33.874Z
E2,LK12AEG,2026-04-29T23:54:22.641Z
E2,LK12AET,2026-05-04T11:29:17.869Z
E2,LK12AEU,2026-05-25T13:01:20.469Z
E2,LK12AEW,2026-04-29T23:54:22.641Z
E2,LK17CZC,2026-06-01T15:49:34.177Z
E2,LK17CZF,2026-05-25T13:01:20.469Z
E2,LK17CZL,2026-05-25T13:01:20.469Z
E2,LK17CZP,2026-05-25T13:01:20.469Z
E2,LK17CZR,2026-04-29T23:54:22.641Z
E2,LK17CZS,2026-05-18T12:00:33.874Z
E2,LK17CZU,2026-04-29T23:54:22.641Z
E2,LK17CZW,2026-06-01T15:49:34.177Z
E2,LK17DAO,2026-05-18T12:00:33.874Z
E2,LK17DBV,2026-05-11T13:42:23.199Z
E2,LK17DBX,2026-05-11T13:42:23.199Z
E2,LK17DBY,2026-06-01T15:49:34.177Z
E2,LK17DBZ,2026-05-18T12:00:33.874Z
E2,LK17DDA,2026-05-04T11:29:17.869Z
E2,LK17DDE,2026-05-18T12:00:33.874Z
E2,LK17DDF,2026-05-11T13:42:23.199Z
E2,LK17DDL,2026-05-11T13:42:23.199Z
E2,LK17DFF,2026-06-01T15:49:34.177Z
E2,LK17DFJ,2026-05-18T12:00:33.874Z
E2,LK17DFO,2026-04-29T23:54:22.641Z
E2,LK17DGV,2026-06-01T15:49:34.177Z
E2,LK18AFX,2026-06-01T15:49:34.177Z
E2,LK18AFZ,2026-06-01T15:49:34.177Z
E2,LK18AGV,2026-05-25T13:01:20.469Z
E2,LK18AJX,2026-06-01T15:49:34.177Z
E2,LK18AJY,2026-05-04T11:29:17.869Z
E2,LK18AKO,2026-05-18T12:00:33.874Z
E2,LK61BNF,2026-05-18T12:00:33.874Z
E2,LK67EOD,2026-05-25T13:01:20.469Z
E2,LK67EOE,2026-06-01T15:49:34.177Z
E2,LK67EOG,2026-06-01T15:49:34.177Z
E2,LK67EOH,2026-06-01T15:49:34.177Z
E2,LK67EOJ,2026-06-01T15:49:34.177Z
E2,LK67EOM,2026-06-01T15:49:34.177Z
E2,LK67EZP,2026-05-11T12:08:37.791Z
E2,LK67EZV,2026-06-01T15:49:34.177Z
E3,BF67GKL,2026-06-01T15:49:34.177Z
E3,BF67GKN,2026-06-01T15:49:34.177Z
E3,BF67GKO,2026-06-01T15:49:34.177Z
E3,BF67GKP,2026-06-01T15:49:34.177Z
E3,BF67GKU,2026-06-01T15:49:34.177Z
E3,BF67GKV,2026-06-01T15:49:34.177Z
E3,BF67GKX,2026-06-01T15:49:34.177Z
E3,BF67GKY,2026-06-01T15:49:34.177Z
E3,BF67GKZ,2026-05-11T13:42:23.199Z
E3,BF67GLJ,2026-06-01T15:49:34.177Z
E3,BF67GLK,2026-05-18T12:00:33.874Z
E3,BF67GLY,2026-05-18T12:00:33.874Z
E3,BF67GLZ,2026-05-25T13:01:20.469Z
E3,BF67GME,2026-05-11T13:42:23.199Z
E3,BF67GMG,2026-06-01T15:49:34.177Z
E3,BF67GMO,2026-05-25T13:01:20.469Z
E3,BF67GMU,2026-05-11T13:42:23.199Z
E3,BF67GMV,2026-05-04T11:29:17.869Z
E3,BF67GMX,2026-06-01T15:49:34.177Z
E3,BF67GMY,2026-06-01T15:49:34.177Z
E3,BF67GMZ,2026-05-25T13:01:20.469Z
E3,BF67GNJ,2026-05-25T13:01:20.469Z
E3,BF67GNK,2026-06-01T15:49:34.177Z
E3,BF67GNN,2026-05-04T11:29:17.869Z
E3,BF67GNU,2026-06-01T15:49:34.177Z
E3,LJ16EWD,2026-05-11T13:42:23.199Z
E3,LJ16EWE,2026-05-18T12:00:33.874Z
E3,LJ16EWF,2026-06-01T15:49:34.177Z
E3,LJ16EWK,2026-06-01T15:49:34.177Z
E3,LJ65FZN,2026-05-18T12:00:33.874Z
E3,LJ65FZO,2026-05-25T13:01:20.469Z
E3,LJ65FZS,2026-05-11T13:42:23.199Z
E3,LJ66TSO,2026-06-01T15:49:34.177Z
E3,LJ66TSU,2026-05-11T13:42:23.199Z
E3,SN12ARF,2026-04-29T23:54:22.641Z
E3,SN12ARZ,2026-05-25T13:01:20.469Z
E3,YX62FAU,2026-05-11T13:42:23.199Z
E3,YX62FCM,2026-06-01T15:49:34.177Z
E3,YX62FDY,2026-06-01T15:49:34.177Z
E3,YX62FME,2026-05-25T13:01:20.469Z
E3,YX62FMG,2026-05-11T13:42:23.199Z
E3,YX62FPF,2026-05-25T13:01:20.469Z
E3,YX62FTD,2026-05-04T11:29:17.869Z
E3,YX62FTF,2026-05-11T13:42:23.199Z
E3,YX62FTP,2026-05-18T12:00:33.874Z
E3,YX62FTZ,2026-05-04T11:29:17.869Z
E3,YX62FUT,2026-05-11T13:42:23.199Z
E5,YJ22AXH,2026-06-01T15:49:34.177Z
E5,YJ22AXO,2026-06-01T15:49:34.177Z
E5,YJ22AXU,2026-06-01T15:49:34.177Z
E5,YJ73BWA,2026-05-11T13:42:23.199Z
E5,YJ73BWB,2026-06-01T15:28:31.580Z
E5,YJ73BWC,2026-06-01T15:49:34.177Z
E5,YJ73BWD,2026-06-01T15:49:34.177Z
E5,YJ73BWE,2026-05-11T13:42:23.199Z
E5,YJ73BWF,2026-06-01T15:49:34.177Z
E5,YJ73BWG,2026-06-01T15:49:34.177Z
E5,YJ73BWH,2026-06-01T15:49:34.177Z
E5,YJ73BWK,2026-06-01T15:49:34.177Z
E5,YJ73BWM,2026-06-01T15:28:31.580Z
E5,YJ73BWN,2026-06-01T15:49:34.177Z
E5,YJ73BWO,2026-06-01T15:49:34.177Z
E5,YX14RYW,2026-06-01T15:49:34.177Z
E5,YX16ODK,2026-05-18T12:00:33.874Z
E5,YX19OOE,2026-04-29T23:54:22.641Z
E6,LV24EWZ,2026-06-01T15:49:34.177Z
E6,LV24EXA,2026-06-01T15:49:34.177Z
E6,LV24EXB,2026-05-25T13:01:20.469Z
E6,LV24EXC,2026-06-01T15:49:34.177Z
E6,LV24EXD,2026-06-01T15:49:34.177Z
E6,LV24EXE,2026-06-01T15:49:34.177Z
E6,LV24EXF,2026-06-01T15:49:34.177Z
E6,LV24EXG,2026-06-01T15:49:34.177Z
E6,LV24EXH,2026-06-01T15:49:34.177Z
E6,LV24EXJ,2026-06-01T15:49:34.177Z
E6,LV24EXK,2026-06-01T15:49:34.177Z
E6,LV24EXL,2026-06-01T15:49:34.177Z
E6,YX16OFR,2026-05-11T12:08:37.791Z
E7,LV73FGU,2026-06-01T15:49:34.177Z
E7,LV73FGX,2026-06-01T15:49:34.177Z
E7,LV73FGZ,2026-06-01T15:49:34.177Z
E7,LV73FHA,2026-06-01T15:49:34.177Z
E7,LV73FHB,2026-06-01T15:49:34.177Z
E7,LV73FHC,2026-06-01T15:49:34.177Z
E7,LV73FHD,2026-06-01T15:49:34.177Z
E7,LV73FHE,2026-06-01T15:49:34.177Z
E7,LV73FHF,2026-06-01T15:49:34.177Z
E7,LV73FHG,2026-06-01T15:49:34.177Z
E7,LV73FHH,2026-05-25T13:01:20.469Z
E7,LV73FHJ,2026-05-25T13:01:20.469Z
E7,SN17MOF,2026-04-29T23:54:22.641Z
E7,YX10EBL,2026-06-01T15:49:34.177Z
E8,BF15KFU,2026-05-04T11:29:17.869Z
E8,BL64MHJ,2026-06-01T15:49:34.177Z
E8,BL64MHM,2026-06-01T15:49:34.177Z
E8,BL64MHN,2026-05-11T13:42:23.199Z
E8,BL64MHU,2026-05-18T12:00:33.874Z
E8,BL64MHX,2026-05-04T11:29:17.869Z
E8,LA68DXV,2026-06-01T15:49:34.177Z
E8,LA68DXW,2026-04-29T23:54:22.641Z
E8,LA68DXX,2026-06-01T15:49:34.177Z
E8,LF68PXD,2026-05-11T13:42:23.199Z
E8,LF68PXE,2026-05-25T13:01:20.469Z
E8,LF68PXG,2026-04-29T23:54:22.641Z
E8,LK12AEG,2026-05-11T13:42:23.199Z
E8,LK12AEU,2026-06-01T15:49:34.177Z
E8,LK12AEW,2026-06-01T15:49:34.177Z
E8,LK14FBU,2026-06-01T15:49:34.177Z
E8,LK17CXY,2026-05-04T11:29:17.869Z
E8,LK17CZC,2026-05-25T13:01:20.469Z
E8,LK17CZD,2026-05-25T13:01:20.469Z
E8,LK17CZE,2026-06-01T15:49:34.177Z
E8,LK17CZF,2026-05-18T12:00:33.874Z
E8,LK17CZH,2026-05-18T12:00:33.874Z
E8,LK17CZL,2026-05-18T12:00:33.874Z
E8,LK17CZM,2026-05-25T13:01:20.469Z
E8,LK17CZO,2026-05-25T13:01:20.469Z
E8,LK17CZP,2026-05-18T12:00:33.874Z
E8,LK17CZR,2026-05-25T13:01:20.469Z
E8,LK17CZS,2026-05-04T11:29:17.869Z
E8,LK17CZV,2026-06-01T15:49:34.177Z
E8,LK17CZX,2026-05-18T12:00:33.874Z
E8,LK17CZY,2026-06-01T15:28:31.580Z
E8,LK17DBO,2026-05-18T12:00:33.874Z
E8,LK17DBX,2026-05-04T11:29:17.869Z
E8,LK17DBY,2026-05-04T11:29:17.869Z
E8,LK17DBZ,2026-05-11T12:08:37.791Z
E8,LK17DDL,2026-05-18T12:00:33.874Z
E8,LK17DFA,2026-05-04T11:29:17.869Z
E8,LK17DFE,2026-05-18T12:00:33.874Z
E8,LK17DFL,2026-05-04T11:29:17.869Z
E8,LK18AFX,2026-05-04T11:29:17.869Z
E8,LK18AHC,2026-06-01T15:49:34.177Z
E8,LK18AHF,2026-06-01T15:49:34.177Z
E8,LK18AJY,2026-04-29T23:54:22.641Z
E8,LK18AKZ,2026-06-01T15:49:34.177Z
E8,LK61BNF,2026-06-01T15:49:34.177Z
E8,LK67EOC,2026-05-04T11:29:17.869Z
E8,LK67EOD,2026-05-18T12:00:33.874Z
E8,LK67EOG,2026-04-29T23:54:22.641Z
E8,LK67EOH,2026-04-29T23:54:22.641Z
E8,LK67EOL,2026-06-01T15:49:34.177Z
E8,LK67EZR,2026-05-25T13:01:20.469Z
E8,LK67EZS,2026-05-25T13:01:20.469Z
E8,LK67EZV,2026-05-11T13:42:23.199Z
E9,LA68DXH,2026-05-18T12:00:33.874Z
E9,LA68DXJ,2026-05-11T12:08:37.791Z
E9,LA68DXK,2026-05-04T11:29:17.869Z
E9,LA68DXM,2026-05-25T13:01:20.469Z
E9,LA68DXP,2026-05-25T13:01:20.469Z
E9,LA68DXR,2026-05-25T13:01:20.469Z
E9,LA68DXT,2026-05-18T12:00:33.874Z
E9,LF68PXS,2026-06-01T15:49:34.177Z
E9,LF68PXT,2026-05-18T12:00:33.874Z
E9,LF68PXU,2026-06-01T15:49:34.177Z
E9,LF68PXV,2026-05-18T12:00:33.874Z
E9,LK13BFZ,2026-05-11T13:42:23.199Z
E9,LK13BGV,2026-06-01T15:49:34.177Z
E9,LK13BGX,2026-06-01T15:49:34.177Z
E9,LK15CWX,2026-05-18T12:00:33.874Z
E9,LK18AFA,2026-06-01T15:49:34.177Z
E9,LK18AFJ,2026-06-01T15:49:34.177Z
E9,LK18AFN,2026-05-25T13:01:20.469Z
G1,YX25ODE,2026-05-25T13:01:20.469Z
G1,YX25ODF,2026-06-01T15:49:34.177Z
G1,YX25ODG,2026-06-01T15:49:34.177Z
G1,YX25ODH,2026-06-01T15:49:34.177Z
G1,YX25ODJ,2026-06-01T15:49:34.177Z
G1,YX25ODK,2026-06-01T15:49:34.177Z
G1,YX25ODL,2026-05-18T12:00:33.874Z
G1,YX25ODM,2026-06-01T15:49:34.177Z
G1,YX25ODN,2026-06-01T15:49:34.177Z
G1,YX25ODP,2026-06-01T15:49:34.177Z
G1,YX25ODR,2026-06-01T15:49:34.177Z
G1,YX25ODS,2026-06-01T15:49:34.177Z
G1,YX25ODT,2026-06-01T15:49:34.177Z
H10,LC71KTV,2026-06-01T15:49:34.177Z
H10,LC71KTX,2026-06-01T15:49:34.177Z
H10,LC71KUA,2026-05-18T12:00:33.874Z
H10,LC71KUB,2026-05-18T12:00:33.874Z
H10,LC71KUD,2026-05-25T13:01:20.469Z
H10,LC71KUE,2026-05-18T12:00:33.874Z
H10,LC71KUG,2026-05-18T12:00:33.874Z
H10,LC71KUH,2026-06-01T15:28:31.580Z
H10,LC71KUJ,2026-06-01T15:49:34.177Z
H10,LC71KUK,2026-05-11T13:42:23.199Z
H10,LC71KUN,2026-06-01T15:49:34.177Z
H10,LC71KUO,2026-04-29T23:54:22.641Z
H10,LC71KUP,2026-05-18T12:00:33.874Z
H10,LC71KUR,2026-05-25T13:01:20.469Z
H10,LC71KUS,2026-06-01T15:49:34.177Z
H10,LC71KUT,2026-06-01T15:49:34.177Z
H10,LC71KUU,2026-06-01T15:49:34.177Z
H10,LC71KUV,2026-05-25T13:01:20.469Z
H10,LC71KUW,2026-06-01T15:49:34.177Z
H10,LG71EAC,2026-06-01T15:49:34.177Z
H10,LG71EAE,2026-06-01T15:28:31.580Z
H10,LG71EAF,2026-06-01T15:28:31.580Z
H10,LG71EAJ,2026-06-01T15:49:34.177Z
H11,SK68LTX,2026-05-04T11:29:17.869Z
H11,SK68LUA,2026-06-01T15:49:34.177Z
H11,SK68LUB,2026-05-18T12:00:33.874Z
H11,SN18KWA,2026-05-04T11:29:17.869Z
H11,YX19OMJ,2026-06-01T15:49:34.177Z
H11,YX19OMM,2026-06-01T15:49:34.177Z
H11,YX19OMO,2026-05-11T13:42:23.199Z
H11,YX19OMP,2026-05-25T13:01:20.469Z
H11,YX19OMS,2026-05-18T12:00:33.874Z
H11,YX19OMT,2026-05-18T12:00:33.874Z
H11,YX68UOA,2026-05-11T13:42:23.199Z
H11,YX68UOB,2026-05-25T13:01:20.469Z
H11,YX68UOC,2026-05-11T13:42:23.199Z
H11,YX68UOD,2026-05-18T12:00:33.874Z
H11,YX68UOE,2026-06-01T15:49:34.177Z
H11,YX68URP,2026-05-11T13:42:23.199Z
H11,YX68URR,2026-06-01T15:49:34.177Z
H11,YX68URV,2026-05-25T13:01:20.469Z
H11,YX68URW,2026-05-11T13:42:23.199Z
H12,BF67GKE,2026-05-11T13:42:23.199Z
H12,BF67GKJ,2026-05-18T12:00:33.874Z
H12,BU16UXC,2026-05-25T13:01:20.469Z
H12,BU16UXE,2026-06-01T15:49:34.177Z
H12,BU16UXF,2026-05-18T12:00:33.874Z
H12,BU16UXK,2026-05-18T12:00:33.874Z
H12,BU16UXP,2026-06-01T15:49:34.177Z
H12,BU16UXR,2026-05-11T13:42:23.199Z
H12,LF18AYH,2026-06-01T15:49:34.177Z
H12,LF18AYJ,2026-06-01T15:49:34.177Z
H12,LF68PYS,2026-06-01T15:49:34.177Z
H12,LJ16EWV,2026-06-01T15:49:34.177Z
H12,LJ16EWW,2026-06-01T15:49:34.177Z
H12,LJ16MUV,2026-05-18T12:00:33.874Z
H12,LJ66EZT,2026-05-25T13:01:20.469Z
H12,LJ66EZU,2026-05-25T13:01:20.469Z
H12,SN12ARO,2026-06-01T15:49:34.177Z
H12,SN12ASV,2026-05-18T12:00:33.874Z
H12,SN12AUC,2026-05-25T13:01:20.469Z
H12,YX68UNH,2026-06-01T15:49:34.177Z
H12,YX68UNJ,2026-05-18T12:00:33.874Z
H12,YX68UNK,2026-05-11T13:42:23.199Z
H12,YX68UNL,2026-06-01T15:49:34.177Z
H12,YX68UNM,2026-06-01T15:49:34.177Z
H12,YX68UNS,2026-06-01T15:49:34.177Z
H12,YX68UNU,2026-05-11T13:42:23.199Z
H12,YX68UNW,2026-05-04T11:29:17.869Z
H12,YX68UOJ,2026-05-18T12:00:33.874Z
H12,YY67UUO,2026-05-25T13:01:20.469Z
H12,YY67UUP,2026-05-04T11:29:17.869Z
H12,YY67UUR,2026-05-04T11:29:17.869Z
H12,YY67UUS,2026-06-01T15:49:34.177Z
H13,LK11CWG,2026-05-11T13:42:23.199Z
H13,LK11CWU,2026-06-01T15:49:34.177Z
H13,LK11CWV,2026-06-01T15:49:34.177Z
H13,LK11CWY,2026-06-01T15:49:34.177Z
H13,LK11CWZ,2026-06-01T15:49:34.177Z
H13,LK12AWX,2026-05-18T12:00:33.874Z
H13,LK12AWY,2026-05-18T12:00:33.874Z
H13,LK12AXA,2026-05-25T13:01:20.469Z
H13,LK12AXG,2026-05-04T11:29:17.869Z
H13,LK12AXP,2026-05-18T12:00:33.874Z
H13,LK12AXR,2026-05-11T13:42:23.199Z
H13,LK12AXV,2026-06-01T15:49:34.177Z
H13,LK16DDL,2026-05-25T13:01:20.469Z
H13,LK65EAA,2026-05-04T11:29:17.869Z
H13,LK65EAF,2026-05-11T13:42:23.199Z
H14,LG22AVD,2026-05-04T11:29:17.869Z
H14,SN12ARX,2026-06-01T15:49:34.177Z
H14,YX62FHA,2026-06-01T15:49:34.177Z
H14,YX68UOK,2026-06-01T15:49:34.177Z
H14,YX68UOL,2026-05-11T13:42:23.199Z
H14,YX68UOM,2026-06-01T15:49:34.177Z
H14,YX68UON,2026-05-18T12:00:33.874Z
H14,YX68UOO,2026-06-01T15:49:34.177Z
H14,YX68UOP,2026-06-01T15:28:31.580Z
H14,YX68UOS,2026-06-01T15:49:34.177Z
H17,LK16DDU,2026-06-01T15:49:34.177Z
H17,LK16DDV,2026-06-01T15:49:34.177Z
H17,LK16DDY,2026-06-01T15:49:34.177Z
H17,LK16DDZ,2026-05-25T13:01:20.469Z
H17,LK16DFA,2026-06-01T15:49:34.177Z
H17,LK16DFC,2026-05-11T13:42:23.199Z
H17,LK66FSS,2026-05-18T12:00:33.874Z
H17,LK66FSU,2026-06-01T15:49:34.177Z
H17,LK66FSX,2026-05-11T13:42:23.199Z
H17,LK66FSY,2026-06-01T15:49:34.177Z
H17,LK66FSZ,2026-05-18T12:00:33.874Z
H17,LK66FTC,2026-05-25T13:01:20.469Z
H17,LK66FTD,2026-06-01T15:49:34.177Z
H17,LK66FTE,2026-05-11T13:42:23.199Z
H18,SK68LTE,2026-06-01T15:28:31.580Z
H18,SK68LTF,2026-06-01T15:49:34.177Z
H18,SK68LTN,2026-06-01T15:28:31.580Z
H18,SK68LTO,2026-05-25T13:01:20.469Z
H18,SN18KWJ,2026-06-01T15:49:34.177Z
H18,SN18KWK,2026-05-11T12:08:37.791Z
H18,SN18KWL,2026-06-01T15:49:34.177Z
H19,SK68LTF,2026-06-01T15:49:34.177Z
H19,SK68LTJ,2026-06-01T15:49:34.177Z
H19,SK68LTN,2026-06-01T15:28:31.580Z
H19,SK68LTO,2026-05-04T11:29:17.869Z
H19,SN18KWH,2026-05-18T12:00:33.874Z
H19,SN18KWJ,2026-06-01T15:49:34.177Z
H19,SN18KWK,2026-05-11T13:42:23.199Z
H19,SN18KWL,2026-06-01T15:28:31.580Z
H19,YY67UUJ,2026-05-18T12:00:33.874Z
H2,YJ68FXA,2026-06-01T15:49:34.177Z
H2,YJ68FXB,2026-05-11T13:42:23.199Z
H2,YJ68FXC,2026-05-11T13:42:23.199Z
H2,YJ68FXE,2026-06-01T15:49:34.177Z
H2,YJ68FXF,2026-06-01T15:49:34.177Z
H2,YJ68FXG,2026-05-18T12:00:33.874Z
H20,SN66WLC,2026-05-25T13:01:20.469Z
H20,SN66WLE,2026-06-01T15:49:34.177Z
H20,SN66WLF,2026-06-01T15:49:34.177Z
H20,SN66WLH,2026-06-01T15:49:34.177Z
H20,SN66WLJ,2026-05-25T13:01:20.469Z
H20,SN66WNT,2026-06-01T15:49:34.177Z
H20,SN66WNU,2026-05-11T12:08:37.791Z
H20,SN66WNV,2026-06-01T15:49:34.177Z
H20,SN66WNX,2026-05-18T12:00:33.874Z
H20,YX14RYW,2026-05-11T13:42:23.199Z
H20,YX16ODL,2026-06-01T15:49:34.177Z
H22,SN17MUV,2026-06-01T15:49:34.177Z
H22,SN17MUW,2026-06-01T15:49:34.177Z
H22,SN17MUY,2026-05-11T13:42:23.199Z
H22,SN17MVE,2026-05-18T12:00:33.874Z
H22,SN17MVF,2026-06-01T15:49:34.177Z
H22,SN17MVG,2026-05-11T13:42:23.199Z
H22,SN17MVH,2026-06-01T15:49:34.177Z
H22,SN17MVJ,2026-05-25T13:01:20.469Z
H22,SN17MVK,2026-05-18T12:00:33.874Z
H22,SN17MVT,2026-05-18T12:00:33.874Z
H22,YX17NHF,2026-05-11T13:42:23.199Z
H22,YX17NHG,2026-06-01T15:49:34.177Z
H22,YX17NHH,2026-06-01T15:49:34.177Z
H22,YX17NHJ,2026-06-01T15:49:34.177Z
H22,YX17NHL,2026-05-25T13:01:20.469Z
H22,YX17NHN,2026-06-01T15:49:34.177Z
H22,YX17NHO,2026-05-11T13:42:23.199Z
H22,YX68UOT,2026-05-04T11:29:17.869Z
H22,YX68UOU,2026-05-04T11:29:17.869Z
H22,YX68UOV,2026-05-11T13:42:23.199Z
H22,YX68UOW,2026-05-11T13:42:23.199Z
H22,YX68UPA,2026-05-25T13:01:20.469Z
H22,YX68UVK,2026-05-18T12:00:33.874Z
H22,YX68UVO,2026-06-01T15:49:34.177Z
H22,YX68UVP,2026-04-29T23:54:22.641Z
H22,YX68UVR,2026-06-01T15:49:34.177Z
H22,YX68UVT,2026-05-25T13:01:20.469Z
H22,YX68UVW,2026-05-18T12:00:33.874Z
H22,YX68UWA,2026-06-01T15:49:34.177Z
H25,SN17MVW,2026-05-11T13:42:23.199Z
H25,YX12DLY,2026-05-25T13:01:20.469Z
H25,YX12DLZ,2026-05-18T12:00:33.874Z
H25,YX12GHA,2026-06-01T15:49:34.177Z
H25,YX12GHB,2026-06-01T15:49:34.177Z
H25,YX12GHD,2026-06-01T15:49:34.177Z
H25,YX12GHF,2026-06-01T15:49:34.177Z
H25,YX12GHG,2026-06-01T15:49:34.177Z
H25,YX12GHH,2026-05-25T13:01:20.469Z
H25,YX13EFM,2026-05-18T12:00:33.874Z
H25,YX13EFN,2026-05-25T13:01:20.469Z
H25,YX13EFO,2026-05-25T13:01:20.469Z
H25,YX13EFP,2026-05-18T12:00:33.874Z
H25,YX13EFR,2026-06-01T15:49:34.177Z
H25,YX13EFS,2026-06-01T15:49:34.177Z
H25,YX13EFT,2026-05-25T13:01:20.469Z
H25,YX13EFU,2026-05-25T13:01:20.469Z
H25,YX13EFV,2026-06-01T15:49:34.177Z
H25,YX13EFW,2026-06-01T15:49:34.177Z
H25,YX16OFT,2026-05-11T13:42:23.199Z
H25,YX16OFZ,2026-06-01T15:49:34.177Z
H26,SN66WLC,2026-06-01T15:49:34.177Z
H26,SN66WLG,2026-06-01T15:49:34.177Z
H26,SN66WLH,2026-05-11T13:42:23.199Z
H26,SN66WLJ,2026-05-11T13:42:23.199Z
H26,SN66WNU,2026-06-01T15:49:34.177Z
H26,SN66WNV,2026-05-18T12:00:33.874Z
H26,SN66WNW,2026-06-01T15:49:34.177Z
H26,SN66WNX,2026-06-01T15:49:34.177Z
H26,YX14RYW,2026-05-18T12:00:33.874Z
H26,YX16ODL,2026-05-04T11:29:17.869Z
H28,YX10EBC,2026-05-04T11:29:17.869Z
H28,YX10EBL,2026-05-18T12:00:33.874Z
H28,YX14RYV,2026-05-11T13:42:23.199Z
H28,YX16ODK,2026-05-11T13:42:23.199Z
H28,YX19OPM,2026-05-25T13:01:20.469Z
H28,YX19OPV,2026-05-11T13:42:23.199Z
H28,YX67VDY,2026-06-01T15:49:34.177Z
H28,YX67VDZ,2026-06-01T15:49:34.177Z
H28,YX67VEA,2026-06-01T15:49:34.177Z
H28,YX67VEB,2026-06-01T15:49:34.177Z
H28,YX67VEF,2026-06-01T15:49:34.177Z
H28,YX67VEK,2026-06-01T15:49:34.177Z
H28,YX67VEL,2026-05-18T12:00:33.874Z
H28,YX67VEM,2026-06-01T15:49:34.177Z
H28,YX67VEO,2026-06-01T15:49:34.177Z
H28,YX67VEP,2026-06-01T15:49:34.177Z
H28,YX67VEU,2026-06-01T15:49:34.177Z
H3,YJ68FXC,2026-05-18T12:00:33.874Z
H3,YJ68FXG,2026-05-11T13:42:23.199Z
H37,SK68LXX,2026-06-01T15:49:34.177Z
H37,YX19OLA,2026-06-01T15:49:34.177Z
H37,YX19OLB,2026-06-01T15:49:34.177Z
H37,YX19OLC,2026-06-01T15:49:34.177Z
H37,YX19OLE,2026-06-01T15:49:34.177Z
H37,YX19OLG,2026-06-01T15:49:34.177Z
H37,YX19OLH,2026-05-25T13:01:20.469Z
H37,YX19OLJ,2026-06-01T15:28:31.580Z
H37,YX19OLK,2026-06-01T15:49:34.177Z
H37,YX19OLM,2026-06-01T15:49:34.177Z
H37,YX19OLN,2026-06-01T15:49:34.177Z
H37,YX19OLO,2026-06-01T15:49:34.177Z
H37,YX19OLP,2026-06-01T15:49:34.177Z
H37,YX19OLR,2026-06-01T15:49:34.177Z
H9,LC71KTV,2026-06-01T15:28:31.580Z
H9,LC71KUA,2026-06-01T15:49:34.177Z
H9,LC71KUD,2026-05-18T12:00:33.874Z
H9,LC71KUF,2026-05-25T13:01:20.469Z
H9,LC71KUG,2026-06-01T15:49:34.177Z
H9,LC71KUH,2026-06-01T15:49:34.177Z
H9,LC71KUJ,2026-06-01T15:49:34.177Z
H9,LC71KUK,2026-05-18T12:00:33.874Z
H9,LC71KUN,2026-06-01T15:49:34.177Z
H9,LC71KUO,2026-05-18T12:00:33.874Z
H9,LC71KUP,2026-06-01T15:49:34.177Z
H9,LC71KUR,2026-05-18T12:00:33.874Z
H9,LC71KUS,2026-05-18T12:00:33.874Z
H9,LC71KUT,2026-04-29T23:54:22.641Z
H9,LC71KUU,2026-06-01T15:28:31.580Z
H9,LC71KUV,2026-05-18T12:00:33.874Z
H9,LG71EAC,2026-05-11T13:42:23.199Z
H9,LG71EAE,2026-06-01T15:49:34.177Z
H9,LG71EAF,2026-06-01T15:49:34.177Z
H9,LG71EAJ,2026-06-01T15:28:31.580Z
H9,YY67UUF,2026-06-01T15:49:34.177Z
H9,YY67UUG,2026-05-18T12:00:33.874Z
H9,YY67UUH,2026-05-11T13:42:23.199Z
H9,YY67UUM,2026-06-01T15:49:34.177Z
H91,BF15KFV,2026-05-11T13:42:23.199Z
H91,BL64MHE,2026-06-01T15:49:34.177Z
H91,BL64MHM,2026-05-11T13:42:23.199Z
H91,BL64MHN,2026-05-04T11:29:17.869Z
H91,LA68DXU,2026-05-18T12:00:33.874Z
H91,LA68DXV,2026-05-18T12:00:33.874Z
H91,LF68PXX,2026-06-01T15:49:34.177Z
H91,LK17CZJ,2026-06-01T15:49:34.177Z
H91,LK17DAU,2026-05-25T13:01:20.469Z
H91,LK17DBY,2026-05-11T13:42:23.199Z
H91,LK17DCZ,2026-05-18T12:00:33.874Z
H91,LK17DDF,2026-05-18T12:00:33.874Z
H91,LK17DFD,2026-05-18T12:00:33.874Z
H91,LK18AFU,2026-06-01T15:49:34.177Z
H91,LK18AKN,2026-06-01T15:49:34.177Z
H91,LK67EOG,2026-05-11T13:42:23.199Z
H91,LK67EOL,2026-05-18T12:00:33.874Z
H91,LK67EZR,2026-05-18T12:00:33.874Z
H98,LF18AYB,2026-05-11T13:42:23.199Z
H98,LF18AYE,2026-06-01T15:49:34.177Z
H98,LJ16EVG,2026-05-11T13:42:23.199Z
H98,LJ16EVH,2026-05-18T12:00:33.874Z
H98,SN12ATU,2026-06-01T15:49:34.177Z
H98,YX61FYR,2026-05-25T13:01:20.469Z
H98,YX62FJV,2026-05-18T12:00:33.874Z
H98,YX62FPC,2026-06-01T15:49:34.177Z
K1,LJ12BYX,2026-06-01T15:49:34.177Z
K1,SN18KRX,2026-05-18T12:00:33.874Z
K1,SN18KSE,2026-05-25T13:01:20.469Z
K1,SN18KSF,2026-06-01T15:49:34.177Z
K1,YX14RYO,2026-05-11T13:42:23.199Z
K1,YX14RYT,2026-06-01T15:49:34.177Z
K1,YX17NXE,2026-05-18T12:00:33.874Z
K1,YX20OLA,2026-06-01T15:49:34.177Z
K1,YX20OLB,2026-05-25T13:01:20.469Z
K1,YX20OLC,2026-05-18T12:00:33.874Z
K1,YX20OLE,2026-06-01T15:49:34.177Z
K1,YX20OLG,2026-06-01T15:49:34.177Z
K1,YX20OLH,2026-06-01T15:49:34.177Z
K1,YX20OLJ,2026-06-01T15:49:34.177Z
K1,YX20OLK,2026-06-01T15:49:34.177Z
K1,YX20OLM,2026-06-01T15:49:34.177Z
K1,YX20OLN,2026-06-01T15:49:34.177Z
K1,YX20OLO,2026-06-01T15:49:34.177Z
K1,YX20OLP,2026-06-01T15:49:34.177Z
K1,YX20OLR,2026-05-25T13:01:20.469Z
K1,YX68UKW,2026-06-01T15:49:34.177Z
K2,SN17MUP,2026-06-01T15:49:34.177Z
K2,SN17MVL,2026-05-25T13:01:20.469Z
K2,SN17MVM,2026-06-01T15:49:34.177Z
K2,SN17MVO,2026-05-18T12:00:33.874Z
K2,SN17MVP,2026-06-01T15:49:34.177Z
K2,SN17MVR,2026-05-18T12:00:33.874Z
K2,SN17MVS,2026-05-11T13:42:23.199Z
K2,SN18KPF,2026-06-01T15:49:34.177Z
K2,SN18KPG,2026-06-01T15:49:34.177Z
K2,SN18KPJ,2026-06-01T15:49:34.177Z
K2,SN18KPK,2026-06-01T15:49:34.177Z
K2,SN18KPL,2026-06-01T15:49:34.177Z
K2,SN18KPO,2026-06-01T15:49:34.177Z
K2,SN18KPP,2026-05-25T13:01:20.469Z
K2,SN18KPR,2026-05-25T13:01:20.469Z
K2,SN18KPT,2026-06-01T15:49:34.177Z
K2,SN18KPU,2026-06-01T15:49:34.177Z
K2,SN18KPV,2026-05-18T12:00:33.874Z
K2,YX17NXC,2026-05-11T13:42:23.199Z
K2,YX68UVS,2026-05-25T13:01:20.469Z
K3,SN18KPX,2026-05-11T13:42:23.199Z
K3,SN18KPY,2026-06-01T15:28:31.580Z
K3,SN18KPZ,2026-05-25T13:01:20.469Z
K3,SN18KRE,2026-05-25T13:01:20.469Z
K3,SN18KRF,2026-05-25T13:01:20.469Z
K3,SN18KRG,2026-05-11T13:42:23.199Z
K3,SN18KRJ,2026-06-01T15:49:34.177Z
K3,SN18KRK,2026-06-01T15:49:34.177Z
K3,SN18KRO,2026-06-01T15:49:34.177Z
K3,SN18KRU,2026-06-01T15:49:34.177Z
K3,SN18KRV,2026-05-18T12:00:33.874Z
K3,YX18KVE,2026-05-25T13:01:20.469Z
K3,YX18KVG,2026-05-11T13:42:23.199Z
K3,YX18KVJ,2026-06-01T15:49:34.177Z
K3,YX18KVK,2026-06-01T15:49:34.177Z
K3,YX18KVL,2026-05-11T13:42:23.199Z
K3,YX18KVM,2026-05-18T12:00:33.874Z
K3,YX18KVO,2026-05-18T12:00:33.874Z
K3,YX18KVP,2026-06-01T15:49:34.177Z
K3,YX68UVG,2026-06-01T15:49:34.177Z
K3,YX68UVL,2026-06-01T15:49:34.177Z
K3,YX68UVM,2026-06-01T15:49:34.177Z
K4,SN18KRZ,2026-06-01T15:49:34.177Z
K4,SN18KSE,2026-06-01T15:49:34.177Z
K4,SN18KSF,2026-05-18T12:00:33.874Z
K4,SN18KSJ,2026-06-01T15:49:34.177Z
K5,LJ12BYX,2026-05-11T13:42:23.199Z
K5,YX14RYO,2026-06-01T15:49:34.177Z
K5,YX14RYP,2026-06-01T15:49:34.177Z
K5,YX14RYR,2026-06-01T15:49:34.177Z
K5,YX14RYT,2026-05-11T13:42:23.199Z
K5,YX14RYY,2026-06-01T15:49:34.177Z
K5,YX14RYZ,2026-06-01T15:49:34.177Z
K5,YX17NXD,2026-05-18T12:00:33.874Z
K5,YX17NXE,2026-06-01T15:49:34.177Z
K5,YX68UKW,2026-05-11T13:42:23.199Z
N1,BV66VJM,2026-04-29T23:54:22.641Z
N1,BV66VLD,2026-04-29T23:54:22.641Z
N1,SN66WNZ,2026-04-29T23:54:22.641Z
N109,YY64TYS,2026-04-29T23:54:22.641Z
N109,YY67GZB,2026-04-29T23:54:22.641Z
N11,BD65EWY,2026-04-29T23:54:22.641Z
N11,YX18KXA,2026-04-29T23:54:22.641Z
N113,LV24VOK,2026-04-29T23:54:22.641Z
N113,LV24VPJ,2026-04-29T23:54:22.641Z
N118,LF75ONM,2026-04-29T23:54:22.641Z
N118,LF75OOJ,2026-04-29T23:54:22.641Z
N118,LF75OOY,2026-04-29T23:54:22.641Z
N118,LF75OPU,2026-04-29T23:54:22.641Z
N136,YX18KTO,2026-04-29T23:54:22.641Z
N136,YY67URG,2026-04-29T23:54:22.641Z
N136,YY67URP,2026-04-29T23:54:22.641Z
N140,LK16HZH,2026-04-29T23:54:22.641Z
N140,LK16HZJ,2026-04-29T23:54:22.641Z
N140,LK66DWU,2026-04-29T23:54:22.641Z
N140,LK66DXB,2026-04-29T23:54:22.641Z
N140,LK66EOA,2026-04-29T23:54:22.641Z
N15,LF67EXJ,2026-04-29T23:54:22.641Z
N15,YW17JVE,2026-04-29T23:54:22.641Z
N155,BD65EVT,2026-04-29T23:54:22.641Z
N155,BD65EVY,2026-04-29T23:54:22.641Z
N155,BD65EWA,2026-04-29T23:54:22.641Z
N155,BD65EWV,2026-04-29T23:54:22.641Z
N155,BD65EWX,2026-04-29T23:54:22.641Z
N155,YX18KXB,2026-04-29T23:54:22.641Z
N171,SN18KMZ,2026-04-29T23:54:22.641Z
N171,YX67VFO,2026-04-29T23:54:22.641Z
N171,YY67URO,2026-04-29T23:54:22.641Z
N18,LF75ONJ,2026-04-29T23:54:22.641Z
N18,LF75ONN,2026-04-29T23:54:22.641Z
N18,LF75OOU,2026-04-29T23:54:22.641Z
N18,LF75OPT,2026-04-29T23:54:22.641Z
N18,LF75OPY,2026-04-29T23:54:22.641Z
N199,LV73FEU,2026-04-29T23:54:22.641Z
N199,LV73FEX,2026-04-29T23:54:22.641Z
N199,LV75FLJ,2026-04-29T23:54:22.641Z
N2,LK17AGO,2026-04-29T23:54:22.641Z
N2,LK17AHZ,2026-04-29T23:54:22.641Z
N2,LK17AKV,2026-04-29T23:54:22.641Z
N205,SK20AZA,2026-04-29T23:54:22.641Z
N205,SN14TYK,2026-04-29T23:54:22.641Z
N207,SN18KKY,2026-04-29T23:54:22.641Z
N207,SN18KLF,2026-04-29T23:54:22.641Z
N207,YX17NVA,2026-04-29T23:54:22.641Z
N207,YX17NVM,2026-04-29T23:54:22.641Z
N207,YX19ORH,2026-04-29T23:54:22.641Z
N207,YX19ORK,2026-04-29T23:54:22.641Z
N21,SN18KMM,2026-04-29T23:54:22.641Z
N21,YX67VFL,2026-04-29T23:54:22.641Z
N22,BV66VHY,2026-04-29T23:54:22.641Z
N22,BV66VLE,2026-04-29T23:54:22.641Z
N22,YY66OZM,2026-04-29T23:54:22.641Z
N22,YY66OZR,2026-04-29T23:54:22.641Z
N242,LJ24ZPE,2026-04-29T23:54:22.641Z
N242,LJ24ZPH,2026-04-29T23:54:22.641Z
N242,LJ74XPG,2026-04-29T23:54:22.641Z
N242,LV25XWT,2026-04-29T23:54:22.641Z
N25,SK20AXY,2026-04-29T23:54:22.641Z
N25,SK20AXZ,2026-04-29T23:54:22.641Z
N25,SK20AYC,2026-04-29T23:54:22.641Z
N25,SK20AYJ,2026-04-29T23:54:22.641Z
N25,SK20AYM,2026-04-29T23:54:22.641Z
N25,SK20AYS,2026-04-29T23:54:22.641Z
N25,SK20AYW,2026-04-29T23:54:22.641Z
N25,SK20BBU,2026-04-29T23:54:22.641Z
N25,SK20BCE,2026-04-29T23:54:22.641Z
N25,SK20BCY,2026-04-29T23:54:22.641Z
N250,LJ10HUV,2026-04-29T23:54:22.641Z
N26,LJ24ZRL,2026-04-29T23:54:22.641Z
N26,SN16OHV,2026-04-29T23:54:22.641Z
N26,SN16OJB,2026-04-29T23:54:22.641Z
N26,SN16OJL,2026-04-29T23:54:22.641Z
N26,SN66WRJ,2026-04-29T23:54:22.641Z
N263,LK65ECA,2026-04-29T23:54:22.641Z
N263,LK66DWO,2026-04-29T23:54:22.641Z
N263,LK66EOM,2026-04-29T23:54:22.641Z
N266,LY74NYC,2026-04-29T23:54:22.641Z
N266,LY74NYD,2026-04-29T23:54:22.641Z
N266,LY74NYH,2026-04-29T23:54:22.641Z
N277,LJ24ZPK,2026-04-29T23:54:22.641Z
N277,LJ24ZRN,2026-04-29T23:54:22.641Z
N277,LV25XWX,2026-04-29T23:54:22.641Z
N277,MF25HKG,2026-04-29T23:54:22.641Z
N279,LV23ECZ,2026-04-29T23:54:22.641Z
N279,LV24VSG,2026-04-29T23:54:22.641Z
N279,LV24WUC,2026-04-29T23:54:22.641Z
N279,LV24WUK,2026-04-29T23:54:22.641Z
N279,LY24EKP,2026-04-29T23:54:22.641Z
N28,LK62DVB,2026-04-29T23:54:22.641Z
N28,LK62DVF,2026-04-29T23:54:22.641Z
N29,LJ13FAU,2026-04-29T23:54:22.641Z
N29,LJ13FBX,2026-04-29T23:54:22.641Z
N29,LJ13FBZ,2026-04-29T23:54:22.641Z
N29,LJ13FCZ,2026-04-29T23:54:22.641Z
N29,LK66GBV,2026-04-29T23:54:22.641Z
N31,LF75OPL,2026-04-29T23:54:22.641Z
N31,LJ17WRD,2026-04-29T23:54:22.641Z
N32,LK14FCA,2026-04-29T23:54:22.641Z
N32,LK64EDC,2026-04-29T23:54:22.641Z
N32,LK64EDO,2026-04-29T23:54:22.641Z
N33,LD71YLU,2026-04-29T23:54:22.641Z
N343,SN18KMY,2026-04-29T23:54:22.641Z
N343,YX18KSK,2026-04-29T23:54:22.641Z
N343,YX67VFH,2026-04-29T23:54:22.641Z
N381,LC71KWT,2026-04-29T23:54:22.641Z
N381,LV24VNX,2026-04-29T23:54:22.641Z
N381,LV24VOB,2026-04-29T23:54:22.641Z
N381,LV73FDP,2026-04-29T23:54:22.641Z
N41,LF67EUB,2026-04-29T23:54:22.641Z
N41,LF67EUH,2026-04-29T23:54:22.641Z
N44,YX18KPA,2026-04-29T23:54:22.641Z
N44,YX18KWZ,2026-04-29T23:54:22.641Z
N44,YX18KXW,2026-04-29T23:54:22.641Z
N44,YY66OYC,2026-04-29T23:54:22.641Z
N5,BU16UXF,2026-04-29T23:54:22.641Z
N5,YX68UNW,2026-04-29T23:54:22.641Z
N5,YX68UOJ,2026-04-29T23:54:22.641Z
N53,YX16OGR,2026-04-29T23:54:22.641Z
N53,YX16OGW,2026-04-29T23:54:22.641Z
N53,YX16OHL,2026-04-29T23:54:22.641Z
N550,LJ24ZPF,2026-04-29T23:54:22.641Z
N550,LJ24ZPG,2026-04-29T23:54:22.641Z
N550,SN16OHS,2026-04-29T23:54:22.641Z
N550,SN66WRE,2026-04-29T23:54:22.641Z
N550,SN66WRV,2026-04-29T23:54:22.641Z
N551,YX66WAU,2026-04-29T23:54:22.641Z
N551,YX67VBK,2026-04-29T23:54:22.641Z
N551,YY66PHU,2026-04-29T23:54:22.641Z
N551,YY66PJJ,2026-04-29T23:54:22.641Z
N551,YY66PJV,2026-04-29T23:54:22.641Z
N63,LV24VNO,2026-04-29T23:54:22.641Z
N63,YX17NVV,2026-04-29T23:54:22.641Z
N63,YY67GZN,2026-04-29T23:54:22.641Z
N65,LJ69YYB,2026-04-29T23:54:22.641Z
N7,LA68DWO,2026-04-29T23:54:22.641Z
N7,LF68PXK,2026-04-29T23:54:22.641Z
N7,LF68PXM,2026-04-29T23:54:22.641Z
N7,LK17CYW,2026-04-29T23:54:22.641Z
N7,LK17CZN,2026-04-29T23:54:22.641Z
N72,YX68UVE,2026-04-29T23:54:22.641Z
N8,SK20AYT,2026-04-29T23:54:22.641Z
N83,LA68DWN,2026-04-29T23:54:22.641Z
N83,LK15CXF,2026-04-29T23:54:22.641Z
N83,LK17CYU,2026-04-29T23:54:22.641Z
N86,LV73FFA,2026-04-29T23:54:22.641Z
N87,BD65EWO,2026-04-29T23:54:22.641Z
N87,YX18KWW,2026-04-29T23:54:22.641Z
N87,YX18KXC,2026-04-29T23:54:22.641Z
N87,YX18KXM,2026-04-29T23:54:22.641Z
N87,YX18KXV,2026-04-29T23:54:22.641Z
N89,SN18KLZ,2026-04-29T23:54:22.641Z
N89,SN18KNA,2026-04-29T23:54:22.641Z
N89,YW17JUE,2026-04-29T23:54:22.641Z
N89,YX67VFN,2026-04-29T23:54:22.641Z
N89,YX67VFP,2026-04-29T23:54:22.641Z
N89,YY67URX,2026-04-29T23:54:22.641Z
N89,YY67UTF,2026-04-29T23:54:22.641Z
N9,LA68DXV,2026-04-29T23:54:22.641Z
N9,LF68PXD,2026-04-29T23:54:22.641Z
N9,LK17CZJ,2026-04-29T23:54:22.641Z
N9,LK17DAU,2026-04-29T23:54:22.641Z
N9,LK17DDJ,2026-04-29T23:54:22.641Z
N9,LK67EZT,2026-04-29T23:54:22.641Z
N91,BL15HBJ,2026-04-29T23:54:22.641Z
N91,BL15HCD,2026-04-29T23:54:22.641Z
N91,BV66VFY,2026-04-29T23:54:22.641Z
N91,LF67EWW,2026-04-29T23:54:22.641Z
N97,LJ61GXH,2026-04-29T23:54:22.641Z
N97,YY66OZB,2026-04-29T23:54:22.641Z
N98,LK16HZS,2026-04-29T23:54:22.641Z
N98,LK66DWG,2026-04-29T23:54:22.641Z
N98,LK66DWL,2026-04-29T23:54:22.641Z
N98,LK66DWX,2026-04-29T23:54:22.641Z
N98,LK66DWY,2026-04-29T23:54:22.641Z
N98,LK66ENX,2026-04-29T23:54:22.641Z
N98,LK66EOB,2026-04-29T23:54:22.641Z
P12,LG73FZM,2026-06-01T15:49:34.177Z
P12,LG73FZP,2026-05-18T12:00:33.874Z
P12,LG73FZV,2026-06-01T15:49:34.177Z
P12,LG73FZW,2026-06-01T15:49:34.177Z
P12,YX61DVA,2026-06-01T15:49:34.177Z
P12,YX61DVC,2026-06-01T15:28:31.580Z
P12,YX61DVG,2026-05-11T13:42:23.199Z
P12,YX61DVH,2026-06-01T15:49:34.177Z
P12,YX61DVJ,2026-06-01T15:49:34.177Z
P12,YX61DVK,2026-06-01T15:49:34.177Z
P12,YX61DVL,2026-06-01T15:49:34.177Z
P12,YX61DVM,2026-06-01T15:49:34.177Z
P12,YX61DVO,2026-06-01T15:28:31.580Z
P13,YX11AHC,2026-06-01T15:49:34.177Z
P13,YX11AHE,2026-06-01T15:49:34.177Z
P13,YX11AHF,2026-05-11T13:42:23.199Z
P13,YX11AHG,2026-06-01T15:49:34.177Z
P13,YX11AHJ,2026-06-01T15:49:34.177Z
P13,YX11AHK,2026-06-01T15:49:34.177Z
P13,YX11AHL,2026-06-01T15:49:34.177Z
P13,YX11AHN,2026-06-01T15:49:34.177Z
P13,YX11AHO,2026-06-01T15:49:34.177Z
P13,YX11AHP,2026-06-01T15:49:34.177Z
P13,YX11AHU,2026-06-01T15:49:34.177Z
P13,YX66WFD,2026-05-25T13:01:20.469Z
P13,YX66WFE,2026-06-01T15:49:34.177Z
P13,YX66WFG,2026-06-01T15:49:34.177Z
P13,YX66WFH,2026-05-25T13:01:20.469Z
P4,SK17HFU,2026-06-01T15:49:34.177Z
P4,SK17HFV,2026-06-01T15:49:34.177Z
P4,SK17HFW,2026-06-01T15:49:34.177Z
P4,SK17HFX,2026-05-11T13:42:23.199Z
P4,SK17HKG,2026-06-01T15:49:34.177Z
P4,SK17HKH,2026-05-25T13:01:20.469Z
P4,SK17HKJ,2026-06-01T15:28:31.580Z
P4,SK17HKL,2026-06-01T15:28:31.580Z
P4,SK66HSE,2026-05-18T12:00:33.874Z
P4,SK66HSG,2026-06-01T15:49:34.177Z
P4,SK66HSJ,2026-05-18T12:00:33.874Z
P4,SK66HSL,2026-06-01T15:49:34.177Z
P4,SK66HSN,2026-06-01T15:49:34.177Z
P4,SK66HSO,2026-06-01T15:49:34.177Z
P4,SK66HSU,2026-05-11T13:42:23.199Z
P4,SK67FKA,2026-06-01T15:49:34.177Z
P5,BV23ZYX,2026-06-01T15:49:34.177Z
P5,BV23ZYY,2026-06-01T15:49:34.177Z
P5,BV23ZYZ,2026-06-01T15:49:34.177Z
P5,BV23ZZB,2026-06-01T15:49:34.177Z
P5,BV23ZZC,2026-06-01T15:49:34.177Z
P5,BV23ZZE,2026-06-01T15:49:34.177Z
P5,BV23ZZF,2026-06-01T15:49:34.177Z
P5,BV23ZZG,2026-05-18T12:00:33.874Z
P5,LV25XZG,2026-05-25T13:01:20.469Z
P5,LV25XZH,2026-05-04T11:29:17.869Z
P5,LV25XZJ,2026-05-11T13:42:23.199Z
P5,LV25XZK,2026-05-04T11:29:17.869Z
P5,LV25XZL,2026-05-04T11:29:17.869Z
P5,LV25XZN,2026-05-18T12:00:33.874Z
P5,LV25XZO,2026-05-11T13:42:23.199Z
P5,LV25XZR,2026-05-11T13:42:23.199Z
P5,LV25XZS,2026-06-01T15:49:34.177Z
P5,LV25XZZ,2026-05-04T11:29:17.869Z
P5,LV25ZBC,2026-05-11T13:42:23.199Z
P5,LV25ZBD,2026-05-18T12:00:33.874Z
P5,LV25ZBE,2026-05-11T13:42:23.199Z
P5,LV25ZBF,2026-05-04T11:29:17.869Z
P5,LX75ZFT,2026-05-25T13:01:20.469Z
P5,LX75ZFZ,2026-05-11T13:42:23.199Z
P5,LY25OYG,2026-05-11T13:42:23.199Z
P5,LY25OYH,2026-06-01T15:49:34.177Z
R1,YX25OBH,2026-05-25T13:01:20.469Z
R1,YX25OBM,2026-05-25T13:01:20.469Z
R1,YX25OBN,2026-05-25T13:01:20.469Z
R1,YX25OBO,2026-05-25T13:01:20.469Z
R1,YX25OBR,2026-06-01T15:49:34.177Z
R1,YX25OBU,2026-06-01T15:49:34.177Z
R1,YX25OBY,2026-06-01T15:28:31.580Z
R1,YX25OCE,2026-05-04T11:29:17.869Z
R1,YX25OCF,2026-05-25T13:01:20.469Z
R1,YX25OCY,2026-05-11T13:42:23.199Z
R1,YX61ENC,2026-06-01T15:49:34.177Z
R1,YX61ENE,2026-05-18T12:00:33.874Z
R1,YX61ENF,2026-06-01T15:49:34.177Z
R1,YX61ENJ,2026-05-18T12:00:33.874Z
R1,YX61ENL,2026-05-11T13:42:23.199Z
R1,YX61ENP,2026-05-18T12:00:33.874Z
R1,YX61ENR,2026-05-18T12:00:33.874Z
R1,YY15CNF,2026-05-04T11:29:17.869Z
R1,YY15EYP,2026-05-18T12:00:33.874Z
R10,YX61ENC,2026-05-18T12:00:33.874Z
R10,YX61ENK,2026-05-11T13:42:23.199Z
R10,YY15CNF,2026-06-01T15:49:34.177Z
R11,YX11CPO,2026-05-18T12:00:33.874Z
R11,YX25OBV,2026-05-18T12:00:33.874Z
R11,YX25OCE,2026-04-29T23:54:22.641Z
R11,YX61ENL,2026-06-01T15:49:34.177Z
R11,YX61ENO,2026-06-01T15:49:34.177Z
R11,YX61ENP,2026-06-01T15:49:34.177Z
R11,YX61FYU,2026-06-01T15:49:34.177Z
R11,YX61FYV,2026-06-01T15:49:34.177Z
R11,YX61FYW,2026-06-01T15:49:34.177Z
R11,YX61FYY,2026-06-01T15:49:34.177Z
R11,YX61FYZ,2026-06-01T15:49:34.177Z
R11,YX61FZA,2026-05-18T12:00:33.874Z
R11,YX61FZB,2026-05-18T12:00:33.874Z
R11,YX61FZZ,2026-05-18T12:00:33.874Z
R11,YY15CNF,2026-05-11T13:42:23.199Z
R11,YY15CNX,2026-04-29T23:54:22.641Z
R11,YY15EYP,2026-06-01T15:49:34.177Z
R11,YY64GWZ,2026-05-11T13:42:23.199Z
R11,YY64GXA,2026-06-01T15:49:34.177Z
R11,YY64GXB,2026-05-04T11:29:17.869Z
R11,YY64GXC,2026-05-25T13:01:20.469Z
R2,YX11CTF,2026-05-11T12:08:37.791Z
R2,YX61FYU,2026-05-11T13:42:23.199Z
R2,YX61FYW,2026-05-18T12:00:33.874Z
R2,YX61FZZ,2026-06-01T15:49:34.177Z
R2,YY15EYP,2026-05-11T13:42:23.199Z
R2,YY15EYR,2026-06-01T15:49:34.177Z
R2,YY64GWZ,2026-06-01T15:49:34.177Z
R2,YY64GXA,2026-05-11T13:42:23.199Z
R2,YY64GXB,2026-06-01T15:28:31.580Z
R3,YX25OBH,2026-06-01T15:49:34.177Z
R3,YX25OBJ,2026-06-01T15:49:34.177Z
R3,YX25OBK,2026-06-01T15:49:34.177Z
R3,YX25OBL,2026-05-25T13:01:20.469Z
R3,YX25OBM,2026-05-18T12:00:33.874Z
R3,YX25OBN,2026-05-11T13:42:23.199Z
R3,YX25OBP,2026-05-04T11:29:17.869Z
R3,YX25OBR,2026-05-18T12:00:33.874Z
R3,YX25OBT,2026-06-01T15:49:34.177Z
R3,YX25OBV,2026-05-11T13:42:23.199Z
R3,YX25OCC,2026-05-04T11:29:17.869Z
R3,YX25OCE,2026-05-25T13:01:20.469Z
R3,YX25OCH,2026-06-01T15:49:34.177Z
R3,YX25OCY,2026-05-18T12:00:33.874Z
R3,YX25OCZ,2026-06-01T15:49:34.177Z
R3,YX61ENU,2026-05-11T12:08:37.791Z
R4,YX25OBL,2026-06-01T15:49:34.177Z
R4,YX25OBY,2026-05-11T13:42:23.199Z
R4,YX25OCF,2026-05-18T12:00:33.874Z
R4,YX61ENE,2026-06-01T15:49:34.177Z
R4,YX61ENF,2026-05-18T12:00:33.874Z
R4,YX61ENH,2026-06-01T15:49:34.177Z
R4,YX61ENJ,2026-05-11T12:08:37.791Z
R4,YX61ENP,2026-05-11T13:42:23.199Z
R4,YX61ENR,2026-06-01T15:49:34.177Z
R4,YY15CNF,2026-05-25T13:01:20.469Z
R4,YY15CNX,2026-05-25T13:01:20.469Z
R4,YY15EYR,2026-05-11T12:08:37.791Z
R5,YX61ENC,2026-05-18T12:00:33.874Z
R5,YX61ENK,2026-05-11T12:08:37.791Z
R5,YY15CNF,2026-06-01T15:49:34.177Z
R68,SN17MVW,2026-05-25T13:01:20.469Z
R68,SN17MVX,2026-06-01T15:49:34.177Z
R68,SN17MVY,2026-05-25T13:01:20.469Z
R68,SN17MVZ,2026-05-11T13:42:23.199Z
R68,SN17MWA,2026-06-01T15:49:34.177Z
R68,SN17MWC,2026-05-25T13:01:20.469Z
R68,SN17MWD,2026-05-25T13:01:20.469Z
R68,SN17MWE,2026-05-18T12:00:33.874Z
R68,SN17MWG,2026-05-25T13:01:20.469Z
R68,SN17MWJ,2026-05-04T11:29:17.869Z
R68,SN66WLJ,2026-05-18T12:00:33.874Z
R68,SN66WNX,2026-05-11T13:42:23.199Z
R68,YX12DLJ,2026-06-01T15:49:34.177Z
R68,YX12DLY,2026-06-01T15:49:34.177Z
R68,YX12DLZ,2026-06-01T15:49:34.177Z
R68,YX12GHD,2026-05-11T13:42:23.199Z
R68,YX12GHG,2026-05-04T11:29:17.869Z
R68,YX12GHH,2026-06-01T15:49:34.177Z
R68,YX13EFO,2026-04-29T23:54:22.641Z
R68,YX16NZV,2026-05-25T13:01:20.469Z
R68,YX16ODL,2026-05-11T13:42:23.199Z
R68,YX16OFT,2026-05-25T13:01:20.469Z
R68,YX16OFU,2026-05-18T12:00:33.874Z
R68,YX16OFW,2026-05-11T13:42:23.199Z
R68,YX16OFY,2026-05-25T13:01:20.469Z
R68,YX16OFZ,2026-05-25T13:01:20.469Z
R68,YX16OGA,2026-06-01T15:49:34.177Z
R68,YX16OGB,2026-06-01T15:49:34.177Z
R68,YX67VEH,2026-06-01T15:49:34.177Z
R7,LJ12CGU,2026-06-01T15:49:34.177Z
R7,LJ12CGV,2026-05-11T13:42:23.199Z
R7,LJ12CGX,2026-05-11T13:42:23.199Z
R7,YX61ENC,2026-05-25T13:01:20.469Z
R7,YX61ENF,2026-05-25T13:01:20.469Z
R7,YX61ENH,2026-05-18T12:00:33.874Z
R7,YX61ENO,2026-05-18T12:00:33.874Z
R7,YX62DYH,2026-05-11T13:42:23.199Z
R7,YY15CNX,2026-06-01T15:49:34.177Z
R70,LV24VRK,2026-06-01T15:49:34.177Z
R70,LV24VRL,2026-06-01T15:49:34.177Z
R70,LV24VRM,2026-06-01T15:49:34.177Z
R70,LV24VRN,2026-06-01T15:49:34.177Z
R70,LV24VRO,2026-05-25T13:01:20.469Z
R70,LV24VRP,2026-06-01T15:49:34.177Z
R70,LV24VRR,2026-06-01T15:49:34.177Z
R70,LV24VRT,2026-06-01T15:49:34.177Z
R70,LV24VRU,2026-06-01T15:49:34.177Z
R70,LV24VRW,2026-06-01T15:49:34.177Z
R70,LV24VRX,2026-05-18T12:00:33.874Z
R70,LV24VRY,2026-06-01T15:49:34.177Z
R70,SN17MWE,2026-04-29T23:54:22.641Z
R70,SN17MWG,2026-04-29T23:54:22.641Z
R70,SN66WLJ,2026-06-01T15:49:34.177Z
R70,YX12DLJ,2026-05-18T12:00:33.874Z
R8,YX25OBY,2026-05-18T12:00:33.874Z
R8,YX25OCG,2026-06-01T15:49:34.177Z
R9,YW19VPE,2026-05-11T13:42:23.199Z
R9,YW19VPF,2026-05-18T12:00:33.874Z
R9,YW19VPP,2026-05-11T13:42:23.199Z
R9,YX11CTE,2026-05-18T12:00:33.874Z
R9,YX11CTF,2026-06-01T15:49:34.177Z
R9,YX61DTY,2026-05-25T13:01:20.469Z
R9,YX61FYW,2026-05-04T11:29:17.869Z
R9,YX61FZA,2026-06-01T15:49:34.177Z
R9,YX61FZB,2026-05-04T11:29:17.869Z
R9,YX62DYH,2026-06-01T15:49:34.177Z
R9,YY66OYN,2026-05-11T13:42:23.199Z
S1,LV25WYC,2026-05-11T13:42:23.199Z
S1,LV75HHG,2026-06-01T15:49:34.177Z
S1,LV75HHJ,2026-05-18T12:00:33.874Z
S1,LV75HHL,2026-05-11T13:42:23.199Z
S1,LV75HHN,2026-06-01T15:49:34.177Z
S1,LV75HHO,2026-06-01T15:49:34.177Z
S1,LV75HHP,2026-06-01T15:49:34.177Z
S1,LV75HHR,2026-06-01T15:49:34.177Z
S1,LV75HHS,2026-06-01T15:49:34.177Z
S1,LV75HHT,2026-06-01T15:49:34.177Z
S1,LV75HHU,2026-06-01T15:49:34.177Z
S1,LV75HHW,2026-05-18T12:00:33.874Z
S1,LV75HHX,2026-06-01T15:49:34.177Z
S2,LG73FPA,2026-05-25T13:01:20.469Z
S2,LG73FPC,2026-06-01T15:49:34.177Z
S2,LG73FPD,2026-06-01T15:49:34.177Z
S2,LG73FPE,2026-06-01T15:49:34.177Z
S2,LG73FPF,2026-06-01T15:49:34.177Z
S2,LG73FPJ,2026-06-01T15:49:34.177Z
S2,LG73FPK,2026-06-01T15:49:34.177Z
S2,LG73FPL,2026-06-01T15:49:34.177Z
S2,LG73FPN,2026-06-01T15:49:34.177Z
S3,YX16ODM,2026-06-01T15:49:34.177Z
S3,YX16ODN,2026-05-18T12:00:33.874Z
S3,YX16ODP,2026-06-01T15:49:34.177Z
S3,YX16ODR,2026-06-01T15:49:34.177Z
S3,YX16ODS,2026-05-18T12:00:33.874Z
S3,YX16ODT,2026-06-01T15:49:34.177Z
S3,YX16ODU,2026-06-01T15:49:34.177Z
S3,YX16ODV,2026-06-01T15:49:34.177Z
S3,YX16ODW,2026-06-01T15:49:34.177Z
S3,YX16OFA,2026-06-01T15:49:34.177Z
S4,LF24ZCX,2026-05-18T12:00:33.874Z
S4,LG73FYK,2026-06-01T15:49:34.177Z
S4,LG73FYL,2026-06-01T15:49:34.177Z
S4,LG73FYM,2026-05-25T13:01:20.469Z
S4,SK17HKE,2026-05-04T11:29:17.869Z
S4,SM15VKB,2026-05-11T13:42:23.199Z
S4,SM15VKC,2026-06-01T15:49:34.177Z
S4,SN64CUK,2026-05-04T11:29:17.869Z
S4,SN64CUU,2026-05-18T12:00:33.874Z
S4,SN64CUW,2026-05-04T11:29:17.869Z
S4,SN64CUY,2026-05-18T12:00:33.874Z
S4,YX61ENW,2026-06-01T15:49:34.177Z
S4,YY15GDF,2026-06-01T15:49:34.177Z
S4,YY15GDJ,2026-06-01T15:49:34.177Z
S4,YY15HKG,2026-05-25T13:01:20.469Z
S4,YY15HKH,2026-06-01T15:49:34.177Z
S4,YY15HKJ,2026-05-25T13:01:20.469Z
SCS,LF20XKO,2026-05-11T13:42:23.199Z
SCS,LF20XKP,2026-05-25T13:01:20.469Z
SCS,LF20XKS,2026-06-01T15:49:34.177Z
SCS,LF20XKT,2026-06-01T15:28:31.580Z
SCS,LF20XKU,2026-06-01T15:49:34.177Z
SL1,LF25TGY,2026-06-01T15:49:34.177Z
SL1,LF75OTK,2026-06-01T15:49:34.177Z
SL1,LK65BYM,2026-06-01T15:28:31.580Z
SL1,LK65BYN,2026-06-01T15:49:34.177Z
SL1,LK65BYO,2026-06-01T15:49:34.177Z
SL1,LK65BYP,2026-06-01T15:49:34.177Z
SL1,LK65BYY,2026-06-01T15:49:34.177Z
SL1,LK65BYZ,2026-05-18T12:00:33.874Z
SL1,LK65BZA,2026-06-01T15:49:34.177Z
SL1,LK65BZB,2026-05-18T12:00:33.874Z
SL1,LK65BZC,2026-06-01T15:49:34.177Z
SL1,LK65BZD,2026-06-01T15:49:34.177Z
SL1,LK65BZE,2026-05-11T13:42:23.199Z
SL1,LK65BZF,2026-06-01T15:49:34.177Z
SL1,LK65BZG,2026-06-01T15:49:34.177Z
SL10,LG22ATX,2026-06-01T15:28:31.580Z
SL10,LG22ATY,2026-06-01T15:49:34.177Z
SL10,LG22ATZ,2026-06-01T15:49:34.177Z
SL10,LG22AUA,2026-06-01T15:49:34.177Z
SL10,LG22AUC,2026-06-01T15:28:31.580Z
SL10,LG22AUE,2026-05-25T13:01:20.469Z
SL10,LG22AUF,2026-06-01T15:49:34.177Z
SL10,LG22AUH,2026-06-01T15:49:34.177Z
SL10,LG22AUJ,2026-06-01T15:49:34.177Z
SL10,LG22AUR,2026-05-18T12:00:33.874Z
SL10,LG71DWA,2026-05-25T13:01:20.469Z
SL10,LG71DWC,2026-06-01T15:49:34.177Z
SL10,LG71DWD,2026-06-01T15:49:34.177Z
SL10,LG71DWE,2026-06-01T15:49:34.177Z
SL10,LG71DWJ,2026-06-01T15:49:34.177Z
SL11,BG59FXD,2026-06-01T15:49:34.177Z
SL11,BG59FXF,2026-05-18T12:00:33.874Z
SL2,LK66HBD,2026-05-11T13:42:23.199Z
SL2,LK66HBE,2026-05-18T12:00:33.874Z
SL2,LK66HBF,2026-06-01T15:49:34.177Z
SL2,LK66HBG,2026-06-01T15:49:34.177Z
SL2,LK66HBJ,2026-06-01T15:49:34.177Z
SL2,LK66HBL,2026-05-18T12:00:33.874Z
SL2,LK66HBN,2026-06-01T15:49:34.177Z
SL2,LK66HBP,2026-06-01T15:49:34.177Z
SL2,LK66HBU,2026-06-01T15:49:34.177Z
SL2,LK66HBX,2026-06-01T15:49:34.177Z
SL2,LK66HBY,2026-05-25T13:01:20.469Z
SL2,LK66HBZ,2026-06-01T15:49:34.177Z
SL2,LK66HCA,2026-06-01T15:49:34.177Z
SL2,LK66HCC,2026-06-01T15:49:34.177Z
SL2,LK66HCD,2026-06-01T15:28:31.580Z
SL2,LK66HCE,2026-06-01T15:49:34.177Z
SL3,SK25AOA,2026-06-01T15:49:34.177Z
SL3,SK25AOB,2026-06-01T15:49:34.177Z
SL3,SK25AOC,2026-06-01T15:49:34.177Z
SL3,SK25AOD,2026-06-01T15:49:34.177Z
SL3,SK25AOE,2026-05-25T13:01:20.469Z
SL3,SK25AOF,2026-05-18T12:00:33.874Z
SL3,SK25AOG,2026-06-01T15:49:34.177Z
SL3,SK25AOH,2026-06-01T15:49:34.177Z
SL3,SK25AOJ,2026-06-01T15:49:34.177Z
SL3,SK25AOL,2026-06-01T15:49:34.177Z
SL3,SK25AOM,2026-06-01T15:49:34.177Z
SL3,SK25AON,2026-05-25T13:01:20.469Z
SL3,SK25AOO,2026-06-01T15:49:34.177Z
SL3,SK25AOP,2026-06-01T15:49:34.177Z
SL3,SK25AOR,2026-05-18T12:00:33.874Z
SL3,SK25AOS,2026-05-25T13:01:20.469Z
SL3,SK25AOT,2026-05-11T13:42:23.199Z
SL3,SK25BCE,2026-05-25T13:01:20.469Z
SL4,LF74TVK,2026-05-18T12:00:33.874Z
SL4,LF74TVT,2026-06-01T15:49:34.177Z
SL4,LF74TVU,2026-06-01T15:49:34.177Z
SL4,LF74TVV,2026-06-01T15:49:34.177Z
SL4,LF74TVW,2026-06-01T15:49:34.177Z
SL4,LF74TVX,2026-06-01T15:28:31.580Z
SL4,LF74TVY,2026-06-01T15:49:34.177Z
SL4,LF74TVZ,2026-05-18T12:00:33.874Z
SL4,LF74TWA,2026-06-01T15:49:34.177Z
SL4,LF74TWC,2026-06-01T15:28:31.580Z
SL4,LF74TWD,2026-06-01T15:49:34.177Z
SL4,LF74TWE,2026-05-11T13:42:23.199Z
SL4,LF74TWG,2026-06-01T15:49:34.177Z
SL4,LF74TWJ,2026-05-25T13:01:20.469Z
SL4,LF74TWK,2026-06-01T15:49:34.177Z
SL4,LF74TWL,2026-06-01T15:49:34.177Z
SL4,LF74TWM,2026-06-01T15:49:34.177Z
SL4,LF74TWN,2026-05-18T12:00:33.874Z
SL4,LF74TWP,2026-06-01T15:49:34.177Z
SL4,LF74TWU,2026-06-01T15:49:34.177Z
SL4,LF74TWV,2026-06-01T15:28:31.580Z
SL5,LF25TFY,2026-05-18T12:00:33.874Z
SL5,LF25TFZ,2026-05-25T13:01:20.469Z
SL5,LF25TGE,2026-06-01T15:49:34.177Z
SL5,LF25TGJ,2026-06-01T15:49:34.177Z
SL5,LF25TGK,2026-06-01T15:49:34.177Z
SL5,LF25TGN,2026-06-01T15:49:34.177Z
SL5,LF25TGO,2026-06-01T15:49:34.177Z
SL5,LF25TGU,2026-06-01T15:49:34.177Z
SL5,LF25TGV,2026-06-01T15:49:34.177Z
SL5,LF25TGX,2026-06-01T15:49:34.177Z
SL5,LF25TGZ,2026-06-01T15:49:34.177Z
SL5,LF25THG,2026-06-01T15:49:34.177Z
SL6,SK25BBF,2026-06-01T15:49:34.177Z
SL6,SK25BBN,2026-06-01T15:49:34.177Z
SL6,SK25BBU,2026-06-01T15:28:31.580Z
SL6,SK25BBV,2026-06-01T15:49:34.177Z
SL7,LJ12CHG,2026-06-01T15:49:34.177Z
SL7,LJ61GWP,2026-06-01T15:49:34.177Z
SL7,LJ61NVZ,2026-06-01T15:49:34.177Z
SL7,LJ61NWA,2026-06-01T15:49:34.177Z
SL7,LJ61NWB,2026-06-01T15:49:34.177Z
SL7,LJ61NWC,2026-06-01T15:49:34.177Z
SL7,LJ61NWD,2026-06-01T15:49:34.177Z
SL7,LJ61NWE,2026-06-01T15:49:34.177Z
SL7,LJ61NWF,2026-05-18T12:00:33.874Z
SL7,LJ61NWG,2026-05-25T13:01:20.469Z
SL7,LJ61NWH,2026-06-01T15:28:31.580Z
SL7,LJ61NWU,2026-06-01T15:49:34.177Z
SL7,LJ61NWV,2026-05-11T13:42:23.199Z
SL7,LK59FDP,2026-05-25T13:01:20.469Z
SL7,LX59DDL,2026-06-01T15:49:34.177Z
SL7,LX59DDN,2026-05-18T12:00:33.874Z
SL7,LX59DDO,2026-06-01T15:28:31.580Z
SL7,LX59DDU,2026-06-01T15:49:34.177Z
SL7,LX59DDV,2026-06-01T15:49:34.177Z
SL7,LX59DDY,2026-06-01T15:49:34.177Z
SL7,LX59DDZ,2026-05-25T13:01:20.469Z
SL7,LX59DEU,2026-04-29T23:54:22.641Z
SL7,LX59DFA,2026-06-01T15:49:34.177Z
SL7,LX59DFC,2026-05-25T13:01:20.469Z
SL7,LX59DFD,2026-06-01T15:49:34.177Z
SL8,LA68DWM,2026-05-25T13:01:20.469Z
SL8,LA68DWU,2026-06-01T15:49:34.177Z
SL8,LA68DWV,2026-06-01T15:49:34.177Z
SL8,LA68DWW,2026-06-01T15:49:34.177Z
SL8,LA68DWY,2026-06-01T15:49:34.177Z
SL8,LA68DWZ,2026-06-01T15:49:34.177Z
SL8,LA68DXB,2026-06-01T15:49:34.177Z
SL8,LA68DXC,2026-06-01T15:49:34.177Z
SL8,LA68DXD,2026-06-01T15:49:34.177Z
SL8,LA68DXE,2026-06-01T15:49:34.177Z
SL8,LA68DXF,2026-06-01T15:49:34.177Z
SL8,LA68DXG,2026-06-01T15:49:34.177Z
SL8,LF19FXE,2026-06-01T15:49:34.177Z
SL8,LF19FXG,2026-05-25T13:01:20.469Z
SL8,LF19FXH,2026-06-01T15:49:34.177Z
SL8,LF19FXJ,2026-06-01T15:49:34.177Z
SL8,LF19FXK,2026-06-01T15:49:34.177Z
SL8,LF19FXL,2026-06-01T15:49:34.177Z
SL8,LF19FXM,2026-06-01T15:49:34.177Z
SL8,LF19FXO,2026-05-18T12:00:33.874Z
SL8,LF19FXP,2026-06-01T15:49:34.177Z
SL8,LF19FXR,2026-06-01T15:49:34.177Z
SL8,LF19FXS,2026-06-01T15:49:34.177Z
SL8,LF19FXT,2026-06-01T15:49:34.177Z
SL8,LF19FXU,2026-06-01T15:49:34.177Z
SL8,LF19FXW,2026-05-25T13:01:20.469Z
SL8,LF19FXX,2026-06-01T15:49:34.177Z
SL8,LF19FXY,2026-06-01T15:49:34.177Z
SL9,LE21FTF,2026-06-01T15:49:34.177Z
SL9,LE21FTJ,2026-06-01T15:49:34.177Z
SL9,LE21FTK,2026-05-18T12:00:33.874Z
SL9,LG22AUL,2026-06-01T15:28:31.580Z
SL9,LG22AUY,2026-05-11T13:42:23.199Z
SL9,LG22AVB,2026-06-01T15:49:34.177Z
SL9,LG71DUU,2026-06-01T15:49:34.177Z
SL9,LG71DUV,2026-06-01T15:49:34.177Z
SL9,LG71DUY,2026-06-01T15:49:34.177Z
SL9,LG71DVA,2026-06-01T15:49:34.177Z
SL9,LG71DVB,2026-05-25T13:01:20.469Z
SL9,LG71DVC,2026-06-01T15:49:34.177Z
SL9,LG71DVH,2026-06-01T15:28:31.580Z
SL9,LG71DVJ,2026-06-01T15:49:34.177Z
SL9,LG71DVK,2026-05-25T13:01:20.469Z
SL9,LG71DVL,2026-06-01T15:49:34.177Z
U1,LK11CWF,2026-06-01T15:49:34.177Z
U1,LK11CWJ,2026-05-18T12:00:33.874Z
U1,LK11CWL,2026-04-29T23:54:22.641Z
U1,LK11CWN,2026-05-18T12:00:33.874Z
U1,LK11CWO,2026-06-01T15:49:34.177Z
U1,LK11CWP,2026-05-25T13:01:20.469Z
U1,LK11CWW,2026-06-01T15:49:34.177Z
U1,LK11CWY,2026-05-11T13:42:23.199Z
U1,LK11CXE,2026-06-01T15:49:34.177Z
U1,LK12AWA,2026-06-01T15:49:34.177Z
U1,LK12AWU,2026-05-18T12:00:33.874Z
U1,LK12AWX,2026-06-01T15:49:34.177Z
U1,LK12AWZ,2026-05-11T13:42:23.199Z
U1,LK12AXG,2026-05-18T12:00:33.874Z
U1,LK12AXH,2026-06-01T15:49:34.177Z
U1,LK12AXP,2026-05-25T13:01:20.469Z
U1,LK12AXV,2026-05-11T13:42:23.199Z
U1,LK12AXZ,2026-05-18T12:00:33.874Z
U1,LK13BFU,2026-05-11T13:42:23.199Z
U1,LK14FBA,2026-05-04T11:29:17.869Z
U1,LK16DDL,2026-05-18T12:00:33.874Z
U1,LK16DDN,2026-06-01T15:49:34.177Z
U1,LK62DXT,2026-05-11T13:42:23.199Z
U1,LK65EAO,2026-05-18T12:00:33.874Z
U10,LK11CWF,2026-05-18T12:00:33.874Z
U10,LK11CWN,2026-06-01T15:49:34.177Z
U10,LK11CWO,2026-05-11T13:42:23.199Z
U10,LK12AXW,2026-05-18T12:00:33.874Z
U2,LK11CWF,2026-05-04T11:29:17.869Z
U2,LK11CWJ,2026-06-01T15:49:34.177Z
U2,LK11CWL,2026-06-01T15:49:34.177Z
U2,LK11CWP,2026-06-01T15:49:34.177Z
U2,LK11CWT,2026-05-18T12:00:33.874Z
U2,LK11CWU,2026-05-25T13:01:20.469Z
U2,LK11CWV,2026-05-18T12:00:33.874Z
U2,LK11CWZ,2026-05-25T13:01:20.469Z
U2,LK11CXC,2026-06-01T15:49:34.177Z
U2,LK12AWU,2026-06-01T15:49:34.177Z
U2,LK12AXA,2026-05-18T12:00:33.874Z
U2,LK12AXG,2026-06-01T15:49:34.177Z
U2,LK12AXR,2026-05-18T12:00:33.874Z
U2,LK12AXV,2026-05-18T12:00:33.874Z
U2,LK12AXW,2026-06-01T15:49:34.177Z
U2,LK12AXZ,2026-06-01T15:49:34.177Z
U2,LK16DDL,2026-05-11T13:42:23.199Z
U2,LK16DDN,2026-05-11T13:42:23.199Z
U2,LK16DDO,2026-05-18T12:00:33.874Z
U3,LK12AVU,2026-06-01T15:49:34.177Z
U3,LK12AWA,2026-05-18T12:00:33.874Z
U3,LK13BFU,2026-06-01T15:49:34.177Z
U3,LK14FAA,2026-05-18T12:00:33.874Z
U3,LK14FAF,2026-05-11T13:42:23.199Z
U3,LK14FAU,2026-06-01T15:49:34.177Z
U3,LK14FBA,2026-06-01T15:49:34.177Z
U3,LK14FBB,2026-05-18T12:00:33.874Z
U3,LK14FBD,2026-05-11T13:42:23.199Z
U3,LK14FBE,2026-06-01T15:49:34.177Z
U3,LK14FBF,2026-05-11T12:08:37.791Z
U3,LK14FBG,2026-05-11T13:42:23.199Z
U3,LK16DFD,2026-05-18T12:00:33.874Z
U3,LK16DFE,2026-05-18T12:00:33.874Z
U3,LK16DFN,2026-06-01T15:49:34.177Z
U3,LK16DFO,2026-05-25T13:01:20.469Z
U3,LK16DFZ,2026-05-11T12:08:37.791Z
U3,LK16DGF,2026-05-11T13:42:23.199Z
U3,LK16DGU,2026-05-11T13:42:23.199Z
U3,LK61BNJ,2026-06-01T15:49:34.177Z
U3,LK62DPU,2026-06-01T15:49:34.177Z
U3,LK62DPY,2026-06-01T15:49:34.177Z
U3,LK62DRV,2026-05-25T13:01:20.469Z
U3,LK62DRZ,2026-05-18T12:00:33.874Z
U3,LK62DSE,2026-05-18T12:00:33.874Z
U3,LK62DSV,2026-06-01T15:49:34.177Z
U3,LK62DTN,2026-06-01T15:49:34.177Z
U3,LK62DTU,2026-05-25T13:01:20.469Z
U3,LK62DTV,2026-05-18T12:00:33.874Z
U3,LK62DXT,2026-05-18T12:00:33.874Z
U3,LK62DXX,2026-05-25T13:01:20.469Z
U3,LK62DYF,2026-05-04T11:29:17.869Z
U3,LK67CXG,2026-05-11T13:42:23.199Z
U3,LK67CXH,2026-05-18T12:00:33.874Z
U3,LK67CXN,2026-05-25T13:01:20.469Z
U3,LK67CXO,2026-05-11T13:42:23.199Z
U3,LK67CXW,2026-05-11T13:42:23.199Z
U4,LK12AVD,2026-05-18T12:00:33.874Z
U4,LK12AVU,2026-05-25T13:01:20.469Z
U4,LK12AWA,2026-05-25T13:01:20.469Z
U4,LK14FAF,2026-06-01T15:49:34.177Z
U4,LK14FAJ,2026-05-11T13:42:23.199Z
U4,LK14FAO,2026-05-25T13:01:20.469Z
U4,LK14FAU,2026-05-04T11:29:17.869Z
U4,LK14FBB,2026-06-01T15:49:34.177Z
U4,LK14FBC,2026-06-01T15:49:34.177Z
U4,LK14FBD,2026-05-04T11:29:17.869Z
U4,LK14FBE,2026-05-18T12:00:33.874Z
U4,LK14FBF,2026-05-18T12:00:33.874Z
U4,LK16DFE,2026-05-25T13:01:20.469Z
U4,LK16DFF,2026-05-18T12:00:33.874Z
U4,LK16DFL,2026-05-11T13:42:23.199Z
U4,LK16DFP,2026-05-11T13:42:23.199Z
U4,LK16DFV,2026-06-01T15:49:34.177Z
U4,LK16DFX,2026-05-04T11:29:17.869Z
U4,LK16DGF,2026-05-18T12:00:33.874Z
U4,LK16DGO,2026-05-11T13:42:23.199Z
U4,LK16HZC,2026-06-01T15:49:34.177Z
U4,LK62DPU,2026-05-25T13:01:20.469Z
U4,LK62DPY,2026-05-18T12:00:33.874Z
U4,LK62DRV,2026-05-18T12:00:33.874Z
U4,LK62DRZ,2026-06-01T15:49:34.177Z
U4,LK62DSE,2026-06-01T15:49:34.177Z
U4,LK62DSV,2026-05-18T12:00:33.874Z
U4,LK62DTN,2026-05-18T12:00:33.874Z
U4,LK62DTU,2026-06-01T15:49:34.177Z
U4,LK62DXT,2026-06-01T15:49:34.177Z
U4,LK62DXX,2026-06-01T15:49:34.177Z
U4,LK67CXG,2026-05-18T12:00:33.874Z
U4,LK67CXH,2026-06-01T15:49:34.177Z
U4,LK67CXJ,2026-05-18T12:00:33.874Z
U4,LK67CXP,2026-06-01T15:49:34.177Z
U4,LK67CXS,2026-05-25T13:01:20.469Z
U5,LG22APK,2026-06-01T15:49:34.177Z
U5,LG22APO,2026-06-01T15:49:34.177Z
U5,LG22APU,2026-06-01T15:28:31.580Z
U5,LG22APV,2026-05-25T13:01:20.469Z
U5,LG22APX,2026-06-01T15:49:34.177Z
U5,LG22APY,2026-06-01T15:49:34.177Z
U5,LG22APZ,2026-05-25T13:01:20.469Z
U5,LG22ARF,2026-06-01T15:49:34.177Z
U5,LG22ARO,2026-06-01T15:49:34.177Z
U5,LG22ARU,2026-05-25T13:01:20.469Z
U5,LG22ARX,2026-06-01T15:28:31.580Z
U5,LG22ARZ,2026-06-01T15:49:34.177Z
U5,SK20AZV,2026-06-01T15:49:34.177Z
U7,SN17MSX,2026-06-01T15:49:34.177Z
U7,YX10EBJ,2026-05-11T13:42:23.199Z
U7,YX16NZT,2026-06-01T15:49:34.177Z
U7,YX16OAU,2026-06-01T15:49:34.177Z
U7,YX16OFR,2026-06-01T15:28:31.580Z
U7,YX16OFS,2026-06-01T15:49:34.177Z
U9,SN66WNO,2026-06-01T15:49:34.177Z
U9,SN66WNR,2026-06-01T15:28:31.580Z
U9,YX16OFB,2026-06-01T15:49:34.177Z
W11,YJ24BHV,2026-06-01T15:49:34.177Z
W11,YJ24BHW,2026-06-01T15:49:34.177Z
W11,YJ24BHX,2026-06-01T15:49:34.177Z
W11,YJ24BHY,2026-06-01T15:49:34.177Z
W11,YJ24BHZ,2026-06-01T15:49:34.177Z
W11,YJ73BXA,2026-05-18T12:00:33.874Z
W11,YJ73BXB,2026-06-01T15:49:34.177Z
W11,YJ73BXC,2026-06-01T15:49:34.177Z
W11,YJ73BXD,2026-05-25T13:01:20.469Z
W11,YJ73BXE,2026-06-01T15:49:34.177Z
W11,YX66WGF,2026-05-25T13:01:20.469Z
W12,YX17NWE,2026-05-18T12:00:33.874Z
W12,YX25NYP,2026-06-01T15:49:34.177Z
W12,YX25NYR,2026-06-01T15:49:34.177Z
W12,YX25NYT,2026-06-01T15:49:34.177Z
W12,YX25NYU,2026-06-01T15:49:34.177Z
W12,YX25NYV,2026-06-01T15:49:34.177Z
W12,YX25NYW,2026-05-11T13:42:23.199Z
W12,YX25NYY,2026-06-01T15:49:34.177Z
W12,YX25NYZ,2026-06-01T15:49:34.177Z
W12,YX25NZA,2026-06-01T15:49:34.177Z
W12,YX25NZB,2026-05-25T13:01:20.469Z
W12,YX25NZC,2026-06-01T15:49:34.177Z
W12,YX25NZD,2026-06-01T15:49:34.177Z
W12,YX25NZE,2026-05-11T13:42:23.199Z
W12,YX25NZF,2026-05-25T13:01:20.469Z
W12,YX25NZG,2026-06-01T15:49:34.177Z
W12,YX25NZH,2026-06-01T15:49:34.177Z
W12,YX66WGD,2026-05-11T13:42:23.199Z
W12,YY66PYJ,2026-06-01T15:49:34.177Z
W13,LF73DYA,2026-05-25T13:01:20.469Z
W13,LF73DYB,2026-05-04T11:29:17.869Z
W13,LF73DYC,2026-06-01T15:49:34.177Z
W13,LJ24ZKF,2026-06-01T15:49:34.177Z
W13,LJ24ZKG,2026-06-01T15:49:34.177Z
W13,LJ24ZKK,2026-05-18T12:00:33.874Z
W13,LJ24ZKM,2026-05-11T13:42:23.199Z
W13,LJ24ZKO,2026-05-18T12:00:33.874Z
W13,LJ24ZKP,2026-06-01T15:49:34.177Z
W13,LJ24ZKR,2026-06-01T15:49:34.177Z
W13,LJ24ZKS,2026-05-25T13:01:20.469Z
W13,LJ24ZKU,2026-06-01T15:49:34.177Z
W13,LJ24ZKV,2026-05-18T12:00:33.874Z
W13,LJ24ZKW,2026-05-11T13:42:23.199Z
W13,LJ25XMT,2026-05-04T11:29:17.869Z
W13,LJ25XMU,2026-05-11T13:42:23.199Z
W13,LJ25XMV,2026-06-01T15:49:34.177Z
W13,LJ25XMW,2026-05-25T13:01:20.469Z
W13,LJ25XMY,2026-05-18T12:00:33.874Z
W13,LJ25XMZ,2026-05-25T13:01:20.469Z
W13,LJ25XNB,2026-05-11T13:42:23.199Z
W13,LJ25XNC,2026-05-11T13:42:23.199Z
W13,LJ25XND,2026-06-01T15:49:34.177Z
W14,LJ24ZKE,2026-05-18T12:00:33.874Z
W14,LJ24ZKF,2026-05-04T11:29:17.869Z
W14,LJ24ZKH,2026-05-04T11:29:17.869Z
W14,LJ24ZKW,2026-05-25T13:01:20.469Z
W14,LJ25XMW,2026-05-11T13:42:23.199Z
W14,LJ25XNC,2026-06-01T15:49:34.177Z
W14,LJ25XND,2026-05-11T13:42:23.199Z
W15,LB71ECV,2026-05-18T12:00:33.874Z
W15,LB71ECW,2026-05-18T12:00:33.874Z
W15,LB71ECX,2026-05-18T12:00:33.874Z
W15,LB71XNR,2026-06-01T15:49:34.177Z
W15,LB71XNT,2026-06-01T15:49:34.177Z
W15,LB71XNU,2026-05-04T11:29:17.869Z
W15,LB71XNV,2026-05-18T12:00:33.874Z
W15,LB71XNW,2026-06-01T15:49:34.177Z
W15,LB71XNX,2026-05-18T12:00:33.874Z
W15,LF20XMS,2026-06-01T15:49:34.177Z
W15,LF20XMT,2026-06-01T15:49:34.177Z
W15,LF20XMU,2026-06-01T15:49:34.177Z
W15,LF20XMW,2026-06-01T15:49:34.177Z
W15,LF20XMX,2026-05-25T13:01:20.469Z
W15,LF20XMY,2026-05-18T12:00:33.874Z
W15,LF70YWA,2026-05-11T13:42:23.199Z
W15,LF70YWD,2026-06-01T15:49:34.177Z
W15,LF70YWE,2026-05-11T12:08:37.791Z
W15,LF70YWH,2026-06-01T15:49:34.177Z
W15,LF70YWJ,2026-05-25T13:01:20.469Z
W15,LF70YWK,2026-05-18T12:00:33.874Z
W15,LF70YWL,2026-06-01T15:49:34.177Z
W15,LF70YWN,2026-05-25T13:01:20.469Z
W15,LF70YWO,2026-05-25T13:01:20.469Z
W15,LF70YWP,2026-05-25T13:01:20.469Z
W15,LF70YWR,2026-05-25T13:01:20.469Z
W15,LF70YWS,2026-05-18T12:00:33.874Z
W15,LF70YWT,2026-06-01T15:49:34.177Z
W15,LF70YWU,2026-06-01T15:49:34.177Z
W15,LF70YWW,2026-06-01T15:49:34.177Z
W15,LF70YWX,2026-06-01T15:49:34.177Z
W15,LJ67DKD,2026-06-01T15:49:34.177Z
W15,LJ67DKE,2026-05-25T13:01:20.469Z
W15,LJ67DKK,2026-05-11T13:42:23.199Z
W16,YX17NWA,2026-06-01T15:49:34.177Z
W16,YX17NWB,2026-05-04T11:29:17.869Z
W16,YX17NWE,2026-06-01T15:49:34.177Z
W16,YX65RNE,2026-05-11T13:42:23.199Z
W16,YX66WGD,2026-06-01T15:49:34.177Z
W16,YX66WGK,2026-05-18T12:00:33.874Z
W16,YX66WGM,2026-05-18T12:00:33.874Z
W16,YY66PYB,2026-06-01T15:49:34.177Z
W16,YY66PYD,2026-05-25T13:01:20.469Z
W16,YY66PYF,2026-06-01T15:49:34.177Z
W16,YY66PYG,2026-06-01T15:49:34.177Z
W16,YY66PYH,2026-06-01T15:49:34.177Z
W16,YY66PYJ,2026-05-18T12:00:33.874Z
W16,YY66PYL,2026-06-01T15:49:34.177Z
W16,YY66PYP,2026-06-01T15:49:34.177Z
W16,YY66PYS,2026-05-25T13:01:20.469Z
W16,YY66PYT,2026-05-18T12:00:33.874Z
W19,LX12DJV,2026-06-01T15:49:34.177Z
W19,LX12DJZ,2026-06-01T15:49:34.177Z
W19,YX11AEU,2026-06-01T15:49:34.177Z
W19,YX11CNU,2026-06-01T15:28:31.580Z
W19,YX17NWC,2026-06-01T15:49:34.177Z
W19,YX65RMY,2026-05-11T13:42:23.199Z
W19,YX65RNA,2026-06-01T15:49:34.177Z
W19,YX65RNE,2026-05-18T12:00:33.874Z
W19,YX66WFS,2026-06-01T15:49:34.177Z
W19,YX66WFT,2026-06-01T15:49:34.177Z
W19,YX66WFU,2026-06-01T15:49:34.177Z
W19,YX66WFV,2026-06-01T15:49:34.177Z
W19,YX66WFW,2026-05-25T13:01:20.469Z
W19,YX66WFY,2026-06-01T15:49:34.177Z
W19,YX66WFZ,2026-05-18T12:00:33.874Z
W19,YX66WGC,2026-06-01T15:49:34.177Z
W19,YX66WGD,2026-05-18T12:00:33.874Z
W19,YX66WGE,2026-06-01T15:28:31.580Z
W19,YX66WGF,2026-06-01T15:49:34.177Z
W19,YX66WGG,2026-06-01T15:49:34.177Z
W19,YX66WGJ,2026-06-01T15:49:34.177Z
W19,YX66WGK,2026-06-01T15:49:34.177Z
W19,YX66WGM,2026-06-01T15:49:34.177Z
W19,YX66WGN,2026-05-25T13:01:20.469Z
W19,YY66PYH,2026-05-18T12:00:33.874Z
W3,LJ13FAM,2026-06-01T15:49:34.177Z
W3,LJ13FBB,2026-06-01T15:28:31.580Z
W3,LJ13FBL,2026-06-01T15:49:34.177Z
W3,LJ13FBN,2026-04-29T23:54:22.641Z
W3,LJ13FBY,2026-05-18T12:00:33.874Z
W3,LJ13FCG,2026-05-18T12:00:33.874Z
W3,LJ13FCV,2026-05-25T13:01:20.469Z
W3,LJ13FCY,2026-05-25T13:01:20.469Z
W3,LJ13FDC,2026-05-25T13:01:20.469Z
W3,LJ17WVH,2026-06-01T15:49:34.177Z
W3,LJ60AXD,2026-06-01T15:49:34.177Z
W3,LK17AJX,2026-05-11T13:42:23.199Z
W3,LK17AJY,2026-06-01T15:49:34.177Z
W3,LK17AKG,2026-06-01T15:49:34.177Z
W3,LK66GAU,2026-06-01T15:49:34.177Z
W3,LK66GBE,2026-05-25T13:01:20.469Z
W3,LK66GBO,2026-06-01T15:49:34.177Z
W3,LK66GBX,2026-06-01T15:28:31.580Z
W3,LK66GBZ,2026-05-11T13:42:23.199Z
W3,LK66GCF,2026-05-18T12:00:33.874Z
W3,LK66GCO,2026-06-01T15:49:34.177Z
W3,LK66GCV,2026-05-18T12:00:33.874Z
W3,LK66GCX,2026-06-01T15:49:34.177Z
W3,LK66GCY,2026-05-25T13:01:20.469Z
W3,LK66GCZ,2026-05-11T13:42:23.199Z
W3,LK66GDA,2026-06-01T15:49:34.177Z
W3,LK66GDE,2026-06-01T15:49:34.177Z
W3,LK66GDF,2026-06-01T15:49:34.177Z
W3,LK66GDJ,2026-05-18T12:00:33.874Z
W3,LK66HCG,2026-06-01T15:49:34.177Z
W3,LK66HCJ,2026-05-18T12:00:33.874Z
W3,LK66HCL,2026-05-11T13:42:23.199Z
W3,LK66HCN,2026-05-18T12:00:33.874Z
W3,LK66HCU,2026-06-01T15:49:34.177Z
W3,LK66HCV,2026-06-01T15:49:34.177Z
W3,LK66HCX,2026-06-01T15:49:34.177Z
W3,LK66HCZ,2026-06-01T15:49:34.177Z
W3,LK66HDA,2026-05-11T12:08:37.791Z
W3,LK66HDC,2026-05-11T13:42:23.199Z
W3,LK66HDN,2026-05-25T13:01:20.469Z
W4,LK16BXY,2026-05-25T13:01:20.469Z
W4,LK16BYA,2026-05-11T13:42:23.199Z
W4,YY67HCA,2026-06-01T15:49:34.177Z
W4,YY67HCC,2026-05-04T11:29:17.869Z
W4,YY67HCD,2026-06-01T15:49:34.177Z
W4,YY67HCE,2026-06-01T15:49:34.177Z
W4,YY67HCF,2026-06-01T15:49:34.177Z
W4,YY67HCG,2026-06-01T15:28:31.580Z
W4,YY67HCH,2026-06-01T15:49:34.177Z
W4,YY67HCJ,2026-06-01T15:49:34.177Z
W4,YY67HCK,2026-06-01T15:49:34.177Z
W4,YY67HCL,2026-06-01T15:49:34.177Z
W4,YY67HCO,2026-06-01T15:49:34.177Z
W4,YY67HCP,2026-05-25T13:01:20.469Z
W4,YY67HCU,2026-06-01T15:49:34.177Z
W4,YY67HCV,2026-05-25T13:01:20.469Z
W4,YY67HCX,2026-06-01T15:49:34.177Z
W4,YY67HCZ,2026-06-01T15:49:34.177Z
W5,YJ23EHS,2026-05-18T12:00:33.874Z
W5,YJ23EHU,2026-06-01T15:49:34.177Z
W5,YJ23EHV,2026-06-01T15:49:34.177Z
W5,YJ23EHW,2026-06-01T15:49:34.177Z
W5,YJ23EHX,2026-06-01T15:49:34.177Z
W5,YJ23EHY,2026-05-25T13:01:20.469Z
W5,YJ23EHZ,2026-06-01T15:49:34.177Z
W5,YJ24BKD,2026-06-01T15:49:34.177Z
W5,YJ24BKF,2026-05-18T12:00:33.874Z
W5,YJ74DGF,2026-05-11T13:42:23.199Z
W6,YX67VHL,2026-06-01T15:49:34.177Z
W6,YX67VHM,2026-06-01T15:49:34.177Z
W6,YX67VHN,2026-05-11T13:42:23.199Z
W6,YX67VHP,2026-06-01T15:49:34.177Z
W6,YX67VHR,2026-06-01T15:49:34.177Z
W6,YX67VHT,2026-06-01T15:49:34.177Z
W6,YX67VHU,2026-06-01T15:49:34.177Z
W6,YX67VHV,2026-05-25T13:01:20.469Z
W6,YX67VHW,2026-06-01T15:49:34.177Z
W6,YX67VHY,2026-06-01T15:49:34.177Z
W7,LF25SWU,2026-06-01T15:49:34.177Z
W7,LF25SWV,2026-06-01T15:49:34.177Z
W7,LF25SWZ,2026-06-01T15:49:34.177Z
W7,LV23ZBJ,2026-05-25T13:01:20.469Z
W7,LV23ZBL,2026-05-25T13:01:20.469Z
W7,LV23ZBO,2026-05-18T12:00:33.874Z
W7,LV23ZBP,2026-06-01T15:49:34.177Z
W7,LV23ZBR,2026-05-04T11:29:17.869Z
W7,LV23ZBU,2026-06-01T15:49:34.177Z
W7,LV23ZBX,2026-05-11T12:08:37.791Z
W7,LV23ZBY,2026-05-18T12:00:33.874Z
W7,LV23ZBZ,2026-06-01T15:49:34.177Z
W7,LV74TKY,2026-05-25T13:01:20.469Z
W7,LV74TKZ,2026-05-11T13:42:23.199Z
W7,LV74YVT,2026-06-01T15:49:34.177Z
W7,LV74YVW,2026-06-01T15:49:34.177Z
W7,LY74EWB,2026-05-04T11:29:17.869Z
W7,LY74EWC,2026-05-18T12:00:33.874Z
W7,LY74EWD,2026-05-25T13:01:20.469Z
W7,LY74EWE,2026-06-01T15:49:34.177Z
W7,LY74EWF,2026-05-18T12:00:33.874Z
W7,LY74EWG,2026-05-11T12:08:37.791Z
W7,LY74EWJ,2026-05-25T13:01:20.469Z
W7,LY74EWL,2026-06-01T15:49:34.177Z
W7,LY74EWM,2026-05-18T12:00:33.874Z
W7,LY74NXV,2026-05-04T11:29:17.869Z
W7,LY74NXW,2026-05-11T13:42:23.199Z
W8,LF25SXC,2026-06-01T15:49:34.177Z
W8,LF25SXD,2026-06-01T15:49:34.177Z
W8,LF25SXE,2026-05-18T12:00:33.874Z
W8,LF25SXG,2026-06-01T15:49:34.177Z
W8,LF25SXH,2026-06-01T15:49:34.177Z
W8,LF25SXK,2026-06-01T15:49:34.177Z
W8,LF25SXL,2026-05-18T12:00:33.874Z
W8,LF25SXM,2026-05-25T13:01:20.469Z
W8,LF25SXN,2026-06-01T15:49:34.177Z
W8,LF25SXO,2026-06-01T15:49:34.177Z
W8,LF25SXP,2026-06-01T15:49:34.177Z
W8,LF25SXR,2026-06-01T15:49:34.177Z
W8,LF25SXS,2026-06-01T15:49:34.177Z
W8,LF25SXT,2026-06-01T15:49:34.177Z
W8,LF25SXU,2026-06-01T15:49:34.177Z
W8,LF25SXV,2026-06-01T15:49:34.177Z
W8,LF25SXW,2026-06-01T15:49:34.177Z
W9,LK10BYT,2026-05-11T13:42:23.199Z
W9,LK12AXS,2026-05-11T13:42:23.199Z
W9,LK12AYF,2026-05-11T13:42:23.199Z
W9,LK12AYG,2026-05-18T12:00:33.874Z
W9,LK12AYP,2026-06-01T15:49:34.177Z
W9,LK62DFY,2026-06-01T15:49:34.177Z
W9,LK62DGF,2026-06-01T15:49:34.177Z
W9,LK62DGO,2026-06-01T15:49:34.177Z
W9,LK62DHD,2026-06-01T15:49:34.177Z
W9,LK62DHE,2026-06-01T15:49:34.177Z
W9,LK62DHG,2026-06-01T15:49:34.177Z
W9,LK62DHP,2026-05-11T12:08:37.791Z
W9,LK62DHU,2026-05-18T12:00:33.874Z
W9,LK62DHV,2026-05-18T12:00:33.874Z
W9,YX61EKR,2026-06-01T15:49:34.177Z
W9,YX61EKY,2026-05-11T13:42:23.199Z
