registration,bonnet_no,operator
185CLT,EA5,Arriva
361CLT,DW261,Arriva
593CLT,HV393,Arriva
BD13OHJ,VH45111,First Bus
BD13OHU,VH45101,First Bus
BD13OHV,VH45102,First Bus
BD13OHW,VH45103,First Bus
BD13OHX,VH45104,First Bus
BD13OHY,VH45105,First Bus
BD13OHZ,VH45106,First Bus
BD13OJA,VH45107,First Bus
BD13OJB,VH45108,First Bus
BD13OJC,VH45109,First Bus
BD13OJE,VH45110,First Bus
BD65EVM,WHV83,Go-Ahead
BD65EVN,WHV81,Go-Ahead
BD65EVP,WHV85,Go-Ahead
BD65EVR,WHV84,Go-Ahead
BD65EVT,WHV86,Go-Ahead
BD65EVU,WHV87,Go-Ahead
BD65EVV,WHV101,Go-Ahead
BD65EVW,WHV90,Go-Ahead
BD65EVX,WHV88,Go-Ahead
BD65EVY,WHV89,Go-Ahead
BD65EWA,WHV91,Go-Ahead
BD65EWN,WHV102,Go-Ahead
BD65EWO,WHV93,Go-Ahead
BD65EWP,WHV92,Go-Ahead
BD65EWR,WHV103,Go-Ahead
BD65EWS,WHV94,Go-Ahead
BD65EWT,WHV110,Go-Ahead
BD65EWU,WHV104,Go-Ahead
BD65EWV,WHV98,Go-Ahead
BD65EWW,WHV107,Go-Ahead
BD65EWX,WHV100,Go-Ahead
BD65EWY,WHV95,Go-Ahead
BD65EWZ,WHV96,Go-Ahead
BD65EXA,WHV109,Go-Ahead
BF15KFU,VWH2706,Metroline
BF15KFV,VWH2707,Metroline
BF15KGJ,13079,Stagecoach London
BF15KGK,13061,Stagecoach London
BF15KGN,13062,Stagecoach London
BF15KGO,13080,Stagecoach London
BF15KGP,13063,Stagecoach London
BF15KGU,13064,Stagecoach London
BF15KGV,13065,Stagecoach London
BF15KGX,13066,Stagecoach London
BF15KGY,13067,Stagecoach London
BF15KGZ,13068,Stagecoach London
BF15KHA,13077,Stagecoach London
BF15KHB,13069,Stagecoach London
BF15KHC,13070,Stagecoach London
BF15KHD,13071,Stagecoach London
BF15KHE,13081,Stagecoach London
BF15KHG,13072,Stagecoach London
BF15KHH,13073,Stagecoach London
BF15KHJ,13074,Stagecoach London
BF63HDE,WVL509,Metrobus
BF63HDG,WVL510,Metrobus
BF65WJA,WHV52,Go-Ahead
BF65WJC,WHV63,Go-Ahead
BF65WJD,WHV61,Go-Ahead
BF65WJE,WHV62,Go-Ahead
BF65WJG,WHV71,Go-Ahead
BF65WJJ,WHV67,Go-Ahead
BF65WJK,WHV64,Go-Ahead
BF65WJM,WHV66,Go-Ahead
BF65WJN,WHV65,Go-Ahead
BF65WJO,WHV70,Go-Ahead
BF65WJU,WHV69,Go-Ahead
BF65WJV,WHV68,Go-Ahead
BF65WJX,WHV72,Go-Ahead
BF65WJY,WHV74,Go-Ahead
BF65WJZ,WHV76,Go-Ahead
BF65WKA,WHV73,Go-Ahead
BF65WKB,WHV75,Go-Ahead
BF65WKC,WHV79,Go-Ahead
BF65WKD,WHV78,Go-Ahead
BF65WKE,WHV80,Go-Ahead
BF65WKG,WHV77,Go-Ahead
BF65WLH,WHV82,Go-Ahead
BF67GKD,VH45216,First Bus
BF67GKE,VH45217,First Bus
BF67GKG,VH45218,First Bus
BF67GKJ,VH45219,First Bus
BF67GKK,VH45220,First Bus
BF67GKL,VH45226,First Bus
BF67GKN,VH45228,First Bus
BF67GKO,VH45227,First Bus
BF67GKP,VH45229,First Bus
BF67GKU,VH45230,First Bus
BF67GKV,VH45231,First Bus
BF67GKX,VH45221,First Bus
BF67GKY,VH45222,First Bus
BF67GKZ,VH45233,First Bus
BF67GLJ,VH45234,First Bus
BF67GLK,VH45232,First Bus
BF67GLV,VH45235,First Bus
BF67GLY,VH45236,First Bus
BF67GLZ,VH45223,First Bus
BF67GME,VH45238,First Bus
BF67GMG,VH45237,First Bus
BF67GMO,VH45224,First Bus
BF67GMU,VH45239,First Bus
BF67GMV,VH45241,First Bus
BF67GMX,VH45240,First Bus
BF67GMY,VH45225,First Bus
BF67GMZ,VH45242,First Bus
BF67GNJ,VH45244,First Bus
BF67GNK,VH45243,First Bus
BF67GNN,VH45245,First Bus
BF67GNO,VH45247,First Bus
BF67GNP,VH45251,First Bus
BF67GNU,VH45246,First Bus
BF67GNV,VH45249,First Bus
BF67GNX,VH45248,First Bus
BF67GUD,VH45250,First Bus
BG14ONR,HV181,Arriva
BG14ONS,HV183,Arriva
BG14ONT,HV182,Arriva
BG14ONU,HV185,Arriva
BG14ONV,HV184,Arriva
BG14ONW,HV187,Arriva
BG14ONX,HV186,Arriva
BG14ONZ,HV190,Arriva
BG14OOA,HV188,Arriva
BG14OOB,HV191,Arriva
BG14OOC,HV192,Arriva
BG14OOD,HV189,Arriva
BG59FXC,WVN26,Go-Ahead
BG59FXD,WVN27,Go-Ahead
BG59FXE,WVN28,Go-Ahead
BG59FXF,WVN29,Go-Ahead
BG59FXH,WVN30,Go-Ahead
BG66MHV,MHV81,Go-Ahead
BG66MHX,MHV24,Go-Ahead
BG66MHY,MHV29,Go-Ahead
BJ14KSU,HV177,Arriva
BJ14KSV,HV178,Arriva
BJ14KSX,HV179,Arriva
BJ14KSY,HV180,Arriva
BJ15TVZ,13075,Stagecoach London
BJ15TWA,13076,Stagecoach London
BJ15TWC,13078,Stagecoach London
BJ15TWL,EHV3,Go-Ahead
BJ15TWP,EHV5,Go-Ahead
BK15AZR,EHV1,Go-Ahead
BK15AZT,EHV2,Go-Ahead
BL15HBJ,EHV6,Go-Ahead
BL15HBK,EHV4,Go-Ahead
BL15HBN,EHV16,Go-Ahead
BL15HBO,EHV7,Go-Ahead
BL15HBP,EHV8,Go-Ahead
BL15HBU,EHV9,Go-Ahead
BL15HBX,EHV10,Go-Ahead
BL15HBY,EHV11,Go-Ahead
BL15HBZ,EHV12,Go-Ahead
BL15HCA,EHV13,Go-Ahead
BL15HCC,EHV14,Go-Ahead
BL15HCD,EHV15,Go-Ahead
BL61ACX,WVN47,Go-Ahead
BL61ACY,WVN46,Go-Ahead
BL61ACZ,WVN49,Go-Ahead
BL61ADO,WVN51,Metrobus
BL61ADU,WVN48,Go-Ahead
BL61ADV,WVN50,Metrobus
BL61ADX,WVN52,Metrobus
BL64MHE,VWH2697,Metroline
BL64MHF,VWH2698,Metroline
BL64MHJ,VWH2699,Metroline
BL64MHK,VWH2700,Metroline
BL64MHM,VWH2701,Metroline
BL64MHN,VWH2702,Metroline
BL64MHU,VWH2703,Metroline
BL64MHV,VWH2704,Metroline
BL64MHX,VWH2705,Metroline
BL65OYA,13082,Stagecoach London
BL65OYB,13083,Stagecoach London
BL65OYC,13084,Stagecoach London
BL65OYD,13085,Stagecoach London
BL65OYE,13086,Stagecoach London
BL65OYF,13087,Stagecoach London
BL65OYG,13088,Stagecoach London
BL65OYH,13089,Stagecoach London
BL65OYJ,13090,Stagecoach London
BL65OYK,13091,Stagecoach London
BL65OYM,13092,Stagecoach London
BL65OYN,13093,Stagecoach London
BL65OYO,13094,Stagecoach London
BL65OYP,13095,Stagecoach London
BL65OYR,13096,Stagecoach London
BL65OYT,13097,Stagecoach London
BL65OYU,13098,Stagecoach London
BL65OYV,13099,Stagecoach London
BL65OYW,13100,Stagecoach London
BL65OYX,13101,Stagecoach London
BL65OYY,13102,Stagecoach London
BN14VZH,HV165,Arriva
BN14VZJ,HV166,Arriva
BN14VZK,HV167,Arriva
BN14VZL,HV168,Arriva
BN14VZM,HV169,Arriva
BN14VZO,HV170,Arriva
BN14VZP,HV171,Arriva
BN14VZR,HV172,Arriva
BN14WAA,HV173,Arriva
BN14WAE,HV174,Arriva
BN14WAJ,HV175,Arriva
BN14WAO,HV176,Arriva
BP15OLM,WHV43,Go-Ahead
BP15OLN,WHV42,Go-Ahead
BP15OLO,WHV44,Go-Ahead
BP15OLR,WHV47,Metrobus
BP15OLT,WHV48,Metrobus
BP15OLU,WHV46,Metrobus
BP15OLV,WHV45,Metrobus
BP15OLW,WHV49,Metrobus
BP15OLX,WHV50,Go-Ahead
BP15OMA,WHV51,Go-Ahead
BP15OMB,WHV55,Go-Ahead
BP15OMC,WHV53,Go-Ahead
BP15OMD,WHV60,Go-Ahead
BP15OME,WHV54,Go-Ahead
BP15OMF,WHV59,Go-Ahead
BP15OMJ,WHV57,Go-Ahead
BP15OMK,WHV56,Go-Ahead
BP15OML,WHV58,Go-Ahead
BT13YWJ,VH45115,First Bus
BT13YWK,VH45112,First Bus
BT13YWL,VH45113,First Bus
BT13YWM,VH45116,First Bus
BT13YWN,VH45114,First Bus
BT13YWO,VH45118,First Bus
BT13YWP,VH45117,First Bus
BT13YWS,VH45120,First Bus
BT13YWU,VH45122,First Bus
BT13YWV,VH45123,First Bus
BT13YWW,VH45121,First Bus
BT65JFZ,WHV105,Go-Ahead
BT65JGF,WHV97,Go-Ahead
BT65JGO,WHV106,Go-Ahead
BT65JGU,WHV99,Go-Ahead
BT65JGV,WHV108,Go-Ahead
BT66MPE,MHV53,Go-Ahead
BT66MPF,MHV54,Go-Ahead
BT66MPO,MHV55,Go-Ahead
BT66MPU,WHV164,Go-Ahead
BT66MSO,WHV141,Go-Ahead
BT66MSU,WHV142,Go-Ahead
BT66MSV,WHV162,Go-Ahead
BT66MSX,WHV163,Go-Ahead
BT66MSY,WHV165,Go-Ahead
BU14EFW,HV161,Arriva
BU14EFX,HV162,Arriva
BU14EFY,HV163,Arriva
BU14EFZ,HV164,Arriva
BU16OYJ,MHV1,Go-Ahead
BU16OYK,MHV4,Go-Ahead
BU16OYL,MHV3,Go-Ahead
BU16OYM,MHV2,Go-Ahead
BU16OYN,MHV5,Go-Ahead
BU16OYO,MHV6,Go-Ahead
BU16OYP,MHV7,Go-Ahead
BU16OYR,MHV8,Go-Ahead
BU16OYS,MHV9,Go-Ahead
BU16OYT,MHV10,Go-Ahead
BU16OYV,MHV11,Go-Ahead
BU16OYW,MHV12,Go-Ahead
BU16OYX,MHV13,Go-Ahead
BU16OYY,MHV14,Go-Ahead
BU16OYZ,MHV15,Go-Ahead
BU16OZA,MHV16,Go-Ahead
BU16OZB,MHV20,Go-Ahead
BU16OZC,MHV18,Go-Ahead
BU16OZD,MHV19,Go-Ahead
BU16OZE,MHV17,Go-Ahead
BU16UXA,13121,Stagecoach London
BU16UXB,13122,Stagecoach London
BU16UXC,VH45081,First Bus
BU16UXD,13123,Stagecoach London
BU16UXE,VH45082,First Bus
BU16UXF,VH45083,First Bus
BU16UXG,13124,Stagecoach London
BU16UXH,13125,Stagecoach London
BU16UXJ,13126,Stagecoach London
BU16UXK,VH45087,First Bus
BU16UXL,13127,Stagecoach London
BU16UXM,13128,Stagecoach London
BU16UXN,VH45085,First Bus
BU16UXO,13129,Stagecoach London
BU16UXP,VH45084,First Bus
BU16UXR,VH45086,First Bus
BU16UXS,13130,Stagecoach London
BU16UXT,13131,Stagecoach London
BU16UXV,13132,Stagecoach London
BU16UXW,13133,Stagecoach London
BU16UXX,13134,Stagecoach London
BU16UXY,13135,Stagecoach London
BU16UXZ,13136,Stagecoach London
BU16UYA,VH45088,First Bus
BU16UYB,13137,Stagecoach London
BV10WVD,WVN31,Go-Ahead
BV10WVE,WVN32,Go-Ahead
BV10WVF,WVN33,Go-Ahead
BV10WVG,WVN34,Go-Ahead
BV10WVH,WVN35,Go-Ahead
BV10WVJ,WVN36,Go-Ahead
BV10WVK,WVN37,Go-Ahead
BV10WVL,WVN38,Go-Ahead
BV10WWA,WVN39,Go-Ahead
BV10WWC,WVN40,Go-Ahead
BV20GRU,1515,Transport UK London
BV23ZYX,1535,Transport UK London
BV23ZYY,1536,Transport UK London
BV23ZYZ,1537,Transport UK London
BV23ZZB,1538,Transport UK London
BV23ZZC,1539,Transport UK London
BV23ZZD,1540,Transport UK London
BV23ZZE,1541,Transport UK London
BV23ZZF,1542,Transport UK London
BV23ZZG,1543,Transport UK London
BV66GXY,MCM30084,First Bus
BV66GXZ,MCM30085,First Bus
BV66GYA,MCM30086,First Bus
BV66GYB,MCM30087,First Bus
BV66GYC,MCM30088,First Bus
BV66GYD,MCM30089,First Bus
BV66GYE,MCM30090,First Bus
BV66GYF,MCM30091,First Bus
BV66GYG,MCM30092,First Bus
BV66VFT,MHV60,Go-Ahead
BV66VFU,MHV63,Go-Ahead
BV66VFW,MHV64,Go-Ahead
BV66VFX,MHV65,Go-Ahead
BV66VFY,MHV66,Go-Ahead
BV66VFZ,MHV67,Go-Ahead
BV66VGA,MHV68,Go-Ahead
BV66VGC,MHV69,Go-Ahead
BV66VGD,MHV70,Go-Ahead
BV66VGE,MHV71,Go-Ahead
BV66VGF,MHV72,Go-Ahead
BV66VGG,MHV73,Go-Ahead
BV66VGJ,MHV74,Go-Ahead
BV66VGK,MHV75,Go-Ahead
BV66VGL,MHV76,Go-Ahead
BV66VGM,MHV77,Go-Ahead
BV66VGN,MHV78,Go-Ahead
BV66VGO,MHV79,Go-Ahead
BV66VGP,MHV80,Go-Ahead
BV66VGX,MHV50,Go-Ahead
BV66VGY,MHV51,Go-Ahead
BV66VGZ,MHV52,Go-Ahead
BV66VHE,MHV61,Go-Ahead
BV66VHH,WHV139,Go-Ahead
BV66VHJ,WHV135,Go-Ahead
BV66VHK,WHV136,Go-Ahead
BV66VHL,WHV160,Go-Ahead
BV66VHN,WHV112,Go-Ahead
BV66VHO,WHV113,Go-Ahead
BV66VHP,WHV114,Go-Ahead
BV66VHR,WHV115,Go-Ahead
BV66VHT,WHV116,Go-Ahead
BV66VHU,WHV117,Go-Ahead
BV66VHW,WHV118,Go-Ahead
BV66VHX,WHV119,Go-Ahead
BV66VHY,WHV120,Go-Ahead
BV66VHZ,WHV121,Go-Ahead
BV66VJA,WHV143,Go-Ahead
BV66VJC,WHV144,Go-Ahead
BV66VJD,WHV145,Go-Ahead
BV66VJE,WHV146,Go-Ahead
BV66VJF,WHV147,Go-Ahead
BV66VJG,WHV148,Go-Ahead
BV66VJJ,WHV149,Go-Ahead
BV66VJK,WHV150,Go-Ahead
BV66VJL,WHV151,Go-Ahead
BV66VJM,WHV152,Go-Ahead
BV66VJN,WHV122,Go-Ahead
BV66VJO,WHV123,Go-Ahead
BV66VJP,WHV124,Go-Ahead
BV66VJU,WHV125,Go-Ahead
BV66VJY,WHV126,Go-Ahead
BV66VJZ,WHV127,Go-Ahead
BV66VKA,WHV153,Go-Ahead
BV66VKB,WHV128,Go-Ahead
BV66VKC,MHV83,Go-Ahead
BV66VKD,MHV84,Go-Ahead
BV66VKF,MHV85,Go-Ahead
BV66VKG,MHV56,Go-Ahead
BV66VKH,MHV57,Go-Ahead
BV66VKJ,MHV58,Go-Ahead
BV66VKK,MHV59,Go-Ahead
BV66VKL,MHV62,Go-Ahead
BV66VKM,MHV82,Go-Ahead
BV66VKN,MHV21,Go-Ahead
BV66VKO,MHV22,Go-Ahead
BV66VKP,MHV23,Go-Ahead
BV66VKR,MHV25,Go-Ahead
BV66VKS,MHV26,Go-Ahead
BV66VKT,MHV27,Go-Ahead
BV66VKU,MHV28,Go-Ahead
BV66VLA,WHV138,Go-Ahead
BV66VLC,WHV154,Go-Ahead
BV66VLD,WHV155,Go-Ahead
BV66VLE,WHV129,Go-Ahead
BV66VLF,WHV132,Go-Ahead
BV66VLG,WHV159,Go-Ahead
BV66VLH,WHV133,Go-Ahead
BV66VLJ,WHV156,Go-Ahead
BV66VLK,WHV131,Go-Ahead
BV66VLL,WHV157,Go-Ahead
BV66VLM,WHV130,Go-Ahead
BV66VLN,WHV158,Go-Ahead
BV66VLO,WHV166,Go-Ahead
BV66VLP,WHV137,Go-Ahead
BV66VLR,WHV167,Go-Ahead
BV66ZRY,WHV140,Go-Ahead
BV66ZRZ,WHV134,Go-Ahead
BV66ZSD,WHV161,Go-Ahead
BX14TJV,WHV111,Go-Ahead
E17HCT,12548,Stagecoach London
E20HCT,12549,Stagecoach London
E8NJB,37778,Stagecoach London
EU62AAE,10161,Stagecoach London
EU62AAO,10162,Stagecoach London
EU62ADZ,10163,Stagecoach London
EU62AXT,10155,Stagecoach London
EU62AXV,10156,Stagecoach London
EU62AYB,10157,Stagecoach London
EU62AYE,10158,Stagecoach London
EU62AZA,10159,Stagecoach London
EU62AZO,10160,Stagecoach London
GN61JPY,T288,Arriva
GN61JRO,T292,Arriva
GN61JRV,T290,Arriva
GN61JRX,T291,Arriva
GN61JSU,T294,Arriva
KX61LDN,T297,Arriva
KX61LDV,T300,Arriva
LA19JZW,SEe98,Go-Ahead
LA19JZX,SEe97,Go-Ahead
LA19KAE,SEe96,Go-Ahead
LA19KAJ,SEe95,Go-Ahead
LA19KAK,SEe94,Go-Ahead
LA19KAO,SEe93,Go-Ahead
LA19KAU,SEe92,Go-Ahead
LA19KAX,SEe91,Go-Ahead
LA19KBE,SEe90,Go-Ahead
LA19KBF,SEe89,Go-Ahead
LA19KBJ,SEe88,Go-Ahead
LA19KBK,SEe87,Go-Ahead
LA19KBN,SEe86,Go-Ahead
LA19KBO,SEe85,Go-Ahead
LA19KBP,SEe84,Go-Ahead
LA19KBU,SEe83,Go-Ahead
LA19KBV,SEe82,Go-Ahead
LA19KBX,SEe81,Go-Ahead
LA19KBY,SEe80,Go-Ahead
LA19KBZ,SEe79,Go-Ahead
LA19KCC,SEe78,Go-Ahead
LA19KCE,SEe77,Go-Ahead
LA25EVM,EBD114,Go-Ahead
LA25EVN,EBD118,Go-Ahead
LA25EVP,EBD119,Go-Ahead
LA25EVR,EBD115,Go-Ahead
LA25EVT,EBD120,Go-Ahead
LA25EVV,EBD123,Go-Ahead
LA25EVX,EBD124,Go-Ahead
LA25EWB,EBD125,Go-Ahead
LA25EWC,EBD127,Go-Ahead
LA25EWD,EBD130,Go-Ahead
LA25EWE,EBD134,Go-Ahead
LA25EWF,EBD128,Go-Ahead
LA25EWG,EBD131,Go-Ahead
LA25EWM,EBD137,Go-Ahead
LA25EXB,EBD160,Go-Ahead
LA25EXM,EBD141,Go-Ahead
LA25EXV,EBD151,Go-Ahead
LA25EXW,EBD135,Go-Ahead
LA68DWM,VMH2569,Metroline
LA68DWN,VMH2575,Metroline
LA68DWO,VMH2574,Metroline
LA68DWP,VMH2573,Metroline
LA68DWU,VMH2572,Metroline
LA68DWV,VMH2571,Metroline
LA68DWW,VMH2570,Metroline
LA68DWX,VMH2576,Metroline
LA68DWY,VMH2568,Metroline
LA68DWZ,VMH2567,Metroline
LA68DXB,VMH2566,Metroline
LA68DXC,VMH2565,Metroline
LA68DXD,VMH2564,Metroline
LA68DXE,VMH2563,Metroline
LA68DXF,VMH2562,Metroline
LA68DXG,VMH2561,Metroline
LA68DXH,VMH2560,Metroline
LA68DXJ,VMH2559,Metroline
LA68DXK,VMH2558,Metroline
LA68DXL,VMH2557,Metroline
LA68DXM,VMH2556,Metroline
LA68DXO,VMH2555,Metroline
LA68DXP,VMH2554,Metroline
LA68DXR,VMH2553,Metroline
LA68DXS,VMH2552,Metroline
LA68DXT,VMH2551,Metroline
LA68DXU,VMH2550,Metroline
LA68DXV,VMH2549,Metroline
LA68DXW,VMH2548,Metroline
LA68DXX,VMH2547,Metroline
LA68DXY,VMH2546,Metroline
LA75ZCZ,EYX1,Arriva
LA75ZDC,EYX2,Arriva
LA75ZDD,EYX3,Arriva
LA75ZDE,EYX4,Arriva
LA75ZDF,EYX5,Arriva
LA75ZDG,EYX6,Arriva
LA75ZDH,EYX7,Arriva
LA75ZDJ,EYX8,Arriva
LA75ZDK,EYX9,Arriva
LA75ZDL,EYX10,Arriva
LA75ZDM,EYX11,Arriva
LA75ZDN,EYX12,Arriva
LA75ZDO,EYX13,Arriva
LA75ZDP,EYX14,Arriva
LA75ZDR,EYX15,Arriva
LA75ZDT,EYX16,Arriva
LA75ZDU,EYX17,Arriva
LA75ZDV,EYX18,Arriva
LA75ZDW,EYX19,Arriva
LA75ZDX,EYX20,Arriva
LA75ZDZ,EYX21,Arriva
LA75ZFB,EYX22,Arriva
LA75ZFC,EYX23,Arriva
LB23PCV,SEe200,Go-Ahead
LB23PCX,SEe201,Go-Ahead
LB23PCY,SEe202,Go-Ahead
LB23PCZ,SEe203,Go-Ahead
LB23PDK,SEe204,Go-Ahead
LB23PDO,SEe205,Go-Ahead
LB23PDU,SEe206,Go-Ahead
LB23PDV,SEe207,Go-Ahead
LB23PDX,SEe208,Go-Ahead
LB23PDY,SEe209,Go-Ahead
LB23PDZ,SEe210,Go-Ahead
LB23PEO,SEe211,Go-Ahead
LB23PFA,SEe212,Go-Ahead
LB23PFD,SEe213,Go-Ahead
LB23PFE,SEe214,Go-Ahead
LB23PFF,SEe215,Go-Ahead
LB23PFG,SEe216,Go-Ahead
LB23PFJ,SEe217,Go-Ahead
LB23PFK,SEe218,Go-Ahead
LB23PFO,SEe219,Go-Ahead
LB23PFU,Ee187,Go-Ahead
LB23PFV,Ee188,Go-Ahead
LB23PFX,Ee189,Go-Ahead
LB23PFY,Ee190,Go-Ahead
LB23PFZ,Ee191,Go-Ahead
LB23PGE,Ee192,Go-Ahead
LB23PGF,Ee193,Go-Ahead
LB23PGK,Ee194,Go-Ahead
LB23PGO,Ee195,Go-Ahead
LB23PGU,Ee196,Go-Ahead
LB23PGV,Ee197,Go-Ahead
LB23PGX,Ee198,Go-Ahead
LB23PGY,Ee199,Go-Ahead
LB23PGZ,Ee200,Go-Ahead
LB23PHN,SEe220,Go-Ahead
LB23PHO,SEe221,Go-Ahead
LB23PHU,SEe222,Go-Ahead
LB23PHV,SEe223,Go-Ahead
LB23PHX,SEe224,Go-Ahead
LB23PHY,SEe225,Go-Ahead
LB23PHZ,SEe226,Go-Ahead
LB23PJJ,SEe227,Go-Ahead
LB23PJO,SEe228,Go-Ahead
LB23PJU,SEe229,Go-Ahead
LB23PJV,SEe230,Go-Ahead
LB23PJX,SEe231,Go-Ahead
LB23PJY,SEe232,Go-Ahead
LB69JNJ,BCE47001,First Bus
LB69JNK,BCE47002,First Bus
LB69JNL,BCE47003,First Bus
LB69JNN,BCE47004,First Bus
LB69JNO,BCE47005,First Bus
LB69JNU,BCE47006,First Bus
LB69JNV,BCE47007,First Bus
LB69JNX,BCE47008,First Bus
LB69JNZ,BCE47009,First Bus
LB69JOA,BCE47010,First Bus
LB69JOH,BCE47011,First Bus
LB69JOJ,BCE47012,First Bus
LB69JOU,BCE47013,First Bus
LB69JOV,BCE47014,First Bus
LB69JPF,BCE47015,First Bus
LB69JPJ,BCE47016,First Bus
LB69JPO,BCE47017,First Bus
LB69JPU,BCE47018,First Bus
LB69JPV,BCE47019,First Bus
LB69JPX,BCE47020,First Bus
LB69JPY,BCE47021,First Bus
LB69JRO,BCE47022,First Bus
LB69JRU,BCE47023,First Bus
LB69JRV,BCE47024,First Bus
LB69JRX,BCE47025,First Bus
LB69JRZ,BCE47026,First Bus
LB69JSU,BCE47027,First Bus
LB69JSV,BCE47028,First Bus
LB69JSX,BCE47029,First Bus
LB71ECV,SEe156,Go-Ahead
LB71ECW,SEe157,Go-Ahead
LB71ECX,SEe158,Go-Ahead
LB71NZM,BE37062,First Bus
LB71NZN,BE37063,First Bus
LB71NZO,BE37064,First Bus
LB71NZP,BE37065,First Bus
LB71NZR,BE37066,First Bus
LB71NZS,BE37067,First Bus
LB71NZT,BE37068,First Bus
LB71NZU,BE37069,First Bus
LB71NZV,BE37070,First Bus
LB71NZW,BE37071,First Bus
LB71NZX,BE37072,First Bus
LB71NZY,BE37073,First Bus
LB71NZZ,BE37074,First Bus
LB71OAA,BE37075,First Bus
LB71OAC,BE37076,First Bus
LB71OAD,BE37077,First Bus
LB71OAE,BE37078,First Bus
LB71OAG,BE37079,First Bus
LB71OAH,BE37080,First Bus
LB71OAJ,BE37081,First Bus
LB71OAL,BE37082,First Bus
LB71OAM,BE37083,First Bus
LB71OAN,BE37084,First Bus
LB71XNR,SEe159,Go-Ahead
LB71XNS,SEe160,Go-Ahead
LB71XNT,SEe161,Go-Ahead
LB71XNU,SEe162,Go-Ahead
LB71XNV,SEe163,Go-Ahead
LB71XNW,SEe164,Go-Ahead
LB71XNX,SEe165,Go-Ahead
LB71XNY,SEe166,Metrobus
LB72DYA,SEe168,Go-Ahead
LB72DYC,SEe169,Go-Ahead
LB72DYD,SEe170,Go-Ahead
LB72DYF,SEe171,Go-Ahead
LB72DYG,SEe172,Go-Ahead
LB75MHM,EZ41,Arriva
LB75MHN,EZ42,Arriva
LB75MHU,EZ44,Arriva
LB75MHV,EZ45,Arriva
LB75MHZ,EZ48,Arriva
LB75MJE,EZ49,Arriva
LB75MJF,EZ50,Arriva
LB75MJJ,EZ51,Arriva
LB75MJO,EZ53,Arriva
LB75MJV,EZ55,Arriva
LB75MKA,EZ58,Arriva
LB75MKC,EZ59,Arriva
LB75MKF,EZ62,Arriva
LB75MKG,EZ63,Arriva
LC67ACU,HV406,Arriva
LC67ACX,HV409,Arriva
LC67ACY,HV408,Arriva
LC67ACZ,HV410,Arriva
LC67ADU,VH45255,First Bus
LC67ADV,VH45257,First Bus
LC67ADX,VH45256,First Bus
LC67AHE,HV380,Arriva
LC67AHF,HV381,Arriva
LC67AHJ,HV383,Arriva
LC67AHK,HV384,Arriva
LC67AHL,HV385,Arriva
LC67AHN,HV386,Arriva
LC67AHO,HV387,Arriva
LC67AHP,HV388,Arriva
LC67AHU,HV392,Arriva
LC67AHV,HV394,Arriva
LC67AHX,HV389,Arriva
LC67AHY,HV390,Arriva
LC67AHZ,HV398,Arriva
LC67AJU,HV391,Arriva
LC67AJV,HV401,Arriva
LC67AJX,HV395,Arriva
LC67AJY,HV399,Arriva
LC67AKF,HV397,Arriva
LC67AKG,HV396,Arriva
LC67AKJ,HV402,Arriva
LC67AKK,HV400,Arriva
LC67AKN,HV403,Arriva
LC67AKO,HV407,Arriva
LC67AKP,HV404,Arriva
LC67AKU,HV405,Arriva
LC71KTV,BME27005,First Bus
LC71KTX,BME27006,First Bus
LC71KUA,BME27007,First Bus
LC71KUB,BME27008,First Bus
LC71KUD,BME27009,First Bus
LC71KUE,BME27010,First Bus
LC71KUF,BME27011,First Bus
LC71KUG,BME27012,First Bus
LC71KUH,BME27013,First Bus
LC71KUJ,BME27014,First Bus
LC71KUK,BME27015,First Bus
LC71KUN,BME27016,First Bus
LC71KUO,BME27017,First Bus
LC71KUP,BME27018,First Bus
LC71KUR,BME27019,First Bus
LC71KUS,BME27020,First Bus
LC71KUT,BME27021,First Bus
LC71KUU,BME27022,First Bus
LC71KUV,BME27023,First Bus
LC71KUW,BME27024,First Bus
LC71KWJ,3401,Transport UK London
LC71KWK,3402,Transport UK London
LC71KWL,3403,Transport UK London
LC71KWM,3404,Transport UK London
LC71KWN,3405,Transport UK London
LC71KWO,3406,Transport UK London
LC71KWP,3407,Transport UK London
LC71KWR,3408,Transport UK London
LC71KWS,3409,Transport UK London
LC71KWT,3410,Transport UK London
LC71KWU,3411,Transport UK London
LC71KWV,3412,Transport UK London
LC71KWW,3413,Transport UK London
LC71KWX,3414,Transport UK London
LC71KWY,3415,Transport UK London
LC71KWZ,3416,Transport UK London
LC71KXA,3417,Transport UK London
LC71KXB,3418,Transport UK London
LC71KXD,3419,Transport UK London
LC71KXE,3420,Transport UK London
LC71KXF,3421,Transport UK London
LC71KXG,3422,Transport UK London
LC71KXH,3423,Transport UK London
LC71KXJ,3424,Transport UK London
LC71KXK,3425,Transport UK London
LC71KXL,3426,Transport UK London
LC71KXM,3427,Transport UK London
LC71KXN,3428,Transport UK London
LC71KXO,3429,Transport UK London
LD71YLO,BE37054,First Bus
LD71YLP,BE37055,First Bus
LD71YLR,BE37056,First Bus
LD71YLS,BE37057,First Bus
LD71YLT,BE37058,First Bus
LD71YLU,BE37059,First Bus
LD71YLV,BE37060,First Bus
LD71YLW,BE37061,First Bus
LD72UFV,BCE47160,First Bus
LD72UFW,BCE47161,First Bus
LD72UFX,BCE47162,First Bus
LD72UFY,BCE47163,First Bus
LD72UFZ,BCE47164,First Bus
LD72UGA,BCE47165,First Bus
LD72UGB,BCE47166,First Bus
LD72UGC,BCE47167,First Bus
LD72UGE,BCE47168,First Bus
LD72UGF,BCE47169,First Bus
LD72UGG,BCE47170,First Bus
LD72UGJ,BCE47171,First Bus
LD72UGK,BCE47172,First Bus
LD72UGL,BCE47173,First Bus
LD72UGM,BCE47174,First Bus
LD72UGN,BCE47175,First Bus
LD72UGO,BCE47176,First Bus
LD72UGP,BCE47177,First Bus
LD72UHT,Ee145,Go-Ahead
LD72UHU,Ee146,Go-Ahead
LD72UHV,Ee147,Go-Ahead
LD72UHW,Ee148,Go-Ahead
LD72UHX,Ee149,Go-Ahead
LD72UHY,Ee150,Go-Ahead
LD72XZS,1468,Uno Buses
LD72XZT,Ee101,Go-Ahead
LD72XZU,Ee102,Go-Ahead
LD72XZV,Ee103,Metrobus
LD72XZW,Ee104,Metrobus
LD72XZX,Ee105,Metrobus
LD72XZY,Ee106,Metrobus
LD72XZZ,Ee107,Metrobus
LD72YAA,Ee108,Metrobus
LD72YAE,Ee109,Metrobus
LD72YAF,Ee110,Metrobus
LD72YAG,Ee111,Metrobus
LD72YAH,Ee112,Go-Ahead
LE21FRV,BCE47031,First Bus
LE21FRX,BCE47032,First Bus
LE21FRZ,BCE47033,First Bus
LE21FSA,BCE47034,First Bus
LE21FSD,BCE47036,First Bus
LE21FSF,BCE47037,First Bus
LE21FSG,BCE47038,First Bus
LE21FSJ,BCE47039,First Bus
LE21FSK,BCE47040,First Bus
LE21FSP,BCE47044,First Bus
LE21FTF,BCE47084,First Bus
LE21FTJ,BCE47085,First Bus
LE21FTK,BCE47086,First Bus
LF18AWA,HV412,Arriva
LF18AWC,HV411,Arriva
LF18AWO,VH45269,First Bus
LF18AXA,VH45271,First Bus
LF18AXB,VH45262,First Bus
LF18AXC,VH45263,First Bus
LF18AXD,VH45265,First Bus
LF18AXH,VH45264,First Bus
LF18AXJ,VH45270,First Bus
LF18AXK,VH45268,First Bus
LF18AXM,VH45266,First Bus
LF18AXN,VH45267,First Bus
LF18AXO,VH45274,First Bus
LF18AXP,VH45275,First Bus
LF18AXR,VH45272,First Bus
LF18AXS,VH45273,First Bus
LF18AXT,VH45277,First Bus
LF18AXU,VH45276,First Bus
LF18AYA,VH45298,First Bus
LF18AYB,VH45299,First Bus
LF18AYC,VH45300,First Bus
LF18AYD,VH45301,First Bus
LF18AYE,VH45302,First Bus
LF18AYG,VH45303,First Bus
LF18AYH,VH45304,First Bus
LF18AYJ,VH45305,First Bus
LF19FWA,VH45310,First Bus
LF19FWB,VH45312,First Bus
LF19FWD,VH45311,First Bus
LF19FWE,VH45313,First Bus
LF19FWG,VH45315,First Bus
LF19FWH,VH45317,First Bus
LF19FWJ,VH45314,First Bus
LF19FWK,VH45316,First Bus
LF19FXA,VMH2577,Metroline
LF19FXB,VMH2578,Metroline
LF19FXC,VMH2579,Metroline
LF19FXD,VMH2580,Metroline
LF19FXE,VMH2581,Metroline
LF19FXG,VMH2582,Metroline
LF19FXH,VMH2583,Metroline
LF19FXJ,VMH2584,Metroline
LF19FXK,VMH2585,Metroline
LF19FXL,VMH2586,Metroline
LF19FXM,VMH2587,Metroline
LF19FXO,VMH2588,Metroline
LF19FXP,VMH2589,Metroline
LF19FXR,VMH2590,Metroline
LF19FXS,VMH2591,Metroline
LF19FXT,VMH2592,Metroline
LF19FXU,VMH2593,Metroline
LF19FXW,VMH2594,Metroline
LF19FXX,VMH2595,Metroline
LF19FXY,VMH2596,Metroline
LF20XKO,64201,Stagecoach London
LF20XKP,64202,Stagecoach London
LF20XKS,64203,Stagecoach London
LF20XKT,64204,Stagecoach London
LF20XKU,64205,Stagecoach London
LF20XLA,Ee1,Go-Ahead
LF20XLB,Ee2,Go-Ahead
LF20XLC,Ee3,Go-Ahead
LF20XLD,Ee4,Go-Ahead
LF20XLE,Ee5,Go-Ahead
LF20XLG,Ee6,Go-Ahead
LF20XLH,Ee7,Go-Ahead
LF20XLJ,Ee8,Go-Ahead
LF20XLK,Ee9,Go-Ahead
LF20XLL,Ee10,Go-Ahead
LF20XLM,Ee11,Go-Ahead
LF20XLN,Ee12,Go-Ahead
LF20XLO,Ee13,Go-Ahead
LF20XLP,Ee14,Go-Ahead
LF20XLR,Ee15,Go-Ahead
LF20XLS,Ee16,Go-Ahead
LF20XLT,Ee17,Go-Ahead
LF20XLU,Ee18,Go-Ahead
LF20XLV,Ee19,Go-Ahead
LF20XLW,Ee20,Go-Ahead
LF20XLX,Ee21,Go-Ahead
LF20XLY,Ee22,Go-Ahead
LF20XLZ,Ee23,Go-Ahead
LF20XMA,Ee24,Go-Ahead
LF20XMB,Ee25,Go-Ahead
LF20XMC,Ee26,Go-Ahead
LF20XMD,Ee27,Go-Ahead
LF20XME,Ee28,Go-Ahead
LF20XMG,Ee29,Go-Ahead
LF20XMH,Ee30,Go-Ahead
LF20XMJ,Ee31,Go-Ahead
LF20XMK,Ee32,Go-Ahead
LF20XML,Ee33,Go-Ahead
LF20XMM,Ee34,Go-Ahead
LF20XMO,Ee35,Go-Ahead
LF20XMP,Ee36,Go-Ahead
LF20XMR,Ee37,Go-Ahead
LF20XMS,SEe110,Go-Ahead
LF20XMT,SEe111,Go-Ahead
LF20XMU,SEe112,Go-Ahead
LF20XMV,SEe113,Go-Ahead
LF20XMW,SEe114,Go-Ahead
LF20XMX,SEe115,Go-Ahead
LF20XMY,SEe116,Go-Ahead
LF20XMZ,SEe117,Go-Ahead
LF20XNA,SEe118,Go-Ahead
LF20XNB,SEe119,Go-Ahead
LF20XNC,SEe120,Go-Ahead
LF20XND,SEe121,Go-Ahead
LF20XNE,SEe122,Go-Ahead
LF20XNG,Ee38,Go-Ahead
LF20XNJ,Ee39,Go-Ahead
LF20XNK,Ee40,Go-Ahead
LF20XNL,Ee41,Go-Ahead
LF20XNM,Ee42,Go-Ahead
LF20XNN,Ee43,Go-Ahead
LF20XNO,Ee44,Go-Ahead
LF20XNP,Ee45,Go-Ahead
LF20XNR,Ee46,Go-Ahead
LF20XNS,Ee47,Go-Ahead
LF20XNT,Ee48,Go-Ahead
LF20XNU,Ee49,Go-Ahead
LF24ZCU,SEe329,Metrobus
LF24ZCV,SEe330,Metrobus
LF24ZCX,SEe331,Metrobus
LF24ZCY,SEe332,Go-Ahead
LF24ZCZ,SEe333,Go-Ahead
LF24ZDA,SEe334,Go-Ahead
LF24ZDC,SEe335,Go-Ahead
LF24ZGC,Ee243,Go-Ahead
LF24ZGD,Ee244,Go-Ahead
LF24ZGE,Ee245,Go-Ahead
LF24ZGG,Ee246,Go-Ahead
LF24ZGH,Ee247,Go-Ahead
LF24ZGJ,Ee248,Go-Ahead
LF24ZGK,Ee249,Go-Ahead
LF24ZGL,Ee250,Go-Ahead
LF24ZGM,Ee251,Go-Ahead
LF24ZGN,Ee252,Go-Ahead
LF24ZGO,Ee253,Go-Ahead
LF24ZGP,Ee254,Go-Ahead
LF24ZGR,Ee255,Go-Ahead
LF24ZGS,Ee256,Go-Ahead
LF24ZGT,Ee257,Go-Ahead
LF24ZGU,Ee258,Go-Ahead
LF24ZGV,Ee259,Go-Ahead
LF24ZGW,Ee260,Go-Ahead
LF24ZGX,Ee261,Go-Ahead
LF24ZGY,Ee262,Go-Ahead
LF24ZGZ,SEe313,Go-Ahead
LF24ZHA,SEe314,Go-Ahead
LF24ZHB,SEe315,Go-Ahead
LF24ZHC,SEe316,Go-Ahead
LF24ZHD,SEe317,Go-Ahead
LF24ZHE,SEe318,Go-Ahead
LF24ZHG,SEe319,Go-Ahead
LF24ZHH,SEe320,Go-Ahead
LF24ZHJ,SEe321,Go-Ahead
LF24ZHK,SEe322,Go-Ahead
LF24ZHL,SEe323,Go-Ahead
LF24ZHM,SEe324,Go-Ahead
LF24ZHN,SEe325,Go-Ahead
LF24ZHO,SEe326,Go-Ahead
LF24ZHP,SEe327,Go-Ahead
LF24ZHR,SEe328,Go-Ahead
LF24ZHT,SEe291,Go-Ahead
LF24ZHU,SEe292,Go-Ahead
LF24ZHV,SEe293,Go-Ahead
LF24ZHW,SEe294,Go-Ahead
LF24ZHX,SEe295,Go-Ahead
LF24ZHY,SEe296,Go-Ahead
LF24ZHZ,SEe297,Go-Ahead
LF24ZJE,SEe298,Go-Ahead
LF24ZJJ,SEe299,Go-Ahead
LF24ZJK,SEe300,Go-Ahead
LF24ZJN,SEe301,Go-Ahead
LF24ZJO,SEe302,Go-Ahead
LF24ZJU,SEe303,Go-Ahead
LF24ZJV,Ee205,Go-Ahead
LF24ZJX,Ee206,Go-Ahead
LF24ZJY,Ee207,Go-Ahead
LF24ZJZ,Ee208,Go-Ahead
LF24ZKA,Ee209,Go-Ahead
LF24ZKB,Ee210,Go-Ahead
LF24ZKC,Ee211,Go-Ahead
LF24ZKD,Ee212,Go-Ahead
LF24ZKE,Ee213,Go-Ahead
LF24ZKG,Ee214,Go-Ahead
LF24ZKH,Ee215,Go-Ahead
LF24ZKJ,Ee216,Go-Ahead
LF24ZKK,Ee217,Go-Ahead
LF24ZNW,Ee263,Go-Ahead
LF24ZNX,Ee264,Go-Ahead
LF24ZNY,Ee265,Go-Ahead
LF24ZNZ,Ee266,Go-Ahead
LF24ZPB,Ee267,Go-Ahead
LF24ZPC,Ee268,Go-Ahead
LF24ZPD,Ee269,Go-Ahead
LF24ZPE,Ee270,Go-Ahead
LF24ZPG,Ee271,Go-Ahead
LF24ZPH,Ee272,Go-Ahead
LF24ZPJ,Ee273,Go-Ahead
LF24ZVA,LF24ZVA,First Bus
LF25SFJ,EBD100,Go-Ahead
LF25SFK,EBD101,Go-Ahead
LF25SFN,EBD102,Go-Ahead
LF25SFO,EBD103,Go-Ahead
LF25SFU,EBD104,Go-Ahead
LF25SFV,EBD105,Go-Ahead
LF25SFX,EBD106,Go-Ahead
LF25SFY,EBD107,Go-Ahead
LF25SFZ,EBD108,Go-Ahead
LF25SGO,EBD109,Go-Ahead
LF25SGU,EBD110,Go-Ahead
LF25SGV,EBD111,Go-Ahead
LF25SGX,EBD112,Go-Ahead
LF25SGY,EBD113,Go-Ahead
LF25SGZ,EBD98,Go-Ahead
LF25SVZ,BDE2985,Metroline
LF25SWJ,BDE2986,Metroline
LF25SWK,BDE2987,Metroline
LF25SWN,BDE2988,Metroline
LF25SWO,BDE2989,Metroline
LF25SWU,BDE2990,Metroline
LF25SWV,BDE2991,Metroline
LF25SWW,BDE2992,Metroline
LF25SWX,BDE2993,Metroline
LF25SWY,BDE2994,Metroline
LF25SWZ,BDE2995,Metroline
LF25SXA,BDE2996,Metroline
LF25SXB,BDE2997,Metroline
LF25SXC,BDE2998,Metroline
LF25SXD,BDE2999,Metroline
LF25SXE,BDE3000,Metroline
LF25SXG,BDE3001,Metroline
LF25SXH,BDE3002,Metroline
LF25SXK,BDE3003,Metroline
LF25SXL,BDE3004,Metroline
LF25SXM,BDE3005,Metroline
LF25SXN,BDE3006,Metroline
LF25SXO,BDE3007,Metroline
LF25SXP,BDE3008,Metroline
LF25SXR,BDE3009,Metroline
LF25SXS,BDE3010,Metroline
LF25SXT,BDE3011,Metroline
LF25SXU,BDE3012,Metroline
LF25SXV,BDE3013,Metroline
LF25SXW,BDE3014,Metroline
LF25SXX,BDE3015,Metroline
LF25SXY,BDE3016,Metroline
LF25SXZ,BDE3017,Metroline
LF25SYA,BDE3018,Metroline
LF25SYC,BDE3019,Metroline
LF25SYE,BDE3020,Metroline
LF25SYG,BDE3021,Metroline
LF25SYH,BDE3022,Metroline
LF25SYJ,BDE3023,Metroline
LF25SYO,BDE3024,Metroline
LF25SYP,BDE3025,Metroline
LF25SYR,BDE3026,Metroline
LF25SYS,BDE3027,Metroline
LF25SYT,BDE3028,Metroline
LF25SYU,BDE3029,Metroline
LF25SYV,BDE3030,Metroline
LF25TFU,ED1,Arriva
LF25TFV,ED2,Arriva
LF25TFX,ED3,Arriva
LF25TFY,ED67,Arriva
LF25TFZ,ED68,Arriva
LF25TGE,ED69,Arriva
LF25TGJ,ED70,Arriva
LF25TGK,ED72,Arriva
LF25TGN,ED73,Arriva
LF25TGO,ED74,Arriva
LF25TGU,ED75,Arriva
LF25TGV,ED76,Arriva
LF25TGX,ED77,Arriva
LF25TGY,ED34,Arriva
LF25TGZ,ED71,Arriva
LF25THG,ED78,Arriva
LF25THK,ED4,Arriva
LF25THN,ED5,Arriva
LF25THU,ED6,Arriva
LF25THV,ED7,Arriva
LF25THX,ED8,Arriva
LF25THZ,ED9,Arriva
LF25TJO,ED11,Arriva
LF25TJU,ED12,Arriva
LF25TJV,ED13,Arriva
LF25TJX,ED14,Arriva
LF25TJY,ED15,Arriva
LF25TJZ,ED16,Arriva
LF25TKA,ED17,Arriva
LF25TKC,ED18,Arriva
LF25TKD,ED19,Arriva
LF25TKE,ED20,Arriva
LF25TKJ,ED36,Arriva
LF25TKK,ED37,Arriva
LF25TKN,ED10,Arriva
LF25TKO,ED21,Arriva
LF25TKT,ED35,Arriva
LF25TKU,ED38,Arriva
LF25TKV,ED39,Arriva
LF25TKX,ED40,Arriva
LF25TKY,ED41,Arriva
LF25TKZ,ED42,Arriva
LF25TLJ,ED43,Arriva
LF25TLK,ED44,Arriva
LF25TLN,ED45,Arriva
LF25TLO,ED46,Arriva
LF25TLU,ED47,Arriva
LF25TLV,ED48,Arriva
LF25TLX,ED49,Arriva
LF25TLY,ED50,Arriva
LF25TLZ,ED51,Arriva
LF25TMO,ED52,Arriva
LF25TMU,ED53,Arriva
LF25TMV,ED54,Arriva
LF25TMX,ED55,Arriva
LF25TMY,ED56,Arriva
LF25TMZ,ED57,Arriva
LF25TNE,ED58,Arriva
LF25TNJ,ED59,Arriva
LF25TNK,ED60,Arriva
LF25TNL,ED61,Arriva
LF25TNN,ED62,Arriva
LF25TNO,ED63,Arriva
LF25TNU,ED64,Arriva
LF25TNV,ED65,Arriva
LF25TNX,ED66,Arriva
LF25TPY,1467,Uno Buses
LF26KMK,BDE3268,Metroline
LF26KMM,BDE3269,Metroline
LF26KMO,BDE3270,Metroline
LF26KMU,BDE3271,Metroline
LF26KMV,BDE3272,Metroline
LF26KMX,BDE3273,Metroline
LF26KMY,BDE3274,Metroline
LF26KMZ,BDE3275,Metroline
LF26KNA,BDE3276,Metroline
LF26KNB,BDE3277,Metroline
LF26KTN,EBD164,Go-Ahead
LF26KTO,EBD165,Go-Ahead
LF26KTP,EBD166,Go-Ahead
LF26KTT,EBD167,Go-Ahead
LF26KTU,EBD168,Go-Ahead
LF26KTV,EBD169,Go-Ahead
LF26KTX,EBD170,Go-Ahead
LF26KUA,EBD171,Go-Ahead
LF26KUB,EBD172,Go-Ahead
LF26KUC,EBD173,Go-Ahead
LF26KUD,EBD174,Go-Ahead
LF26KUE,EBD175,Go-Ahead
LF26KUG,EBD176,Go-Ahead
LF26KUH,EBD177,Go-Ahead
LF26KUJ,EBD178,Go-Ahead
LF26KUK,EBD179,Go-Ahead
LF26KUN,EBD180,Go-Ahead
LF26KUO,EBD181,Go-Ahead
LF26KUP,EBD182,Go-Ahead
LF26KUR,EBD183,Go-Ahead
LF26KUS,EBD184,Go-Ahead
LF26KUT,EBD185,Go-Ahead
LF26KUU,EBD186,Go-Ahead
LF26KUV,EBD187,Go-Ahead
LF26KUW,EBD188,Go-Ahead
LF67EUA,HV334,Arriva
LF67EUB,HV335,Arriva
LF67EUC,HV336,Arriva
LF67EUD,HV337,Arriva
LF67EUE,HV338,Arriva
LF67EUH,HV339,Arriva
LF67EUJ,HV340,Arriva
LF67EUK,HV341,Arriva
LF67EUL,HV342,Arriva
LF67EUM,HV343,Arriva
LF67EUN,HV344,Arriva
LF67EUO,HV345,Arriva
LF67EUP,HV346,Arriva
LF67EUR,HV347,Arriva
LF67EUT,HV348,Arriva
LF67EUU,HV349,Arriva
LF67EUV,HV350,Arriva
LF67EUW,HV351,Arriva
LF67EUX,HV352,Arriva
LF67EUY,HV353,Arriva
LF67EUZ,HV354,Arriva
LF67EVB,HV355,Arriva
LF67EVC,HV356,Arriva
LF67EVD,HV357,Arriva
LF67EVG,HV373,Arriva
LF67EVH,HV371,Arriva
LF67EVJ,HV372,Arriva
LF67EVK,HV378,Arriva
LF67EVL,HV377,Arriva
LF67EVM,HV375,Arriva
LF67EVP,HV374,Arriva
LF67EVR,HV360,Arriva
LF67EVT,HV363,Arriva
LF67EVU,HV359,Arriva
LF67EVW,HV358,Arriva
LF67EVX,HV362,Arriva
LF67EVY,HV365,Arriva
LF67EWA,HV364,Arriva
LF67EWB,HV361,Arriva
LF67EWC,HV366,Arriva
LF67EWD,HV369,Arriva
LF67EWE,HV367,Arriva
LF67EWG,HV368,Arriva
LF67EWH,HV370,Arriva
LF67EWJ,HV379,Arriva
LF67EWK,MHV86,Go-Ahead
LF67EWL,MHV87,Go-Ahead
LF67EWM,MHV88,Go-Ahead
LF67EWN,MHV89,Go-Ahead
LF67EWO,MHV90,Go-Ahead
LF67EWP,MHV91,Go-Ahead
LF67EWR,MHV92,Go-Ahead
LF67EWS,MHV93,Go-Ahead
LF67EWT,MHV94,Go-Ahead
LF67EWU,MHV95,Go-Ahead
LF67EWV,MHV96,Go-Ahead
LF67EWW,MHV97,Go-Ahead
LF67EWX,MHV98,Go-Ahead
LF67EWY,MHV99,Go-Ahead
LF67EXA,WHV168,Go-Ahead
LF67EXB,WHV169,Go-Ahead
LF67EXC,WHV170,Go-Ahead
LF67EXD,WHV171,Go-Ahead
LF67EXE,WHV172,Go-Ahead
LF67EXG,WHV173,Go-Ahead
LF67EXH,WHV174,Go-Ahead
LF67EXJ,WHV175,Go-Ahead
LF67EXK,WHV176,Go-Ahead
LF67EXL,WHV177,Go-Ahead
LF67EXM,WHV178,Go-Ahead
LF67EXN,WHV188,Go-Ahead
LF67EXO,WHV180,Go-Ahead
LF67EXP,WHV181,Go-Ahead
LF67EXR,WHV182,Go-Ahead
LF67EXS,WHV183,Go-Ahead
LF67EXT,WHV184,Go-Ahead
LF67EXU,WHV185,Go-Ahead
LF67EXV,WHV186,Go-Ahead
LF67EXW,WHV187,Go-Ahead
LF67EXX,WHV179,Go-Ahead
LF67EXZ,WHV189,Go-Ahead
LF67EYA,WHV190,Go-Ahead
LF67EYB,WHV191,Go-Ahead
LF67EYC,WHV192,Go-Ahead
LF67EYD,WHV193,Go-Ahead
LF67EYG,WHV194,Go-Ahead
LF67EYH,WHV195,Go-Ahead
LF67EYJ,WHV196,Go-Ahead
LF68PXD,VMH2528,Metroline
LF68PXE,VMH2529,Metroline
LF68PXG,VMH2530,Metroline
LF68PXH,VMH2531,Metroline
LF68PXJ,VMH2532,Metroline
LF68PXK,VMH2533,Metroline
LF68PXL,VMH2534,Metroline
LF68PXM,VMH2535,Metroline
LF68PXN,VMH2536,Metroline
LF68PXO,VMH2537,Metroline
LF68PXP,VMH2538,Metroline
LF68PXR,VMH2539,Metroline
LF68PXS,VMH2540,Metroline
LF68PXT,VMH2541,Metroline
LF68PXU,VMH2542,Metroline
LF68PXV,VMH2543,Metroline
LF68PXW,VMH2544,Metroline
LF68PXX,VMH2545,Metroline
LF68PYP,VH45306,First Bus
LF68PYS,VH45307,First Bus
LF68PYT,VH45308,First Bus
LF68PYU,VH45309,First Bus
LF69UXJ,1469,Uno Buses
LF69UZA,SEe99,Go-Ahead
LF69UZB,SEe100,Go-Ahead
LF69UZC,SEe101,Go-Ahead
LF69UZD,SEe102,Go-Ahead
LF69UZE,SEe103,Go-Ahead
LF69UZG,SEe104,Go-Ahead
LF69UZH,SEe105,Go-Ahead
LF69UZJ,SEe106,Go-Ahead
LF69UZK,SEe107,Go-Ahead
LF69UZL,SEe108,Go-Ahead
LF69UZM,SEe109,Go-Ahead
LF70YTW,84102,Stagecoach London
LF70YTX,84103,Stagecoach London
LF70YUB,84107,Stagecoach London
LF70YUK,84114,Stagecoach London
LF70YUN,1460,Uno Buses
LF70YUO,84117,Stagecoach London
LF70YUR,1461,Uno Buses
LF70YUS,1462,Uno Buses
LF70YUW,84122,Stagecoach London
LF70YUX,84123,Stagecoach London
LF70YUY,84124,Stagecoach London
LF70YVA,1463,Uno Buses
LF70YVB,84126,Stagecoach London
LF70YVC,84127,Stagecoach London
LF70YVD,84128,Stagecoach London
LF70YVL,84134,Stagecoach London
LF70YVS,84140,Stagecoach London
LF70YWA,SEe123,Go-Ahead
LF70YWB,SEe124,Go-Ahead
LF70YWC,SEe125,Go-Ahead
LF70YWD,SEe126,Go-Ahead
LF70YWE,SEe127,Go-Ahead
LF70YWG,SEe128,Go-Ahead
LF70YWH,SEe129,Go-Ahead
LF70YWJ,SEe130,Go-Ahead
LF70YWK,SEe131,Go-Ahead
LF70YWL,SEe132,Go-Ahead
LF70YWM,SEe133,Go-Ahead
LF70YWN,SEe134,Go-Ahead
LF70YWO,SEe135,Go-Ahead
LF70YWP,SEe136,Go-Ahead
LF70YWR,SEe137,Go-Ahead
LF70YWS,SEe138,Go-Ahead
LF70YWT,SEe139,Go-Ahead
LF70YWU,SEe140,Go-Ahead
LF70YWV,SEe141,Go-Ahead
LF70YWW,SEe142,Go-Ahead
LF70YWX,SEe143,Go-Ahead
LF73DVN,VMS2809,Metroline
LF73DVO,VMS2810,Metroline
LF73DVP,VMS2811,Metroline
LF73DVR,VMS2812,Metroline
LF73DVT,VMS2813,Metroline
LF73DVU,VMS2814,Metroline
LF73DVV,VMS2815,Metroline
LF73DVW,VMS2816,Metroline
LF73DVX,VMS2817,Metroline
LF73DVY,VMS2819,Metroline
LF73DVZ,VMS2820,Metroline
LF73DWA,VMS2821,Metroline
LF73DWC,VMS2822,Metroline
LF73DWD,VMS2823,Metroline
LF73DWE,VMS2824,Metroline
LF73DWG,VMS2825,Metroline
LF73DWJ,VMS2826,Metroline
LF73DWK,VMS2827,Metroline
LF73DWL,VMS2828,Metroline
LF73DWM,VMS2829,Metroline
LF73DWN,VMS2830,Metroline
LF73DWO,VMS2831,Metroline
LF73DWP,VMS2832,Metroline
LF73DWU,VMSS2834,Metroline
LF73DWV,VMSS2842,Metroline
LF73DWW,VMS2833,Metroline
LF73DWX,VMS2818,Metroline
LF73DWY,VMSS2835,Metroline
LF73DWZ,VMSS2836,Metroline
LF73DXA,VMSS2837,Metroline
LF73DXB,VMSS2838,Metroline
LF73DXC,VMSS2839,Metroline
LF73DXD,VMSS2840,Metroline
LF73DXE,VMSS2841,Metroline
LF73DXG,VMSL2843,Metroline
LF73DXH,VMSL2844,Metroline
LF73DXJ,VMSL2845,Metroline
LF73DXK,VMSL2846,Metroline
LF73DXL,VMSL2847,Metroline
LF73DXM,VMSL2848,Metroline
LF73DXO,VMSL2849,Metroline
LF73DXP,VMSL2850,Metroline
LF73DXR,VMSL2851,Metroline
LF73DXS,VMSL2852,Metroline
LF73DXT,VMSL2853,Metroline
LF73DXU,VMSL2854,Metroline
LF73DXV,VMSL2855,Metroline
LF73DXW,VMSL2856,Metroline
LF73DYA,66026,Stagecoach London
LF73DYB,66032,Stagecoach London
LF73DYC,66034,Stagecoach London
LF74TTZ,EBD35,Go-Ahead
LF74TUA,EBD36,Go-Ahead
LF74TUH,EBD37,Go-Ahead
LF74TUJ,EBD38,Go-Ahead
LF74TUO,EBD39,Go-Ahead
LF74TUP,EBD40,Go-Ahead
LF74TUU,EBD41,Go-Ahead
LF74TUV,EBD42,Go-Ahead
LF74TUW,EBD43,Go-Ahead
LF74TUY,EBD44,Go-Ahead
LF74TVA,EBD45,Go-Ahead
LF74TVC,EBD46,Go-Ahead
LF74TVD,EBD47,Go-Ahead
LF74TVE,EBD48,Go-Ahead
LF74TVJ,EBD49,Go-Ahead
LF74TVK,EBD50,Go-Ahead
LF74TVL,EBD51,Go-Ahead
LF74TVM,EBD52,Go-Ahead
LF74TVN,EBD53,Go-Ahead
LF74TVO,EBD54,Go-Ahead
LF74TVP,EBD55,Go-Ahead
LF74TVT,EBD56,Go-Ahead
LF74TVU,EBD57,Go-Ahead
LF74TVV,EBD58,Go-Ahead
LF74TVW,EBD59,Go-Ahead
LF74TVX,EBD60,Go-Ahead
LF74TVY,EBD61,Go-Ahead
LF74TVZ,EBD62,Go-Ahead
LF74TWA,EBD63,Go-Ahead
LF74TWC,EBD64,Go-Ahead
LF74TWD,EBD65,Go-Ahead
LF74TWE,EBD66,Go-Ahead
LF74TWG,EBD67,Go-Ahead
LF74TWJ,EBD68,Go-Ahead
LF74TWK,EBD69,Go-Ahead
LF74TWL,EBD70,Go-Ahead
LF74TWM,EBD71,Go-Ahead
LF74TWN,EBD72,Go-Ahead
LF74TWP,EBD73,Go-Ahead
LF74TWU,EBD74,Go-Ahead
LF74TWV,EBD75,Go-Ahead
LF74TWW,EBD76,Go-Ahead
LF74TWX,EBD77,Go-Ahead
LF74TWY,EBD78,Go-Ahead
LF74TWZ,EBD79,Go-Ahead
LF74TXA,EBD80,Go-Ahead
LF74TXB,EBD81,Go-Ahead
LF74TXC,EBD82,Go-Ahead
LF74TXD,EBD83,Go-Ahead
LF74TXE,EBD84,Go-Ahead
LF74TXG,EBD85,Go-Ahead
LF74TXH,EBD86,Go-Ahead
LF74TXJ,EBD87,Go-Ahead
LF74TXK,EBD88,Go-Ahead
LF74TXL,EBD89,Go-Ahead
LF74TXM,EBD90,Go-Ahead
LF74TXN,EBD91,Go-Ahead
LF74TXO,EBD92,Go-Ahead
LF74TXP,EBD93,Go-Ahead
LF74TXR,EBD94,Go-Ahead
LF74TXS,EBD95,Go-Ahead
LF74TXT,EBD96,Go-Ahead
LF74TXU,EBD97,Go-Ahead
LF74TXW,EBD99,Go-Ahead
LF74TZA,EBD1,Go-Ahead
LF74TZB,EBD2,Go-Ahead
LF74TZC,EBD3,Go-Ahead
LF74TZD,EBD4,Go-Ahead
LF74TZE,EBD5,Go-Ahead
LF74TZG,EBD6,Go-Ahead
LF74TZH,EBD7,Go-Ahead
LF74TZJ,EBD8,Go-Ahead
LF74TZK,EBD9,Go-Ahead
LF74TZL,EBD10,Go-Ahead
LF74TZM,EBD11,Go-Ahead
LF74TZN,EBD12,Go-Ahead
LF74TZO,EBD13,Go-Ahead
LF74TZP,EBD14,Go-Ahead
LF74TZR,EBD15,Go-Ahead
LF74TZS,EBD16,Go-Ahead
LF74TZT,EBD17,Go-Ahead
LF74TZU,EBD18,Go-Ahead
LF74TZV,EBD19,Metrobus
LF74TZW,EBD20,Metrobus
LF74TZX,EBD27,Metrobus
LF74TZY,EBD22,Metrobus
LF74TZZ,EBD23,Metrobus
LF74UAA,EBD24,Metrobus
LF74UAB,EBD25,Metrobus
LF74UAC,EBD26,Metrobus
LF74UAD,EBD21,Metrobus
LF74UAE,EBD28,Metrobus
LF74UAG,EBD29,Metrobus
LF74UAH,EBD30,Metrobus
LF74UAJ,EBD31,Metrobus
LF74UAK,EBD32,Metrobus
LF74UAL,EBD33,Metrobus
LF74UAM,EBD34,Metrobus
LF74UHY,1466,Uno Buses
LF75ONC,BDE47178,First Bus
LF75OND,BDE47179,First Bus
LF75ONG,BDE47180,First Bus
LF75ONH,BDE47181,First Bus
LF75ONJ,BDE47182,First Bus
LF75ONK,BDE47183,First Bus
LF75ONL,BDE47184,First Bus
LF75ONM,BDE47185,First Bus
LF75ONN,BDE47186,First Bus
LF75ONO,BDE47187,First Bus
LF75ONP,BDE47188,First Bus
LF75ONR,BDE47189,First Bus
LF75ONT,BDE47190,First Bus
LF75ONU,BDE47191,First Bus
LF75ONV,BDE47192,First Bus
LF75ONW,BDE47193,First Bus
LF75ONX,BDE47194,First Bus
LF75ONZ,BDE47195,First Bus
LF75OOA,BDE47196,First Bus
LF75OOB,BDE47197,First Bus
LF75OOD,BDE47198,First Bus
LF75OOE,BDE47199,First Bus
LF75OOG,BDE47200,First Bus
LF75OOH,BDE47201,First Bus
LF75OOJ,BDE47202,First Bus
LF75OOU,BDE47203,First Bus
LF75OOV,BDE47204,First Bus
LF75OOW,BDE47205,First Bus
LF75OOX,BDE47206,First Bus
LF75OOY,BDE47207,First Bus
LF75OPA,BDE47208,First Bus
LF75OPB,BDE47209,First Bus
LF75OPC,BDE47210,First Bus
LF75OPD,BDE47211,First Bus
LF75OPE,BDE47212,First Bus
LF75OPG,BDE47213,First Bus
LF75OPJ,BDE47214,First Bus
LF75OPK,BDE47215,First Bus
LF75OPL,BDE47216,First Bus
LF75OPM,BDE47217,First Bus
LF75OPN,BDE47218,First Bus
LF75OPO,BDE47219,First Bus
LF75OPP,BDE47220,First Bus
LF75OPR,BDE47221,First Bus
LF75OPS,BDE47222,First Bus
LF75OPT,BDE47223,First Bus
LF75OPU,BDE47224,First Bus
LF75OPV,BDE47225,First Bus
LF75OPW,BDE47226,First Bus
LF75OPX,BDE47227,First Bus
LF75OPY,BDE47228,First Bus
LF75OPZ,BDE47229,First Bus
LF75ORA,BDE47230,First Bus
LF75ORC,BDE47231,First Bus
LF75ORG,BDE47232,First Bus
LF75ORH,BDE47233,First Bus
LF75ORJ,BDE47234,First Bus
LF75ORK,BDE47235,First Bus
LF75ORL,BDE47236,First Bus
LF75ORN,ED122,Arriva
LF75ORO,ED102,Arriva
LF75ORP,ED103,Arriva
LF75ORT,ED104,Arriva
LF75ORU,ED105,Arriva
LF75ORV,ED106,Arriva
LF75ORW,ED107,Arriva
LF75ORX,ED108,Arriva
LF75ORY,ED109,Arriva
LF75ORZ,ED110,Arriva
LF75OSA,ED111,Arriva
LF75OSB,ED112,Arriva
LF75OSC,ED113,Arriva
LF75OTK,ED146,Arriva
LF75OTL,1470,Uno Buses
LF75OTM,EBD116,Go-Ahead
LF75OTN,EBD117,Go-Ahead
LF75OTP,ED22,Arriva
LF75OTR,EBD121,Go-Ahead
LF75OTS,EBD122,Go-Ahead
LF75OTU,EBD126,Go-Ahead
LF75OTV,EBD129,Go-Ahead
LF75OTW,EBD132,Go-Ahead
LF75OTX,EBD133,Go-Ahead
LF75OTZ,EBD136,Go-Ahead
LF75OUA,EBD138,Go-Ahead
LF75OUB,EBD139,Go-Ahead
LF75OUC,EBD140,Go-Ahead
LF75OUD,EBD142,Go-Ahead
LF75OUE,EBD143,Go-Ahead
LF75OUG,EBD144,Go-Ahead
LF75OUH,EBD145,Go-Ahead
LF75OUJ,EBD146,Go-Ahead
LF75OUK,EBD147,Go-Ahead
LF75OUL,EBD148,Go-Ahead
LF75OUM,EBD149,Go-Ahead
LF75OUN,EBD150,Go-Ahead
LF75OUO,EBD152,Go-Ahead
LF75OUP,EBD153,Go-Ahead
LF75OUS,EBD154,Go-Ahead
LF75OUU,EBD155,Go-Ahead
LF75OUV,EBD156,Go-Ahead
LF75OUW,EBD157,Go-Ahead
LF75OUX,EBD158,Go-Ahead
LF75OUY,EBD159,Go-Ahead
LF75OVA,EBD161,Go-Ahead
LF75OVB,EBD162,Go-Ahead
LF75OVC,EBD163,Go-Ahead
LF75OVD,ED23,Arriva
LF75OVG,ED24,Arriva
LF75OVH,ED25,Arriva
LF75OVJ,ED26,Arriva
LF75OVK,ED27,Arriva
LF75OVL,ED28,Arriva
LF75OVM,ED29,Arriva
LF75OVN,ED30,Arriva
LF75OVO,ED31,Arriva
LF75OVP,ED32,Arriva
LF75OVR,ED33,Arriva
LF75OVS,ED100,Arriva
LF75OVT,ED101,Arriva
LF75OVU,ED79,Arriva
LF75OVV,ED80,Arriva
LF75OVW,ED81,Arriva
LF75OVX,ED82,Arriva
LF75OVY,ED83,Arriva
LF75OVZ,ED84,Arriva
LF75OWA,ED85,Arriva
LF75OWB,ED86,Arriva
LF75OWC,ED87,Arriva
LF75OWD,ED88,Arriva
LF75OWE,ED89,Arriva
LF75OWG,ED90,Arriva
LF75OWH,ED91,Arriva
LF75OWJ,ED92,Arriva
LF75OWK,ED93,Arriva
LF75OWM,ED94,Arriva
LF75OWO,ED95,Arriva
LF75OWP,ED96,Arriva
LF75OWR,ED97,Arriva
LF75OWU,ED98,Arriva
LF75OWV,ED99,Arriva
LF75OWW,ED123,Arriva
LF75OWX,ED124,Arriva
LF75OWY,ED125,Arriva
LF75OWZ,ED126,Arriva
LF75OXA,ED127,Arriva
LF75OXB,ED128,Arriva
LF75OXC,ED129,Arriva
LF75OXD,ED130,Arriva
LF75OXE,ED131,Arriva
LF75OXG,ED132,Arriva
LF75OXH,ED133,Arriva
LF75OXJ,ED134,Arriva
LF75OXK,ED135,Arriva
LF75OXL,ED136,Arriva
LF75OXM,ED137,Arriva
LF75OXN,ED138,Arriva
LF75OXP,ED139,Arriva
LF75OXR,ED140,Arriva
LF75OXS,ED141,Arriva
LF75OXT,ED142,Arriva
LF75OXU,ED143,Arriva
LF75OXV,ED144,Arriva
LF75OXW,ED145,Arriva
LF75OXZ,ED114,Arriva
LF75OYA,ED115,Arriva
LF75OYB,ED116,Arriva
LF75OYC,ED117,Arriva
LF75OYD,ED118,Arriva
LF75OYE,ED119,Arriva
LF75OYG,ED120,Arriva
LF75OYH,ED121,Arriva
LF75OYJ,BDE3050,Metroline
LF75OYK,BDE3051,Metroline
LF75OYL,BDE3052,Metroline
LF75OYM,BDE3053,Metroline
LF75OYN,BDE3054,Metroline
LF75OYO,BDE3055,Metroline
LF75OYP,BDE3056,Metroline
LF75OYR,BDE3057,Metroline
LF75OYS,BDE3058,Metroline
LF75OYT,BDE3059,Metroline
LF75OYU,BDE3060,Metroline
LF75OYV,BDE3061,Metroline
LF75OYW,BDE3062,Metroline
LF75OYX,BDE3063,Metroline
LF75OYY,BDE3064,Metroline
LF75OYZ,BDE3065,Metroline
LF75OZA,BDE3066,Metroline
LF75OZB,BDE3067,Metroline
LF75OZC,BDE3068,Metroline
LF75OZD,BDE3069,Metroline
LF75OZE,BDE3070,Metroline
LF75OZG,BDE3071,Metroline
LF75OZH,BDE3072,Metroline
LF75OZJ,BDE3073,Metroline
LF75PFE,BEL3233,Metroline
LF75PFG,BEL3234,Metroline
LF75PFJ,BEL3235,Metroline
LF75PFK,BEL3236,Metroline
LF75PFN,BEL3237,Metroline
LF75PFO,BEL3238,Metroline
LF75PFU,BEL3239,Metroline
LF75PFV,BEL3240,Metroline
LF75PFX,BEL3241,Metroline
LF75PFY,BEL3242,Metroline
LF75PFZ,BEL3243,Metroline
LF75PGE,BEL3244,Metroline
LF75PGK,BEL3245,Metroline
LF75PGO,BEL3246,Metroline
LF75PGU,BEL3247,Metroline
LF75PGV,BEL3248,Metroline
LF75PGX,BEL3249,Metroline
LF75PGY,BEL3250,Metroline
LG21HZM,84173,Stagecoach London
LG21HZN,84174,Stagecoach London
LG21JBE,SEe144,Go-Ahead
LG21JBO,SEe145,Go-Ahead
LG21JBU,SEe146,Go-Ahead
LG21JBV,SEe147,Go-Ahead
LG21JBX,SEe148,Go-Ahead
LG21JBZ,SEe149,Go-Ahead
LG21JCJ,SEe150,Go-Ahead
LG21JCO,SEe151,Go-Ahead
LG21JCU,SEe152,Go-Ahead
LG21JCV,SEe153,Go-Ahead
LG21JCX,SEe154,Go-Ahead
LG21JCZ,SEe155,Go-Ahead
LG21JFZ,Ee50,Go-Ahead
LG21JGF,Ee51,Go-Ahead
LG21JGO,Ee52,Go-Ahead
LG21JGU,Ee53,Go-Ahead
LG21JGV,Ee54,Go-Ahead
LG21JGX,Ee55,Go-Ahead
LG21JGZ,Ee56,Go-Ahead
LG21JHA,Ee57,Go-Ahead
LG21JHE,Ee58,Go-Ahead
LG21JHF,Ee59,Go-Ahead
LG21JHH,Ee60,Go-Ahead
LG21JHJ,Ee61,Go-Ahead
LG21JHK,Ee62,Go-Ahead
LG21JHL,Ee63,Go-Ahead
LG21JHO,Ee64,Go-Ahead
LG21JHU,Ee65,Go-Ahead
LG21JHV,Ee66,Go-Ahead
LG21JHX,Ee67,Go-Ahead
LG21JHZ,Ee68,Go-Ahead
LG21JJE,Ee69,Go-Ahead
LG22APK,3430,Transport UK London
LG22APO,3431,Transport UK London
LG22APU,3432,Transport UK London
LG22APV,3433,Transport UK London
LG22APX,3434,Transport UK London
LG22APY,3435,Transport UK London
LG22APZ,3436,Transport UK London
LG22ARF,3437,Transport UK London
LG22ARO,3438,Transport UK London
LG22ARU,3439,Transport UK London
LG22ARX,3440,Transport UK London
LG22ARZ,3441,Transport UK London
LG22ATX,BCE47111,First Bus
LG22ATY,BCE47112,First Bus
LG22ATZ,BCE47113,First Bus
LG22AUA,BCE47114,First Bus
LG22AUC,BCE47115,First Bus
LG22AUE,BCE47116,First Bus
LG22AUF,BCE47117,First Bus
LG22AUH,BCE47118,First Bus
LG22AUJ,BCE47119,First Bus
LG22AUK,BCE47120,First Bus
LG22AUL,BCE47121,First Bus
LG22AUM,BCE47122,First Bus
LG22AUN,BCE47123,First Bus
LG22AUO,BCE47124,First Bus
LG22AUP,BCE47125,First Bus
LG22AUR,BCE47126,First Bus
LG22AUT,BCE47127,First Bus
LG22AUU,BCE47128,First Bus
LG22AUV,BCE47129,First Bus
LG22AUW,BCE47130,First Bus
LG22AUX,BCE47131,First Bus
LG22AUY,BCE47132,First Bus
LG22AVB,BCE47133,First Bus
LG22AVC,BCE47134,First Bus
LG22AVD,BCE47135,First Bus
LG22AVE,BCE47136,First Bus
LG22AVF,BCE47137,First Bus
LG22AXD,SEe167,Metrobus
LG22AXF,BDE2752,Metroline
LG22AXH,BDE2753,Metroline
LG22AXJ,BDE2754,Metroline
LG22AXK,BDE2755,Metroline
LG22AXM,BDE2756,Metroline
LG22AXN,BDE2757,Metroline
LG22AXO,BDE2758,Metroline
LG22AXP,BDE2759,Metroline
LG22AXR,BDE2760,Metroline
LG22AXS,BDE2761,Metroline
LG22AXT,BDE2762,Metroline
LG22AXU,BDE2763,Metroline
LG22AXV,BDE2764,Metroline
LG22AXW,BDE2765,Metroline
LG22AXX,BDE2766,Metroline
LG22AXY,BDE2767,Metroline
LG22AXZ,BDE2768,Metroline
LG23EUN,Ee172,Go-Ahead
LG23EUO,Ee173,Go-Ahead
LG23EUP,Ee174,Go-Ahead
LG23EUR,Ee175,Go-Ahead
LG23EUT,Ee176,Go-Ahead
LG23EUU,Ee177,Go-Ahead
LG23EUV,Ee178,Go-Ahead
LG23EUW,Ee179,Go-Ahead
LG23EUX,Ee180,Go-Ahead
LG23EUY,Ee181,Go-Ahead
LG23EUZ,Ee182,Go-Ahead
LG23EVB,Ee183,Go-Ahead
LG23EVC,Ee184,Go-Ahead
LG23EVD,Ee185,Go-Ahead
LG23EVF,Ee186,Go-Ahead
LG23EZH,Ee163,Go-Ahead
LG23EZJ,Ee164,Go-Ahead
LG23EZK,Ee165,Go-Ahead
LG23EZL,Ee166,Go-Ahead
LG23EZM,Ee167,Go-Ahead
LG23EZN,Ee168,Go-Ahead
LG23EZO,Ee169,Go-Ahead
LG23EZP,Ee170,Go-Ahead
LG23EZR,Ee171,Go-Ahead
LG23FAA,Ee129,Go-Ahead
LG23FAF,Ee130,Go-Ahead
LG23FAJ,Ee131,Go-Ahead
LG23FAK,Ee132,Go-Ahead
LG23FAM,Ee133,Go-Ahead
LG23FAO,Ee134,Go-Ahead
LG23FAU,Ee135,Go-Ahead
LG23FBA,Ee136,Go-Ahead
LG23FBB,Ee137,Go-Ahead
LG23FBC,Ee138,Go-Ahead
LG23FBD,Ee139,Go-Ahead
LG23FBE,Ee140,Go-Ahead
LG23FBF,Ee141,Go-Ahead
LG23FBJ,Ee142,Go-Ahead
LG23FBK,Ee143,Go-Ahead
LG23FBL,Ee144,Go-Ahead
LG23FFV,Ee113,Go-Ahead
LG23FFW,Ee114,Go-Ahead
LG23FFX,Ee115,Go-Ahead
LG23FFY,Ee116,Go-Ahead
LG23FFZ,Ee117,Go-Ahead
LG23FGA,Ee118,Go-Ahead
LG23FGC,Ee119,Go-Ahead
LG23FGD,Ee120,Go-Ahead
LG23FGE,Ee121,Go-Ahead
LG23FGF,Ee122,Go-Ahead
LG23FGJ,Ee123,Go-Ahead
LG23FGK,Ee124,Go-Ahead
LG23FGM,Ee125,Go-Ahead
LG23FGN,Ee126,Go-Ahead
LG23FGO,Ee127,Go-Ahead
LG23FGP,Ee128,Go-Ahead
LG23FGU,Ee151,Go-Ahead
LG23FGV,Ee152,Go-Ahead
LG23FGX,Ee153,Go-Ahead
LG23FGZ,Ee154,Go-Ahead
LG23FHA,Ee155,Go-Ahead
LG23FHB,Ee156,Go-Ahead
LG23FHC,Ee157,Go-Ahead
LG23FHD,Ee158,Go-Ahead
LG23FHE,Ee159,Go-Ahead
LG23FHF,Ee160,Go-Ahead
LG23FHH,Ee161,Go-Ahead
LG23FHJ,Ee162,Go-Ahead
LG23FJD,Ee94,Go-Ahead
LG23FJE,Ee95,Go-Ahead
LG23FJF,Ee96,Go-Ahead
LG23FJJ,Ee97,Go-Ahead
LG23FJK,Ee98,Go-Ahead
LG23FJN,Ee99,Go-Ahead
LG23FJP,SEe173,Go-Ahead
LG23FJU,SEe174,Go-Ahead
LG23FJV,SEe175,Go-Ahead
LG23FJX,SEe176,Go-Ahead
LG23FJY,SEe177,Go-Ahead
LG23FJZ,SEe178,Go-Ahead
LG23FKA,SEe179,Go-Ahead
LG23FKB,SEe180,Go-Ahead
LG23FKE,SEe181,Go-Ahead
LG23FKF,SEe182,Go-Ahead
LG23FKH,SEe183,Go-Ahead
LG23FKJ,SEe184,Go-Ahead
LG23FKL,SEe185,Go-Ahead
LG23FKM,SEe186,Go-Ahead
LG23FKN,SEe187,Go-Ahead
LG23FKO,SEe188,Go-Ahead
LG23FKP,SEe189,Go-Ahead
LG23FKS,SEe190,Go-Ahead
LG23FKT,SEe191,Go-Ahead
LG23FKU,SEe192,Go-Ahead
LG23FKV,SEe193,Go-Ahead
LG23FKW,SEe194,Go-Ahead
LG23FKX,SEe195,Go-Ahead
LG23FKY,SEe196,Go-Ahead
LG23FKZ,SEe197,Go-Ahead
LG23FLA,SEe198,Go-Ahead
LG23FLB,SEe199,Go-Ahead
LG71DJK,EA1,Arriva
LG71DJO,EA2,Arriva
LG71DJU,EA3,Arriva
LG71DJV,EA4,Arriva
LG71DJY,EA6,Arriva
LG71DJZ,EA7,Arriva
LG71DKA,EA8,Arriva
LG71DKD,EA9,Arriva
LG71DKE,EA10,Arriva
LG71DKF,EA11,Arriva
LG71DKJ,EA12,Arriva
LG71DKK,EA13,Arriva
LG71DKL,EA14,Arriva
LG71DKN,EA15,Arriva
LG71DKO,EA16,Arriva
LG71DKU,EA17,Arriva
LG71DKV,EA18,Arriva
LG71DKX,EA19,Arriva
LG71DKY,EA20,Arriva
LG71DLD,EA21,Arriva
LG71DLE,EA22,Arriva
LG71DNV,84148,Stagecoach London
LG71DNX,84149,Stagecoach London
LG71DNY,84150,Stagecoach London
LG71DOA,84151,Stagecoach London
LG71DOH,84152,Stagecoach London
LG71DOJ,84153,Stagecoach London
LG71DOU,84154,Stagecoach London
LG71DPE,84155,Stagecoach London
LG71DPF,84156,Stagecoach London
LG71DPK,84157,Stagecoach London
LG71DPN,84158,Stagecoach London
LG71DPO,84159,Stagecoach London
LG71DPU,84160,Stagecoach London
LG71DPV,84161,Stagecoach London
LG71DPX,84162,Stagecoach London
LG71DPY,84163,Stagecoach London
LG71DPZ,84164,Stagecoach London
LG71DRO,84165,Stagecoach London
LG71DRV,84166,Stagecoach London
LG71DRX,84167,Stagecoach London
LG71DRZ,84168,Stagecoach London
LG71DSE,84169,Stagecoach London
LG71DSO,84170,Stagecoach London
LG71DSU,84171,Stagecoach London
LG71DSV,84172,Stagecoach London
LG71DSX,BCE47052,First Bus
LG71DSY,BCE47053,First Bus
LG71DSZ,BE37041,First Bus
LG71DTF,BE37042,First Bus
LG71DTK,BE37043,First Bus
LG71DTN,BE37044,First Bus
LG71DTO,BE37045,First Bus
LG71DTU,BE37046,First Bus
LG71DTV,BE37047,First Bus
LG71DTX,BE37048,First Bus
LG71DTY,BE37050,First Bus
LG71DTZ,BE37049,First Bus
LG71DUA,BE37051,First Bus
LG71DUH,BE37052,First Bus
LG71DUJ,BE37053,First Bus
LG71DUU,BCE47100,First Bus
LG71DUV,BCE47101,First Bus
LG71DUY,BCE47102,First Bus
LG71DVA,BCE47103,First Bus
LG71DVB,BCE47104,First Bus
LG71DVC,BCE47105,First Bus
LG71DVF,BCE47106,First Bus
LG71DVH,BCE47107,First Bus
LG71DVJ,BCE47108,First Bus
LG71DVK,BCE47109,First Bus
LG71DVL,BCE47110,First Bus
LG71DVM,BCE47030,First Bus
LG71DVN,BCE47035,First Bus
LG71DVO,BCE47041,First Bus
LG71DVP,BCE47042,First Bus
LG71DVR,BCE47043,First Bus
LG71DVT,BCE47045,First Bus
LG71DVU,BCE47046,First Bus
LG71DVV,BCE47047,First Bus
LG71DVW,BCE47048,First Bus
LG71DVX,BCE47049,First Bus
LG71DVY,BCE47050,First Bus
LG71DVZ,BCE47051,First Bus
LG71DWA,BCE47087,First Bus
LG71DWC,BCE47088,First Bus
LG71DWD,BCE47089,First Bus
LG71DWE,BCE47090,First Bus
LG71DWF,BCE47091,First Bus
LG71DWJ,BCE47092,First Bus
LG71DWK,BCE47093,First Bus
LG71DWL,BCE47094,First Bus
LG71DWM,BCE47095,First Bus
LG71DWN,BCE47096,First Bus
LG71DWO,BCE47054,First Bus
LG71DWP,BCE47098,First Bus
LG71DWU,BCE47099,First Bus
LG71DWV,BCE47138,First Bus
LG71DWW,BCE47139,First Bus
LG71DWX,BCE47140,First Bus
LG71DWY,BCE47141,First Bus
LG71DWZ,BCE47143,First Bus
LG71DXA,BCE47142,First Bus
LG71DXB,BCE47144,First Bus
LG71DXC,BCE47145,First Bus
LG71DXD,BCE47146,First Bus
LG71DXE,BCE47147,First Bus
LG71DXF,BCE47148,First Bus
LG71DXH,BCE47149,First Bus
LG71DXJ,BCE47150,First Bus
LG71DXK,BCE47151,First Bus
LG71DXL,BCE47152,First Bus
LG71DXM,BCE47153,First Bus
LG71DXO,BCE47154,First Bus
LG71DXP,BCE47155,First Bus
LG71DXR,BCE47156,First Bus
LG71DXS,BCE47097,First Bus
LG71DXT,BCE47055,First Bus
LG71DXU,BCE47056,First Bus
LG71DXV,BCE47057,First Bus
LG71DXW,BCE47058,First Bus
LG71DXX,BCE47059,First Bus
LG71DXY,BCE47060,First Bus
LG71DXZ,BCE47061,First Bus
LG71DYA,BCE47062,First Bus
LG71DYB,BCE47063,First Bus
LG71DYC,BCE47064,First Bus
LG71DYD,BCE47065,First Bus
LG71DYF,BCE47066,First Bus
LG71DYH,BCE47067,First Bus
LG71DYJ,BCE47068,First Bus
LG71DYM,BCE47069,First Bus
LG71DYN,BCE47070,First Bus
LG71DYO,BCE47071,First Bus
LG71DYP,BCE47072,First Bus
LG71DYT,BCE47073,First Bus
LG71DYU,BCE47074,First Bus
LG71DYV,BCE47075,First Bus
LG71DYW,BCE47076,First Bus
LG71DYX,BCE47077,First Bus
LG71DYY,BCE47078,First Bus
LG71DZA,BCE47079,First Bus
LG71DZB,BCE47080,First Bus
LG71DZC,BCE47081,First Bus
LG71DZE,BCE47082,First Bus
LG71DZF,BCE47083,First Bus
LG71DZH,EP1,Go-Ahead
LG71DZJ,EP2,Go-Ahead
LG71DZK,EP3,Go-Ahead
LG71DZL,EP4,Go-Ahead
LG71DZM,EP5,Go-Ahead
LG71DZN,EP6,Go-Ahead
LG71DZO,EP7,Go-Ahead
LG71DZP,EP8,Go-Ahead
LG71DZR,EP9,Go-Ahead
LG71DZS,EP10,Go-Ahead
LG71DZT,EP11,Go-Ahead
LG71DZU,EP12,Go-Ahead
LG71DZV,EP13,Go-Ahead
LG71DZW,EP14,Go-Ahead
LG71DZX,EP15,Go-Ahead
LG71DZY,EP16,Go-Ahead
LG71DZZ,EP17,Go-Ahead
LG71EAA,EP18,Go-Ahead
LG71EAC,BME27001,First Bus
LG71EAE,BME27002,First Bus
LG71EAF,BME27003,First Bus
LG71EAJ,BME27004,First Bus
LG72DNO,Ee70,Metrobus
LG72DNU,Ee71,Metrobus
LG72DNV,Ee72,Metrobus
LG72DNX,Ee73,Metrobus
LG72DNY,Ee74,Metrobus
LG72DOA,Ee75,Metrobus
LG72DOH,Ee76,Metrobus
LG72DOJ,Ee77,Metrobus
LG72DOU,Ee78,Metrobus
LG72DPE,Ee79,Metrobus
LG72DPF,Ee80,Metrobus
LG72DPK,Ee81,Metrobus
LG72DPN,Ee82,Metrobus
LG72DPO,Ee83,Metrobus
LG72DPU,Ee84,Metrobus
LG72DPV,Ee85,Metrobus
LG72DPX,Ee86,Metrobus
LG72DPY,Ee87,Metrobus
LG72DPZ,Ee88,Metrobus
LG72DRO,Ee89,Metrobus
LG72DRV,Ee90,Metrobus
LG72DRX,Ee91,Metrobus
LG72DRZ,Ee92,Metrobus
LG72DSE,Ee93,Metrobus
LG72ECT,BE37085,First Bus
LG72ECV,BE37086,First Bus
LG72ECW,BE37087,First Bus
LG72ECX,BE37088,First Bus
LG72ECY,BE37089,First Bus
LG72ECZ,BE37090,First Bus
LG72EDC,BE37091,First Bus
LG72EDF,BE37092,First Bus
LG72EDJ,BE37093,First Bus
LG72EDK,BE37094,First Bus
LG72EDL,BE37095,First Bus
LG72EDO,BE37096,First Bus
LG72EDP,BE37097,First Bus
LG72EDR,BE37098,First Bus
LG72EDU,BE37099,First Bus
LG72EDV,BE37100,First Bus
LG72EDX,BE37101,First Bus
LG72EEA,BCE47157,First Bus
LG72EEB,BCE47158,First Bus
LG72EEF,BCE47159,First Bus
LG73FPA,SEe304,Go-Ahead
LG73FPC,SEe305,Go-Ahead
LG73FPD,SEe306,Go-Ahead
LG73FPE,SEe307,Go-Ahead
LG73FPF,SEe308,Go-Ahead
LG73FPJ,SEe309,Go-Ahead
LG73FPK,SEe310,Go-Ahead
LG73FPL,SEe311,Go-Ahead
LG73FPN,SEe312,Go-Ahead
LG73FPV,Ee218,Go-Ahead
LG73FPX,Ee219,Go-Ahead
LG73FPY,Ee220,Go-Ahead
LG73FPZ,Ee221,Go-Ahead
LG73FRC,Ee222,Go-Ahead
LG73FRD,Ee223,Go-Ahead
LG73FRF,Ee224,Go-Ahead
LG73FRJ,Ee225,Go-Ahead
LG73FRK,Ee226,Go-Ahead
LG73FRL,Ee227,Go-Ahead
LG73FRN,Ee228,Go-Ahead
LG73FRO,Ee229,Go-Ahead
LG73FRP,Ee230,Go-Ahead
LG73FRR,Ee231,Go-Ahead
LG73FRU,Ee232,Go-Ahead
LG73FRV,Ee233,Go-Ahead
LG73FRX,Ee234,Go-Ahead
LG73FRZ,Ee235,Go-Ahead
LG73FSA,Ee236,Go-Ahead
LG73FSC,Ee237,Go-Ahead
LG73FSD,Ee238,Go-Ahead
LG73FSE,Ee239,Go-Ahead
LG73FSF,Ee240,Go-Ahead
LG73FSJ,Ee241,Go-Ahead
LG73FSK,Ee242,Go-Ahead
LG73FSL,SEe276,Go-Ahead
LG73FSN,SEe277,Go-Ahead
LG73FSO,SEe278,Go-Ahead
LG73FSP,SEe279,Go-Ahead
LG73FSS,SEe280,Go-Ahead
LG73FSU,SEe281,Go-Ahead
LG73FSV,SEe282,Go-Ahead
LG73FSX,SEe283,Go-Ahead
LG73FSY,SEe284,Go-Ahead
LG73FSZ,SEe285,Go-Ahead
LG73FTA,SEe286,Go-Ahead
LG73FTC,SEe287,Go-Ahead
LG73FTD,SEe288,Go-Ahead
LG73FTE,SEe289,Go-Ahead
LG73FTF,SEe290,Go-Ahead
LG73FTJ,Ee201,Go-Ahead
LG73FTK,Ee202,Go-Ahead
LG73FTN,Ee203,Go-Ahead
LG73FTO,Ee204,Go-Ahead
LG73FVY,Ee100,Go-Ahead
LG73FYC,SEe243,Metrobus
LG73FYD,SEe244,Metrobus
LG73FYE,SEe245,Metrobus
LG73FYF,SEe246,Metrobus
LG73FYH,SEe247,Metrobus
LG73FYJ,SEe248,Metrobus
LG73FYK,SEe249,Metrobus
LG73FYL,SEe250,Metrobus
LG73FYM,SEe251,Metrobus
LG73FYN,SEe252,Metrobus
LG73FYO,SEe253,Metrobus
LG73FYP,SEe254,Metrobus
LG73FYR,SEe255,Metrobus
LG73FYS,SEe256,Metrobus
LG73FYT,SEe257,Metrobus
LG73FYU,SEe258,Metrobus
LG73FYV,SEe259,Metrobus
LG73FYW,SEe233,Go-Ahead
LG73FYX,SEe234,Go-Ahead
LG73FYY,SEe235,Go-Ahead
LG73FYZ,SEe236,Go-Ahead
LG73FZA,SEe237,Go-Ahead
LG73FZB,SEe238,Go-Ahead
LG73FZC,SEe239,Go-Ahead
LG73FZD,SEe240,Go-Ahead
LG73FZE,SEe241,Go-Ahead
LG73FZF,SEe242,Go-Ahead
LG73FZH,SEe272,Go-Ahead
LG73FZJ,SEe273,Go-Ahead
LG73FZK,SEe274,Go-Ahead
LG73FZL,SEe275,Go-Ahead
LG73FZM,SEe260,Go-Ahead
LG73FZN,SEe261,Metrobus
LG73FZO,SEe262,Metrobus
LG73FZP,SEe263,Go-Ahead
LG73FZR,SEe264,Go-Ahead
LG73FZS,SEe265,Go-Ahead
LG73FZT,SEe266,Go-Ahead
LG73FZU,SEe267,Go-Ahead
LG73FZV,SEe268,Go-Ahead
LG73FZW,SEe269,Go-Ahead
LG73FZX,SEe270,Go-Ahead
LG73FZY,SEe271,Go-Ahead
LG75YYN,VMSL2979,Metroline
LG75YYO,VMSL2980,Metroline
LG75YYP,VMSL2982,Metroline
LG75YYR,VMSS2970,Metroline
LG75YYS,VMSS2971,Metroline
LG75YYT,VMSS2972,Metroline
LG75YYU,VMSL2984,Metroline
LG75YYV,VMSS2963,Metroline
LG75YYW,VMSS2964,Metroline
LG75YYX,VMSS2965,Metroline
LG75YYZ,VMSS2966,Metroline
LG75YZA,VMSS2967,Metroline
LG75YZB,VMSS2968,Metroline
LG75YZC,VMSS2969,Metroline
LJ09KRO,DW201,Arriva
LJ09SSU,DW213,Arriva
LJ09SSZ,DW216,Arriva
LJ09SUA,DW219,Arriva
LJ09SUX,DW205,Arriva
LJ09SVE,DW210,Arriva
LJ09SVF,DW211,Arriva
LJ10CSV,ENL55,Arriva
LJ10CSY,ENL57,Arriva
LJ10CTK,ENL61,Arriva
LJ10CUO,DW308,Arriva
LJ10CUU,DW309,Arriva
LJ10CUV,DW310,Arriva
LJ10CUW,DW311,Arriva
LJ10CUX,DW312,Arriva
LJ10CUY,DW313,Arriva
LJ10CVB,DW315,Arriva
LJ10CVC,DW316,Arriva
LJ10CVD,DW317,Arriva
LJ10CVE,DW298,Arriva
LJ10CVG,DW300,Arriva
LJ10CVK,DW302,Arriva
LJ10CVL,DW303,Arriva
LJ10CVM,DW304,Arriva
LJ10CVN,DW305,Arriva
LJ10CVO,DW306,Arriva
LJ10CVP,DW307,Arriva
LJ10HTU,T142,Arriva
LJ10HUA,T132,Arriva
LJ10HUO,T135,Arriva
LJ10HUP,T136,Arriva
LJ10HUV,T138,Arriva
LJ10HUY,T139,Arriva
LJ10HVH,T128,Arriva
LJ10HVK,T129,Arriva
LJ10HVL,T130,Arriva
LJ10HVO,T118,Arriva
LJ10HVR,T120,Arriva
LJ11ABU,DW437,Arriva
LJ11ACX,DW422,Arriva
LJ11EEU,HV46,Arriva
LJ11EFE,HV36,Arriva
LJ11EFG,HV38,Arriva
LJ11EFK,HV39,Arriva
LJ11EFL,HV40,Arriva
LJ11EFM,HV41,Arriva
LJ11EFN,HV42,Arriva
LJ11EFO,HV43,Arriva
LJ11EFP,HV44,Arriva
LJ11EFR,HV45,Arriva
LJ11EFT,HV27,Arriva
LJ11EFZ,HV33,Arriva
LJ11EGD,HV35,Arriva
LJ12BYC,ENX17,Arriva
LJ12BYW,606,Uno Buses
LJ12BYX,SDE20296,First Bus
LJ12CGG,WS2,Metrobus
LJ12CGU,WS5,Metrobus
LJ12CGV,WS6,Metrobus
LJ12CGX,WS7,Metrobus
LJ12CHD,WVL481,Go-Ahead
LJ12CHF,WVL483,Go-Ahead
LJ12CHG,WVL484,Metrobus
LJ12CHH,WHV27,Go-Ahead
LJ12CHK,WHV31,Go-Ahead
LJ13CCE,DW509,Arriva
LJ13CCF,DW510,Arriva
LJ13CCN,DW512,Arriva
LJ13CCO,DW513,Arriva
LJ13CCU,DW514,Arriva
LJ13CCV,DW515,Arriva
LJ13CCX,DW516,Arriva
LJ13CCY,DW517,Arriva
LJ13CCZ,DW518,Arriva
LJ13CDE,DW523,Arriva
LJ13CDF,DW524,Arriva
LJ13CDK,DW525,Arriva
LJ13CDN,DW526,Arriva
LJ13CDO,DW527,Arriva
LJ13CDU,DW528,Arriva
LJ13CDV,DW549,Arriva
LJ13CDX,DW550,Arriva
LJ13CDY,DW551,Arriva
LJ13CDZ,DW552,Arriva
LJ13CEA,DW553,Arriva
LJ13CEF,DW554,Arriva
LJ13CEK,DW555,Arriva
LJ13CEN,DW556,Arriva
LJ13CEO,DW561,Arriva
LJ13CEU,DW562,Arriva
LJ13CEV,DW539,Arriva
LJ13CEX,DW540,Arriva
LJ13CFA,DW541,Arriva
LJ13CFD,DW542,Arriva
LJ13CFE,DW543,Arriva
LJ13CFF,DW544,Arriva
LJ13CFG,DW545,Arriva
LJ13CFK,DW546,Arriva
LJ13CFL,DW547,Arriva
LJ13CFM,DW548,Arriva
LJ13CGG,T285,Arriva
LJ13CGK,T286,Arriva
LJ13CHL,T279,Arriva
LJ13CHN,T280,Arriva
LJ13CHO,T281,Arriva
LJ13CHV,T282,Arriva
LJ13CHX,T283,Arriva
LJ13CHZ,DW573,Arriva
LJ13CJE,DW574,Arriva
LJ13CJF,DW575,Arriva
LJ13CJO,DW576,Arriva
LJ13CJU,DW577,Arriva
LJ13CJV,DW578,Arriva
LJ13CKC,DW563,Arriva
LJ13CKD,DW564,Arriva
LJ13CKE,DW565,Arriva
LJ13CKF,DW566,Arriva
LJ13CKG,DW567,Arriva
LJ13CKK,DW568,Arriva
LJ13CKL,DW569,Arriva
LJ13CKN,DW570,Arriva
LJ13CKO,DW571,Arriva
LJ13CKP,DW572,Arriva
LJ13CKU,DW529,Arriva
LJ13CKV,DW530,Arriva
LJ13CKX,DW531,Arriva
LJ13CKY,DW532,Arriva
LJ13CLF,DW533,Arriva
LJ13CLN,DW534,Arriva
LJ13CLO,DW535,Arriva
LJ13CLV,DW536,Arriva
LJ13CLX,DW537,Arriva
LJ13CLY,DW538,Arriva
LJ13CLZ,DW519,Arriva
LJ13CME,DW520,Arriva
LJ13CMF,DW521,Arriva
LJ13CMK,DW522,Arriva
LJ13FAM,HV122,Arriva
LJ13FAO,HV123,Arriva
LJ13FAU,HV124,Arriva
LJ13FBA,HV125,Arriva
LJ13FBB,HV126,Arriva
LJ13FBC,HV127,Arriva
LJ13FBD,HV128,Arriva
LJ13FBE,HV112,Arriva
LJ13FBF,HV113,Arriva
LJ13FBG,HV114,Arriva
LJ13FBK,HV115,Arriva
LJ13FBL,HV116,Arriva
LJ13FBN,HV117,Arriva
LJ13FBO,HV118,Arriva
LJ13FBU,HV119,Arriva
LJ13FBV,HV120,Arriva
LJ13FBX,HV121,Arriva
LJ13FBY,HV102,Arriva
LJ13FBZ,HV103,Arriva
LJ13FCA,HV104,Arriva
LJ13FCC,HV105,Arriva
LJ13FCE,HV107,Arriva
LJ13FCF,HV108,Arriva
LJ13FCG,HV109,Arriva
LJ13FCM,HV111,Arriva
LJ13FCN,HV92,Arriva
LJ13FCO,HV93,Arriva
LJ13FCP,HV94,Arriva
LJ13FCU,HV95,Arriva
LJ13FCV,HV96,Arriva
LJ13FCX,HV97,Arriva
LJ13FCY,HV98,Arriva
LJ13FCZ,HV99,Arriva
LJ13FDA,HV100,Arriva
LJ13FDC,HV101,Arriva
LJ13FDD,HV82,Arriva
LJ13FDE,HV83,Arriva
LJ13FDF,HV84,Arriva
LJ13FDG,HV85,Arriva
LJ13FDK,HV86,Arriva
LJ13FDL,HV87,Arriva
LJ13FDM,HV88,Arriva
LJ13FDN,HV89,Arriva
LJ13FDO,HV90,Arriva
LJ13FDP,HV91,Arriva
LJ13FEO,HV129,Arriva
LJ13FEP,HV130,Arriva
LJ13FET,HV131,Arriva
LJ15JYY,VH45124,First Bus
LJ15JYZ,VH45125,First Bus
LJ15JZA,VH45126,First Bus
LJ15JZC,VH45127,First Bus
LJ15JZD,VH45128,First Bus
LJ15JZE,VH45129,First Bus
LJ15JZF,VH45130,First Bus
LJ15JZG,VH45131,First Bus
LJ15JZH,VH45132,First Bus
LJ15JZK,VH45133,First Bus
LJ15JZL,VH45134,First Bus
LJ15JZM,VH45135,First Bus
LJ15JZN,VH45136,First Bus
LJ15JZO,VH45137,First Bus
LJ15JZP,VH45138,First Bus
LJ15JZR,VH45139,First Bus
LJ15JZT,VH45140,First Bus
LJ15JZU,VH45141,First Bus
LJ15JZV,VH45142,First Bus
LJ15JZW,VH45143,First Bus
LJ15LAA,VH45144,First Bus
LJ15LAE,VH45145,First Bus
LJ15LAO,VH45146,First Bus
LJ15LBA,VH45147,First Bus
LJ15LBE,VH45148,First Bus
LJ15LBF,VH45149,First Bus
LJ15LBG,VH45150,First Bus
LJ15LBK,VH45151,First Bus
LJ15LBL,VH45152,First Bus
LJ16EVD,VH45163,First Bus
LJ16EVF,VH45164,First Bus
LJ16EVG,VH45165,First Bus
LJ16EVH,VH45166,First Bus
LJ16EVK,VH45167,First Bus
LJ16EVL,VH45168,First Bus
LJ16EVM,VH45169,First Bus
LJ16EVN,VH45170,First Bus
LJ16EVP,VH45171,First Bus
LJ16EVR,VH45172,First Bus
LJ16EVT,VH45173,First Bus
LJ16EVU,VH45174,First Bus
LJ16EVV,VH45175,First Bus
LJ16EVW,VH45176,First Bus
LJ16EVX,VH45177,First Bus
LJ16EVY,VH45178,First Bus
LJ16EWA,VH45179,First Bus
LJ16EWB,VH45180,First Bus
LJ16EWC,VH45181,First Bus
LJ16EWD,VH45182,First Bus
LJ16EWE,VH45183,First Bus
LJ16EWF,VH45184,First Bus
LJ16EWG,VH45185,First Bus
LJ16EWH,VH45186,First Bus
LJ16EWK,VH45187,First Bus
LJ16EWL,VH45188,First Bus
LJ16EWM,VH45189,First Bus
LJ16EWN,VH45190,First Bus
LJ16EWO,VH45191,First Bus
LJ16EWP,VH45192,First Bus
LJ16EWR,VH45193,First Bus
LJ16EWT,VH45194,First Bus
LJ16EWU,VH45195,First Bus
LJ16EWV,VH45196,First Bus
LJ16EWW,VH45197,First Bus
LJ16EWX,VH45198,First Bus
LJ16EWZ,VH45199,First Bus
LJ16EXL,DLE30129,First Bus
LJ16EXM,DLE30130,First Bus
LJ16EXN,DLE30131,First Bus
LJ16EXO,DLE30132,First Bus
LJ16EXP,DLE30133,First Bus
LJ16EXR,DLE30134,First Bus
LJ16EXS,DLE30135,First Bus
LJ16EXT,DLE30136,First Bus
LJ16EXU,DLE30137,First Bus
LJ16EXV,DLE30138,First Bus
LJ16EXW,DLE30139,First Bus
LJ16EXX,DLE30140,First Bus
LJ16EXZ,DLE30141,First Bus
LJ16EYA,DLE30142,First Bus
LJ16EZN,1472,Uno Buses
LJ16EZP,1474,Uno Buses
LJ16KLV,VH45162,First Bus
LJ16MUV,VHR45203,First Bus
LJ16NNG,SEe3,Go-Ahead
LJ16NNH,SEe4,Go-Ahead
LJ16NNK,SEe5,Go-Ahead
LJ16NNM,SEe7,Go-Ahead
LJ16NNO,SEe8,Go-Ahead
LJ16NNP,SEe9,Go-Ahead
LJ16NNR,SEe10,Go-Ahead
LJ16NNT,SEe11,Go-Ahead
LJ16NNU,SEe12,Go-Ahead
LJ17WOH,HV324,Arriva
LJ17WOM,HV325,Arriva
LJ17WOR,HV326,Arriva
LJ17WOU,HV327,Arriva
LJ17WOV,HV328,Arriva
LJ17WOX,HV329,Arriva
LJ17WOY,HV330,Arriva
LJ17WPA,HV331,Arriva
LJ17WPD,HV332,Arriva
LJ17WPE,HV333,Arriva
LJ17WRA,VMH45321,First Bus
LJ17WRC,VMH45322,First Bus
LJ17WRD,VMH45323,First Bus
LJ17WRE,VMH45324,First Bus
LJ17WRF,13138,Stagecoach London
LJ17WRG,VMH45325,First Bus
LJ17WRK,13139,Stagecoach London
LJ17WRL,13140,Stagecoach London
LJ17WRN,VMH45326,First Bus
LJ17WRO,VMH45327,First Bus
LJ17WRP,VMH45328,First Bus
LJ17WRR,VMH45329,First Bus
LJ17WRT,VMH45330,First Bus
LJ17WRU,VMH45331,First Bus
LJ17WRV,VMH45332,First Bus
LJ17WRW,VMH45339,First Bus
LJ17WRX,VMH45340,First Bus
LJ17WSD,VMH45341,First Bus
LJ17WSE,VMH45333,First Bus
LJ17WSF,VMH45334,First Bus
LJ17WSK,VMH45335,First Bus
LJ17WSL,VMH45336,First Bus
LJ17WSN,VMH45342,First Bus
LJ17WSO,VMH45343,First Bus
LJ17WSU,VMH45344,First Bus
LJ17WSV,VMH45345,First Bus
LJ17WSW,VMH45337,First Bus
LJ17WSX,VMH45346,First Bus
LJ17WSY,VMH45338,First Bus
LJ17WSZ,VMH45347,First Bus
LJ17WTA,VMH45348,First Bus
LJ17WTC,VMH45349,First Bus
LJ17WTD,VMH45350,First Bus
LJ17WTE,VMH45351,First Bus
LJ17WTF,VMH45352,First Bus
LJ17WTK,13141,Stagecoach London
LJ17WTL,13142,Stagecoach London
LJ17WTM,13143,Stagecoach London
LJ17WTN,13144,Stagecoach London
LJ17WTO,13145,Stagecoach London
LJ17WTP,13146,Stagecoach London
LJ17WTR,13147,Stagecoach London
LJ17WTT,13148,Stagecoach London
LJ17WTU,13149,Stagecoach London
LJ17WTV,13150,Stagecoach London
LJ17WTW,13151,Stagecoach London
LJ17WTX,13152,Stagecoach London
LJ17WTY,13153,Stagecoach London
LJ17WTZ,13154,Stagecoach London
LJ17WUA,13155,Stagecoach London
LJ17WUB,13156,Stagecoach London
LJ17WUK,1510,Uno Buses
LJ17WUL,1511,Uno Buses
LJ17WVF,HV221,Arriva
LJ17WVG,HV226,Arriva
LJ17WVH,HV233,Arriva
LJ18FHA,BEL2505,Metroline
LJ18FHB,BEL2506,Metroline
LJ18FHC,BEL2507,Metroline
LJ18FHD,BEL2508,Metroline
LJ18FHE,BEL2509,Metroline
LJ18FHF,BEL2510,Metroline
LJ18FHG,BEL2511,Metroline
LJ18FHH,BEL2512,Metroline
LJ18FHK,BEL2513,Metroline
LJ18FHM,BEL2514,Metroline
LJ18FHN,BEL2515,Metroline
LJ18FHO,BEL2516,Metroline
LJ18FHP,BEL2517,Metroline
LJ18FHR,BEL2518,Metroline
LJ18FHS,BEL2519,Metroline
LJ18FHT,BEL2520,Metroline
LJ18FHU,BEL2521,Metroline
LJ18FHV,BEL2522,Metroline
LJ18FHW,BEL2523,Metroline
LJ18FHX,BEL2524,Metroline
LJ18FHY,BEL2525,Metroline
LJ18FHZ,BEL2526,Metroline
LJ18FJA,BEL2527,Metroline
LJ18FJC,BE37005,First Bus
LJ18FJD,BE37006,First Bus
LJ18FJE,BE37007,First Bus
LJ18FJF,BE37008,First Bus
LJ18FJK,BE37009,First Bus
LJ18FJN,BE37010,First Bus
LJ18FJO,BE37011,First Bus
LJ18FJP,BE37012,First Bus
LJ18FJU,BE37013,First Bus
LJ18FJV,BE37014,First Bus
LJ18FJX,BE37015,First Bus
LJ18FJY,BE37016,First Bus
LJ18FJZ,BE37017,First Bus
LJ18FKA,BE37018,First Bus
LJ18FKB,BE37019,First Bus
LJ18FKE,BE37020,First Bus
LJ18FKF,BE37021,First Bus
LJ18FKG,BE37022,First Bus
LJ18FKH,BE37023,First Bus
LJ18FKL,BE37024,First Bus
LJ18FKM,BE37025,First Bus
LJ18FKN,BE37026,First Bus
LJ18FKO,BE37027,First Bus
LJ18FKP,BE37028,First Bus
LJ18FKS,BE37029,First Bus
LJ18FKT,BE37030,First Bus
LJ18FKU,BE37031,First Bus
LJ18FKV,BE37032,First Bus
LJ18FKW,BE37033,First Bus
LJ18FKX,BE37034,First Bus
LJ18FKY,BE37035,First Bus
LJ18FKZ,BE37036,First Bus
LJ18FLA,BE37037,First Bus
LJ18FLB,BE37038,First Bus
LJ18FLC,BE37039,First Bus
LJ18FLD,BE37040,First Bus
LJ19CTX,BDE2613,Metroline
LJ19CTY,BDE2614,Metroline
LJ19CTZ,BDE2615,Metroline
LJ19CUA,BDE2616,Metroline
LJ19CUC,BDE2617,Metroline
LJ19CUG,BDE2618,Metroline
LJ19CUH,BDE2619,Metroline
LJ19CUK,BDE2620,Metroline
LJ19CUO,BDE2621,Metroline
LJ19CUU,BDE2622,Metroline
LJ19CUV,BDE2623,Metroline
LJ19CUW,BDE2624,Metroline
LJ19CUX,BDE2625,Metroline
LJ19CUY,BDE2626,Metroline
LJ19CVA,BDE2627,Metroline
LJ19CVB,BDE2628,Metroline
LJ19CVC,BDE2629,Metroline
LJ19CVD,BDE2630,Metroline
LJ19CVE,BDE2631,Metroline
LJ19CVF,BDE2632,Metroline
LJ19CVG,BDE2633,Metroline
LJ19CVH,BDE2634,Metroline
LJ19CVK,BDE2635,Metroline
LJ19CVL,BDE2636,Metroline
LJ19CVM,BDE2637,Metroline
LJ19CVN,BDE2638,Metroline
LJ19CVO,BDE2639,Metroline
LJ19CVP,BDE2640,Metroline
LJ19CVR,BDE2641,Metroline
LJ19CVS,BDE2642,Metroline
LJ19CVT,BDE2643,Metroline
LJ19CVU,BDE2644,Metroline
LJ19CVV,BDE2645,Metroline
LJ19CVW,BDE2646,Metroline
LJ19CVX,BDE2647,Metroline
LJ19CVY,BDE2648,Metroline
LJ19CVZ,BDE2649,Metroline
LJ23FHS,IE8,Metrobus
LJ23FHT,IE3,Metrobus
LJ23FHU,IE7,Metrobus
LJ23FHV,IE4,Metrobus
LJ23FHW,IE1,Metrobus
LJ24ZKE,66027,Stagecoach London
LJ24ZKF,66028,Stagecoach London
LJ24ZKG,66029,Stagecoach London
LJ24ZKH,66030,Stagecoach London
LJ24ZKK,66031,Stagecoach London
LJ24ZKL,66033,Stagecoach London
LJ24ZKM,66035,Stagecoach London
LJ24ZKN,66036,Stagecoach London
LJ24ZKO,66037,Stagecoach London
LJ24ZKP,66039,Stagecoach London
LJ24ZKR,66038,Stagecoach London
LJ24ZKS,66040,Stagecoach London
LJ24ZKT,66041,Stagecoach London
LJ24ZKU,66042,Stagecoach London
LJ24ZKV,66043,Stagecoach London
LJ24ZKW,66044,Stagecoach London
LJ24ZKY,VMSL2894,Metroline
LJ24ZKZ,VMSL2880,Metroline
LJ24ZLE,VMSL2878,Metroline
LJ24ZLK,VMSL2879,Metroline
LJ24ZLN,VMSL2886,Metroline
LJ24ZLO,VMSL2887,Metroline
LJ24ZLU,VMSL2888,Metroline
LJ24ZLV,VMSL2890,Metroline
LJ24ZLX,VMSL2891,Metroline
LJ24ZLY,VMSL2885,Metroline
LJ24ZLZ,VMSL2882,Metroline
LJ24ZMO,VMSL2893,Metroline
LJ24ZMU,VMSL2889,Metroline
LJ24ZMV,VMSL2884,Metroline
LJ24ZMX,VMSL2895,Metroline
LJ24ZMY,VMSL2896,Metroline
LJ24ZMZ,VMSL2897,Metroline
LJ24ZNA,VMSL2883,Metroline
LJ24ZNB,VMSL2881,Metroline
LJ24ZNC,VMSL2892,Metroline
LJ24ZNE,VMSL2898,Metroline
LJ24ZNF,VMSL2900,Metroline
LJ24ZNG,VMSL2901,Metroline
LJ24ZNH,VMSL2902,Metroline
LJ24ZNK,VMSL2903,Metroline
LJ24ZNL,VMSL2904,Metroline
LJ24ZNM,VMSL2905,Metroline
LJ24ZNN,VMSL2899,Metroline
LJ24ZNP,86181,Stagecoach London
LJ24ZNR,86182,Stagecoach London
LJ24ZNS,86183,Stagecoach London
LJ24ZNT,86184,Stagecoach London
LJ24ZNU,86185,Stagecoach London
LJ24ZNV,86186,Stagecoach London
LJ24ZNW,86187,Stagecoach London
LJ24ZNX,86188,Stagecoach London
LJ24ZNY,86189,Stagecoach London
LJ24ZPE,86209,Stagecoach London
LJ24ZPF,86210,Stagecoach London
LJ24ZPG,86211,Stagecoach London
LJ24ZPH,86212,Stagecoach London
LJ24ZPK,86213,Stagecoach London
LJ24ZPL,86214,Stagecoach London
LJ24ZPM,86215,Stagecoach London
LJ24ZPN,86216,Stagecoach London
LJ24ZPO,86217,Stagecoach London
LJ24ZPP,86218,Stagecoach London
LJ24ZPR,86219,Stagecoach London
LJ24ZPS,86220,Stagecoach London
LJ24ZPT,86221,Stagecoach London
LJ24ZPU,86222,Stagecoach London
LJ24ZPV,86223,Stagecoach London
LJ24ZPW,86224,Stagecoach London
LJ24ZPX,86225,Stagecoach London
LJ24ZPY,86191,Stagecoach London
LJ24ZPZ,86192,Stagecoach London
LJ24ZRA,86193,Stagecoach London
LJ24ZRC,86194,Stagecoach London
LJ24ZRD,86197,Stagecoach London
LJ24ZRE,86196,Stagecoach London
LJ24ZRF,86195,Stagecoach London
LJ24ZRG,86198,Stagecoach London
LJ24ZRK,86199,Stagecoach London
LJ24ZRL,86201,Stagecoach London
LJ24ZRN,86202,Stagecoach London
LJ25XLP,66045,Stagecoach London
LJ25XLR,66046,Stagecoach London
LJ25XLS,66047,Stagecoach London
LJ25XLT,66048,Stagecoach London
LJ25XLU,66049,Stagecoach London
LJ25XLV,66050,Stagecoach London
LJ25XLW,66051,Stagecoach London
LJ25XLX,66052,Stagecoach London
LJ25XLY,66053,Stagecoach London
LJ25XLZ,66054,Stagecoach London
LJ25XMA,66055,Stagecoach London
LJ25XMB,66056,Stagecoach London
LJ25XMC,66057,Stagecoach London
LJ25XMD,66058,Stagecoach London
LJ25XME,66059,Stagecoach London
LJ25XMG,66060,Stagecoach London
LJ25XMH,66061,Stagecoach London
LJ25XMK,66062,Stagecoach London
LJ25XML,66063,Stagecoach London
LJ25XMS,66090,Stagecoach London
LJ25XMT,66091,Stagecoach London
LJ25XMU,66092,Stagecoach London
LJ25XMV,66093,Stagecoach London
LJ25XMW,66094,Stagecoach London
LJ25XMX,66095,Stagecoach London
LJ25XMY,66096,Stagecoach London
LJ25XMZ,66097,Stagecoach London
LJ25XNB,66098,Stagecoach London
LJ25XNC,66099,Stagecoach London
LJ25XND,66100,Stagecoach London
LJ26UVM,EZ15,Arriva
LJ26UVN,EZ18,Arriva
LJ26UVO,EZ20,Arriva
LJ26UVP,EZ30,Arriva
LJ26UVR,EZ33,Arriva
LJ26UVS,EZ39,Arriva
LJ26UVT,EZ40,Arriva
LJ26UVU,EZ43,Arriva
LJ26UVV,EZ46,Arriva
LJ26UVX,EZ47,Arriva
LJ26UVY,EZ52,Arriva
LJ26UVZ,EZ54,Arriva
LJ26UWA,EZ56,Arriva
LJ26UWB,EZ57,Arriva
LJ26UWD,EZ60,Arriva
LJ26UWF,EZ61,Arriva
LJ26UWH,EZ64,Arriva
LJ26UWK,EZ65,Arriva
LJ26UWL,EZ66,Arriva
LJ26UWM,EZ67,Arriva
LJ26UWN,EZ68,Arriva
LJ26UWO,EZ69,Arriva
LJ26UWP,EZ70,Arriva
LJ26UWR,EZ71,Arriva
LJ26UWS,EZ72,Arriva
LJ26UWX,SVM21,Go-Ahead
LJ26UWY,SVM22,Go-Ahead
LJ26UWZ,SVM23,Go-Ahead
LJ26UXA,SVM24,Go-Ahead
LJ26UXB,SVM25,Go-Ahead
LJ26UYM,SVM17,Go-Ahead
LJ26UYN,SVM18,Go-Ahead
LJ26UYO,SVM19,Go-Ahead
LJ26UYP,SVM20,Go-Ahead
LJ59AAV,DW250,Arriva
LJ59AAX,DW251,Arriva
LJ59AAZ,DW253,Arriva
LJ59ACX,DW244,Arriva
LJ59AEL,DW239,Arriva
LJ59AEU,DW225,Arriva
LJ59GTU,DW260,Arriva
LJ59GUA,DW262,Arriva
LJ59GVK,DW258,Arriva
LJ59LWS,DW269,Arriva
LJ59LWU,DW271,Arriva
LJ59LXU,DW263,Arriva
LJ59LXV,DW264,Arriva
LJ59LXX,DW266,Arriva
LJ59LXY,DW267,Arriva
LJ59LXZ,DW268,Arriva
LJ60ASX,T185,Arriva
LJ60ATF,T187,Arriva
LJ60ATK,T188,Arriva
LJ60ATN,T189,Arriva
LJ60ATO,T190,Arriva
LJ60ATV,T192,Arriva
LJ60ATY,ENL62,Arriva
LJ60ATZ,T175,Arriva
LJ60AUC,T177,Arriva
LJ60AUF,T179,Arriva
LJ60AUH,T180,Arriva
LJ60AUK,T181,Arriva
LJ60AUM,T183,Arriva
LJ60AUO,T165,Arriva
LJ60AUT,T168,Arriva
LJ60AUV,T170,Arriva
LJ60AUX,T172,Arriva
LJ60AVC,T155,Arriva
LJ60AVD,T156,Arriva
LJ60AVO,T163,Arriva
LJ60AVP,T164,Arriva
LJ60AVW,T149,Arriva
LJ60AVX,T150,Arriva
LJ60AVY,T151,Arriva
LJ60AWA,T153,Arriva
LJ60AWH,HV17,Arriva
LJ60AWO,HV20,Arriva
LJ60AXB,HV10,Arriva
LJ60AXD,HV12,Arriva
LJ60AXU,DW335,Arriva
LJ60AXV,ENL73,Arriva
LJ60AXW,ENL74,Arriva
LJ60AXZ,DW320,Arriva
LJ60AYA,DW321,Arriva
LJ60AYD,DW324,Arriva
LJ60AYE,DW325,Arriva
LJ60AYF,ENL63,Arriva
LJ60AYH,ENL65,Arriva
LJ60AYL,ENL67,Arriva
LJ60AYM,ENL68,Arriva
LJ60AYO,ENL70,Arriva
LJ60AYS,ENL72,Arriva
LJ61CAA,DW485,Arriva
LJ61CAE,DW486,Arriva
LJ61CAO,DW487,Arriva
LJ61CAU,DW488,Arriva
LJ61CAV,DW489,Arriva
LJ61CAX,DW490,Arriva
LJ61CBF,DW491,Arriva
LJ61CBO,DW492,Arriva
LJ61CBU,DW493,Arriva
LJ61CBV,DW494,Arriva
LJ61CBX,DW475,Arriva
LJ61CBY,DW476,Arriva
LJ61CCA,DW477,Arriva
LJ61CCD,DW478,Arriva
LJ61CCE,DW479,Arriva
LJ61CCF,DW480,Arriva
LJ61CCK,DW481,Arriva
LJ61CCN,DW482,Arriva
LJ61CCO,DW483,Arriva
LJ61CCU,DW484,Arriva
LJ61CCY,DW467,Arriva
LJ61CDE,DW469,Arriva
LJ61CDF,DW470,Arriva
LJ61CDU,DW474,Arriva
LJ61CDY,DW460,Arriva
LJ61CDZ,DW461,Arriva
LJ61CEA,DW462,Arriva
LJ61CEK,DW464,Arriva
LJ61CFN,T222,Arriva
LJ61CGX,T217,Arriva
LJ61CGZ,T219,Arriva
LJ61CHH,T204,Arriva
LJ61CKC,DW496,Arriva
LJ61CKD,DW497,Arriva
LJ61CKE,DW498,Arriva
LJ61CKF,ENX1,Arriva
LJ61CKG,ENX2,Arriva
LJ61CKK,ENX3,Arriva
LJ61CKL,ENX4,Arriva
LJ61CKN,ENX5,Arriva
LJ61GVP,WVL455,Go-Ahead
LJ61GVT,WVL456,Go-Ahead
LJ61GVX,WHV2,Go-Ahead
LJ61GVY,WHV3,Go-Ahead
LJ61GVZ,WHV4,Go-Ahead
LJ61GWC,WHV6,Go-Ahead
LJ61GWG,WVL448,Metrobus
LJ61GWK,WVL449,Metrobus
LJ61GWL,WVL450,Metrobus
LJ61GWP,WVL454,Metrobus
LJ61GWU,WVL435,Go-Ahead
LJ61GWV,WVL436,Go-Ahead
LJ61GWW,WVL437,Go-Ahead
LJ61GWX,WVL438,Go-Ahead
LJ61GWY,WVL439,Go-Ahead
LJ61GXG,WHV9,Go-Ahead
LJ61GXH,WHV10,Go-Ahead
LJ61GXK,WHV11,Go-Ahead
LJ61GXL,WHV12,Go-Ahead
LJ61GXM,WHV13,Go-Ahead
LJ61GXP,WHV16,Go-Ahead
LJ61LHP,T271,Arriva
LJ61LHR,T272,Arriva
LJ61LHT,T273,Arriva
LJ61LHU,T274,Arriva
LJ61LHX,T277,Arriva
LJ61LHY,T278,Arriva
LJ61LJC,T261,Arriva
LJ61LJF,T263,Arriva
LJ61LJK,T264,Arriva
LJ61LJL,T265,Arriva
LJ61LJN,T266,Arriva
LJ61LJU,T268,Arriva
LJ61LJV,T269,Arriva
LJ61LJX,T270,Arriva
LJ61LKA,T253,Arriva
LJ61LKF,T257,Arriva
LJ61LKZ,T249,Arriva
LJ61NUM,WVL457,Go-Ahead
LJ61NUO,WVL458,Go-Ahead
LJ61NUP,WVL459,Go-Ahead
LJ61NUU,WVL460,Go-Ahead
LJ61NUV,WVL461,Go-Ahead
LJ61NUW,WVL462,Go-Ahead
LJ61NUX,WVL463,Go-Ahead
LJ61NUY,WVL464,Go-Ahead
LJ61NVA,WVL465,Go-Ahead
LJ61NVB,WVL466,Go-Ahead
LJ61NVC,WHV17,Go-Ahead
LJ61NVD,WHV18,Go-Ahead
LJ61NVE,WHV19,Go-Ahead
LJ61NVF,WHV20,Go-Ahead
LJ61NVG,WHV21,Go-Ahead
LJ61NVH,WHV22,Go-Ahead
LJ61NVK,WHV23,Go-Ahead
LJ61NVL,WHV24,Go-Ahead
LJ61NVM,WHV25,Go-Ahead
LJ61NVN,WHV26,Go-Ahead
LJ61NVP,WHV28,Go-Ahead
LJ61NVR,WHV29,Go-Ahead
LJ61NVS,WHV30,Go-Ahead
LJ61NVZ,WVL487,Metrobus
LJ61NWA,WVL488,Metrobus
LJ61NWB,WVL489,Metrobus
LJ61NWC,WVL490,Metrobus
LJ61NWD,WVL491,Metrobus
LJ61NWE,WVL492,Metrobus
LJ61NWF,WVL493,Metrobus
LJ61NWG,WVL494,Metrobus
LJ61NWH,WVL495,Metrobus
LJ61NWR,WVL482,Go-Ahead
LJ61NWU,WVL485,Metrobus
LJ61NWV,WVL486,Metrobus
LJ61NWW,WVL467,Go-Ahead
LJ62BAA,DW505,Arriva
LJ62BAU,HV65,Arriva
LJ62BBZ,DW506,Arriva
LJ62BCU,HV66,Arriva
LJ62BDF,DW507,Arriva
LJ62BEO,HV47,Arriva
LJ62BFZ,HV77,Arriva
LJ62BGK,HV48,Arriva
LJ62BGX,HV49,Arriva
LJ62BGZ,HV78,Arriva
LJ62BHF,HV79,Arriva
LJ62BHY,HV50,Arriva
LJ62BJK,HV80,Arriva
LJ62BJX,HV81,Arriva
LJ62BKD,DW499,Arriva
LJ62BKG,DW500,Arriva
LJ62BKN,DW501,Arriva
LJ62BKU,HV51,Arriva
LJ62BKX,HV52,Arriva
LJ62BMO,DW502,Arriva
LJ62BMZ,HV53,Arriva
LJ62BNA,DW503,Arriva
LJ62BND,HV67,Arriva
LJ62BNE,HV54,Arriva
LJ62BNL,HV55,Arriva
LJ62BPV,HV68,Arriva
LJ62BSO,HV69,Arriva
LJ62BTO,HV70,Arriva
LJ62BTY,HV71,Arriva
LJ62BVE,HV72,Arriva
LJ62BVP,HV73,Arriva
LJ62BVY,HV74,Arriva
LJ62BWF,HV75,Arriva
LJ62BXD,HV57,Arriva
LJ62BXF,HV58,Arriva
LJ62BYT,HV59,Arriva
LJ62BZH,HV61,Arriva
LJ62BZR,HV62,Arriva
LJ62BZV,DW504,Arriva
LJ62FNF,DW557,Arriva
LJ62FNG,DW558,Arriva
LJ62FNR,DW559,Arriva
LJ62FOD,DW560,Arriva
LJ62KFD,WHV32,Go-Ahead
LJ62KGG,WHV36,Go-Ahead
LJ62KGN,WHV37,Go-Ahead
LJ62KGY,WHV38,Go-Ahead
LJ62KHF,WHV39,Go-Ahead
LJ62KKP,WHV41,Go-Ahead
LJ65FZK,VH45153,First Bus
LJ65FZL,VH45154,First Bus
LJ65FZM,VH45155,First Bus
LJ65FZN,VH45156,First Bus
LJ65FZO,VH45157,First Bus
LJ65FZP,VH45158,First Bus
LJ65FZR,VH45159,First Bus
LJ65FZS,VH45160,First Bus
LJ65FZT,VH45161,First Bus
LJ66CFM,SEe13,Go-Ahead
LJ66CFN,SEe14,Go-Ahead
LJ66CFO,SEe15,Go-Ahead
LJ66CFP,SEe16,Go-Ahead
LJ66CFU,SEe17,Go-Ahead
LJ66CFV,SEe18,Go-Ahead
LJ66CFX,SEe19,Go-Ahead
LJ66CFY,SEe20,Go-Ahead
LJ66CFZ,SEe21,Go-Ahead
LJ66CGE,SEe22,Go-Ahead
LJ66CGF,SEe23,Go-Ahead
LJ66CGG,SEe24,Go-Ahead
LJ66CGK,SEe25,Go-Ahead
LJ66CGO,SEe26,Go-Ahead
LJ66CGU,SEe27,Go-Ahead
LJ66CGV,SEe28,Go-Ahead
LJ66CGX,SEe29,Go-Ahead
LJ66CGZ,SEe31,Go-Ahead
LJ66CHC,SEe32,Go-Ahead
LJ66CHD,SEe33,Go-Ahead
LJ66CHH,SEe36,Go-Ahead
LJ66CHV,SEe41,Go-Ahead
LJ66CHX,SEe42,Go-Ahead
LJ66CHY,SEe43,Go-Ahead
LJ66CHZ,SEe44,Go-Ahead
LJ66CJF,SEe46,Go-Ahead
LJ66CJO,SEe47,Go-Ahead
LJ66CJV,SEe49,Go-Ahead
LJ66CJX,SEe50,Go-Ahead
LJ66CJY,SEe51,Go-Ahead
LJ66CJZ,SEe1,Go-Ahead
LJ66EZO,VHR45204,First Bus
LJ66EZP,VHR45205,First Bus
LJ66EZR,VHR45206,First Bus
LJ66EZT,VHR45207,First Bus
LJ66EZU,VHR45208,First Bus
LJ66GYY,SEe2,Go-Ahead
LJ66TRZ,VH45200,First Bus
LJ66TSO,VH45201,First Bus
LJ66TSU,VH45202,First Bus
LJ66TZN,1512,Uno Buses
LJ67DJD,SEe52,Go-Ahead
LJ67DJE,SEe53,Go-Ahead
LJ67DJF,SEe54,Go-Ahead
LJ67DJK,SEe55,Go-Ahead
LJ67DJO,SEe56,Go-Ahead
LJ67DJU,SEe57,Go-Ahead
LJ67DJV,SEe58,Go-Ahead
LJ67DJX,SEe59,Go-Ahead
LJ67DKA,SEe60,Go-Ahead
LJ67DKD,SEe61,Go-Ahead
LJ67DKE,SEe62,Go-Ahead
LJ67DKF,SEe63,Go-Ahead
LJ67DKK,SEe64,Go-Ahead
LJ67DKL,SEe65,Go-Ahead
LJ67DKN,SEe66,Go-Ahead
LJ67DKO,SEe67,Go-Ahead
LJ67DKU,SEe68,Go-Ahead
LJ67DKV,SEe69,Go-Ahead
LJ67DKX,SEe70,Go-Ahead
LJ67DKY,SEe71,Go-Ahead
LJ67DLD,SEe72,Go-Ahead
LJ67DLE,SEe73,Go-Ahead
LJ67DLF,SEe74,Go-Ahead
LJ67DLK,SEe75,Go-Ahead
LJ67DLN,SEe76,Go-Ahead
LJ69YYA,VH45318,First Bus
LJ69YYB,VH45319,First Bus
LJ73CHV,IE6,Metrobus
LJ73CHX,IE5,Metrobus
LJ74BPY,IE16,Metrobus
LJ74BPZ,IE15,Metrobus
LJ74BRF,IE14,Metrobus
LJ74BRV,IE13,Metrobus
LJ74BRX,IE11,Metrobus
LJ74BRZ,IE12,Metrobus
LJ74BSY,IE9,Metrobus
LJ74BSZ,IE10,Metrobus
LJ74BTV,IE19,Metrobus
LJ74CZN,IE20,Metrobus
LJ74CZO,IE17,Metrobus
LJ74CZP,IE18,Metrobus
LJ74XOD,86190,Stagecoach London
LJ74XPA,86200,Stagecoach London
LJ74XPB,86203,Stagecoach London
LJ74XPC,86204,Stagecoach London
LJ74XPD,86205,Stagecoach London
LJ74XPF,86206,Stagecoach London
LJ74XPG,86207,Stagecoach London
LJ74XPH,86208,Stagecoach London
LJ75VXZ,86226,Stagecoach London
LJ75VZC,EZ1,Arriva
LJ75VZD,EZ2,Arriva
LJ75VZE,EZ3,Arriva
LJ75VZF,EZ4,Arriva
LJ75VZG,EZ5,Arriva
LJ75VZH,EZ6,Arriva
LJ75VZK,EZ7,Arriva
LJ75VZL,EZ8,Arriva
LJ75VZM,EZ9,Arriva
LJ75VZN,EZ10,Arriva
LJ75VZO,EZ11,Arriva
LJ75VZP,EZ12,Arriva
LJ75VZR,EZ13,Arriva
LJ75VZS,EZ14,Arriva
LJ75VZU,EZ16,Arriva
LJ75VZV,EZ17,Arriva
LJ75VZX,EZ19,Arriva
LJ75VZZ,EZ21,Arriva
LJ75WAA,EZ22,Arriva
LJ75WAE,EZ23,Arriva
LJ75WAO,EZ24,Arriva
LJ75WAU,EZ25,Arriva
LJ75WBD,EZ26,Arriva
LJ75WBE,EZ27,Arriva
LJ75WBF,EZ28,Arriva
LJ75WBG,EZ29,Arriva
LJ75WBL,EZ31,Arriva
LJ75WBM,EZ32,Arriva
LJ75WBO,EZ34,Arriva
LJ75WBP,EZ35,Arriva
LJ75WBT,EZ36,Arriva
LJ75WBU,EZ37,Arriva
LJ75WBV,EZ38,Arriva
LJ75WBY,VMSL2976,Metroline
LJ75WBZ,VMSL2973,Metroline
LJ75WCA,VMSL2974,Metroline
LJ75WCC,VMSL2975,Metroline
LJ75WCD,VMSL2981,Metroline
LJ75WCE,VMSL2983,Metroline
LJ75WCF,VMSL2977,Metroline
LJ75WCG,VMSL2978,Metroline
LK09ENN,DE1011,Metroline
LK10BXM,VW1043,Metroline
LK10BXN,VW1044,Metroline
LK10BXO,VW1045,Metroline
LK10BYM,DE1121,Metroline
LK10BYP,DE1124,Metroline
LK10BYR,DE1125,Metroline
LK10BYT,DE1127,Metroline
LK10BZD,DE1137,Metroline
LK10BZN,DE1145,Metroline
LK10BZP,DE1147,Metroline
LK11CWF,DE1152,Metroline
LK11CWG,DE1153,Metroline
LK11CWJ,DE1154,Metroline
LK11CWL,DE1155,Metroline
LK11CWM,DE1156,Metroline
LK11CWN,DE1157,Metroline
LK11CWO,DE1158,Metroline
LK11CWP,DE1159,Metroline
LK11CWR,DE1160,Metroline
LK11CWT,DE1161,Metroline
LK11CWU,DE1162,Metroline
LK11CWV,DE1163,Metroline
LK11CWW,DE1164,Metroline
LK11CWX,DE1165,Metroline
LK11CWY,DE1166,Metroline
LK11CWZ,DE1167,Metroline
LK11CXA,DE1168,Metroline
LK11CXB,DE1169,Metroline
LK11CXC,DE1170,Metroline
LK11CXD,DE1171,Metroline
LK11CXE,DE1172,Metroline
LK11CXF,DE1173,Metroline
LK11CXG,DE1174,Metroline
LK11CXM,VW1177,Metroline
LK11CXO,VW1179,Metroline
LK11CXP,VW1180,Metroline
LK11CXR,VW1181,Metroline
LK11CXS,VW1182,Metroline
LK11CXU,VW1184,Metroline
LK11CXW,VW1186,Metroline
LK11CXX,VW1187,Metroline
LK11CXY,VW1188,Metroline
LK11CYF,VW1192,Metroline
LK11CYP,VW1197,Metroline
LK11CYS,VW1198,Metroline
LK11CYT,VW1199,Metroline
LK12AAF,VW1243,Metroline
LK12AAJ,VW1244,Metroline
LK12AAN,VW1245,Metroline
LK12AAU,VW1246,Metroline
LK12ABF,VW1247,Metroline
LK12ABO,VW1248,Metroline
LK12ACZ,VW1252,Metroline
LK12ADX,VW1255,Metroline
LK12AEB,VW1257,Metroline
LK12AEF,VW1258,Metroline
LK12AEG,VW1259,Metroline
LK12AET,VW1260,Metroline
LK12AEU,VW1261,Metroline
LK12AEW,VW1263,Metroline
LK12AEZ,VW1264,Metroline
LK12AFA,VW1265,Metroline
LK12AFE,VW1266,Metroline
LK12AFO,VW1262,Metroline
LK12AFU,VW1267,Metroline
LK12AFV,VW1268,Metroline
LK12AFX,VW1269,Metroline
LK12AHA,VW1270,Metroline
LK12AHC,VW1271,Metroline
LK12AHD,VW1272,Metroline
LK12AHO,VW1273,Metroline
LK12AHU,VW1274,Metroline
LK12AHZ,VW1275,Metroline
LK12AJX,VW1276,Metroline
LK12AKN,VW1277,Metroline
LK12AKO,VW1278,Metroline
LK12ALO,VW1279,Metroline
LK12AMO,VW1280,Metroline
LK12AMV,VW1281,Metroline
LK12ANF,VW1282,Metroline
LK12AOA,VW1283,Metroline
LK12AOL,VW1284,Metroline
LK12AOO,VW1285,Metroline
LK12AOT,VW1286,Metroline
LK12AOX,VW1287,Metroline
LK12AOY,VW1288,Metroline
LK12APF,VW1289,Metroline
LK12APV,VW1290,Metroline
LK12APZ,VW1291,Metroline
LK12ARO,VW1292,Metroline
LK12ARU,VW1293,Metroline
LK12ARX,VW1294,Metroline
LK12ARZ,VW1295,Metroline
LK12ASZ,VW1296,Metroline
LK12ATU,VW1297,Metroline
LK12ATV,VW1298,Metroline
LK12AUE,VW1299,Metroline
LK12AUF,VW1300,Metroline
LK12AUM,VW1301,Metroline
LK12AUN,VW1302,Metroline
LK12AUU,VW1303,Metroline
LK12AUV,VW1304,Metroline
LK12AUW,VW1305,Metroline
LK12AUY,VW1306,Metroline
LK12AVD,TE1307,Metroline
LK12AVU,TE1311,Metroline
LK12AWA,TE1312,Metroline
LK12AWJ,TE1314,Metroline
LK12AWU,DE1318,Metroline
LK12AWX,DE1319,Metroline
LK12AWY,DE1320,Metroline
LK12AWZ,DE1321,Metroline
LK12AXA,DE1322,Metroline
LK12AXG,DE1323,Metroline
LK12AXH,DE1324,Metroline
LK12AXP,DE1325,Metroline
LK12AXR,DE1326,Metroline
LK12AXS,DE1327,Metroline
LK12AXV,DE1328,Metroline
LK12AXW,DE1329,Metroline
LK12AXZ,DE1330,Metroline
LK12AYF,DE1331,Metroline
LK12AYG,DE1332,Metroline
LK12AYN,DE1333,Metroline
LK12AYP,DE1334,Metroline
LK12AYZ,DE1335,Metroline
LK12AZA,DE1336,Metroline
LK13BEU,TE1434,Metroline
LK13BEY,TE1435,Metroline
LK13BFA,TE1436,Metroline
LK13BFF,TE1437,Metroline
LK13BFJ,TE1438,Metroline
LK13BFL,TE1439,Metroline
LK13BFM,TE1440,Metroline
LK13BFO,TE1442,Metroline
LK13BFU,TE1444,Metroline
LK13BFX,TE1446,Metroline
LK13BFY,TE1447,Metroline
LK13BFZ,TE1448,Metroline
LK13BGE,TEH1449,Metroline
LK13BGF,TEH1450,Metroline
LK13BGO,TEH1451,Metroline
LK13BGU,TEH1452,Metroline
LK13BGV,TEH1453,Metroline
LK13BGX,TEH1454,Metroline
LK13BGY,TEH1455,Metroline
LK13BGZ,TEH1456,Metroline
LK13BHA,TEH1457,Metroline
LK13BHD,TEH1458,Metroline
LK13BHE,TEH1459,Metroline
LK13BHF,TEH1460,Metroline
LK13BHJ,TEH1461,Metroline
LK13BHL,TEH1462,Metroline
LK13BHN,TEH1463,Metroline
LK13BHO,TEH1464,Metroline
LK13BHP,TEH1465,Metroline
LK13BHU,TEH1466,Metroline
LK13BHV,TEH1467,Metroline
LK13BHW,VW1405,Metroline
LK13BHX,VW1406,Metroline
LK13BHY,VW1407,Metroline
LK13BHZ,VWH1413,Metroline
LK13BJE,VW1468,Metroline
LK14FAA,VWH2001,Metroline
LK14FAF,VWH2002,Metroline
LK14FAJ,VWH2003,Metroline
LK14FAM,VWH2004,Metroline
LK14FAO,VWH2005,Metroline
LK14FAU,VWH2006,Metroline
LK14FBA,VWH2007,Metroline
LK14FBB,VWH2008,Metroline
LK14FBC,VWH2009,Metroline
LK14FBD,VWH2010,Metroline
LK14FBE,VWH2011,Metroline
LK14FBF,VWH2012,Metroline
LK14FBG,VWH2013,Metroline
LK14FBJ,VWH2014,Metroline
LK14FBL,VWH2015,Metroline
LK14FBN,VWH2016,Metroline
LK14FBO,VWH2017,Metroline
LK14FBU,VWH2018,Metroline
LK14FBV,VWH2019,Metroline
LK14FBX,VWH2020,Metroline
LK14FBY,VWH2021,Metroline
LK14FBZ,VWH2022,Metroline
LK14FCA,VWH2023,Metroline
LK15CRZ,TEH2074,Metroline
LK15CSF,TEH2075,Metroline
LK15CSO,TEH2076,Metroline
LK15CSU,TEH2077,Metroline
LK15CSV,TEH2078,Metroline
LK15CSX,TEH2079,Metroline
LK15CSY,TEH2080,Metroline
LK15CSZ,TEH2081,Metroline
LK15CTE,TEH2082,Metroline
LK15CTF,TEH2083,Metroline
LK15CUA,TEH2084,Metroline
LK15CUC,TEH2085,Metroline
LK15CUG,TEH2086,Metroline
LK15CUH,TEH2087,Metroline
LK15CWA,TEH2072,Metroline
LK15CWC,TEH2073,Metroline
LK15CWD,VWH2088,Metroline
LK15CWE,VWH2089,Metroline
LK15CWF,VWH2090,Metroline
LK15CWG,VWH2091,Metroline
LK15CWO,VWH2092,Metroline
LK15CWP,VWH2093,Metroline
LK15CWR,VWH2094,Metroline
LK15CWT,VWH2095,Metroline
LK15CWU,VWH2096,Metroline
LK15CWV,VWH2097,Metroline
LK15CWW,VWH2098,Metroline
LK15CWX,VWH2099,Metroline
LK15CWY,VWH2100,Metroline
LK15CWZ,VWH2101,Metroline
LK15CXA,VWH2102,Metroline
LK15CXB,VWH2103,Metroline
LK15CXC,VWH2104,Metroline
LK15CXD,VWH2105,Metroline
LK15CXE,VWH2106,Metroline
LK15CXF,VWH2107,Metroline
LK15CXG,VWH2108,Metroline
LK15CXH,VWH2109,Metroline
LK15CXJ,VWH2110,Metroline
LK15CXL,VWH2111,Metroline
LK15CXM,VWH2112,Metroline
LK15CXN,VWH2113,Metroline
LK15CXO,VWH2114,Metroline
LK15CXP,VWH2115,Metroline
LK15CXR,VWH2116,Metroline
LK15CXS,VWH2117,Metroline
LK15CXT,VWH2118,Metroline
LK15CXU,VWH2119,Metroline
LK15CXV,VWH2120,Metroline
LK15CXW,VWH2121,Metroline
LK16BXY,EN36,Arriva
LK16BYA,EN38,Arriva
LK16DDJ,DEL2155,Metroline
LK16DDL,DEL2156,Metroline
LK16DDN,DEL2157,Metroline
LK16DDO,DEL2158,Metroline
LK16DDU,DEL2159,Metroline
LK16DDV,DEL2160,Metroline
LK16DDX,DEL2161,Metroline
LK16DDY,DEL2162,Metroline
LK16DDZ,DEL2163,Metroline
LK16DEU,DEL2164,Metroline
LK16DFA,DEL2165,Metroline
LK16DFC,DEL2166,Metroline
LK16DFD,VWH2167,Metroline
LK16DFE,VWH2168,Metroline
LK16DFF,VWH2169,Metroline
LK16DFG,VWH2170,Metroline
LK16DFJ,VWH2171,Metroline
LK16DFL,VWH2172,Metroline
LK16DFN,VWH2173,Metroline
LK16DFO,VWH2174,Metroline
LK16DFP,VWH2175,Metroline
LK16DFU,VWH2176,Metroline
LK16DFV,VWH2177,Metroline
LK16DFX,VWH2178,Metroline
LK16DFY,VWH2179,Metroline
LK16DFZ,VWH2180,Metroline
LK16DGE,VWH2181,Metroline
LK16DGF,VWH2182,Metroline
LK16DGO,VWH2183,Metroline
LK16DGU,VWH2184,Metroline
LK16DGX,VWH2186,Metroline
LK16DGY,VWH2187,Metroline
LK16DGZ,VWH2188,Metroline
LK16DHA,VWH2189,Metroline
LK16DHE,VWH2201,Metroline
LK16HZC,VWH2185,Metroline
LK16HZE,VWH2213,Metroline
LK16HZF,VWH2214,Metroline
LK16HZG,VWH2215,Metroline
LK16HZH,VWH2216,Metroline
LK16HZJ,VWH2217,Metroline
LK16HZL,VWH2218,Metroline
LK16HZM,VWH2219,Metroline
LK16HZN,VWH2220,Metroline
LK16HZP,VWH2221,Metroline
LK16HZR,VWH2222,Metroline
LK16HZS,VWH2223,Metroline
LK16HZT,VWH2224,Metroline
LK16HZU,VWH2190,Metroline
LK16HZV,VWH2191,Metroline
LK16HZW,VWH2192,Metroline
LK16HZX,VWH2193,Metroline
LK17AFA,HV272,Arriva
LK17AFE,HV273,Arriva
LK17AFF,HV274,Arriva
LK17AFJ,HV275,Arriva
LK17AFN,HV276,Arriva
LK17AFO,HV277,Arriva
LK17AFU,HV278,Arriva
LK17AFV,HV279,Arriva
LK17AFX,HV295,Arriva
LK17AFY,HV296,Arriva
LK17AFZ,HV297,Arriva
LK17AGO,HV298,Arriva
LK17AGU,HV299,Arriva
LK17AGV,HV300,Arriva
LK17AGX,HV301,Arriva
LK17AGY,HV302,Arriva
LK17AGZ,HV303,Arriva
LK17AHA,HV304,Arriva
LK17AHC,HV305,Arriva
LK17AHD,HV306,Arriva
LK17AHE,HV307,Arriva
LK17AHG,HV308,Arriva
LK17AHJ,HV309,Arriva
LK17AHL,HV310,Arriva
LK17AHO,HV311,Arriva
LK17AHP,HV312,Arriva
LK17AHU,HV313,Arriva
LK17AHV,HV314,Arriva
LK17AHX,HV315,Arriva
LK17AHY,HV316,Arriva
LK17AHZ,HV317,Arriva
LK17AJO,HV318,Arriva
LK17AJU,HV319,Arriva
LK17AJV,HV320,Arriva
LK17AJX,HV321,Arriva
LK17AJY,HV322,Arriva
LK17AKG,HV323,Arriva
LK17AKJ,HV280,Arriva
LK17AKN,HV281,Arriva
LK17AKO,HV282,Arriva
LK17AKP,HV283,Arriva
LK17AKU,HV284,Arriva
LK17AKV,HV285,Arriva
LK17AKX,HV286,Arriva
LK17AKY,HV287,Arriva
LK17AKZ,HV288,Arriva
LK17ALO,HV289,Arriva
LK17ALU,HV290,Arriva
LK17AMO,HV291,Arriva
LK17AMU,HV292,Arriva
LK17AMV,HV293,Arriva
LK17AMX,HV294,Arriva
LK17CXY,VWH2275,Metroline
LK17CYP,VWH2286,Metroline
LK17CYS,VWH2287,Metroline
LK17CYT,VWH2288,Metroline
LK17CYU,VWH2289,Metroline
LK17CYV,VWH2290,Metroline
LK17CYW,VWH2291,Metroline
LK17CYY,VWH2292,Metroline
LK17CYZ,VWH2293,Metroline
LK17CZA,VWH2294,Metroline
LK17CZB,VWH2295,Metroline
LK17CZC,VWH2276,Metroline
LK17CZD,VWH2277,Metroline
LK17CZE,VWH2278,Metroline
LK17CZF,VWH2279,Metroline
LK17CZG,VWH2280,Metroline
LK17CZH,VWH2281,Metroline
LK17CZJ,VWH2282,Metroline
LK17CZL,VWH2283,Metroline
LK17CZM,VWH2284,Metroline
LK17CZN,VWH2285,Metroline
LK17CZO,VWH2266,Metroline
LK17CZP,VWH2267,Metroline
LK17CZR,VWH2268,Metroline
LK17CZS,VWH2269,Metroline
LK17CZT,VWH2270,Metroline
LK17CZU,VWH2271,Metroline
LK17CZV,VWH2272,Metroline
LK17CZW,VWH2273,Metroline
LK17CZX,VWH2274,Metroline
LK17CZY,VWH2275,Metroline
LK17DAA,VWH2336,Metroline
LK17DAO,VWH2337,Metroline
LK17DAU,VWH2338,Metroline
LK17DBO,VWH2339,Metroline
LK17DBU,VWH2340,Metroline
LK17DBV,VWH2341,Metroline
LK17DBX,VWH2342,Metroline
LK17DBY,VWH2343,Metroline
LK17DBZ,VWH2344,Metroline
LK17DCF,VWH2326,Metroline
LK17DCO,VWH2327,Metroline
LK17DCU,VWH2328,Metroline
LK17DCV,VWH2329,Metroline
LK17DCX,VWH2330,Metroline
LK17DCY,VWH2331,Metroline
LK17DCZ,VWH2332,Metroline
LK17DDA,VWH2333,Metroline
LK17DDE,VWH2334,Metroline
LK17DDF,VWH2335,Metroline
LK17DDJ,VWH2316,Metroline
LK17DDL,VWH2317,Metroline
LK17DDN,VWH2318,Metroline
LK17DDO,VWH2319,Metroline
LK17DDU,VWH2320,Metroline
LK17DDV,VWH2321,Metroline
LK17DDX,VWH2322,Metroline
LK17DDY,VWH2323,Metroline
LK17DDZ,VWH2324,Metroline
LK17DEU,VWH2325,Metroline
LK17DFA,VWH2306,Metroline
LK17DFC,VWH2307,Metroline
LK17DFD,VWH2308,Metroline
LK17DFE,VWH2309,Metroline
LK17DFF,VWH2310,Metroline
LK17DFG,VWH2311,Metroline
LK17DFJ,VWH2312,Metroline
LK17DFL,VWH2313,Metroline
LK17DFN,VWH2314,Metroline
LK17DFO,VWH2315,Metroline
LK17DFP,VWH2296,Metroline
LK17DFU,VWH2297,Metroline
LK17DFV,VWH2298,Metroline
LK17DFX,VWH2299,Metroline
LK17DFY,VWH2300,Metroline
LK17DFZ,VWH2301,Metroline
LK17DGF,VWH2302,Metroline
LK17DGO,VWH2303,Metroline
LK17DGU,VWH2304,Metroline
LK17DGV,VWH2305,Metroline
LK18AFA,VMH2433,Metroline
LK18AFE,VMH2434,Metroline
LK18AFF,VMH2435,Metroline
LK18AFJ,VMH2436,Metroline
LK18AFN,VMH2437,Metroline
LK18AFO,VMH2438,Metroline
LK18AFU,VMH2439,Metroline
LK18AFV,VMH2440,Metroline
LK18AFX,VMH2441,Metroline
LK18AFY,VMH2442,Metroline
LK18AFZ,VMH2443,Metroline
LK18AGO,VMH2444,Metroline
LK18AGU,VMH2445,Metroline
LK18AGV,VMH2446,Metroline
LK18AGX,VMH2447,Metroline
LK18AGY,VMH2448,Metroline
LK18AGZ,VMH2449,Metroline
LK18AHA,VMH2450,Metroline
LK18AHC,VMH2451,Metroline
LK18AHD,VMH2452,Metroline
LK18AHE,VMH2453,Metroline
LK18AHF,VMH2454,Metroline
LK18AHG,VMH2480,Metroline
LK18AHJ,VMH2481,Metroline
LK18AHL,VMH2482,Metroline
LK18AHN,VMH2483,Metroline
LK18AHO,VMH2484,Metroline
LK18AHP,VMH2485,Metroline
LK18AHU,VMH2486,Metroline
LK18AHV,VMH2487,Metroline
LK18AHX,VMH2488,Metroline
LK18AHY,VMH2489,Metroline
LK18AHZ,VMH2490,Metroline
LK18AJO,VMH2491,Metroline
LK18AJU,VMH2492,Metroline
LK18AJV,VMH2493,Metroline
LK18AJX,VMH2494,Metroline
LK18AJY,VMH2495,Metroline
LK18AKF,VMH2496,Metroline
LK18AKG,VMH2497,Metroline
LK18AKJ,VMH2498,Metroline
LK18AKN,VMH2455,Metroline
LK18AKO,VMH2456,Metroline
LK18AKP,VMH2457,Metroline
LK18AKU,VMH2458,Metroline
LK18AKV,VMH2459,Metroline
LK18AKX,VMH2460,Metroline
LK18AKY,VMH2461,Metroline
LK18AKZ,VMH2462,Metroline
LK18ALO,VMH2463,Metroline
LK18ALU,VMH2464,Metroline
LK18AMO,VMH2465,Metroline
LK18AMU,VMH2466,Metroline
LK18AMV,VMH2467,Metroline
LK18AMX,VMH2468,Metroline
LK18ANF,VMH2469,Metroline
LK18ANP,VMH2470,Metroline
LK18ANR,VMH2471,Metroline
LK18ANU,VMH2472,Metroline
LK18ANV,VMH2473,Metroline
LK18ANX,VMH2474,Metroline
LK18AOA,VMH2475,Metroline
LK18AOB,VMH2476,Metroline
LK18AOC,VMH2477,Metroline
LK18AOD,VMH2478,Metroline
LK18AOE,VMH2479,Metroline
LK59FDN,WVN20,Metrobus
LK59FDP,WVN22,Metrobus
LK59FDU,WVN23,Go-Ahead
LK59FEO,WVN11,Go-Ahead
LK59FET,WVN2,Go-Ahead
LK60AFY,1487,Uno Buses
LK60AGY,1488,Uno Buses
LK61BNA,VW1209,Metroline
LK61BNB,VW1210,Metroline
LK61BNE,VW1211,Metroline
LK61BNF,VW1212,Metroline
LK61BNJ,VW1213,Metroline
LK62DAA,DEM1337,Metroline
LK62DAO,DEM1338,Metroline
LK62DBZ,DEM1339,Metroline
LK62DCE,DEM1340,Metroline
LK62DCF,DEM1341,Metroline
LK62DCY,DEM1342,Metroline
LK62DDU,DEM1343,Metroline
LK62DDY,DEM1344,Metroline
LK62DDZ,DEM1345,Metroline
LK62DEU,DEM1346,Metroline
LK62DFF,DEM1347,Metroline
LK62DFJ,DEM1348,Metroline
LK62DFP,DEM1349,Metroline
LK62DFY,DEM1350,Metroline
LK62DGF,DEM1351,Metroline
LK62DGO,DEM1352,Metroline
LK62DHC,DEM1353,Metroline
LK62DHD,DEM1354,Metroline
LK62DHE,DEM1355,Metroline
LK62DHG,DEM1356,Metroline
LK62DHP,DEM1357,Metroline
LK62DHU,DEM1358,Metroline
LK62DHV,DEM1359,Metroline
LK62DHX,VWH1360,Metroline
LK62DHZ,VWH1361,Metroline
LK62DJY,VWH1362,Metroline
LK62DJZ,VWH1363,Metroline
LK62DKE,VWH1364,Metroline
LK62DKN,VW1365,Metroline
LK62DKV,VW1366,Metroline
LK62DLJ,VW1367,Metroline
LK62DLO,VW1368,Metroline
LK62DLV,VW1369,Metroline
LK62DLX,VW1370,Metroline
LK62DMV,VW1371,Metroline
LK62DND,VW1372,Metroline
LK62DNE,VW1373,Metroline
LK62DNO,VW1375,Metroline
LK62DNU,VW1374,Metroline
LK62DNX,VW1376,Metroline
LK62DOH,VW1377,Metroline
LK62DPE,VW1378,Metroline
LK62DPU,VW1379,Metroline
LK62DPY,VW1380,Metroline
LK62DRV,VW1381,Metroline
LK62DRZ,VW1382,Metroline
LK62DSE,VW1383,Metroline
LK62DSU,VW1384,Metroline
LK62DSV,VW1385,Metroline
LK62DTN,VW1386,Metroline
LK62DTU,VW1387,Metroline
LK62DTV,VW1388,Metroline
LK62DTZ,VW1389,Metroline
LK62DUA,VW1390,Metroline
LK62DUH,VW1391,Metroline
LK62DUJ,VW1392,Metroline
LK62DUU,VW1393,Metroline
LK62DVB,VW1394,Metroline
LK62DVC,VW1395,Metroline
LK62DVF,VW1396,Metroline
LK62DVG,VW1397,Metroline
LK62DVH,VW1398,Metroline
LK62DVJ,VW1399,Metroline
LK62DVL,VW1400,Metroline
LK62DVO,VW1401,Metroline
LK62DVP,VW1402,Metroline
LK62DVR,VW1403,Metroline
LK62DVU,VW1404,Metroline
LK62DWA,VWH1408,Metroline
LK62DWD,VWH1409,Metroline
LK62DWE,VWH1410,Metroline
LK62DWF,VWH1411,Metroline
LK62DWJ,VWH1412,Metroline
LK62DWO,VWH1414,Metroline
LK62DWU,VWH1415,Metroline
LK62DWV,VWH1416,Metroline
LK62DWY,VWH1417,Metroline
LK62DXF,VWH1418,Metroline
LK62DXG,VWH1419,Metroline
LK62DXM,TE1420,Metroline
LK62DXT,TE1423,Metroline
LK62DXX,TE1424,Metroline
LK62DYC,TE1427,Metroline
LK62DYD,TE1428,Metroline
LK62DYF,TE1429,Metroline
LK62DYH,TE1431,Metroline
LK62DYO,TE1433,Metroline
LK64CZZ,DLE30026,First Bus
LK64ECE,DEL2062,Metroline
LK64ECF,DEL2063,Metroline
LK64ECJ,DEL2064,Metroline
LK64ECN,DEL2065,Metroline
LK64ECT,DEL2066,Metroline
LK64ECV,DEL2067,Metroline
LK64ECW,DEL2068,Metroline
LK64ECX,DEL2069,Metroline
LK64ECY,DEL2070,Metroline
LK64ECZ,DEL2071,Metroline
LK64EDC,VWH2024,Metroline
LK64EDF,VWH2025,Metroline
LK64EDJ,VWH2026,Metroline
LK64EDL,VWH2027,Metroline
LK64EDO,VWH2028,Metroline
LK64EDP,VWH2029,Metroline
LK64EDR,VWH2030,Metroline
LK64EDU,VWH2031,Metroline
LK64EDV,VWH2032,Metroline
LK64EDX,VWH2033,Metroline
LK64EHB,VWH2034,Metroline
LK64EHC,VWH2035,Metroline
LK64EHD,VWH2036,Metroline
LK64EHE,VWH2037,Metroline
LK64EHF,VWH2038,Metroline
LK64EHG,VWH2039,Metroline
LK64EHH,VWH2040,Metroline
LK64EHJ,VWH2041,Metroline
LK64EHL,VWH2042,Metroline
LK64EHM,VWH2043,Metroline
LK64EHN,VWH2044,Metroline
LK64EHO,VWH2045,Metroline
LK64EHP,VWH2046,Metroline
LK64EHR,VWH2047,Metroline
LK64EHS,VWH2048,Metroline
LK64EHT,VWH2049,Metroline
LK64EHU,VWH2050,Metroline
LK64EHV,VWH2051,Metroline
LK64EHW,VWH2052,Metroline
LK64EHX,VWH2053,Metroline
LK64EHY,VWH2054,Metroline
LK64EHZ,VWH2055,Metroline
LK64EJA,VWH2056,Metroline
LK64EJC,VWH2057,Metroline
LK64EJD,VWH2058,Metroline
LK64EJE,VWH2059,Metroline
LK64EJF,VWH2060,Metroline
LK64EJG,VWH2061,Metroline
LK65BYM,HA11,Arriva
LK65BYN,HA12,Arriva
LK65BYO,HA13,Arriva
LK65BYP,HA14,Arriva
LK65BYR,HA15,Arriva
LK65BYS,HA16,Arriva
LK65BYT,HA17,Arriva
LK65BYU,HA18,Arriva
LK65BYV,HA19,Arriva
LK65BYX,HA1,Arriva
LK65BYY,HA2,Arriva
LK65BYZ,HA3,Arriva
LK65BZA,HA4,Arriva
LK65BZB,HA5,Arriva
LK65BZC,HA6,Arriva
LK65BZD,HA7,Arriva
LK65BZE,HA8,Arriva
LK65BZF,HA9,Arriva
LK65BZG,HA10,Arriva
LK65EAA,DEL2145,Metroline
LK65EAC,DEL2146,Metroline
LK65EAE,DEL2147,Metroline
LK65EAF,DEL2148,Metroline
LK65EAG,DEL2149,Metroline
LK65EAJ,DEL2150,Metroline
LK65EAM,DEL2151,Metroline
LK65EAO,DEL2152,Metroline
LK65EAP,DEL2153,Metroline
LK65EAW,DEL2154,Metroline
LK65EAX,VWH2122,Metroline
LK65EAY,VWH2123,Metroline
LK65EBA,VWH2124,Metroline
LK65EBC,VWH2125,Metroline
LK65EBD,VWH2126,Metroline
LK65EBF,VWH2127,Metroline
LK65EBG,VWH2128,Metroline
LK65EBJ,VWH2129,Metroline
LK65EBL,VWH2130,Metroline
LK65EBM,VWH2131,Metroline
LK65EBN,VWH2132,Metroline
LK65EBO,VWH2133,Metroline
LK65EBP,VWH2134,Metroline
LK65EBU,VWH2135,Metroline
LK65EBV,VWH2136,Metroline
LK65EBX,VWH2137,Metroline
LK65EBZ,VWH2138,Metroline
LK65ECA,VWH2139,Metroline
LK65ECC,VWH2140,Metroline
LK65ECD,VWH2141,Metroline
LK65EKN,T331,Arriva
LK65EKZ,T321,Arriva
LK65ELC,T322,Arriva
LK65ELH,T323,Arriva
LK65ELJ,T324,Arriva
LK65ELO,T325,Arriva
LK65ELU,T326,Arriva
LK65ELV,T327,Arriva
LK65ELW,T328,Arriva
LK65ELX,T329,Arriva
LK65EMF,T330,Arriva
LK65EMJ,T311,Arriva
LK65EMV,T312,Arriva
LK65EMX,T313,Arriva
LK65ENC,T314,Arriva
LK65ENE,T315,Arriva
LK65ENF,T316,Arriva
LK65ENH,T317,Arriva
LK65ENJ,T318,Arriva
LK65ENL,T319,Arriva
LK65ENM,T320,Arriva
LK65ENO,T302,Arriva
LK65ENP,T303,Arriva
LK65ENR,T304,Arriva
LK65ENT,T305,Arriva
LK65ENU,T306,Arriva
LK65ENV,T307,Arriva
LK65ENW,T308,Arriva
LK65ENX,T309,Arriva
LK65ENY,T310,Arriva
LK65EOA,VWH2142,Metroline
LK65EOB,VWH2143,Metroline
LK65EOC,VWH2144,Metroline
LK66AMO,SLS001,Arriva
LK66AMU,SLS002,Arriva
LK66AMV,SLS003,Arriva
LK66AMX,SLS004,Arriva
LK66ANF,SLS005,Arriva
LK66ANP,SLS006,Arriva
LK66ANR,SLS007,Arriva
LK66ANU,SLS008,Arriva
LK66ANV,SLS009,Arriva
LK66AOA,SLS011,Arriva
LK66AOB,SLS012,Arriva
LK66AOC,SLS013,Arriva
LK66AOD,SLS014,Arriva
LK66AOE,SLS015,Arriva
LK66AOF,SLS016,Arriva
LK66AOG,SLS017,Arriva
LK66AOH,SLS018,Arriva
LK66AOJ,SLS019,Arriva
LK66AOL,SLS020,Arriva
LK66AOM,SLS021,Arriva
LK66DWC,VWH2211,Metroline
LK66DWD,VWH2194,Metroline
LK66DWE,VWH2206,Metroline
LK66DWF,VWH2212,Metroline
LK66DWG,VWH2229,Metroline
LK66DWJ,VWH2230,Metroline
LK66DWL,VWH2231,Metroline
LK66DWM,VWH2232,Metroline
LK66DWN,VWH2233,Metroline
LK66DWO,VWH2234,Metroline
LK66DWP,VWH2208,Metroline
LK66DWU,VWH2200,Metroline
LK66DWV,VWH2202,Metroline
LK66DWW,VWH2204,Metroline
LK66DWX,VWH2205,Metroline
LK66DWY,VWH2207,Metroline
LK66DWZ,VWH2199,Metroline
LK66DXA,VWH2203,Metroline
LK66DXB,VWH2209,Metroline
LK66DXC,VWH2210,Metroline
LK66ENU,VWH2195,Metroline
LK66ENV,VWH2196,Metroline
LK66ENW,VWH2197,Metroline
LK66ENX,VWH2198,Metroline
LK66ENY,VWH2225,Metroline
LK66EOA,VWH2226,Metroline
LK66EOB,VWH2227,Metroline
LK66EOC,VWH2228,Metroline
LK66EOD,VWH2235,Metroline
LK66EOE,VWH2236,Metroline
LK66EOF,VWH2237,Metroline
LK66EOG,VWH2238,Metroline
LK66EOH,VWH2239,Metroline
LK66EOJ,VWH2240,Metroline
LK66EOL,VWH2241,Metroline
LK66EOM,VWH2242,Metroline
LK66EOO,VWH2243,Metroline
LK66EOP,DEL2244,Metroline
LK66EOR,DEL2245,Metroline
LK66EOS,DEL2246,Metroline
LK66FSE,DEL2247,Metroline
LK66FSF,DEL2248,Metroline
LK66FSG,DEL2249,Metroline
LK66FSJ,DEL2250,Metroline
LK66FSL,DEL2251,Metroline
LK66FSN,DEL2252,Metroline
LK66FSO,DEL2253,Metroline
LK66FSP,DEL2254,Metroline
LK66FSS,DEL2255,Metroline
LK66FSU,DEL2256,Metroline
LK66FSV,DEL2257,Metroline
LK66FSX,DEL2258,Metroline
LK66FSY,DEL2259,Metroline
LK66FSZ,DEL2260,Metroline
LK66FTA,DEL2261,Metroline
LK66FTC,DEL2262,Metroline
LK66FTD,DEL2263,Metroline
LK66FTE,DEL2264,Metroline
LK66FTF,DEL2265,Metroline
LK66GAO,HV227,Arriva
LK66GAU,HV228,Arriva
LK66GAX,HV229,Arriva
LK66GBE,HV230,Arriva
LK66GBF,HV231,Arriva
LK66GBO,HV232,Arriva
LK66GBV,HV234,Arriva
LK66GBX,HV235,Arriva
LK66GBY,HV236,Arriva
LK66GBZ,HV237,Arriva
LK66GCF,HV238,Arriva
LK66GCO,HV239,Arriva
LK66GCU,HV240,Arriva
LK66GCV,HV241,Arriva
LK66GCX,HV242,Arriva
LK66GCY,HV243,Arriva
LK66GCZ,HV244,Arriva
LK66GDA,HV245,Arriva
LK66GDE,HV246,Arriva
LK66GDF,HV247,Arriva
LK66GDJ,HV248,Arriva
LK66GDO,HV249,Arriva
LK66GDU,HV250,Arriva
LK66GDV,HV251,Arriva
LK66GDX,HV252,Arriva
LK66GDY,HV253,Arriva
LK66GDZ,HV254,Arriva
LK66GEJ,HV255,Arriva
LK66GEU,HV256,Arriva
LK66GEY,HV257,Arriva
LK66GFA,HV258,Arriva
LK66GFE,HV259,Arriva
LK66GFG,HV260,Arriva
LK66GFJ,HV261,Arriva
LK66GFO,HV262,Arriva
LK66GFU,HV263,Arriva
LK66GFV,HV264,Arriva
LK66GFX,HV265,Arriva
LK66GFY,HV266,Arriva
LK66GFZ,HV267,Arriva
LK66GGA,HV268,Arriva
LK66GGE,HV269,Arriva
LK66GGF,HV270,Arriva
LK66GGJ,HV271,Arriva
LK66GZM,HA20,Arriva
LK66GZN,HA21,Arriva
LK66GZO,HA22,Arriva
LK66GZP,HA23,Arriva
LK66GZS,HA24,Arriva
LK66GZT,HA25,Arriva
LK66GZU,HA26,Arriva
LK66GZV,HA27,Arriva
LK66GZW,HA28,Arriva
LK66GZY,HA29,Arriva
LK66HAE,HA30,Arriva
LK66HAO,HA31,Arriva
LK66HAX,HA32,Arriva
LK66HBA,HA33,Arriva
LK66HBB,HA34,Arriva
LK66HBC,HA35,Arriva
LK66HBD,HA36,Arriva
LK66HBE,HA37,Arriva
LK66HBF,HA38,Arriva
LK66HBG,HA39,Arriva
LK66HBH,HA40,Arriva
LK66HBJ,HA41,Arriva
LK66HBL,HA42,Arriva
LK66HBN,HA43,Arriva
LK66HBO,HA44,Arriva
LK66HBP,HA45,Arriva
LK66HBU,HA46,Arriva
LK66HBX,HA47,Arriva
LK66HBY,HA48,Arriva
LK66HBZ,HA49,Arriva
LK66HCA,HA50,Arriva
LK66HCC,HA51,Arriva
LK66HCD,HA52,Arriva
LK66HCE,HA53,Arriva
LK66HCF,HV201,Arriva
LK66HCG,HV202,Arriva
LK66HCH,HV203,Arriva
LK66HCJ,HV204,Arriva
LK66HCL,HV205,Arriva
LK66HCN,HV206,Arriva
LK66HCO,HV207,Arriva
LK66HCP,HV208,Arriva
LK66HCU,HV209,Arriva
LK66HCV,HV210,Arriva
LK66HCX,HV211,Arriva
LK66HCY,HV212,Arriva
LK66HCZ,HV213,Arriva
LK66HDA,HV214,Arriva
LK66HDC,HV215,Arriva
LK66HDD,HV216,Arriva
LK66HDE,HV217,Arriva
LK66HDF,HV218,Arriva
LK66HDG,HV219,Arriva
LK66HDH,HV220,Arriva
LK66HDL,HV222,Arriva
LK66HDN,HV223,Arriva
LK66HDO,HV224,Arriva
LK66HDU,HV225,Arriva
LK67CXB,VWH2345,Metroline
LK67CXC,VWH2346,Metroline
LK67CXD,VWH2347,Metroline
LK67CXE,VWH2348,Metroline
LK67CXF,VWH2349,Metroline
LK67CXG,VWH2350,Metroline
LK67CXH,VWH2351,Metroline
LK67CXJ,VWH2352,Metroline
LK67CXL,VWH2353,Metroline
LK67CXM,VWH2354,Metroline
LK67CXN,VWH2355,Metroline
LK67CXO,VWH2356,Metroline
LK67CXP,VWH2357,Metroline
LK67CXR,VWH2358,Metroline
LK67CXS,VWH2359,Metroline
LK67CXT,VWH2360,Metroline
LK67CXU,VWH2361,Metroline
LK67CXV,VWH2362,Metroline
LK67CXW,VWH2363,Metroline
LK67CXX,VWH2364,Metroline
LK67CXY,VWH2365,Metroline
LK67CXZ,VWH2366,Metroline
LK67CYA,VWH2367,Metroline
LK67CYC,VWH2368,Metroline
LK67CYE,VWH2369,Metroline
LK67CYF,VWH2370,Metroline
LK67CYG,VWH2371,Metroline
LK67CYH,VWH2372,Metroline
LK67CYJ,VWH2373,Metroline
LK67CYL,VWH2374,Metroline
LK67EKO,VWH2375,Metroline
LK67EKP,VWH2376,Metroline
LK67EKR,VWH2377,Metroline
LK67EKT,VWH2378,Metroline
LK67EKU,VWH2379,Metroline
LK67EKV,VWH2380,Metroline
LK67EKW,VWH2381,Metroline
LK67EKX,VWH2382,Metroline
LK67EKY,VWH2383,Metroline
LK67EKZ,VWH2384,Metroline
LK67ELC,VWH2385,Metroline
LK67ELH,VWH2386,Metroline
LK67ELJ,VWH2387,Metroline
LK67ELO,VWH2388,Metroline
LK67ELU,VWH2389,Metroline
LK67ELV,VWH2390,Metroline
LK67ELW,VWH2391,Metroline
LK67ELX,VWH2392,Metroline
LK67EMF,VWH2393,Metroline
LK67EMJ,VWH2394,Metroline
LK67EMV,VWH2395,Metroline
LK67EMX,VWH2396,Metroline
LK67ENC,VWH2397,Metroline
LK67ENE,VWH2398,Metroline
LK67ENF,VWH2399,Metroline
LK67ENH,VWH2400,Metroline
LK67ENJ,VWH2401,Metroline
LK67ENL,VWH2402,Metroline
LK67ENM,VWH2403,Metroline
LK67ENN,VWH2404,Metroline
LK67ENO,VWH2405,Metroline
LK67ENP,VWH2406,Metroline
LK67ENR,VWH2407,Metroline
LK67ENT,VWH2408,Metroline
LK67ENU,VWH2409,Metroline
LK67ENV,VWH2410,Metroline
LK67ENW,VWH2411,Metroline
LK67ENX,VWH2412,Metroline
LK67ENY,VWH2413,Metroline
LK67EOA,VWH2414,Metroline
LK67EOB,VWH2415,Metroline
LK67EOC,VWH2416,Metroline
LK67EOD,VWH2417,Metroline
LK67EOE,VWH2418,Metroline
LK67EOF,VWH2419,Metroline
LK67EOG,VWH2420,Metroline
LK67EOH,VWH2421,Metroline
LK67EOJ,VWH2422,Metroline
LK67EOL,VWH2423,Metroline
LK67EOM,VWH2424,Metroline
LK67EZO,VWH2425,Metroline
LK67EZP,VWH2426,Metroline
LK67EZR,VWH2427,Metroline
LK67EZS,VWH2428,Metroline
LK67EZT,VWH2429,Metroline
LK67EZU,VWH2430,Metroline
LK67EZV,VWH2431,Metroline
LK67EZW,VWH2432,Metroline
LK70AYX,WHD2708,Metroline
LK70AYY,WHD2709,Metroline
LK70AYZ,WHD2710,Metroline
LK70AZA,WHD2711,Metroline
LK70AZB,WHD2712,Metroline
LK70AZC,WHD2713,Metroline
LK70AZD,WHD2714,Metroline
LK70AZF,WHD2715,Metroline
LK70AZG,WHD2716,Metroline
LK70AZJ,WHD2717,Metroline
LK70AZL,WHD2718,Metroline
LK70AZN,WHD2719,Metroline
LK70AZO,WHD2720,Metroline
LK70AZP,WHD2721,Metroline
LK70AZR,WHD2722,Metroline
LK70AZT,WHD2723,Metroline
LK70AZU,WHD2724,Metroline
LK70AZV,WHD2725,Metroline
LK70AZW,WHD2726,Metroline
LK70AZZ,WHD2727,Metroline
LT63UHR,HV132,Arriva
LT63UJD,HV143,Arriva
LT63UJE,HV144,Arriva
LT63UJF,HV145,Arriva
LT63UJG,HV146,Arriva
LT63UJH,HV147,Arriva
LT63UJJ,HV148,Arriva
LT63UJK,HV149,Arriva
LT63UJL,HV150,Arriva
LT63UJM,HV151,Arriva
LT63UJN,HV152,Arriva
LT63UJO,HV133,Arriva
LT63UJP,HV134,Arriva
LT63UJR,HV135,Arriva
LT63UJS,HV136,Arriva
LT63UJU,HV137,Arriva
LT63UJV,HV138,Arriva
LT63UJW,HV139,Arriva
LT63UJX,HV140,Arriva
LT63UJY,HV141,Arriva
LT63UJZ,HV142,Arriva
LT63UKA,DW579,Arriva
LT63UKB,DW580,Arriva
LT63UKC,DW581,Arriva
LT63UKD,DW582,Arriva
LT63UKE,DW583,Arriva
LT63UKF,DW584,Arriva
LT63UKG,DW585,Arriva
LT63UKH,DW586,Arriva
LT63UKJ,HV106,Arriva
LTZ1000,LT1000,Transport UK London
LTZ1001,LT1,Arriva
LTZ1002,LT2,Arriva
LTZ1003,LT3,Arriva
LTZ1004,LT4,Arriva
LTZ1005,LT5,Arriva
LTZ1006,LT6,Arriva
LTZ1008,LT8,Metroline
LTZ1009,LT9,Metroline
LTZ1010,LT10,Metroline
LTZ1011,LT11,Metroline
LTZ1012,LT12,Metroline
LTZ1013,LT13,Metroline
LTZ1014,LT14,Metroline
LTZ1015,LT15,Metroline
LTZ1016,LT16,Metroline
LTZ1017,LT17,Metroline
LTZ1018,LT18,Metroline
LTZ1019,LT19,Transport UK London
LTZ1020,LT20,Transport UK London
LTZ1021,LT21,Transport UK London
LTZ1022,LT22,Transport UK London
LTZ1023,LT23,Transport UK London
LTZ1024,LT24,Transport UK London
LTZ1025,LT25,Transport UK London
LTZ1026,LT26,Transport UK London
LTZ1027,LT27,Transport UK London
LTZ1028,LT28,Transport UK London
LTZ1029,LT29,Transport UK London
LTZ1030,LT30,Transport UK London
LTZ1031,LT31,Transport UK London
LTZ1032,LT32,Transport UK London
LTZ1033,LT33,Transport UK London
LTZ1034,LT34,Transport UK London
LTZ1035,LT35,Transport UK London
LTZ1036,LT36,Transport UK London
LTZ1037,LT37,Transport UK London
LTZ1038,LT38,Transport UK London
LTZ1039,LT39,Transport UK London
LTZ1040,LT40,Transport UK London
LTZ1041,LT41,Metroline
LTZ1042,LT42,Metroline
LTZ1043,LT43,Metroline
LTZ1044,LT44,Metroline
LTZ1046,LT46,Metroline
LTZ1047,LT47,Metroline
LTZ1048,LT48,Go-Ahead
LTZ1049,LT049,Arriva
LTZ1050,LT050,Arriva
LTZ1051,LT051,Arriva
LTZ1052,LT052,Arriva
LTZ1053,LT053,Arriva
LTZ1054,LT054,Arriva
LTZ1055,LT055,Arriva
LTZ1056,LT056,Arriva
LTZ1057,LT57,Go-Ahead
LTZ1058,LT58,Go-Ahead
LTZ1059,LT59,Go-Ahead
LTZ1060,LT60,Go-Ahead
LTZ1061,LT61,Go-Ahead
LTZ1062,LT62,Go-Ahead
LTZ1063,LT63,Go-Ahead
LTZ1064,LT64,Go-Ahead
LTZ1065,LT65,Go-Ahead
LTZ1066,LT66,Go-Ahead
LTZ1067,LT67,Go-Ahead
LTZ1068,LT68,Go-Ahead
LTZ1069,LT69,First Bus
LTZ1070,LT70,First Bus
LTZ1071,LT71,First Bus
LTZ1072,LT72,First Bus
LTZ1073,LT73,First Bus
LTZ1074,LT74,First Bus
LTZ1075,LT75,First Bus
LTZ1076,LT76,First Bus
LTZ1077,LT77,First Bus
LTZ1078,LT78,First Bus
LTZ1079,LT79,First Bus
LTZ1080,LT80,First Bus
LTZ1081,LT81,First Bus
LTZ1082,LT82,First Bus
LTZ1083,LT83,First Bus
LTZ1084,LT84,First Bus
LTZ1085,LT85,First Bus
LTZ1086,LT86,First Bus
LTZ1087,LT87,First Bus
LTZ1088,LT88,Arriva
LTZ1089,LT89,Arriva
LTZ1090,LT90,Arriva
LTZ1091,LT91,Arriva
LTZ1092,LT92,Arriva
LTZ1093,LT93,Arriva
LTZ1094,LT94,Arriva
LTZ1095,LT95,Metroline
LTZ1096,LT96,Metroline
LTZ1097,LT97,Metroline
LTZ1098,LT98,Metroline
LTZ1099,LT99,Metroline
LTZ1100,LT100,Metroline
LTZ1101,LT101,Metroline
LTZ1102,LT102,Metroline
LTZ1103,LT103,Metroline
LTZ1104,LT104,Metroline
LTZ1105,LT105,Metroline
LTZ1106,LT106,Metroline
LTZ1107,LT107,Metroline
LTZ1108,LT108,Metroline
LTZ1109,LT109,Metroline
LTZ1110,LT110,Metroline
LTZ1111,LT111,Metroline
LTZ1112,LT112,Metroline
LTZ1113,LT113,Metroline
LTZ1114,LT114,Metroline
LTZ1115,LT115,Metroline
LTZ1116,LT116,Metroline
LTZ1117,LT117,Metroline
LTZ1118,LT118,Go-Ahead
LTZ1119,LT119,Go-Ahead
LTZ1120,LT120,Go-Ahead
LTZ1121,LT121,Go-Ahead
LTZ1122,LT122,Go-Ahead
LTZ1123,LT123,Go-Ahead
LTZ1124,LT124,Go-Ahead
LTZ1125,LT125,Go-Ahead
LTZ1126,LT126,Go-Ahead
LTZ1127,LT127,Go-Ahead
LTZ1128,LT128,Go-Ahead
LTZ1129,LT129,Go-Ahead
LTZ1130,LT130,Go-Ahead
LTZ1131,LT131,Go-Ahead
LTZ1132,LT132,Go-Ahead
LTZ1133,LT133,Go-Ahead
LTZ1134,LT134,Go-Ahead
LTZ1135,LT135,Go-Ahead
LTZ1136,LT136,Arriva
LTZ1137,LT137,Arriva
LTZ1138,LT138,Arriva
LTZ1139,LT139,Arriva
LTZ1140,LT140,Arriva
LTZ1141,LT141,Arriva
LTZ1142,LT142,Arriva
LTZ1143,LT143,Metroline
LTZ1144,LT144,Metroline
LTZ1145,LT145,Transport UK London
LTZ1146,LT146,Transport UK London
LTZ1147,LT147,Metroline
LTZ1148,LT148,Metroline
LTZ1149,LT149,Metroline
LTZ1150,LT150,Metroline
LTZ1151,LT151,Metroline
LTZ1152,LT152,Transport UK London
LTZ1153,LT153,Metroline
LTZ1154,LT154,Transport UK London
LTZ1155,LT155,Transport UK London
LTZ1156,LT156,Transport UK London
LTZ1157,LT157,Transport UK London
LTZ1158,LT158,Transport UK London
LTZ1159,LT159,Transport UK London
LTZ1160,LT160,Transport UK London
LTZ1161,LT161,Transport UK London
LTZ1162,LT162,Transport UK London
LTZ1163,LT163,Transport UK London
LTZ1164,LT164,Transport UK London
LTZ1165,LT165,Transport UK London
LTZ1166,LT166,Transport UK London
LTZ1167,LT167,Transport UK London
LTZ1168,LT168,Transport UK London
LTZ1169,LT169,Transport UK London
LTZ1170,LT170,Transport UK London
LTZ1171,LT171,Transport UK London
LTZ1172,LT172,Go-Ahead
LTZ1173,LT173,Go-Ahead
LTZ1175,LT175,Metroline
LTZ1176,LT176,Arriva
LTZ1177,LT177,Arriva
LTZ1178,LT178,Arriva
LTZ1179,LT179,Arriva
LTZ1180,LT180,Arriva
LTZ1181,LT181,Arriva
LTZ1182,LT182,Arriva
LTZ1183,LT183,Arriva
LTZ1184,LT184,Arriva
LTZ1185,LT185,Arriva
LTZ1186,LT186,Go-Ahead
LTZ1187,LT187,Arriva
LTZ1188,LT188,Arriva
LTZ1189,LT189,Go-Ahead
LTZ1190,LT190,Metroline
LTZ1191,LT191,Arriva
LTZ1192,LT192,Arriva
LTZ1193,LT193,Arriva
LTZ1194,LT194,Arriva
LTZ1195,LT195,Arriva
LTZ1196,LT196,Arriva
LTZ1197,LT197,Arriva
LTZ1198,LT198,Arriva
LTZ1199,LT199,Arriva
LTZ1200,LT200,Arriva
LTZ1201,LT201,Arriva
LTZ1202,LT202,Arriva
LTZ1203,LT203,Arriva
LTZ1204,LT204,Arriva
LTZ1205,LT205,Arriva
LTZ1206,LT206,Arriva
LTZ1207,LT207,Arriva
LTZ1208,LT208,Arriva
LTZ1209,LT209,Arriva
LTZ1210,LT210,Arriva
LTZ1211,LT211,Arriva
LTZ1212,LT212,Arriva
LTZ1213,LT213,Arriva
LTZ1214,LT214,Arriva
LTZ1215,LT215,Arriva
LTZ1216,LT216,Arriva
LTZ1217,LT217,Arriva
LTZ1218,LT218,Arriva
LTZ1219,LT219,Arriva
LTZ1220,LT220,Arriva
LTZ1221,LT221,Arriva
LTZ1222,LT222,Arriva
LTZ1223,LT223,Arriva
LTZ1224,LT224,Arriva
LTZ1225,LT225,Arriva
LTZ1226,LT226,Arriva
LTZ1227,LT227,Arriva
LTZ1228,LT228,Arriva
LTZ1229,LT229,Arriva
LTZ1230,LT230,Arriva
LTZ1231,LT231,Go-Ahead
LTZ1232,LT232,Go-Ahead
LTZ1233,LT233,Go-Ahead
LTZ1234,LT234,Go-Ahead
LTZ1235,LT235,Go-Ahead
LTZ1236,LT236,Go-Ahead
LTZ1237,LT237,Arriva
LTZ1238,LT238,Arriva
LTZ1239,LT239,Go-Ahead
LTZ1240,LT240,Go-Ahead
LTZ1241,LT241,Transport UK London
LTZ1242,LT242,Stagecoach London
LTZ1243,LT243,Stagecoach London
LTZ1244,LT244,Stagecoach London
LTZ1245,LT245,Stagecoach London
LTZ1246,LT246,Stagecoach London
LTZ1247,LT247,Stagecoach London
LTZ1248,LT248,Stagecoach London
LTZ1249,LT249,Stagecoach London
LTZ1250,LT250,Stagecoach London
LTZ1251,LT251,Stagecoach London
LTZ1252,LT252,Stagecoach London
LTZ1253,LT253,Stagecoach London
LTZ1254,LT254,Stagecoach London
LTZ1255,LT255,Stagecoach London
LTZ1256,LT256,Stagecoach London
LTZ1257,LT257,Stagecoach London
LTZ1258,LT258,Stagecoach London
LTZ1259,LT259,Stagecoach London
LTZ1260,LT260,Stagecoach London
LTZ1261,LT261,Stagecoach London
LTZ1262,LT262,Stagecoach London
LTZ1263,LT263,Stagecoach London
LTZ1264,LT264,Stagecoach London
LTZ1265,LT265,Stagecoach London
LTZ1266,LT266,Stagecoach London
LTZ1267,LT267,Stagecoach London
LTZ1268,LT268,Stagecoach London
LTZ1269,LT269,Stagecoach London
LTZ1270,LT270,Stagecoach London
LTZ1271,LT271,Transport UK London
LTZ1272,LT272,Transport UK London
LTZ1273,LT273,Go-Ahead
LTZ1274,LT274,Go-Ahead
LTZ1275,LT275,Go-Ahead
LTZ1276,LT276,Go-Ahead
LTZ1277,LT277,Go-Ahead
LTZ1278,LT278,Go-Ahead
LTZ1279,LT279,Go-Ahead
LTZ1280,LT280,Go-Ahead
LTZ1281,LT281,Go-Ahead
LTZ1282,LT282,Go-Ahead
LTZ1283,LT283,Go-Ahead
LTZ1284,LT284,Go-Ahead
LTZ1285,LT285,Go-Ahead
LTZ1286,LT286,Go-Ahead
LTZ1287,LT287,Go-Ahead
LTZ1288,LT288,Go-Ahead
LTZ1289,LT289,Go-Ahead
LTZ1290,LT290,Go-Ahead
LTZ1291,LT291,Go-Ahead
LTZ1292,LT292,Go-Ahead
LTZ1293,LT293,Go-Ahead
LTZ1294,LT294,Go-Ahead
LTZ1295,LT295,Go-Ahead
LTZ1296,LT296,Go-Ahead
LTZ1297,LT297,Go-Ahead
LTZ1298,LT298,Go-Ahead
LTZ1299,LT299,Arriva
LTZ1300,LT300,Arriva
LTZ1301,LT301,Arriva
LTZ1302,LT302,Arriva
LTZ1303,LT303,Arriva
LTZ1304,LT304,Arriva
LTZ1305,LT305,Arriva
LTZ1306,LT306,Go-Ahead
LTZ1307,LT307,Go-Ahead
LTZ1308,LT308,Go-Ahead
LTZ1309,LT309,Go-Ahead
LTZ1310,LT310,Go-Ahead
LTZ1311,LT311,Go-Ahead
LTZ1312,LT312,Stagecoach London
LTZ1313,LT313,Stagecoach London
LTZ1314,LT314,Stagecoach London
LTZ1315,LT315,Stagecoach London
LTZ1316,LT316,Stagecoach London
LTZ1317,LT317,Arriva
LTZ1318,LT318,Arriva
LTZ1319,LT319,Arriva
LTZ1320,LT320,Arriva
LTZ1321,LT321,Arriva
LTZ1322,LT322,Arriva
LTZ1323,LT323,Arriva
LTZ1324,LT324,Arriva
LTZ1325,LT325,Arriva
LTZ1326,LT326,Arriva
LTZ1327,LT327,Arriva
LTZ1328,LT328,Arriva
LTZ1329,LT329,Arriva
LTZ1330,LT330,Arriva
LTZ1331,LT331,Arriva
LTZ1332,LT332,Arriva
LTZ1333,LT333,Arriva
LTZ1334,LT334,Arriva
LTZ1335,LT335,Arriva
LTZ1336,LT336,Arriva
LTZ1337,LT337,Arriva
LTZ1338,LT338,Arriva
LTZ1339,LT339,Arriva
LTZ1340,LT340,Arriva
LTZ1341,LT341,Arriva
LTZ1342,LT342,Arriva
LTZ1343,LT343,Arriva
LTZ1344,LT344,Arriva
LTZ1345,LT345,Arriva
LTZ1346,LT346,Arriva
LTZ1347,LT347,Arriva
LTZ1348,LT348,Arriva
LTZ1349,LT349,Arriva
LTZ1350,LT350,Arriva
LTZ1351,LT351,Arriva
LTZ1352,LT352,Arriva
LTZ1353,LT353,Arriva
LTZ1354,LT354,Arriva
LTZ1355,LT355,Arriva
LTZ1356,LT356,Arriva
LTZ1357,LT357,Stagecoach London
LTZ1358,LT358,Stagecoach London
LTZ1359,LT359,Stagecoach London
LTZ1360,LT360,Stagecoach London
LTZ1361,LT361,Stagecoach London
LTZ1362,LT362,Stagecoach London
LTZ1363,LT363,Stagecoach London
LTZ1364,LT364,Stagecoach London
LTZ1365,LT365,Stagecoach London
LTZ1366,LT366,Stagecoach London
LTZ1367,LT367,Stagecoach London
LTZ1368,LT368,Stagecoach London
LTZ1369,LT369,Stagecoach London
LTZ1370,LT370,Stagecoach London
LTZ1371,LT371,Stagecoach London
LTZ1372,LT372,Stagecoach London
LTZ1373,LT373,Stagecoach London
LTZ1374,LT374,Stagecoach London
LTZ1375,LT375,Stagecoach London
LTZ1376,LT376,Stagecoach London
LTZ1377,LT377,Stagecoach London
LTZ1378,LT378,Stagecoach London
LTZ1379,LT379,Stagecoach London
LTZ1380,LT380,Stagecoach London
LTZ1381,LT381,Stagecoach London
LTZ1382,LT382,Stagecoach London
LTZ1383,LT383,Stagecoach London
LTZ1384,LT384,Stagecoach London
LTZ1385,LT385,Stagecoach London
LTZ1386,LT386,Stagecoach London
LTZ1387,LT387,Stagecoach London
LTZ1388,LT388,Stagecoach London
LTZ1389,LT389,Stagecoach London
LTZ1390,LT390,Stagecoach London
LTZ1391,LT391,Go-Ahead
LTZ1392,LT392,Go-Ahead
LTZ1393,LT393,Go-Ahead
LTZ1394,LT394,Go-Ahead
LTZ1395,LT395,Go-Ahead
LTZ1396,LT396,Go-Ahead
LTZ1397,LT397,Go-Ahead
LTZ1398,LT398,Go-Ahead
LTZ1399,LT399,Go-Ahead
LTZ1400,LT400,Go-Ahead
LTZ1401,LT401,Go-Ahead
LTZ1402,LT402,Go-Ahead
LTZ1403,LT403,Go-Ahead
LTZ1404,LT404,Go-Ahead
LTZ1405,LT405,Go-Ahead
LTZ1406,LT406,Go-Ahead
LTZ1407,LT407,Go-Ahead
LTZ1408,LT408,Go-Ahead
LTZ1409,LT409,Go-Ahead
LTZ1410,LT410,Go-Ahead
LTZ1411,LT411,Go-Ahead
LTZ1412,LT412,Go-Ahead
LTZ1413,LT413,Go-Ahead
LTZ1414,LT414,Go-Ahead
LTZ1415,LT415,Go-Ahead
LTZ1416,LT416,Go-Ahead
LTZ1417,LT417,Go-Ahead
LTZ1418,LT418,Go-Ahead
LTZ1419,LT419,Go-Ahead
LTZ1420,LT420,Go-Ahead
LTZ1421,LT421,Go-Ahead
LTZ1422,LT422,Go-Ahead
LTZ1423,LT423,Go-Ahead
LTZ1424,LT424,Go-Ahead
LTZ1425,LT425,Go-Ahead
LTZ1426,LT426,Go-Ahead
LTZ1427,LT427,Go-Ahead
LTZ1428,LT428,Arriva
LTZ1429,LT429,Arriva
LTZ1430,LT430,Arriva
LTZ1431,LT431,Arriva
LTZ1432,LT432,Arriva
LTZ1433,LT433,Arriva
LTZ1434,LT434,Arriva
LTZ1435,LT435,Arriva
LTZ1436,LT436,Arriva
LTZ1437,LT437,Arriva
LTZ1438,LT438,Arriva
LTZ1439,LT439,Arriva
LTZ1440,LT440,Arriva
LTZ1441,LT441,Arriva
LTZ1442,LT442,Arriva
LTZ1443,LT443,Go-Ahead
LTZ1444,LT444,Go-Ahead
LTZ1445,LT445,Go-Ahead
LTZ1446,LT446,Go-Ahead
LTZ1447,LT447,Go-Ahead
LTZ1448,LT448,Go-Ahead
LTZ1449,LT449,Go-Ahead
LTZ1450,LT450,Go-Ahead
LTZ1451,LT451,Go-Ahead
LTZ1452,LT452,Go-Ahead
LTZ1453,LT453,Go-Ahead
LTZ1454,LT454,Go-Ahead
LTZ1455,LT455,Go-Ahead
LTZ1456,LT456,Go-Ahead
LTZ1457,LT457,Go-Ahead
LTZ1458,LT458,Go-Ahead
LTZ1459,LT459,Go-Ahead
LTZ1460,LT460,Metroline
LTZ1461,LT461,Transport UK London
LTZ1462,LT462,Transport UK London
LTZ1463,LT463,Transport UK London
LTZ1464,LT464,Arriva
LTZ1465,LT465,Arriva
LTZ1466,LT466,Arriva
LTZ1467,LT467,Arriva
LTZ1468,LT468,Arriva
LTZ1469,LT469,Arriva
LTZ1470,LT470,Arriva
LTZ1471,LT471,Arriva
LTZ1472,LT472,Arriva
LTZ1473,LT473,Arriva
LTZ1474,LT474,Arriva
LTZ1475,LT475,Arriva
LTZ1476,LT476,Arriva
LTZ1477,LT477,Arriva
LTZ1478,LT478,Go-Ahead
LTZ1479,LT479,Go-Ahead
LTZ1480,LT480,Go-Ahead
LTZ1481,LT481,Go-Ahead
LTZ1482,LT482,Go-Ahead
LTZ1483,LT483,Go-Ahead
LTZ1484,LT484,Go-Ahead
LTZ1485,LT485,Go-Ahead
LTZ1486,LT486,Go-Ahead
LTZ1487,LT487,Go-Ahead
LTZ1488,LT488,Arriva
LTZ1489,LT489,Arriva
LTZ1490,LT490,Arriva
LTZ1491,LT491,Arriva
LTZ1492,LT492,Arriva
LTZ1493,LT493,Arriva
LTZ1494,LT494,Arriva
LTZ1495,LT495,Arriva
LTZ1496,LT496,Arriva
LTZ1497,LT497,Arriva
LTZ1498,LT498,Arriva
LTZ1499,LT499,Arriva
LTZ1500,LT500,Arriva
LTZ1501,LT501,Go-Ahead
LTZ1502,LT502,Go-Ahead
LTZ1503,LT503,Go-Ahead
LTZ1504,LT504,Go-Ahead
LTZ1505,LT505,Go-Ahead
LTZ1506,LT506,Go-Ahead
LTZ1507,LT507,Go-Ahead
LTZ1508,LT508,Go-Ahead
LTZ1509,LT509,Go-Ahead
LTZ1510,LT510,Go-Ahead
LTZ1511,LT511,Go-Ahead
LTZ1512,LT512,Go-Ahead
LTZ1513,LT513,Arriva
LTZ1514,LT514,Arriva
LTZ1515,LT515,Arriva
LTZ1516,LT516,Arriva
LTZ1517,LT517,Arriva
LTZ1518,LT518,Arriva
LTZ1519,LT519,Arriva
LTZ1520,LT520,Arriva
LTZ1521,LT521,Arriva
LTZ1522,LT522,Arriva
LTZ1523,LT523,Arriva
LTZ1524,LT524,Arriva
LTZ1525,LT525,Arriva
LTZ1526,LT526,Arriva
LTZ1527,LT527,Arriva
LTZ1528,LT528,Arriva
LTZ1529,LT529,Arriva
LTZ1530,LT530,Arriva
LTZ1531,LT531,Arriva
LTZ1532,LT532,Arriva
LTZ1533,LT533,Arriva
LTZ1534,LT534,Arriva
LTZ1535,LT535,Arriva
LTZ1536,LT536,Arriva
LTZ1537,LT537,Arriva
LTZ1538,LT538,Arriva
LTZ1539,LT539,Arriva
LTZ1540,LT540,Arriva
LTZ1541,LT541,Arriva
LTZ1542,LT542,Arriva
LTZ1543,LT543,Metroline
LTZ1544,LT544,Metroline
LTZ1545,LT545,Metroline
LTZ1546,LT546,Metroline
LTZ1547,LT547,Metroline
LTZ1548,LT548,Metroline
LTZ1549,LT549,Metroline
LTZ1550,LT550,Metroline
LTZ1551,LT551,Metroline
LTZ1552,LT552,Metroline
LTZ1553,LT553,Metroline
LTZ1554,LT554,Metroline
LTZ1555,LT555,Metroline
LTZ1556,LT556,Metroline
LTZ1557,LT557,Metroline
LTZ1558,LT558,Metroline
LTZ1559,LT559,Metroline
LTZ1560,LT560,Metroline
LTZ1561,LT561,Metroline
LTZ1562,LT562,Metroline
LTZ1563,LT563,Metroline
LTZ1564,LT564,Arriva
LTZ1565,LT565,Arriva
LTZ1566,LT566,Arriva
LTZ1567,LT567,Arriva
LTZ1568,LT568,Arriva
LTZ1569,LT569,Arriva
LTZ1570,LT570,Arriva
LTZ1571,LT571,Arriva
LTZ1572,LT572,Arriva
LTZ1573,LT573,Arriva
LTZ1574,LT574,Arriva
LTZ1575,LT575,Arriva
LTZ1576,LT576,Arriva
LTZ1577,LT577,Arriva
LTZ1578,LT578,Arriva
LTZ1579,LT579,Arriva
LTZ1580,LT580,Arriva
LTZ1581,LT581,Arriva
LTZ1582,LT582,Arriva
LTZ1583,LT583,Arriva
LTZ1584,LT584,Arriva
LTZ1585,LT585,Arriva
LTZ1586,LT586,Arriva
LTZ1587,LT587,Arriva
LTZ1588,LT588,Arriva
LTZ1589,LT589,Arriva
LTZ1590,LT590,Arriva
LTZ1591,LT591,Arriva
LTZ1592,LT592,Arriva
LTZ1593,LT593,Arriva
LTZ1594,LT594,Arriva
LTZ1595,LT595,Arriva
LTZ1596,LT596,Arriva
LTZ1597,LT597,Arriva
LTZ1598,LT598,Arriva
LTZ1599,LT599,Arriva
LTZ1600,LT600,Arriva
LTZ1601,LT601,Arriva
LTZ1602,LT602,Arriva
LTZ1603,LT603,Transport UK London
LTZ1604,LT604,Transport UK London
LTZ1605,LT605,Transport UK London
LTZ1606,LT606,Transport UK London
LTZ1607,LT607,Transport UK London
LTZ1608,LT608,Transport UK London
LTZ1609,LT609,Transport UK London
LTZ1610,LT610,Transport UK London
LTZ1611,LT611,Transport UK London
LTZ1612,LT612,Transport UK London
LTZ1613,LT613,Transport UK London
LTZ1614,LT614,Transport UK London
LTZ1615,LT615,Transport UK London
LTZ1616,LT616,Transport UK London
LTZ1617,LT617,Transport UK London
LTZ1618,LT618,Transport UK London
LTZ1619,LT619,Transport UK London
LTZ1620,LT620,Transport UK London
LTZ1621,LT621,Transport UK London
LTZ1622,LT622,Transport UK London
LTZ1623,LT623,Transport UK London
LTZ1624,LT624,Transport UK London
LTZ1625,LT625,Transport UK London
LTZ1626,LT626,Transport UK London
LTZ1627,LT627,Transport UK London
LTZ1628,LT628,Transport UK London
LTZ1629,LT629,Transport UK London
LTZ1630,LT630,Transport UK London
LTZ1631,LT631,Transport UK London
LTZ1632,LT632,Transport UK London
LTZ1633,LT633,Transport UK London
LTZ1634,LT634,Transport UK London
LTZ1635,LT635,Transport UK London
LTZ1636,LT636,Transport UK London
LTZ1637,LT637,Transport UK London
LTZ1638,LT638,Transport UK London
LTZ1639,LT639,Transport UK London
LTZ1640,LT640,Transport UK London
LTZ1641,LT641,Metroline
LTZ1642,LT642,Metroline
LTZ1643,LT643,Metroline
LTZ1644,LT644,Metroline
LTZ1645,LT645,Metroline
LTZ1646,LT646,Metroline
LTZ1647,LT647,Metroline
LTZ1648,LT648,Metroline
LTZ1649,LT649,Metroline
LTZ1650,LT650,Metroline
LTZ1651,LT651,Metroline
LTZ1652,LT652,Metroline
LTZ1653,LT653,Metroline
LTZ1654,LT654,Metroline
LTZ1655,LT655,Metroline
LTZ1656,LT656,Metroline
LTZ1657,LT657,Metroline
LTZ1658,LT658,Metroline
LTZ1659,LT659,Metroline
LTZ1660,LT660,Metroline
LTZ1661,LT661,Metroline
LTZ1662,LT662,Metroline
LTZ1663,LT663,Metroline
LTZ1664,LT664,First Bus
LTZ1665,LT665,First Bus
LTZ1666,LT666,First Bus
LTZ1667,LT667,First Bus
LTZ1668,LT668,First Bus
LTZ1669,LT669,First Bus
LTZ1670,LT670,First Bus
LTZ1671,LT671,First Bus
LTZ1672,LT672,First Bus
LTZ1673,LT673,First Bus
LTZ1674,LT674,First Bus
LTZ1675,LT675,First Bus
LTZ1676,LT676,First Bus
LTZ1677,LT677,First Bus
LTZ1678,LT678,First Bus
LTZ1679,LT679,First Bus
LTZ1680,LT680,First Bus
LTZ1681,LT681,First Bus
LTZ1682,LT682,Transport UK London
LTZ1683,LT683,Transport UK London
LTZ1684,LT684,Transport UK London
LTZ1685,LT685,Transport UK London
LTZ1686,LT686,Transport UK London
LTZ1687,LT687,Go-Ahead
LTZ1688,LT688,Transport UK London
LTZ1689,LT689,Transport UK London
LTZ1690,LT690,Transport UK London
LTZ1691,LT691,Transport UK London
LTZ1692,LT692,Transport UK London
LTZ1693,LT693,Transport UK London
LTZ1694,LT694,Transport UK London
LTZ1695,LT695,Transport UK London
LTZ1696,LT696,Transport UK London
LTZ1697,LT697,Transport UK London
LTZ1698,LT698,Transport UK London
LTZ1699,LT699,Transport UK London
LTZ1700,LT700,Transport UK London
LTZ1701,LT701,Transport UK London
LTZ1702,LT702,Transport UK London
LTZ1703,LT703,Transport UK London
LTZ1704,LT704,Transport UK London
LTZ1705,LT705,Transport UK London
LTZ1706,LT706,Transport UK London
LTZ1707,LT707,Transport UK London
LTZ1708,LT708,Transport UK London
LTZ1709,LT709,Transport UK London
LTZ1710,LT710,Transport UK London
LTZ1711,LT711,Transport UK London
LTZ1712,LT712,Transport UK London
LTZ1713,LT713,Transport UK London
LTZ1714,LT714,Transport UK London
LTZ1715,LT715,Transport UK London
LTZ1716,LT716,Arriva
LTZ1717,LT717,Arriva
LTZ1718,LT718,Arriva
LTZ1719,LT719,Arriva
LTZ1720,LT720,Arriva
LTZ1721,LT721,Arriva
LTZ1722,LT722,Arriva
LTZ1723,LT723,Arriva
LTZ1724,LT724,Arriva
LTZ1725,LT725,Arriva
LTZ1726,LT726,Arriva
LTZ1727,LT727,Arriva
LTZ1728,LT728,Arriva
LTZ1729,LT729,Arriva
LTZ1730,LT730,Arriva
LTZ1731,LT731,Arriva
LTZ1732,LT732,Arriva
LTZ1733,LT733,Arriva
LTZ1734,LT734,Arriva
LTZ1735,LT735,Arriva
LTZ1736,LT736,Arriva
LTZ1737,LT737,Arriva
LTZ1738,LT738,Arriva
LTZ1739,LT739,Arriva
LTZ1740,LT740,Arriva
LTZ1741,LT741,Arriva
LTZ1742,LT742,Arriva
LTZ1743,LT743,Arriva
LTZ1744,LT744,Arriva
LTZ1745,LT745,Metroline
LTZ1746,LT746,Metroline
LTZ1747,LT747,Metroline
LTZ1748,LT748,Metroline
LTZ1749,LT749,Metroline
LTZ1750,LT750,Metroline
LTZ1751,LT751,Metroline
LTZ1752,LT752,Metroline
LTZ1753,LT753,Metroline
LTZ1754,LT754,Metroline
LTZ1755,LT755,Metroline
LTZ1756,LT756,Metroline
LTZ1757,LT757,Metroline
LTZ1758,LT758,Metroline
LTZ1759,LT759,Metroline
LTZ1760,LT760,Metroline
LTZ1761,LT761,Metroline
LTZ1762,LT762,Metroline
LTZ1763,LT763,Metroline
LTZ1764,LT764,Metroline
LTZ1765,LT765,Metroline
LTZ1766,LT766,Metroline
LTZ1767,LT767,Metroline
LTZ1768,LT768,Transport UK London
LTZ1769,LT769,Transport UK London
LTZ1770,LT770,Transport UK London
LTZ1771,LT771,Transport UK London
LTZ1772,LT772,Transport UK London
LTZ1773,LT773,Transport UK London
LTZ1774,LT774,Transport UK London
LTZ1775,LT775,Transport UK London
LTZ1776,LT776,Transport UK London
LTZ1777,LT777,Transport UK London
LTZ1778,LT778,Transport UK London
LTZ1779,LT779,Transport UK London
LTZ1780,LT780,Transport UK London
LTZ1781,LT781,Transport UK London
LTZ1782,LT782,Transport UK London
LTZ1783,LT783,Transport UK London
LTZ1784,LT784,Transport UK London
LTZ1785,LT785,Transport UK London
LTZ1786,LT786,Transport UK London
LTZ1787,LT787,Transport UK London
LTZ1788,LT788,Transport UK London
LTZ1789,LT789,Metroline
LTZ1790,LT790,Metroline
LTZ1791,LT791,Metroline
LTZ1792,LT792,Metroline
LTZ1793,LT793,Metroline
LTZ1794,LT794,Metroline
LTZ1795,LT795,Metroline
LTZ1796,LT796,Metroline
LTZ1797,LT797,Metroline
LTZ1798,LT798,Metroline
LTZ1799,LT799,Metroline
LTZ1800,LT800,Metroline
LTZ1801,LT801,Metroline
LTZ1802,LT802,Metroline
LTZ1803,LT803,Metroline
LTZ1804,LT804,Metroline
LTZ1805,LT805,Metroline
LTZ1806,LT806,Metroline
LTZ1807,LT807,Metroline
LTZ1808,LT808,Metroline
LTZ1809,LT809,Metroline
LTZ1810,LT810,Metroline
LTZ1811,LT811,Metroline
LTZ1812,ST812,Metroline
LTZ1813,LT813,Arriva
LTZ1814,LT814,Arriva
LTZ1815,LT815,Arriva
LTZ1816,LT816,Arriva
LTZ1817,LT817,Arriva
LTZ1818,LT818,Arriva
LTZ1819,LT819,Arriva
LTZ1820,LT820,Arriva
LTZ1821,LT821,Arriva
LTZ1822,LT822,Arriva
LTZ1823,LT823,Arriva
LTZ1824,LT824,Arriva
LTZ1825,LT825,Arriva
LTZ1826,LT826,Arriva
LTZ1827,LT827,Arriva
LTZ1828,LT828,Arriva
LTZ1829,LT829,Arriva
LTZ1830,LT830,Arriva
LTZ1831,LT831,Arriva
LTZ1832,LT832,Arriva
LTZ1833,LT833,Arriva
LTZ1834,LT834,Arriva
LTZ1835,LT835,Arriva
LTZ1836,LT836,Arriva
LTZ1837,LT837,Arriva
LTZ1838,LT838,Arriva
LTZ1839,LT839,Arriva
LTZ1840,LT840,Arriva
LTZ1841,LT841,Arriva
LTZ1842,LT842,Arriva
LTZ1843,LT843,Arriva
LTZ1844,LT844,Arriva
LTZ1845,LT845,Go-Ahead
LTZ1846,LT846,Go-Ahead
LTZ1847,LT847,Go-Ahead
LTZ1848,LT848,Go-Ahead
LTZ1849,LT849,Go-Ahead
LTZ1850,LT850,Go-Ahead
LTZ1851,LT851,Go-Ahead
LTZ1852,LT852,Go-Ahead
LTZ1853,LT853,Go-Ahead
LTZ1854,LT854,Go-Ahead
LTZ1855,LT855,Go-Ahead
LTZ1856,LT856,Go-Ahead
LTZ1857,LT857,Go-Ahead
LTZ1858,LT858,Go-Ahead
LTZ1859,LT859,Go-Ahead
LTZ1860,LT860,Go-Ahead
LTZ1861,LT861,Go-Ahead
LTZ1862,LT862,Go-Ahead
LTZ1863,LT863,Go-Ahead
LTZ1864,LT864,Go-Ahead
LTZ1865,LT865,Go-Ahead
LTZ1866,LT866,Go-Ahead
LTZ1867,LT867,Go-Ahead
LTZ1868,LT868,Go-Ahead
LTZ1869,LT869,Go-Ahead
LTZ1870,LT870,Go-Ahead
LTZ1871,LT871,Go-Ahead
LTZ1872,LT872,Go-Ahead
LTZ1873,LT873,Go-Ahead
LTZ1874,LT874,Go-Ahead
LTZ1875,LT875,Go-Ahead
LTZ1876,LT876,Go-Ahead
LTZ1877,LT877,Go-Ahead
LTZ1878,LT878,Go-Ahead
LTZ1879,LT879,Go-Ahead
LTZ1880,LT880,Go-Ahead
LTZ1881,LT881,Go-Ahead
LTZ1882,LT882,Go-Ahead
LTZ1883,LT883,Go-Ahead
LTZ1884,LT884,Go-Ahead
LTZ1885,LT885,Go-Ahead
LTZ1886,LT886,Go-Ahead
LTZ1887,LT887,Go-Ahead
LTZ1888,LT888,Go-Ahead
LTZ1889,LT889,Go-Ahead
LTZ1890,LT890,Go-Ahead
LTZ1891,LT891,Go-Ahead
LTZ1892,LT892,Go-Ahead
LTZ1893,LT893,Go-Ahead
LTZ1894,LT894,Go-Ahead
LTZ1895,LT895,Go-Ahead
LTZ1896,LT896,Go-Ahead
LTZ1897,LT897,Go-Ahead
LTZ1898,LT898,Go-Ahead
LTZ1899,LT899,Go-Ahead
LTZ1900,LT900,Go-Ahead
LTZ2101,LT901,Go-Ahead
LTZ2102,LT902,Go-Ahead
LTZ2103,LT903,Go-Ahead
LTZ2104,LT904,Go-Ahead
LTZ2105,LT905,Go-Ahead
LTZ2106,LT906,Go-Ahead
LTZ2107,LT907,Go-Ahead
LTZ2108,LT908,Go-Ahead
LTZ2109,LT909,Go-Ahead
LTZ2110,LT910,Go-Ahead
LTZ2111,LT911,Go-Ahead
LTZ2112,LT912,Go-Ahead
LTZ2113,LT913,Go-Ahead
LTZ2114,LT914,Go-Ahead
LTZ2115,LT915,Go-Ahead
LTZ2116,LT916,Go-Ahead
LTZ2117,LT917,Go-Ahead
LTZ2118,LT918,Go-Ahead
LTZ2119,LT919,Go-Ahead
LTZ2120,LT920,Go-Ahead
LTZ2121,LT921,Go-Ahead
LTZ2122,LT922,Go-Ahead
LTZ2123,LT923,Go-Ahead
LTZ2124,LT924,Go-Ahead
LTZ2125,LT925,Go-Ahead
LTZ2126,LT926,Go-Ahead
LTZ2127,LT927,Go-Ahead
LTZ2128,LT928,Go-Ahead
LTZ2129,LT929,Go-Ahead
LTZ2130,LT930,Go-Ahead
LTZ2131,LT931,Go-Ahead
LTZ2132,LT932,Go-Ahead
LTZ2133,LT933,Go-Ahead
LTZ2134,LT934,Go-Ahead
LTZ2135,LT935,Go-Ahead
LTZ2136,LT936,Go-Ahead
LTZ2137,LT937,Go-Ahead
LTZ2138,LT938,Go-Ahead
LTZ2139,LT939,Go-Ahead
LTZ2140,LT940,Go-Ahead
LTZ2141,LT941,Go-Ahead
LTZ2142,LT942,Go-Ahead
LTZ2143,LT943,Go-Ahead
LTZ2144,LT944,Go-Ahead
LTZ2145,LT945,Go-Ahead
LTZ2146,LT946,Go-Ahead
LTZ2147,LT947,Go-Ahead
LTZ2148,LT948,Go-Ahead
LTZ2149,LT949,Go-Ahead
LTZ2150,LT950,Go-Ahead
LTZ2151,LT951,Go-Ahead
LTZ2152,LT952,Go-Ahead
LTZ2153,LT953,Go-Ahead
LTZ2154,LT954,Arriva
LTZ2155,LT955,Arriva
LTZ2156,LT956,Arriva
LTZ2157,LT957,Arriva
LTZ2158,LT958,Arriva
LTZ2159,LT959,Arriva
LTZ2160,LT960,Arriva
LTZ2161,LT961,Arriva
LTZ2162,LT962,Arriva
LTZ2163,LT963,Arriva
LTZ2164,LT964,Arriva
LTZ2165,LT965,Arriva
LTZ2166,LT966,Arriva
LTZ2167,LT967,Arriva
LTZ2168,LT968,Arriva
LTZ2169,LT969,Arriva
LTZ2170,LT970,Arriva
LTZ2171,LT971,Arriva
LTZ2172,LT972,Arriva
LTZ2173,LT973,Arriva
LTZ2174,LT974,Arriva
LTZ2175,LT975,Arriva
LTZ2176,LT976,Arriva
LTZ2177,LT977,Arriva
LTZ2178,LT978,Arriva
LTZ2179,LT979,Arriva
LTZ2180,LT980,Arriva
LTZ2181,LT981,Arriva
LTZ2182,LT982,Arriva
LTZ2183,LT983,Arriva
LTZ2184,LT984,Transport UK London
LTZ2185,LT985,Transport UK London
LTZ2186,LT986,Transport UK London
LTZ2187,LT987,Transport UK London
LTZ2188,LT988,Transport UK London
LTZ2189,LT989,Transport UK London
LTZ2190,LT990,Transport UK London
LTZ2191,LT991,Transport UK London
LTZ2192,LT992,Transport UK London
LTZ2193,LT993,Transport UK London
LTZ2194,LT994,Transport UK London
LTZ2195,LT995,Transport UK London
LTZ2196,LT996,Transport UK London
LTZ2197,LT997,Transport UK London
LTZ2198,LT998,Transport UK London
LTZ2199,LT999,Transport UK London
LV22AGX,WDE2769,Metroline
LV23DGU,WDE2770,Metroline
LV23DGX,WDE2771,Metroline
LV23DGY,WDE2772,Metroline
LV23DGZ,WDE2773,Metroline
LV23DHA,WDE2774,Metroline
LV23DHC,WDE2775,Metroline
LV23DHD,WDE2776,Metroline
LV23DHE,WDE2777,Metroline
LV23DHF,WDE2778,Metroline
LV23DHG,WDE2779,Metroline
LV23DHJ,WDE2780,Metroline
LV23DHK,WDE2781,Metroline
LV23DHL,WDE2782,Metroline
LV23DHM,WDE2783,Metroline
LV23DHN,WDE2784,Metroline
LV23DHO,WDE2785,Metroline
LV23DHP,WDE2786,Metroline
LV23DHX,WDE2787,Metroline
LV23DHY,WDE2788,Metroline
LV23DHZ,WDE2789,Metroline
LV23DJD,WDE2790,Metroline
LV23DJE,WDE2791,Metroline
LV23DJF,WDE2792,Metroline
LV23DJJ,WDE2793,Metroline
LV23DJK,WDE2794,Metroline
LV23DJO,WDE2795,Metroline
LV23DJU,WDE2796,Metroline
LV23DJX,WDE2797,Metroline
LV23DJY,WDE2798,Metroline
LV23DJZ,WDE2799,Metroline
LV23EBD,WDE2800,Metroline
LV23EBF,WDE2801,Metroline
LV23EBG,WDE2802,Metroline
LV23EBJ,WDE2803,Metroline
LV23EBK,WDE2804,Metroline
LV23EBL,WDE2805,Metroline
LV23EBM,WDE2806,Metroline
LV23EBN,WDE2807,Metroline
LV23EBO,WDE2808,Metroline
LV23EBP,ES1,Arriva
LV23EBU,ES2,Arriva
LV23EBX,ES3,Arriva
LV23EBZ,ES4,Arriva
LV23ECA,ES5,Arriva
LV23ECC,ES6,Arriva
LV23ECD,ES7,Arriva
LV23ECF,ES8,Arriva
LV23ECJ,ES9,Arriva
LV23ECN,ES10,Arriva
LV23ECT,ES11,Arriva
LV23ECW,ES12,Arriva
LV23ECX,ES13,Arriva
LV23ECY,ES14,Arriva
LV23ECZ,ES15,Arriva
LV23EDC,ES16,Arriva
LV23EYD,WDE2857,Metroline
LV23EYF,ES17,Arriva
LV23EYG,ES18,Arriva
LV23EYH,ES19,Arriva
LV23EYJ,ES20,Arriva
LV23EYK,ES21,Arriva
LV23EYL,ES22,Arriva
LV23EYM,ES23,Arriva
LV23EYO,ES24,Arriva
LV23EYP,ES25,Arriva
LV23EYR,ES26,Arriva
LV23EYT,ES27,Arriva
LV23EYU,ES28,Arriva
LV23EYW,ES29,Arriva
LV23EYX,ES30,Arriva
LV23EYY,ES31,Arriva
LV23EYZ,ES32,Arriva
LV23EZA,ES33,Arriva
LV23EZC,ES34,Arriva
LV23EZD,ES35,Arriva
LV23EZE,ES36,Arriva
LV23EZF,ES37,Arriva
LV23EZG,WDE2858,Metroline
LV23EZH,WDE2859,Metroline
LV23YZZ,WDE2860,Metroline
LV23ZBC,WDE2861,Metroline
LV23ZBD,WDE2862,Metroline
LV23ZBE,WDE2863,Metroline
LV23ZBF,WDE2864,Metroline
LV23ZBG,WDE2865,Metroline
LV23ZBJ,WDE2866,Metroline
LV23ZBL,WDE2867,Metroline
LV23ZBN,WDE2868,Metroline
LV23ZBO,WDE2869,Metroline
LV23ZBP,WDE2870,Metroline
LV23ZBR,WDE2871,Metroline
LV23ZBT,WDE2872,Metroline
LV23ZBU,WDE2873,Metroline
LV23ZBW,WDE2874,Metroline
LV23ZBX,WDE2875,Metroline
LV23ZBY,WDE2876,Metroline
LV23ZBZ,WDE2877,Metroline
LV23ZCA,ES38,Arriva
LV23ZCE,ES39,Arriva
LV23ZCF,ES40,Arriva
LV23ZCJ,ES41,Arriva
LV23ZCK,ES42,Arriva
LV23ZCL,ES43,Arriva
LV23ZCN,ES44,Arriva
LV23ZCO,ES45,Arriva
LV23ZCT,ES46,Arriva
LV23ZCU,ES47,Arriva
LV23ZCX,ES48,Arriva
LV23ZCY,ES49,Arriva
LV23ZCZ,ES50,Arriva
LV24EUF,3048,Transport UK London
LV24EUH,3049,Transport UK London
LV24EUJ,3050,Transport UK London
LV24EUK,3051,Transport UK London
LV24EUL,3052,Transport UK London
LV24EUM,3053,Transport UK London
LV24EUN,3054,Transport UK London
LV24EUO,3055,Transport UK London
LV24EUP,3056,Transport UK London
LV24EUR,3057,Transport UK London
LV24EUT,3058,Transport UK London
LV24EUU,3103,Transport UK London
LV24EUW,82049,Stagecoach London
LV24EUX,82050,Stagecoach London
LV24EUY,82051,Stagecoach London
LV24EUZ,82052,Stagecoach London
LV24EVB,82053,Stagecoach London
LV24EVC,82054,Stagecoach London
LV24EVD,82055,Stagecoach London
LV24EVF,82056,Stagecoach London
LV24EVG,82057,Stagecoach London
LV24EVH,82058,Stagecoach London
LV24EVJ,82059,Stagecoach London
LV24EVK,82060,Stagecoach London
LV24EVL,82061,Stagecoach London
LV24EVM,82062,Stagecoach London
LV24EVN,82063,Stagecoach London
LV24EVP,82064,Stagecoach London
LV24EVR,3059,Transport UK London
LV24EVT,3060,Transport UK London
LV24EVU,3061,Transport UK London
LV24EVW,3062,Transport UK London
LV24EVX,3063,Transport UK London
LV24EWA,3064,Transport UK London
LV24EWB,3065,Transport UK London
LV24EWC,3066,Transport UK London
LV24EWD,3067,Transport UK London
LV24EWE,3068,Transport UK London
LV24EWF,3069,Transport UK London
LV24EWG,3070,Transport UK London
LV24EWH,3071,Transport UK London
LV24EWJ,3072,Transport UK London
LV24EWK,3073,Transport UK London
LV24EWL,3074,Transport UK London
LV24EWM,3075,Transport UK London
LV24EWN,3076,Transport UK London
LV24EWO,3077,Transport UK London
LV24EWP,3078,Transport UK London
LV24EWR,3079,Transport UK London
LV24EWS,3080,Transport UK London
LV24EWT,3081,Transport UK London
LV24EWU,3082,Transport UK London
LV24EWW,3083,Transport UK London
LV24EWX,3084,Transport UK London
LV24EWY,3085,Transport UK London
LV24EWZ,1713,Transport UK London
LV24EXA,1714,Transport UK London
LV24EXB,1715,Transport UK London
LV24EXC,1716,Transport UK London
LV24EXD,1717,Transport UK London
LV24EXE,1718,Transport UK London
LV24EXF,1719,Transport UK London
LV24EXG,1720,Transport UK London
LV24EXH,1721,Transport UK London
LV24EXJ,1722,Transport UK London
LV24EXK,1723,Transport UK London
LV24EXL,1724,Transport UK London
LV24VNO,3086,Transport UK London
LV24VNP,3087,Transport UK London
LV24VNR,3088,Transport UK London
LV24VNS,3089,Transport UK London
LV24VNT,3090,Transport UK London
LV24VNU,3091,Transport UK London
LV24VNW,3092,Transport UK London
LV24VNX,3093,Transport UK London
LV24VNY,3094,Transport UK London
LV24VNZ,3095,Transport UK London
LV24VOA,3096,Transport UK London
LV24VOB,3097,Transport UK London
LV24VOC,3098,Transport UK London
LV24VOD,3099,Transport UK London
LV24VOF,3100,Transport UK London
LV24VOG,3101,Transport UK London
LV24VOH,3102,Transport UK London
LV24VOJ,WDE2906,Metroline
LV24VOK,WDE2907,Metroline
LV24VOM,WDE2908,Metroline
LV24VOO,WDE2909,Metroline
LV24VOP,WDE2910,Metroline
LV24VOT,WDE2911,Metroline
LV24VOU,WDE2912,Metroline
LV24VOY,WDE2913,Metroline
LV24VPA,WDE2914,Metroline
LV24VPC,WDE2915,Metroline
LV24VPD,WDE2916,Metroline
LV24VPE,WDE2917,Metroline
LV24VPF,WDE2918,Metroline
LV24VPG,WDE2919,Metroline
LV24VPJ,WDE2920,Metroline
LV24VPK,WDE2921,Metroline
LV24VPL,WDE2922,Metroline
LV24VPM,WDE2923,Metroline
LV24VPN,WDE2924,Metroline
LV24VPO,WDE2925,Metroline
LV24VPP,WDE2926,Metroline
LV24VPR,WDE2927,Metroline
LV24VPT,WDE2928,Metroline
LV24VRK,1725,Transport UK London
LV24VRL,1726,Transport UK London
LV24VRM,1727,Transport UK London
LV24VRN,1728,Transport UK London
LV24VRO,1729,Transport UK London
LV24VRP,1730,Transport UK London
LV24VRR,1731,Transport UK London
LV24VRT,1732,Transport UK London
LV24VRU,1733,Transport UK London
LV24VRW,1734,Transport UK London
LV24VRX,1735,Transport UK London
LV24VRY,1736,Transport UK London
LV24VSA,ES51,Arriva
LV24VSC,ES52,Arriva
LV24VSE,ES54,Arriva
LV24VSF,ES55,Arriva
LV24VSG,ES56,Arriva
LV24VSJ,ES57,Arriva
LV24VSK,ES58,Arriva
LV24VSL,ES59,Arriva
LV24VSM,ES60,Arriva
LV24VSN,ES61,Arriva
LV24VSO,ES62,Arriva
LV24WUB,ES63,Arriva
LV24WUC,ES64,Arriva
LV24WUD,ES65,Arriva
LV24WUE,ES66,Arriva
LV24WUG,ES67,Arriva
LV24WUH,ES68,Arriva
LV24WUJ,ES69,Arriva
LV24WUK,ES70,Arriva
LV24WUL,ES71,Arriva
LV24WUM,ES72,Arriva
LV24WUO,ES73,Arriva
LV24WUP,ES74,Arriva
LV24WUR,ES75,Arriva
LV24WUT,ES76,Arriva
LV24WUU,ES77,Arriva
LV24WUW,ES78,Arriva
LV24WUX,ES79,Arriva
LV25CLO,WDE3150,Metroline
LV25CLU,WDE3151,Metroline
LV25CLX,WDE3152,Metroline
LV25CLY,WDE3153,Metroline
LV25CLZ,WDE3154,Metroline
LV25CME,WDE3155,Metroline
LV25CMF,WDE3156,Metroline
LV25CMK,WDE3157,Metroline
LV25CMO,WDE3158,Metroline
LV25CMU,WDE3159,Metroline
LV25CMX,WDE3160,Metroline
LV25CMY,WDE3161,Metroline
LV25CMZ,WDE3162,Metroline
LV25CNA,WDE3163,Metroline
LV25CNC,82083,Stagecoach London
LV25CNE,82084,Stagecoach London
LV25CNF,82085,Stagecoach London
LV25CNJ,82086,Stagecoach London
LV25CNK,82087,Stagecoach London
LV25CNN,82088,Stagecoach London
LV25CNO,82089,Stagecoach London
LV25CNU,82090,Stagecoach London
LV25CNX,82091,Stagecoach London
LV25CNY,82092,Stagecoach London
LV25CNZ,82093,Stagecoach London
LV25COA,82094,Stagecoach London
LV25COH,82095,Stagecoach London
LV25COJ,82096,Stagecoach London
LV25COU,SEL1,Go-Ahead
LV25CPE,SEL2,Go-Ahead
LV25CPF,SEL3,Go-Ahead
LV25CPK,SEL4,Go-Ahead
LV25CPN,SEL5,Go-Ahead
LV25CPO,SEL6,Go-Ahead
LV25CPU,SEL7,Go-Ahead
LV25CPX,SEL8,Go-Ahead
LV25CPY,SEL9,Go-Ahead
LV25CPZ,SEL10,Go-Ahead
LV25CRF,SEL11,Go-Ahead
LV25CRJ,SEL12,Go-Ahead
LV25CRK,SEL13,Go-Ahead
LV25CRU,SEL14,Go-Ahead
LV25CRX,SEL15,Go-Ahead
LV25CRZ,SEL16,Go-Ahead
LV25CSF,SEL17,Go-Ahead
LV25CSO,SEL18,Go-Ahead
LV25CSU,SEL19,Go-Ahead
LV25CSX,SEL20,Go-Ahead
LV25CSY,SEL21,Go-Ahead
LV25CSZ,SEL22,Go-Ahead
LV25CTE,SEL23,Go-Ahead
LV25CTF,DEL100,Go-Ahead
LV25CTK,DEL101,Go-Ahead
LV25CTO,DEL102,Go-Ahead
LV25CTU,DEL103,Go-Ahead
LV25CTX,DEL104,Go-Ahead
LV25CTY,DEL105,Go-Ahead
LV25CTZ,DEL106,Go-Ahead
LV25CUA,DEL107,Go-Ahead
LV25CUC,DEL108,Go-Ahead
LV25CUG,DEL109,Go-Ahead
LV25CUH,DEL110,Go-Ahead
LV25CUJ,DEL111,Go-Ahead
LV25CUK,DEL112,Go-Ahead
LV25CUO,DEL113,Go-Ahead
LV25CUU,DEL114,Go-Ahead
LV25CUW,3116,Transport UK London
LV25CUX,3117,Transport UK London
LV25CUY,3118,Transport UK London
LV25CVA,3119,Transport UK London
LV25CVB,3120,Transport UK London
LV25CVC,3121,Transport UK London
LV25CVD,3122,Transport UK London
LV25CVE,3123,Transport UK London
LV25CVF,3124,Transport UK London
LV25CVG,3125,Transport UK London
LV25CVH,3126,Transport UK London
LV25CVJ,3127,Transport UK London
LV25CVK,3128,Transport UK London
LV25CVL,3129,Transport UK London
LV25CVM,3130,Transport UK London
LV25CVN,3131,Transport UK London
LV25CVO,3132,Transport UK London
LV25CVP,SEL24,Go-Ahead
LV25CVR,SEL25,Go-Ahead
LV25CVS,SEL26,Go-Ahead
LV25CVT,SEL27,Go-Ahead
LV25CVU,DEL115,Go-Ahead
LV25CVW,DEL17,Go-Ahead
LV25CVX,DEL18,Go-Ahead
LV25CVY,DEL19,Go-Ahead
LV25CVZ,SEL28,Go-Ahead
LV25CWA,SEL29,Go-Ahead
LV25CWC,SEL30,Go-Ahead
LV25CWD,SEL31,Go-Ahead
LV25CWE,DEL20,Go-Ahead
LV25CWF,DEL21,Go-Ahead
LV25CWG,DEL22,Go-Ahead
LV25CWJ,DEL23,Go-Ahead
LV25OSU,82097,Stagecoach London
LV25OSW,82098,Stagecoach London
LV25OSX,82099,Stagecoach London
LV25OSY,82100,Stagecoach London
LV25OSZ,DEL24,Go-Ahead
LV25OTA,DEL25,Go-Ahead
LV25OTB,DEL26,Go-Ahead
LV25OTC,DEL27,Go-Ahead
LV25OTD,DEL28,Go-Ahead
LV25OTE,DEL29,Go-Ahead
LV25OTF,DEL30,Go-Ahead
LV25OTG,SEL32,Go-Ahead
LV25OTH,SEL33,Go-Ahead
LV25OTJ,SEL34,Go-Ahead
LV25PWE,SEL35,Go-Ahead
LV25PWF,SEL36,Go-Ahead
LV25PWJ,SEL37,Go-Ahead
LV25PWK,SEL38,Go-Ahead
LV25PWL,SEL39,Go-Ahead
LV25PWN,82101,Stagecoach London
LV25PWO,82102,Stagecoach London
LV25PWU,82103,Stagecoach London
LV25PWX,82104,Stagecoach London
LV25PWY,82105,Stagecoach London
LV25PWZ,82106,Stagecoach London
LV25PXA,82107,Stagecoach London
LV25PXB,82108,Stagecoach London
LV25PXC,82109,Stagecoach London
LV25VOJ,82110,Stagecoach London
LV25VOK,82111,Stagecoach London
LV25VOM,82112,Stagecoach London
LV25VOO,3104,Transport UK London
LV25VOP,3105,Transport UK London
LV25VOT,3106,Transport UK London
LV25VOU,3107,Transport UK London
LV25VOY,3108,Transport UK London
LV25VPA,3109,Transport UK London
LV25VPC,3110,Transport UK London
LV25VPD,3111,Transport UK London
LV25VPE,3112,Transport UK London
LV25VPF,3113,Transport UK London
LV25VTK,3114,Transport UK London
LV25WXH,3115,Transport UK London
LV25WXK,DEL31,Go-Ahead
LV25WXL,DEL32,Go-Ahead
LV25WXM,DEL33,Go-Ahead
LV25WXN,DEL34,Go-Ahead
LV25WXO,DEL35,Go-Ahead
LV25WXP,DEL36,Go-Ahead
LV25WXR,DEL37,Go-Ahead
LV25WXS,DEL38,Go-Ahead
LV25WXT,DEL39,Go-Ahead
LV25WXU,DEL40,Go-Ahead
LV25WXW,DEL41,Go-Ahead
LV25WXX,DEL42,Go-Ahead
LV25WXY,DEL43,Go-Ahead
LV25WXZ,DEL44,Go-Ahead
LV25WYA,DEL45,Go-Ahead
LV25WYB,DEL46,Go-Ahead
LV25WYC,1738,Transport UK London
LV25WYD,1739,Transport UK London
LV25WYF,1740,Transport UK London
LV25WYG,1741,Transport UK London
LV25WYH,1742,Transport UK London
LV25WYJ,DEL47,Go-Ahead
LV25WYK,DEL48,Go-Ahead
LV25WYL,DEL49,Go-Ahead
LV25WYM,DEL50,Go-Ahead
LV25WYO,DEL51,Go-Ahead
LV25WYP,DEL52,Go-Ahead
LV25WYS,DEL54,Go-Ahead
LV25WZB,DEL61,Go-Ahead
LV25XTF,DEL75,Go-Ahead
LV25XTL,DEL80,Go-Ahead
LV25XTO,DEL83,Go-Ahead
LV25XTP,DEL84,Go-Ahead
LV25XTR,DEL85,Go-Ahead
LV25XUA,DEL93,Go-Ahead
LV25XUC,DEL95,Go-Ahead
LV25XUD,DEL96,Go-Ahead
LV25XUF,DEL98,Go-Ahead
LV25XUG,DEL99,Go-Ahead
LV25XUH,DEL116,Go-Ahead
LV25XUJ,DEL117,Go-Ahead
LV25XUK,DEL118,Go-Ahead
LV25XUL,DEL119,Go-Ahead
LV25XUM,DEL120,Go-Ahead
LV25XUN,DEL121,Go-Ahead
LV25XUO,DEL122,Go-Ahead
LV25XUP,DEL123,Go-Ahead
LV25XUR,DEL124,Go-Ahead
LV25XUS,DEL125,Go-Ahead
LV25XUT,DEL126,Go-Ahead
LV25XUU,DEL127,Go-Ahead
LV25XUW,DEL128,Go-Ahead
LV25XUX,DEL129,Go-Ahead
LV25XUY,DEL130,Go-Ahead
LV25XUZ,DEL131,Go-Ahead
LV25XVB,WSEL3164,Metroline
LV25XVC,WSEL3165,Metroline
LV25XVD,WSEL3166,Metroline
LV25XVE,WSEL3167,Metroline
LV25XVF,WSEL3168,Metroline
LV25XVG,WSEL3169,Metroline
LV25XWK,WSEL3170,Metroline
LV25XWL,WSEL3171,Metroline
LV25XWM,WSEL3172,Metroline
LV25XWN,WSEL3173,Metroline
LV25XWO,82137,Stagecoach London
LV25XWP,82138,Stagecoach London
LV25XWR,82139,Stagecoach London
LV25XWS,82140,Stagecoach London
LV25XWT,82141,Stagecoach London
LV25XWU,82142,Stagecoach London
LV25XWW,82143,Stagecoach London
LV25XWX,82144,Stagecoach London
LV25XWY,DEL132,Go-Ahead
LV25XWZ,DEL133,Go-Ahead
LV25XXA,DEL134,Go-Ahead
LV25XXB,DEL135,Go-Ahead
LV25XXC,DEL136,Go-Ahead
LV25XXD,DEL137,Go-Ahead
LV25XXE,DEL138,Go-Ahead
LV25XXF,DEL139,Go-Ahead
LV25XXG,DEL140,Go-Ahead
LV25XXH,DEL141,Go-Ahead
LV25XXJ,DEL142,Go-Ahead
LV25XXK,WDE3211,Metroline
LV25XXL,WDE3212,Metroline
LV25XXM,WDE3213,Metroline
LV25XXN,WDE3214,Metroline
LV25XXO,WDE3215,Metroline
LV25XXP,WDE3216,Metroline
LV25XXR,WDE3217,Metroline
LV25XXS,WDE3218,Metroline
LV25XXT,WDE3219,Metroline
LV25XXU,WDE3220,Metroline
LV25XXW,WDE3221,Metroline
LV25XXY,WDE3222,Metroline
LV25XXZ,WDE3223,Metroline
LV25XYA,WDE3224,Metroline
LV25XYB,WDE3225,Metroline
LV25XYC,WDE3226,Metroline
LV25XYD,WDE3227,Metroline
LV25XYE,WDE3228,Metroline
LV25XYF,WDE3229,Metroline
LV25XYG,WDE3230,Metroline
LV25XYH,WDE3231,Metroline
LV25XYU,WDE3232,Metroline
LV25XYW,ES161,Arriva
LV25XYX,SEL54,Go-Ahead
LV25XYY,1301,Transport UK London
LV25XYZ,1302,Transport UK London
LV25XZA,1303,Transport UK London
LV25XZB,1304,Transport UK London
LV25XZC,1305,Transport UK London
LV25XZD,1743,Transport UK London
LV25XZE,1744,Transport UK London
LV25XZF,1745,Transport UK London
LV25XZG,1746,Transport UK London
LV25XZH,1747,Transport UK London
LV25XZJ,1748,Transport UK London
LV25XZK,1749,Transport UK London
LV25XZL,1750,Transport UK London
LV25XZM,1751,Transport UK London
LV25XZN,1752,Transport UK London
LV25XZO,1753,Transport UK London
LV25XZP,1754,Transport UK London
LV25XZR,1755,Transport UK London
LV25XZS,1756,Transport UK London
LV25XZZ,1757,Transport UK London
LV25ZBC,1758,Transport UK London
LV25ZBD,1759,Transport UK London
LV25ZBE,1760,Transport UK London
LV25ZBF,1761,Transport UK London
LV26KLA,82214,Stagecoach London
LV26KLC,82215,Stagecoach London
LV26KLD,82216,Stagecoach London
LV26KLE,82217,Stagecoach London
LV26KLF,82218,Stagecoach London
LV26KLJ,82219,Stagecoach London
LV26KLK,82220,Stagecoach London
LV26KLL,82221,Stagecoach London
LV26KLM,82222,Stagecoach London
LV26KLO,82223,Stagecoach London
LV26KLP,82224,Stagecoach London
LV26KLS,82225,Stagecoach London
LV26KLU,82226,Stagecoach London
LV26KLX,82227,Stagecoach London
LV26KLZ,82284,Stagecoach London
LV26KMA,82285,Stagecoach London
LV26KME,82286,Stagecoach London
LV26KMF,82287,Stagecoach London
LV26KMG,82288,Stagecoach London
LV26KMJ,82289,Stagecoach London
LV26KMK,82290,Stagecoach London
LV26KMM,82291,Stagecoach London
LV26KMO,82292,Stagecoach London
LV72BYT,3001,Transport UK London
LV72BYU,3002,Transport UK London
LV72BYW,3003,Transport UK London
LV72BYX,3004,Transport UK London
LV72BYY,3005,Transport UK London
LV72BYZ,3006,Transport UK London
LV72BZA,3007,Transport UK London
LV72BZB,3008,Transport UK London
LV72BZC,3009,Transport UK London
LV72BZD,3010,Transport UK London
LV72BZE,3011,Transport UK London
LV72BZF,3012,Transport UK London
LV72BZG,3013,Transport UK London
LV72BZH,3014,Transport UK London
LV72BZJ,3015,Transport UK London
LV72BZK,3016,Transport UK London
LV72BZL,3017,Transport UK London
LV72BZM,3018,Transport UK London
LV72BZN,3019,Transport UK London
LV72BZO,3020,Transport UK London
LV72BZP,3021,Transport UK London
LV72BZR,3022,Transport UK London
LV72BZS,3023,Transport UK London
LV72BZT,3024,Transport UK London
LV72BZU,3025,Transport UK London
LV72BZW,3026,Transport UK London
LV72BZX,3027,Transport UK London
LV72BZY,3028,Transport UK London
LV72CAA,3029,Transport UK London
LV72CAE,3030,Transport UK London
LV73FDK,3031,Transport UK London
LV73FDL,3032,Transport UK London
LV73FDM,3033,Transport UK London
LV73FDN,3034,Transport UK London
LV73FDO,3035,Transport UK London
LV73FDP,3036,Transport UK London
LV73FDU,3037,Transport UK London
LV73FDX,82001,Stagecoach London
LV73FDY,82002,Stagecoach London
LV73FDZ,82003,Stagecoach London
LV73FEF,82004,Stagecoach London
LV73FEG,82005,Stagecoach London
LV73FEH,82006,Stagecoach London
LV73FEJ,82007,Stagecoach London
LV73FEK,82008,Stagecoach London
LV73FEM,82009,Stagecoach London
LV73FEO,82010,Stagecoach London
LV73FEP,82011,Stagecoach London
LV73FET,82012,Stagecoach London
LV73FEU,82013,Stagecoach London
LV73FEX,82014,Stagecoach London
LV73FFA,82015,Stagecoach London
LV73FFB,82016,Stagecoach London
LV73FFC,82017,Stagecoach London
LV73FFD,82018,Stagecoach London
LV73FFE,82019,Stagecoach London
LV73FFG,82020,Stagecoach London
LV73FFH,82021,Stagecoach London
LV73FFJ,82022,Stagecoach London
LV73FFK,82023,Stagecoach London
LV73FFL,82024,Stagecoach London
LV73FFM,82025,Stagecoach London
LV73FFN,82026,Stagecoach London
LV73FFO,82027,Stagecoach London
LV73FFP,82028,Stagecoach London
LV73FFR,82029,Stagecoach London
LV73FFS,82030,Stagecoach London
LV73FFT,82031,Stagecoach London
LV73FFU,82032,Stagecoach London
LV73FFW,82033,Stagecoach London
LV73FFX,82034,Stagecoach London
LV73FFY,82035,Stagecoach London
LV73FFZ,82036,Stagecoach London
LV73FGA,82037,Stagecoach London
LV73FGC,82038,Stagecoach London
LV73FGD,82039,Stagecoach London
LV73FGE,82040,Stagecoach London
LV73FGF,82041,Stagecoach London
LV73FGG,82042,Stagecoach London
LV73FGJ,82043,Stagecoach London
LV73FGK,82044,Stagecoach London
LV73FGM,82045,Stagecoach London
LV73FGN,82046,Stagecoach London
LV73FGO,82047,Stagecoach London
LV73FGP,82048,Stagecoach London
LV73FGU,1701,Transport UK London
LV73FGX,1702,Transport UK London
LV73FGZ,1703,Transport UK London
LV73FHA,1704,Transport UK London
LV73FHB,1705,Transport UK London
LV73FHC,1706,Transport UK London
LV73FHD,1707,Transport UK London
LV73FHE,1708,Transport UK London
LV73FHF,1709,Transport UK London
LV73FHG,1710,Transport UK London
LV73FHH,1711,Transport UK London
LV73FHJ,1712,Transport UK London
LV73FHK,3038,Transport UK London
LV73FHL,3039,Transport UK London
LV73FHM,3040,Transport UK London
LV73FHN,3041,Transport UK London
LV73FHO,3042,Transport UK London
LV73FHP,3043,Transport UK London
LV73FHR,3044,Transport UK London
LV73FHS,3045,Transport UK London
LV73FHT,3046,Transport UK London
LV73FHU,3047,Transport UK London
LV74BYL,82065,Stagecoach London
LV74BYM,82066,Stagecoach London
LV74BYN,82067,Stagecoach London
LV74BYO,82068,Stagecoach London
LV74BYP,82069,Stagecoach London
LV74BYR,82070,Stagecoach London
LV74BYS,82071,Stagecoach London
LV74BYT,82072,Stagecoach London
LV74BYU,82073,Stagecoach London
LV74BYW,82074,Stagecoach London
LV74BYX,82075,Stagecoach London
LV74BYY,82076,Stagecoach London
LV74BYZ,82077,Stagecoach London
LV74BZA,82078,Stagecoach London
LV74BZB,82079,Stagecoach London
LV74BZC,82080,Stagecoach London
LV74BZD,82081,Stagecoach London
LV74BZE,82082,Stagecoach London
LV74CBO,WSE2929,Metroline
LV74CBU,WSE2930,Metroline
LV74CBX,WSE2931,Metroline
LV74CBY,WSE2932,Metroline
LV74CCA,WSE2933,Metroline
LV74CCD,WSE2934,Metroline
LV74CCE,WSE2935,Metroline
LV74CCF,WSE2936,Metroline
LV74CCJ,WSE2937,Metroline
LV74CCK,WSE2938,Metroline
LV74CCN,WSE2939,Metroline
LV74CCO,WSE2940,Metroline
LV74CCU,WSE2941,Metroline
LV74CCX,WSE2942,Metroline
LV74CCY,WSE2943,Metroline
LV74CCZ,WSE2944,Metroline
LV74CEA,ES138,Arriva
LV74CEF,ES139,Arriva
LV74CEJ,ES140,Arriva
LV74CEK,ES141,Arriva
LV74CEN,ES159,Arriva
LV74CEO,ES160,Arriva
LV74CFA,WSE2945,Metroline
LV74CFD,WSE2946,Metroline
LV74CFE,WSE2947,Metroline
LV74CFF,WSE2948,Metroline
LV74CFG,WSE2949,Metroline
LV74CFJ,WSE2950,Metroline
LV74CFK,WSE2951,Metroline
LV74CFL,WSE2952,Metroline
LV74CFM,WSE2953,Metroline
LV74CFN,WSE2954,Metroline
LV74CFO,WSE2955,Metroline
LV74CFP,WSE2956,Metroline
LV74CFU,WSE2957,Metroline
LV74CFX,WSE2958,Metroline
LV74CFY,WSE2959,Metroline
LV74CFZ,WSE2960,Metroline
LV74CGE,WSE2961,Metroline
LV74CGF,WSE2962,Metroline
LV74TJO,WDE3112,Metroline
LV74TJU,WDE3113,Metroline
LV74TJX,WDE3114,Metroline
LV74TJY,WDE3115,Metroline
LV74TJZ,WDE3116,Metroline
LV74TKA,WDE3117,Metroline
LV74TKC,WDE3118,Metroline
LV74TKD,WDE3119,Metroline
LV74TKE,WDE3120,Metroline
LV74TKF,WDE3121,Metroline
LV74TKJ,WDE3122,Metroline
LV74TKK,WDE3123,Metroline
LV74TKN,WDE3124,Metroline
LV74TKO,WDE3125,Metroline
LV74TKT,WDE3126,Metroline
LV74TKU,WDE3127,Metroline
LV74TKX,WDE3128,Metroline
LV74TKY,WDE3031,Metroline
LV74TKZ,WDE3032,Metroline
LV74TLF,DEL1,Go-Ahead
LV74TLN,DEL2,Go-Ahead
LV74TLO,DEL3,Go-Ahead
LV74TLU,DEL4,Go-Ahead
LV74TLX,DEL5,Go-Ahead
LV74TLY,DEL6,Go-Ahead
LV74TLZ,DEL7,Go-Ahead
LV74TMO,DEL8,Go-Ahead
LV74TMU,DEL9,Go-Ahead
LV74TMX,DEL10,Go-Ahead
LV74TMY,DEL11,Go-Ahead
LV74TMZ,DEL12,Go-Ahead
LV74TNE,DEL13,Go-Ahead
LV74TNF,DEL14,Go-Ahead
LV74TNJ,DEL15,Go-Ahead
LV74YVE,DEL16,Go-Ahead
LV74YVF,WSEL3129,Metroline
LV74YVG,WSEL3130,Metroline
LV74YVH,WSEL3131,Metroline
LV74YVJ,WSEL3132,Metroline
LV74YVK,WSEL3133,Metroline
LV74YVL,WSEL3134,Metroline
LV74YVM,WSEL3135,Metroline
LV74YVN,WSEL3136,Metroline
LV74YVO,WSEL3137,Metroline
LV74YVP,WDE3033,Metroline
LV74YVR,WDE3034,Metroline
LV74YVS,WDE3035,Metroline
LV74YVT,WDE3036,Metroline
LV74YVU,WDE3037,Metroline
LV74YVW,WDE3038,Metroline
LV75FLC,82209,Stagecoach London
LV75FLD,82210,Stagecoach London
LV75FLE,82211,Stagecoach London
LV75FLF,82212,Stagecoach London
LV75FLG,82213,Stagecoach London
LV75FLH,82156,Stagecoach London
LV75FLJ,82157,Stagecoach London
LV75FLK,82158,Stagecoach London
LV75FLL,82159,Stagecoach London
LV75HGO,82160,Stagecoach London
LV75HGP,82161,Stagecoach London
LV75HGU,82162,Stagecoach London
LV75HGX,82163,Stagecoach London
LV75HGY,82164,Stagecoach London
LV75HGZ,82165,Stagecoach London
LV75HHA,82166,Stagecoach London
LV75HHB,82167,Stagecoach London
LV75HHC,82168,Stagecoach London
LV75HHD,82169,Stagecoach London
LV75HHE,82170,Stagecoach London
LV75HHF,82171,Stagecoach London
LV75HHG,1306,Transport UK London
LV75HHJ,1307,Transport UK London
LV75HHK,1308,Transport UK London
LV75HHL,1309,Transport UK London
LV75HHM,1310,Transport UK London
LV75HHN,1311,Transport UK London
LV75HHO,1312,Transport UK London
LV75HHP,1313,Transport UK London
LV75HHR,1314,Transport UK London
LV75HHS,1315,Transport UK London
LV75HHT,1316,Transport UK London
LV75HHU,1317,Transport UK London
LV75HHW,1318,Transport UK London
LV75HHX,1319,Transport UK London
LV75HHY,1320,Transport UK London
LV75HHZ,82172,Stagecoach London
LV75HJC,82173,Stagecoach London
LV75HJD,82174,Stagecoach London
LV75HJE,82175,Stagecoach London
LV75HJF,82176,Stagecoach London
LV75HJG,82177,Stagecoach London
LV75HJJ,82178,Stagecoach London
LV75HJK,82179,Stagecoach London
LV75HJN,82180,Stagecoach London
LV75HJO,82181,Stagecoach London
LV75HJU,82182,Stagecoach London
LV75HJX,82183,Stagecoach London
LV75NLG,82184,Stagecoach London
LV75NLJ,82185,Stagecoach London
LV75NLK,82186,Stagecoach London
LV75NMF,ES162,Arriva
LV75NMJ,ES163,Arriva
LV75NMK,ES164,Arriva
LV75NMM,ES165,Arriva
LV75NMO,ES166,Arriva
LV75NMU,ES167,Arriva
LV75NMX,ES168,Arriva
LV75NMY,ES169,Arriva
LV75NMZ,ES170,Arriva
LV75NNB,ES171,Arriva
LV75NNC,ES172,Arriva
LV75VXB,ES173,Arriva
LV75VXC,ES174,Arriva
LV75VXD,ES175,Arriva
LV75VXJ,82266,Stagecoach London
LV75VXK,82267,Stagecoach London
LV75VXL,82268,Stagecoach London
LV75VXM,82228,Stagecoach London
LV75VXN,82229,Stagecoach London
LV75VXO,82230,Stagecoach London
LV75VXP,82231,Stagecoach London
LV75VXR,82232,Stagecoach London
LV75VXS,82233,Stagecoach London
LV75VXT,82234,Stagecoach London
LV75VXU,82235,Stagecoach London
LV75VXW,82236,Stagecoach London
LV75VXX,82237,Stagecoach London
LV75VXY,82238,Stagecoach London
LV75VXZ,82239,Stagecoach London
LV75VYA,82240,Stagecoach London
LV75VYB,82241,Stagecoach London
LV75VYC,82242,Stagecoach London
LV75VYD,82243,Stagecoach London
LV75VYE,82244,Stagecoach London
LV75VYF,82245,Stagecoach London
LX11AWF,ENL105,Arriva
LX11AWG,ENL104,Arriva
LX11AWH,ENL101,Arriva
LX11AWJ,ENL106,Arriva
LX11AWN,ENL108,Arriva
LX11AWP,ENL111,Arriva
LX11AWU,ENL112,Arriva
LX11AYT,19712,Stagecoach London
LX11AYU,19713,Stagecoach London
LX11AYV,19714,Stagecoach London
LX11AYW,19715,Stagecoach London
LX11AYY,19716,Stagecoach London
LX11AYZ,19717,Stagecoach London
LX11AZA,19718,Stagecoach London
LX11AZB,19719,Stagecoach London
LX11AZC,19720,Stagecoach London
LX11AZD,19721,Stagecoach London
LX11AZF,19722,Stagecoach London
LX11AZG,19723,Stagecoach London
LX11AZJ,19724,Stagecoach London
LX11AZL,19725,Stagecoach London
LX11AZN,19726,Stagecoach London
LX11AZO,19727,Stagecoach London
LX11AZP,19728,Stagecoach London
LX11AZR,19729,Stagecoach London
LX11AZT,19730,Stagecoach London
LX11AZU,19731,Stagecoach London
LX11AZV,19732,Stagecoach London
LX11AZW,19733,Stagecoach London
LX11AZZ,19734,Stagecoach London
LX11BAA,19735,Stagecoach London
LX11BAO,19736,Stagecoach London
LX11BAU,19737,Stagecoach London
LX11BAV,19738,Stagecoach London
LX11BBE,19739,Stagecoach London
LX11BBF,19740,Stagecoach London
LX11BBJ,19741,Stagecoach London
LX11BFP,19774,Stagecoach London
LX11BFU,19775,Stagecoach London
LX11BFV,19776,Stagecoach London
LX11BFZ,19778,Stagecoach London
LX11BGE,19779,Stagecoach London
LX11BGK,19781,Stagecoach London
LX11BHA,19787,Stagecoach London
LX11BHD,19788,Stagecoach London
LX11BHE,19789,Stagecoach London
LX11BHF,19790,Stagecoach London
LX11BHJ,19791,Stagecoach London
LX11BHK,19792,Stagecoach London
LX11BHL,19793,Stagecoach London
LX11BJF,19803,Stagecoach London
LX11BKG,19815,Stagecoach London
LX11BKK,19817,Stagecoach London
LX11BKU,19821,Stagecoach London
LX11BKY,19823,Stagecoach London
LX11BLJ,19826,Stagecoach London
LX11BLZ,19830,Stagecoach London
LX11BMV,19833,Stagecoach London
LX11CWU,WVL413,Go-Ahead
LX11CWV,WVL414,Go-Ahead
LX11CWW,WVL415,Go-Ahead
LX11CWY,WVL416,Go-Ahead
LX11CWZ,WVL417,Go-Ahead
LX11CXA,WVL418,Go-Ahead
LX11CXB,WVL419,Go-Ahead
LX11CXC,WVL420,Go-Ahead
LX11CXD,WVL421,Go-Ahead
LX11FHV,WVL422,Go-Ahead
LX11FHW,WVL423,Go-Ahead
LX11FHY,WVL424,Go-Ahead
LX11FJA,WVL426,Go-Ahead
LX11FJC,WVL427,Go-Ahead
LX11FJD,WVL428,Go-Ahead
LX11FJF,WVL430,Go-Ahead
LX11FJJ,WVL431,Go-Ahead
LX11FJK,WVL432,Go-Ahead
LX11FJN,WVL433,Go-Ahead
LX11FJO,WVL434,Go-Ahead
LX12CZE,19851,Stagecoach London
LX12CZG,19853,Stagecoach London
LX12CZH,19854,Stagecoach London
LX12CZM,19858,Stagecoach London
LX12CZO,19860,Stagecoach London
LX12CZP,19861,Stagecoach London
LX12CZR,19862,Stagecoach London
LX12CZT,19864,Stagecoach London
LX12CZU,19865,Stagecoach London
LX12CZV,19866,Stagecoach London
LX12CZW,19867,Stagecoach London
LX12CZY,19868,Stagecoach London
LX12CZZ,19869,Stagecoach London
LX12DAA,19870,Stagecoach London
LX12DAO,19871,Stagecoach London
LX12DAU,10101,Stagecoach London
LX12DBO,10102,Stagecoach London
LX12DBU,10103,Stagecoach London
LX12DBV,10104,Stagecoach London
LX12DBY,10105,Stagecoach London
LX12DBZ,10106,Stagecoach London
LX12DCE,10107,Stagecoach London
LX12DCF,10108,Stagecoach London
LX12DCO,10109,Stagecoach London
LX12DCU,10110,Stagecoach London
LX12DCV,10111,Stagecoach London
LX12DCY,10112,Stagecoach London
LX12DCZ,10113,Stagecoach London
LX12DDA,10114,Stagecoach London
LX12DDE,10115,Stagecoach London
LX12DDF,10116,Stagecoach London
LX12DDJ,10117,Stagecoach London
LX12DDK,10118,Stagecoach London
LX12DDL,10119,Stagecoach London
LX12DDN,10120,Stagecoach London
LX12DDO,10121,Stagecoach London
LX12DDU,10122,Stagecoach London
LX12DDV,10123,Stagecoach London
LX12DDY,10124,Stagecoach London
LX12DDZ,10125,Stagecoach London
LX12DFA,10127,Stagecoach London
LX12DFC,10128,Stagecoach London
LX12DFD,10129,Stagecoach London
LX12DFE,10130,Stagecoach London
LX12DFF,10131,Stagecoach London
LX12DFG,10132,Stagecoach London
LX12DFJ,10133,Stagecoach London
LX12DFK,10134,Stagecoach London
LX12DFL,10135,Stagecoach London
LX12DFN,10136,Stagecoach London
LX12DFO,10137,Stagecoach London
LX12DFP,10138,Stagecoach London
LX12DFU,10139,Stagecoach London
LX12DFV,10140,Stagecoach London
LX12DFY,10141,Stagecoach London
LX12DFZ,10142,Stagecoach London
LX12DGE,10143,Stagecoach London
LX12DGF,10144,Stagecoach London
LX12DGO,10145,Stagecoach London
LX12DGU,10146,Stagecoach London
LX12DGV,10147,Stagecoach London
LX12DGY,10148,Stagecoach London
LX12DGZ,10149,Stagecoach London
LX12DHA,10150,Stagecoach London
LX12DHC,10151,Stagecoach London
LX12DHD,10152,Stagecoach London
LX12DHE,10153,Stagecoach London
LX12DHF,10154,Stagecoach London
LX12DHG,36528,Stagecoach London
LX12DHJ,36529,Stagecoach London
LX12DHK,36530,Stagecoach London
LX12DHL,36531,Stagecoach London
LX12DHM,36532,Stagecoach London
LX12DHN,36533,Stagecoach London
LX12DHO,36534,Stagecoach London
LX12DHP,36535,Stagecoach London
LX12DHU,36536,Stagecoach London
LX12DHV,36537,Stagecoach London
LX12DHY,36538,Stagecoach London
LX12DHZ,36539,Stagecoach London
LX12DJD,36540,Stagecoach London
LX12DJE,36541,Stagecoach London
LX12DJF,36542,Stagecoach London
LX12DJU,36546,Stagecoach London
LX12DJV,36547,Stagecoach London
LX12DJY,36548,Stagecoach London
LX12DJZ,36549,Stagecoach London
LX12DKA,36550,Stagecoach London
LX12DKE,36552,Stagecoach London
LX12DKF,36553,Stagecoach London
LX12DKJ,36554,Stagecoach London
LX13CYW,36555,Stagecoach London
LX13CZO,36571,Stagecoach London
LX13CZP,36572,Stagecoach London
LX13CZR,36573,Stagecoach London
LX13CZS,36574,Stagecoach London
LX13CZT,36575,Stagecoach London
LX13CZU,36576,Stagecoach London
LX13CZV,36577,Stagecoach London
LX13CZW,36578,Stagecoach London
LX13CZY,36579,Stagecoach London
LX13CZZ,36580,Stagecoach London
LX23BKA,IE2,Metrobus
LX26ZFB,1773,Transport UK London
LX26ZFC,1774,Transport UK London
LX26ZFD,1775,Transport UK London
LX26ZFE,1776,Transport UK London
LX26ZFF,1777,Transport UK London
LX26ZFG,1778,Transport UK London
LX26ZFH,1779,Transport UK London
LX26ZFJ,1780,Transport UK London
LX26ZFK,1781,Transport UK London
LX26ZFL,1782,Transport UK London
LX26ZFM,82275,Stagecoach London
LX26ZFN,82276,Stagecoach London
LX26ZFO,82277,Stagecoach London
LX26ZFP,82278,Stagecoach London
LX26ZFR,82279,Stagecoach London
LX26ZFS,82280,Stagecoach London
LX26ZFT,82281,Stagecoach London
LX26ZFU,82282,Stagecoach London
LX26ZFV,82283,Stagecoach London
LX26ZFW,1783,Transport UK London
LX26ZFY,1784,Transport UK London
LX26ZFZ,1785,Transport UK London
LX26ZGA,1786,Transport UK London
LX26ZGB,1787,Transport UK London
LX26ZGC,1788,Transport UK London
LX26ZGD,1789,Transport UK London
LX26ZGE,1790,Transport UK London
LX26ZGF,1791,Transport UK London
LX26ZGG,1792,Transport UK London
LX59CYL,WVL274,Go-Ahead
LX59CZK,WVL292,Metrobus
LX59DDL,WVL334,Metrobus
LX59DDN,WVL335,Metrobus
LX59DDO,WVL336,Metrobus
LX59DDU,WVL337,Metrobus
LX59DDV,WVL338,Metrobus
LX59DDY,WVL339,Metrobus
LX59DDZ,WVL340,Metrobus
LX59DEU,WVL341,Metrobus
LX59DFA,WVL342,Metrobus
LX59DFC,WVL343,Metrobus
LX59DFD,WVL344,Metrobus
LX60DWJ,WVL358,Go-Ahead
LX60DWK,WVL359,Go-Ahead
LX60DWV,WVL366,Metrobus
LX61DBO,19842,Stagecoach London
LX61DBU,19843,Stagecoach London
LX61DBZ,19846,Stagecoach London
LX61DCO,12148,Stagecoach London
LX61DCU,12149,Stagecoach London
LX61DDA,12153,Stagecoach London
LX61DDE,19835,Stagecoach London
LX61DDJ,19837,Stagecoach London
LX61DDL,12138,Stagecoach London
LX61DDN,12139,Stagecoach London
LX61DDU,12141,Stagecoach London
LX61DDZ,12144,Stagecoach London
LX61DEU,12145,Stagecoach London
LX61DFA,12146,Stagecoach London
LX61DFC,12147,Stagecoach London
LX61DFD,12128,Stagecoach London
LX61DFE,12129,Stagecoach London
LX61DFF,12130,Stagecoach London
LX61DFG,12131,Stagecoach London
LX61DFK,12133,Stagecoach London
LX61DFL,12134,Stagecoach London
LX61DFN,12135,Stagecoach London
LX61DFO,12136,Stagecoach London
LX75ZDW,DEL53,Go-Ahead
LX75ZDZ,DEL55,Go-Ahead
LX75ZFA,DEL56,Go-Ahead
LX75ZFB,DEL57,Go-Ahead
LX75ZFC,DEL58,Go-Ahead
LX75ZFD,DEL59,Go-Ahead
LX75ZFE,DEL60,Go-Ahead
LX75ZFF,DEL62,Go-Ahead
LX75ZFG,DEL63,Go-Ahead
LX75ZFH,DEL64,Go-Ahead
LX75ZFJ,DEL65,Go-Ahead
LX75ZFK,DEL66,Go-Ahead
LX75ZFL,DEL67,Go-Ahead
LX75ZFM,DEL68,Go-Ahead
LX75ZFN,DEL69,Go-Ahead
LX75ZFO,DEL70,Go-Ahead
LX75ZFP,DEL71,Go-Ahead
LX75ZFR,DEL72,Go-Ahead
LX75ZFS,DEL73,Go-Ahead
LX75ZFT,1764,Transport UK London
LX75ZFU,1765,Transport UK London
LX75ZFV,1766,Transport UK London
LX75ZFW,1767,Transport UK London
LX75ZFY,1768,Transport UK London
LX75ZFZ,1769,Transport UK London
LX75ZGA,1770,Transport UK London
LX75ZGB,1771,Transport UK London
LX75ZGC,1772,Transport UK London
LX75ZGD,DEL74,Go-Ahead
LX75ZGF,DEL76,Go-Ahead
LX75ZGG,DEL77,Go-Ahead
LX75ZGH,DEL78,Go-Ahead
LX75ZGJ,DEL79,Go-Ahead
LX75ZGL,DEL81,Go-Ahead
LX75ZGM,DEL82,Go-Ahead
LX75ZGO,DEL86,Go-Ahead
LX75ZGP,DEL87,Go-Ahead
LX75ZGR,DEL88,Go-Ahead
LX75ZGS,DEL89,Go-Ahead
LX75ZGT,DEL90,Go-Ahead
LX75ZGU,DEL91,Go-Ahead
LX75ZGV,DEL92,Go-Ahead
LX75ZGW,DEL94,Go-Ahead
LX75ZGY,DEL97,Go-Ahead
LX75ZGZ,82145,Stagecoach London
LX75ZHA,82146,Stagecoach London
LX75ZHB,82147,Stagecoach London
LX75ZHC,82148,Stagecoach London
LX75ZHD,82149,Stagecoach London
LX75ZHE,82150,Stagecoach London
LX75ZHF,82151,Stagecoach London
LX75ZHG,82152,Stagecoach London
LX75ZHH,82153,Stagecoach London
LX75ZHJ,82154,Stagecoach London
LX75ZHK,82155,Stagecoach London
LX75ZHL,SEL40,Go-Ahead
LX75ZHM,SEL41,Go-Ahead
LX75ZHN,SEL42,Go-Ahead
LX75ZHO,SEL43,Go-Ahead
LX75ZHP,SEL44,Go-Ahead
LX75ZHR,SEL45,Go-Ahead
LX75ZHT,SEL46,Go-Ahead
LX75ZHU,SEL47,Go-Ahead
LX75ZHV,SEL48,Go-Ahead
LX75ZHW,SEL49,Go-Ahead
LX75ZHY,SEL50,Go-Ahead
LX75ZHZ,SEL51,Go-Ahead
LX75ZJE,SEL52,Go-Ahead
LX75ZJJ,SEL53,Go-Ahead
LX75ZJK,82187,Stagecoach London
LX75ZJN,82188,Stagecoach London
LX75ZJO,82189,Stagecoach London
LX75ZJU,82190,Stagecoach London
LX75ZJV,82191,Stagecoach London
LX75ZJY,82192,Stagecoach London
LX75ZJZ,82193,Stagecoach London
LX75ZKA,82194,Stagecoach London
LX75ZKB,82195,Stagecoach London
LX75ZKC,82196,Stagecoach London
LX75ZKD,82197,Stagecoach London
LX75ZKE,82198,Stagecoach London
LX75ZKF,82199,Stagecoach London
LX75ZKG,82200,Stagecoach London
LX75ZKH,82201,Stagecoach London
LX75ZKN,82202,Stagecoach London
LX75ZKO,82203,Stagecoach London
LX75ZKP,82204,Stagecoach London
LX75ZKR,82205,Stagecoach London
LX75ZKS,82206,Stagecoach London
LX75ZKT,82207,Stagecoach London
LX75ZKU,82208,Stagecoach London
LY24EKM,ES80,Arriva
LY24EKN,ES81,Arriva
LY24EKO,ES82,Arriva
LY24EKP,ES83,Arriva
LY24EKR,ES84,Arriva
LY24EKT,EKL1,Arriva
LY24EKU,EKL2,Arriva
LY24EKV,EKL3,Arriva
LY24EKW,EKL4,Arriva
LY24EKX,EKL5,Arriva
LY24EKZ,EKL6,Arriva
LY24ELC,EKL7,Arriva
LY24FWO,EKL8,Arriva
LY24FWP,EKL9,Arriva
LY24FWR,EKL10,Arriva
LY24FWS,EKL11,Arriva
LY24FWT,ES142,Arriva
LY24FWU,ES143,Arriva
LY24FWV,ES144,Arriva
LY24FWW,ES145,Arriva
LY24FWX,ES146,Arriva
LY24FWZ,ES147,Arriva
LY24FXA,ES148,Arriva
LY24FXB,ES149,Arriva
LY24FXC,ES150,Arriva
LY24FXD,ES151,Arriva
LY24FXE,ES152,Arriva
LY24FXF,ES153,Arriva
LY24FXG,ES154,Arriva
LY24FXH,ES155,Arriva
LY24FXJ,ES156,Arriva
LY24FXK,ES157,Arriva
LY24FXL,ES158,Arriva
LY24FXM,ES85,Arriva
LY24FXO,ES86,Arriva
LY24JNV,ES87,Arriva
LY24JNX,ES88,Arriva
LY24JNZ,ES89,Arriva
LY24JOA,ES90,Arriva
LY24JOH,ES91,Arriva
LY24JOJ,ES92,Arriva
LY24JOU,ES93,Arriva
LY24JOV,ES94,Arriva
LY24JPF,ES95,Arriva
LY24JPJ,ES96,Arriva
LY24JPO,ES97,Arriva
LY24JPU,ES98,Arriva
LY24JPV,ES99,Arriva
LY24JPX,ES100,Arriva
LY24JRO,ES101,Arriva
LY24JRU,ES102,Arriva
LY24JRV,ES103,Arriva
LY24JRX,ES104,Arriva
LY24JRZ,ES105,Arriva
LY24JSU,ES106,Arriva
LY24JSV,ES107,Arriva
LY24JSX,ES108,Arriva
LY24JSZ,ES109,Arriva
LY24JTO,ES110,Arriva
LY24JTU,ES111,Arriva
LY24JTV,ES112,Arriva
LY24JTX,ES113,Arriva
LY24JTZ,ES114,Arriva
LY24JUA,ES115,Arriva
LY24JUC,ES116,Arriva
LY24JUE,ES117,Arriva
LY24JUF,ES118,Arriva
LY24JUH,ES119,Arriva
LY24JUJ,ES120,Arriva
LY24KYZ,ES121,Arriva
LY24KZA,ES122,Arriva
LY24KZB,ES123,Arriva
LY24KZC,ES124,Arriva
LY24KZD,ES125,Arriva
LY24KZE,ES126,Arriva
LY24KZF,ES127,Arriva
LY24KZG,ES128,Arriva
LY24KZH,ES129,Arriva
LY24KZJ,ES130,Arriva
LY24KZK,ES131,Arriva
LY24KZL,ES132,Arriva
LY24RWE,ES133,Arriva
LY24RWF,ES134,Arriva
LY24RWJ,ES135,Arriva
LY24RWK,ES136,Arriva
LY24RWL,ES137,Arriva
LY25OYG,1762,Transport UK London
LY25OYH,1763,Transport UK London
LY71GHZ,EL1,Go-Ahead
LY74EWB,WDE3039,Metroline
LY74EWC,WDE3040,Metroline
LY74EWD,WDE3041,Metroline
LY74EWE,WDE3042,Metroline
LY74EWF,WDE3043,Metroline
LY74EWG,WDE3044,Metroline
LY74EWH,WDE3045,Metroline
LY74EWJ,WDE3046,Metroline
LY74EWK,WDE3047,Metroline
LY74EWL,WDE3048,Metroline
LY74EWM,WDE3049,Metroline
LY74EWN,WDE3095,Metroline
LY74EWO,WDE3096,Metroline
LY74EWP,WDE3097,Metroline
LY74EWR,WDE3098,Metroline
LY74EWS,WDE3099,Metroline
LY74EWT,WDE3100,Metroline
LY74EWU,WDE3101,Metroline
LY74NXL,WDE3102,Metroline
LY74NXM,WDE3103,Metroline
LY74NXO,WDE3104,Metroline
LY74NXP,WDE3105,Metroline
LY74NXR,WDE3106,Metroline
LY74NXS,WDE3107,Metroline
LY74NXT,WDE3108,Metroline
LY74NXU,WDE3109,Metroline
LY74NXV,WDE3110,Metroline
LY74NXW,WDE3111,Metroline
LY74NXX,WDE3139,Metroline
LY74NXZ,WDE3140,Metroline
LY74NYB,WDE3141,Metroline
LY74NYC,WDE3142,Metroline
LY74NYD,WDE3143,Metroline
LY74NYF,WDE3144,Metroline
LY74NYG,WDE3145,Metroline
LY74NYH,WDE3146,Metroline
LY74NYK,WDE3147,Metroline
LY74NYL,WDE3148,Metroline
LY74NYM,WDE3149,Metroline
LY75EHD,82252,Stagecoach London
LY75EHE,82253,Stagecoach London
LY75EHF,82254,Stagecoach London
LY75EHG,82255,Stagecoach London
LY75EHH,82256,Stagecoach London
LY75EHJ,82257,Stagecoach London
LY75HCP,82258,Stagecoach London
LY75HCU,82259,Stagecoach London
LY75HCV,82260,Stagecoach London
LY75HCX,82261,Stagecoach London
LY75HCZ,82262,Stagecoach London
LY75HDA,82263,Stagecoach London
LY75HDC,82264,Stagecoach London
LY75HDD,82265,Stagecoach London
LY75HFP,82246,Stagecoach London
LY75HFR,82247,Stagecoach London
LY75HFS,82248,Stagecoach London
LY75HFT,82249,Stagecoach London
LY75HFU,82250,Stagecoach London
LY75HFV,82251,Stagecoach London
LY75MHK,82269,Stagecoach London
LY75RZL,82270,Stagecoach London
LY75RZM,82271,Stagecoach London
LY75RZN,82272,Stagecoach London
LY75RZO,82273,Stagecoach London
LY75RZP,82274,Stagecoach London
MF25HFL,WKE37102,First Bus
MF25HFM,WKE37103,First Bus
MF25HFN,WKE37104,First Bus
MF25HFO,WKE37105,First Bus
MF25HFP,WKE37106,First Bus
MF25HFR,WKE37107,First Bus
MF25HFS,WKE37108,First Bus
MF25HFT,WKE37109,First Bus
MF25HFU,WKE37110,First Bus
MF25HFV,WKE37111,First Bus
MF25HFW,WKE37112,First Bus
MF25HFX,WKE37113,First Bus
MF25HFY,WKE37114,First Bus
MF25HFZ,WKE37115,First Bus
MF25HGA,WKE37116,First Bus
MF25HGC,WKE37117,First Bus
MF25HGD,WKE37118,First Bus
MF25HGE,WKE37119,First Bus
MF25HGG,WKE37120,First Bus
MF25HGJ,WKE37121,First Bus
MF25HGK,WKE37122,First Bus
MF25HGL,WKE37123,First Bus
MF25HGM,WKE37124,First Bus
MF25HGN,WKE37125,First Bus
MF25HGO,WKE37126,First Bus
MF25HGP,WKE37127,First Bus
MF25HGU,WKE37128,First Bus
MF25HGX,WKE37129,First Bus
MF25HGY,WKE37130,First Bus
MF25HGZ,WKE37131,First Bus
MF25HHT,82113,Stagecoach London
MF25HHU,82114,Stagecoach London
MF25HHV,82115,Stagecoach London
MF25HHW,82116,Stagecoach London
MF25HJV,82117,Stagecoach London
MF25HJX,82118,Stagecoach London
MF25HJY,82119,Stagecoach London
MF25HJZ,82120,Stagecoach London
MF25HKA,82121,Stagecoach London
MF25HKB,82122,Stagecoach London
MF25HKC,82123,Stagecoach London
MF25HKD,82124,Stagecoach London
MF25HKE,82125,Stagecoach London
MF25HKG,82126,Stagecoach London
MF25HKH,82127,Stagecoach London
MF25HKJ,82128,Stagecoach London
MF25HKK,82129,Stagecoach London
MF25HKL,82130,Stagecoach London
MF25HKM,82131,Stagecoach London
MF25HKN,82132,Stagecoach London
MF25HKO,82133,Stagecoach London
MF25HKP,82134,Stagecoach London
MF25HKT,82135,Stagecoach London
MF25HKU,82136,Stagecoach London
MJ74JTV,WSEL3138,Metroline
MJ74JTX,1737,Transport UK London
SK14CSX,12319,Stagecoach London
SK14CTE,12322,Stagecoach London
SK14CTZ,2444,Transport UK London
SK14CUA,2445,Transport UK London
SK14CUC,2446,Transport UK London
SK14CUG,2447,Transport UK London
SK14CUH,2448,Transport UK London
SK14SYY,2449,Transport UK London
SK14SYZ,2450,Transport UK London
SK14SZC,2451,Transport UK London
SK17HFU,WS75,Go-Ahead
SK17HFV,WS76,Go-Ahead
SK17HFW,WS77,Go-Ahead
SK17HFX,WS78,Go-Ahead
SK17HFY,39125,Stagecoach London
SK17HFZ,39126,Stagecoach London
SK17HGA,39127,Stagecoach London
SK17HGC,39128,Stagecoach London
SK17HGD,39129,Stagecoach London
SK17HGE,39130,Stagecoach London
SK17HGF,39131,Stagecoach London
SK17HGG,39132,Stagecoach London
SK17HGJ,39133,Stagecoach London
SK17HGL,39134,Stagecoach London
SK17HGM,39135,Stagecoach London
SK17HGN,39136,Stagecoach London
SK17HGO,39137,Stagecoach London
SK17HGP,39138,Stagecoach London
SK17HJG,SLS24,Arriva
SK17HJJ,SLS25,Arriva
SK17HJO,SLS27,Arriva
SK17HKA,WS81,Go-Ahead
SK17HKB,WS82,Go-Ahead
SK17HKC,WS83,Go-Ahead
SK17HKD,WS84,Metrobus
SK17HKE,WS85,Metrobus
SK17HKF,WS86,Go-Ahead
SK17HKG,WS87,Go-Ahead
SK17HKH,WS88,Go-Ahead
SK17HKJ,WS89,Go-Ahead
SK17HKL,WS90,Go-Ahead
SK19EKX,11309,Stagecoach London
SK19EKY,11310,Stagecoach London
SK19EKZ,11311,Stagecoach London
SK19ELC,11312,Stagecoach London
SK19ELH,11313,Stagecoach London
SK19ELJ,11314,Stagecoach London
SK19ELO,11315,Stagecoach London
SK19ELU,11316,Stagecoach London
SK19FAO,WS130,Go-Ahead
SK19FAU,WS129,Go-Ahead
SK19FBA,WS128,Go-Ahead
SK19FBB,WS127,Go-Ahead
SK19FBC,WS126,Go-Ahead
SK19FBD,WS125,Go-Ahead
SK19FBE,WS124,Go-Ahead
SK19FBF,WS123,Go-Ahead
SK19FBG,WS122,Go-Ahead
SK19FBJ,WS121,Go-Ahead
SK19FBL,WS120,Go-Ahead
SK19FBN,WS119,Go-Ahead
SK19FBO,WS118,Go-Ahead
SK19FCM,WH45405,First Bus
SK19FCV,WH45401,First Bus
SK19FCX,18908,Stagecoach London
SK19FCY,18909,Stagecoach London
SK19FCZ,18910,Stagecoach London
SK19FDA,18911,Stagecoach London
SK19FDC,18912,Stagecoach London
SK19FDD,18913,Stagecoach London
SK19FDE,18914,Stagecoach London
SK19FDF,18915,Stagecoach London
SK19FDG,18916,Stagecoach London
SK19FDJ,18917,Stagecoach London
SK19FDL,18918,Stagecoach London
SK19FDM,18919,Stagecoach London
SK19FDN,18920,Stagecoach London
SK19FDO,18921,Stagecoach London
SK20AXT,11341,Stagecoach London
SK20AXU,11342,Stagecoach London
SK20AXV,11343,Stagecoach London
SK20AXW,11344,Stagecoach London
SK20AXX,11345,Stagecoach London
SK20AXY,11346,Stagecoach London
SK20AXZ,11347,Stagecoach London
SK20AYA,11348,Stagecoach London
SK20AYB,11349,Stagecoach London
SK20AYC,11350,Stagecoach London
SK20AYD,11351,Stagecoach London
SK20AYF,11352,Stagecoach London
SK20AYG,11353,Stagecoach London
SK20AYH,11354,Stagecoach London
SK20AYJ,11355,Stagecoach London
SK20AYL,11356,Stagecoach London
SK20AYM,11357,Stagecoach London
SK20AYN,11358,Stagecoach London
SK20AYO,11359,Stagecoach London
SK20AYP,11360,Stagecoach London
SK20AYS,11361,Stagecoach London
SK20AYT,11362,Stagecoach London
SK20AYU,11363,Stagecoach London
SK20AYV,11364,Stagecoach London
SK20AYW,11365,Stagecoach London
SK20AYX,11366,Stagecoach London
SK20AYY,11367,Stagecoach London
SK20AYZ,11368,Stagecoach London
SK20AZA,11369,Stagecoach London
SK20AZB,11370,Stagecoach London
SK20AZC,11371,Stagecoach London
SK20AZD,11372,Stagecoach London
SK20AZF,11373,Stagecoach London
SK20AZG,11374,Stagecoach London
SK20AZJ,11375,Stagecoach London
SK20AZL,2022,Transport UK London
SK20AZN,2023,Transport UK London
SK20AZO,2024,Transport UK London
SK20AZP,2025,Transport UK London
SK20AZR,2026,Transport UK London
SK20AZT,2027,Transport UK London
SK20AZU,2028,Transport UK London
SK20AZV,2029,Transport UK London
SK20AZW,2030,Transport UK London
SK20AZX,2031,Transport UK London
SK20AZZ,2032,Transport UK London
SK20BAA,2033,Transport UK London
SK20BAO,2034,Transport UK London
SK20BAU,2035,Transport UK London
SK20BAV,2036,Transport UK London
SK20BBE,11376,Stagecoach London
SK20BBF,11377,Stagecoach London
SK20BBJ,11378,Stagecoach London
SK20BBN,11379,Stagecoach London
SK20BBO,11380,Stagecoach London
SK20BBU,11381,Stagecoach London
SK20BBV,11382,Stagecoach London
SK20BBX,11383,Stagecoach London
SK20BBZ,11384,Stagecoach London
SK20BCE,11385,Stagecoach London
SK20BCF,11386,Stagecoach London
SK20BCO,11387,Stagecoach London
SK20BCU,11388,Stagecoach London
SK20BCV,11389,Stagecoach London
SK20BCX,11390,Stagecoach London
SK20BCY,11391,Stagecoach London
SK20BCZ,11392,Stagecoach London
SK20BDE,11393,Stagecoach London
SK20BDF,11394,Stagecoach London
SK20BDO,11395,Stagecoach London
SK20BDU,11396,Stagecoach London
SK20BDV,11397,Stagecoach London
SK20BDX,11398,Stagecoach London
SK20BDY,11399,Stagecoach London
SK20BDZ,2037,Transport UK London
SK20BEJ,2038,Transport UK London
SK20BEO,2039,Transport UK London
SK20BEU,2040,Transport UK London
SK20BEY,2041,Transport UK London
SK20BFA,2042,Transport UK London
SK20BFE,2043,Transport UK London
SK20BFF,2044,Transport UK London
SK20BFJ,2045,Transport UK London
SK20BFL,2046,Transport UK London
SK20BFM,2047,Transport UK London
SK20BFN,2048,Transport UK London
SK20BFO,2049,Transport UK London
SK20BFP,2050,Transport UK London
SK20BFU,2051,Transport UK London
SK20BFV,2052,Transport UK London
SK20BFX,2053,Transport UK London
SK20BFY,HT1,Arriva
SK20BFZ,HT2,Arriva
SK20BGE,HT3,Arriva
SK20BGF,HT4,Arriva
SK20BGO,HT5,Arriva
SK20BGU,HT6,Arriva
SK20BGV,HT7,Arriva
SK20BGX,HT8,Arriva
SK20BGY,HT9,Arriva
SK20BGZ,HT10,Arriva
SK20BHA,HT11,Arriva
SK25AKX,EO1,Go-Ahead
SK25AOA,80401,Stagecoach London
SK25AOB,80402,Stagecoach London
SK25AOC,80403,Stagecoach London
SK25AOD,80404,Stagecoach London
SK25AOE,80405,Stagecoach London
SK25AOF,80406,Stagecoach London
SK25AOG,80407,Stagecoach London
SK25AOH,80408,Stagecoach London
SK25AOJ,80409,Stagecoach London
SK25AOL,80410,Stagecoach London
SK25AOM,80411,Stagecoach London
SK25AON,80412,Stagecoach London
SK25AOO,80413,Stagecoach London
SK25AOP,80414,Stagecoach London
SK25AOR,80415,Stagecoach London
SK25AOS,80416,Stagecoach London
SK25AOT,80417,Stagecoach London
SK25BAA,EE1,Arriva
SK25BAO,EE2,Arriva
SK25BAU,EE3,Arriva
SK25BAV,EE4,Arriva
SK25BBE,EE5,Arriva
SK25BBF,EE6,Arriva
SK25BBJ,EE7,Arriva
SK25BBN,EE8,Arriva
SK25BBO,EE9,Arriva
SK25BBU,EE10,Arriva
SK25BBV,EE11,Arriva
SK25BBX,EE12,Arriva
SK25BBZ,80418,Stagecoach London
SK25BCE,80419,Stagecoach London
SK25BCF,80420,Stagecoach London
SK25BCO,80421,Stagecoach London
SK25BCU,80422,Stagecoach London
SK25BCV,80423,Stagecoach London
SK25BCX,80424,Stagecoach London
SK25BCY,80425,Stagecoach London
SK25BCZ,80426,Stagecoach London
SK66HSC,WS66,Go-Ahead
SK66HSE,WS67,Go-Ahead
SK66HSF,WS68,Go-Ahead
SK66HSG,WS69,Go-Ahead
SK66HSJ,WS70,Go-Ahead
SK66HSL,WS71,Go-Ahead
SK66HSN,WS72,Go-Ahead
SK66HSO,WS73,Go-Ahead
SK66HSU,WS74,Go-Ahead
SK67FKA,WS91,Go-Ahead
SK67FKB,WS92,Go-Ahead
SK67FKE,WS93,Go-Ahead
SK67FKF,WS94,Go-Ahead
SK67FKG,WS95,Go-Ahead
SK67FKH,WS96,Go-Ahead
SK67FKJ,WS97,Go-Ahead
SK67FKL,WS98,Go-Ahead
SK67FKM,WS99,Go-Ahead
SK67FKN,WS100,Go-Ahead
SK67FKO,WS101,Go-Ahead
SK67FKP,WS102,Go-Ahead
SK67FKS,WS103,Go-Ahead
SK67FMA,WS104,Go-Ahead
SK67FMC,WS105,Go-Ahead
SK67FMD,WS106,Go-Ahead
SK67FME,WS107,Go-Ahead
SK67FMF,WS108,Go-Ahead
SK67FMJ,WS109,Go-Ahead
SK67FML,WS110,Go-Ahead
SK67FMM,WS111,Go-Ahead
SK67FMO,WS112,Go-Ahead
SK67FMP,WS113,Go-Ahead
SK67FMU,WS114,Go-Ahead
SK67FMV,WS115,Go-Ahead
SK67FMX,WS116,Go-Ahead
SK68LTE,DLE30279,First Bus
SK68LTF,DLE30280,First Bus
SK68LTJ,DLE30281,First Bus
SK68LTN,DLE30282,First Bus
SK68LTO,DLE30283,First Bus
SK68LTT,DLE30258,First Bus
SK68LTU,DLE30259,First Bus
SK68LTV,DLE30260,First Bus
SK68LTX,DLE30261,First Bus
SK68LTY,DLE30262,First Bus
SK68LTZ,DLE30263,First Bus
SK68LUA,DLE30264,First Bus
SK68LUB,DLE30265,First Bus
SK68LUD,DLE30266,First Bus
SK68LXR,DXE30284,First Bus
SK68LXS,DXE30285,First Bus
SK68LXT,DXE30286,First Bus
SK68LXU,DXE30287,First Bus
SK68LXV,DXE30288,First Bus
SK68LXW,DXE30289,First Bus
SK68LXX,DXE30290,First Bus
SK70BUU,HT12,Arriva
SK70BUV,HT13,Arriva
SK70BUW,HT15,Arriva
SK70BVA,HT17,Arriva
SK70BVB,HT19,Arriva
SK70BVC,HT20,Arriva
SK70BVD,HT24,Arriva
SK70BVE,HT14,Arriva
SK70BVF,HT16,Arriva
SK70BVG,HT26,Arriva
SK70BVH,HT27,Arriva
SK70BVJ,HT21,Arriva
SK70BVL,HT23,Arriva
SK70BVM,HT28,Arriva
SK70BVN,HT18,Arriva
SK70BVO,HT22,Arriva
SK70BVP,HT25,Arriva
SL14DDE,10197,Stagecoach London
SL14DDF,2452,Transport UK London
SL14DDJ,2453,Transport UK London
SL14DDK,2454,Transport UK London
SL14DDN,2455,Transport UK London
SL14DDO,2456,Transport UK London
SL14DDU,2457,Transport UK London
SL14DDV,2458,Transport UK London
SL14DDX,2459,Transport UK London
SL14DDY,2460,Transport UK London
SL14DDZ,2461,Transport UK London
SL14DEU,2462,Transport UK London
SL14DFA,2463,Transport UK London
SL14DFC,2464,Transport UK London
SL14LND,ADE40306,First Bus
SL14LNE,ADE40307,First Bus
SL14LNF,ADE40308,First Bus
SL14LNG,ADE40309,First Bus
SL14LNH,ADE40310,First Bus
SL14LNP,12325,Stagecoach London
SL14LNR,12326,Stagecoach London
SL14LNT,12327,Stagecoach London
SL14LNU,12328,Stagecoach London
SL14LNV,12329,Stagecoach London
SL14LNW,12330,Stagecoach London
SL14LNX,12331,Stagecoach London
SL14LNY,12332,Stagecoach London
SL14LNZ,12333,Stagecoach London
SL14LOA,2465,Transport UK London
SL14LOD,2466,Transport UK London
SL14LRO,12324,Stagecoach London
SL16YPK,WS65,Go-Ahead
SL64HYX,10198,Stagecoach London
SM15HWE,WS49,Go-Ahead
SM15HWF,WS50,Go-Ahead
SM15HWG,WS51,Go-Ahead
SM15HWH,WS52,Go-Ahead
SM15HWJ,WS53,Go-Ahead
SM15HWK,WS54,Go-Ahead
SM15VJZ,WS55,Metrobus
SM15VKA,WS56,Go-Ahead
SM15VKB,WS57,Metrobus
SM15VKC,WS58,Metrobus
SM15VKD,WS59,Metrobus
SM15VKE,WS60,Metrobus
SM15WCK,WS61,Go-Ahead
SM15WCL,WS62,Go-Ahead
SM15WCN,WS63,Go-Ahead
SM15WCO,WS64,Go-Ahead
SM19KJN,WS148,Go-Ahead
SM19KJO,WS147,Go-Ahead
SM19KJU,WS146,Go-Ahead
SM19KJV,WS145,Go-Ahead
SM19KJX,WS144,Go-Ahead
SM19KJY,WS143,Go-Ahead
SM19KJZ,WS142,Go-Ahead
SM19KKA,WS141,Go-Ahead
SM19KKB,WS140,Go-Ahead
SM19KKC,WS139,Go-Ahead
SM19KKD,WS138,Go-Ahead
SM19KKE,WS137,Go-Ahead
SM19KKF,WS136,Go-Ahead
SM19KKG,WS135,Go-Ahead
SM19KKH,WS134,Go-Ahead
SM19KKJ,WS133,Go-Ahead
SM19KKL,WS132,Go-Ahead
SM19KKN,WS131,Go-Ahead
SN10CBU,DE20097,First Bus
SN11BMY,EN28,Metrobus
SN11BNB,EN29,Go-Ahead
SN11BNF,EN30,Go-Ahead
SN11BNK,EN31,Go-Ahead
SN11BNO,EN32,Go-Ahead
SN11BNZ,EN34,Go-Ahead
SN11BOF,EN35,Go-Ahead
SN11BOH,EN36,Go-Ahead
SN11BOU,EN40,Go-Ahead
SN11BOV,EN38,Go-Ahead
SN11BPE,EN39,Go-Ahead
SN11BVG,ADE40303,First Bus
SN12AOT,EN42,Go-Ahead
SN12AOU,EN43,Go-Ahead
SN12AOV,EN44,Go-Ahead
SN12APV,EN46,Go-Ahead
SN12APX,EN47,Go-Ahead
SN12APY,ADH45061,First Bus
SN12ARF,ADH45062,First Bus
SN12ARO,ADH45063,First Bus
SN12ARU,1476,Uno Buses
SN12ARX,ADH45064,First Bus
SN12ARZ,ADH45065,First Bus
SN12ASO,1477,Uno Buses
SN12ASU,ADH45066,First Bus
SN12ASV,ADH45067,First Bus
SN12ASX,ADH45068,First Bus
SN12ASZ,ADH45069,First Bus
SN12ATF,ADH45070,First Bus
SN12ATK,ADH45071,First Bus
SN12ATU,ADH45072,First Bus
SN12ATV,ADH45073,First Bus
SN12ATX,ADH45074,First Bus
SN12ATY,ADH45075,First Bus
SN12ATZ,ADH45076,First Bus
SN12AUA,ADH45077,First Bus
SN12AUC,ADH45078,First Bus
SN12AUE,2438,Transport UK London
SN12AUF,2439,Transport UK London
SN12AUH,2440,Transport UK London
SN12AUK,2442,Transport UK London
SN12AUL,2443,Transport UK London
SN12AUO,EN48,Go-Ahead
SN12AUP,SE177,Go-Ahead
SN12AUR,SE178,Go-Ahead
SN12AUT,SE179,Go-Ahead
SN12AUV,SE181,Go-Ahead
SN12AUW,SE182,Go-Ahead
SN12AUX,SE183,Go-Ahead
SN12AUY,SE184,Go-Ahead
SN12AVB,SE185,Go-Ahead
SN12AVC,SE186,Go-Ahead
SN12AVD,SE187,Go-Ahead
SN12AVE,SE188,Go-Ahead
SN12AVF,SE189,Go-Ahead
SN12AVG,SE190,Go-Ahead
SN12AVJ,SE191,Go-Ahead
SN12AVK,SE192,Go-Ahead
SN12AVL,SE193,Go-Ahead
SN12AVO,SE176,Go-Ahead
SN12AWA,ADE40482,First Bus
SN12AWC,1494,Uno Buses
SN12EHB,1495,Uno Buses
SN13CHC,ADE40491,First Bus
SN13CHD,ADE40492,First Bus
SN13CHH,ADE40493,First Bus
SN13CHK,ADE40494,First Bus
SN13CJE,E276,Go-Ahead
SN13CJF,E277,Go-Ahead
SN13CJJ,E278,Go-Ahead
SN13CJO,E279,Go-Ahead
SN14TVW,12261,Stagecoach London
SN14TVX,12262,Stagecoach London
SN14TVY,12263,Stagecoach London
SN14TVZ,12264,Stagecoach London
SN14TWA,12265,Stagecoach London
SN14TWC,12266,Stagecoach London
SN14TWD,12267,Stagecoach London
SN14TWF,12269,Stagecoach London
SN14TWG,12270,Stagecoach London
SN14TWJ,12271,Stagecoach London
SN14TWK,12272,Stagecoach London
SN14TWV,12277,Stagecoach London
SN14TWW,12278,Stagecoach London
SN14TWX,12279,Stagecoach London
SN14TWY,12280,Stagecoach London
SN14TXV,12300,Stagecoach London
SN14TXW,12301,Stagecoach London
SN14TXY,12303,Stagecoach London
SN14TYC,12307,Stagecoach London
SN14TYD,12308,Stagecoach London
SN14TYF,12309,Stagecoach London
SN14TYG,12310,Stagecoach London
SN14TYH,12311,Stagecoach London
SN14TYK,12312,Stagecoach London
SN14TYO,12313,Stagecoach London
SN14TYP,12314,Stagecoach London
SN14TYS,12315,Stagecoach London
SN14TYT,12316,Stagecoach London
SN14TYU,12317,Stagecoach London
SN14TYV,12318,Stagecoach London
SN15LRJ,12364,Stagecoach London
SN16OGO,37720,Stagecoach London
SN16OHP,12501,Stagecoach London
SN16OHR,12502,Stagecoach London
SN16OHS,12503,Stagecoach London
SN16OHT,12504,Stagecoach London
SN16OHU,12505,Stagecoach London
SN16OHV,12506,Stagecoach London
SN16OHW,12507,Stagecoach London
SN16OHX,12508,Stagecoach London
SN16OHY,12509,Stagecoach London
SN16OHZ,12510,Stagecoach London
SN16OJA,12511,Stagecoach London
SN16OJB,12512,Stagecoach London
SN16OJC,12513,Stagecoach London
SN16OJD,12514,Stagecoach London
SN16OJE,12515,Stagecoach London
SN16OJF,12516,Stagecoach London
SN16OJG,12517,Stagecoach London
SN16OJH,12518,Stagecoach London
SN16OJJ,12519,Stagecoach London
SN16OJK,12520,Stagecoach London
SN16OJL,12521,Stagecoach London
SN16OJM,10308,Stagecoach London
SN16OJO,10309,Stagecoach London
SN16OJP,10310,Stagecoach London
SN16OJR,10311,Stagecoach London
SN16OJS,10312,Stagecoach London
SN16OJT,10313,Stagecoach London
SN16OJU,10314,Stagecoach London
SN16OJV,10315,Stagecoach London
SN16OJW,10316,Stagecoach London
SN16OJX,10317,Stagecoach London
SN16OJY,10318,Stagecoach London
SN16OJZ,10319,Stagecoach London
SN16OKA,10320,Stagecoach London
SN16OKB,10321,Stagecoach London
SN16OKC,10322,Stagecoach London
SN16OKD,10323,Stagecoach London
SN16OKF,10324,Stagecoach London
SN16OKG,10325,Stagecoach London
SN16OKH,10326,Stagecoach London
SN16OKJ,10327,Stagecoach London
SN16OKK,10328,Stagecoach London
SN16OKL,10329,Stagecoach London
SN16OKM,10330,Stagecoach London
SN16OKO,10331,Stagecoach London
SN16OKP,10332,Stagecoach London
SN16OKR,10333,Stagecoach London
SN16OKS,10334,Stagecoach London
SN16OKT,10335,Stagecoach London
SN16OKU,10336,Stagecoach London
SN16OKV,10337,Stagecoach London
SN16OKW,10338,Stagecoach London
SN16OKX,10339,Stagecoach London
SN16OKZ,10340,Stagecoach London
SN16OLB,10341,Stagecoach London
SN16OLC,10342,Stagecoach London
SN16OLG,10343,Stagecoach London
SN16OLH,10344,Stagecoach London
SN16OLJ,10345,Stagecoach London
SN16OLK,10346,Stagecoach London
SN16OLO,10347,Stagecoach London
SN16OLP,SE288,Go-Ahead
SN16OLR,SE289,Go-Ahead
SN16OLT,SE290,Go-Ahead
SN17MKP,36632,Stagecoach London
SN17MKU,36633,Stagecoach London
SN17MKV,36634,Stagecoach London
SN17MKX,36635,Stagecoach London
SN17MKZ,36636,Stagecoach London
SN17MLE,36637,Stagecoach London
SN17MLF,36638,Stagecoach London
SN17MLJ,36639,Stagecoach London
SN17MLK,36640,Stagecoach London
SN17MLL,36666,Stagecoach London
SN17MLO,36667,Stagecoach London
SN17MLU,36668,Stagecoach London
SN17MLV,36669,Stagecoach London
SN17MLX,36657,Stagecoach London
SN17MLY,36658,Stagecoach London
SN17MLZ,36659,Stagecoach London
SN17MMA,36660,Stagecoach London
SN17MME,36661,Stagecoach London
SN17MMF,36662,Stagecoach London
SN17MMJ,36663,Stagecoach London
SN17MMK,36664,Stagecoach London
SN17MMU,36665,Stagecoach London
SN17MMV,8876,Transport UK London
SN17MMX,8877,Transport UK London
SN17MOA,8878,Transport UK London
SN17MOF,8879,Transport UK London
SN17MOU,8880,Transport UK London
SN17MOV,8881,Transport UK London
SN17MPE,8882,Transport UK London
SN17MPF,8883,Transport UK London
SN17MPO,8884,Transport UK London
SN17MPU,8885,Transport UK London
SN17MPV,8886,Transport UK London
SN17MPX,8887,Transport UK London
SN17MPY,8888,Transport UK London
SN17MPZ,8889,Transport UK London
SN17MRO,8890,Transport UK London
SN17MRU,8891,Transport UK London
SN17MRV,8892,Transport UK London
SN17MRX,8171,Transport UK London
SN17MRY,8172,Transport UK London
SN17MSO,8173,Transport UK London
SN17MSU,8893,Transport UK London
SN17MSV,8894,Transport UK London
SN17MSX,8895,Transport UK London
SN17MSY,8896,Transport UK London
SN17MTE,8897,Transport UK London
SN17MTF,8898,Transport UK London
SN17MUP,DLE30049,First Bus
SN17MUU,DLE30050,First Bus
SN17MUV,DLE30051,First Bus
SN17MUW,DLE30052,First Bus
SN17MUY,DLE30053,First Bus
SN17MVA,DLE30054,First Bus
SN17MVC,DLE30070,First Bus
SN17MVD,DLE30055,First Bus
SN17MVE,DLE30056,First Bus
SN17MVF,DLE30057,First Bus
SN17MVG,DLE30058,First Bus
SN17MVH,DLE30059,First Bus
SN17MVJ,DLE30060,First Bus
SN17MVK,DLE30061,First Bus
SN17MVL,DLE30062,First Bus
SN17MVM,DLE30063,First Bus
SN17MVO,DLE30064,First Bus
SN17MVP,DLE30065,First Bus
SN17MVR,DLE30066,First Bus
SN17MVS,DLE30067,First Bus
SN17MVT,DLE30068,First Bus
SN17MVU,DLE30069,First Bus
SN17MVW,8174,Transport UK London
SN17MVX,8175,Transport UK London
SN17MVY,8176,Transport UK London
SN17MVZ,8177,Transport UK London
SN17MWA,8178,Transport UK London
SN17MWC,8179,Transport UK London
SN17MWD,8180,Transport UK London
SN17MWE,8181,Transport UK London
SN17MWF,8182,Transport UK London
SN17MWG,8183,Transport UK London
SN17MWJ,8184,Transport UK London
SN17MWK,8185,Transport UK London
SN17MWL,8186,Transport UK London
SN17MWM,8187,Transport UK London
SN17MWO,8188,Transport UK London
SN17MWP,8189,Transport UK London
SN17MWU,8190,Transport UK London
SN17MWV,8191,Transport UK London
SN17MWW,8192,Transport UK London
SN17MWX,8193,Transport UK London
SN17MWY,8194,Transport UK London
SN17MWZ,8195,Transport UK London
SN17MXA,8196,Transport UK London
SN18KKR,2603,Transport UK London
SN18KKS,2604,Transport UK London
SN18KKU,2605,Transport UK London
SN18KKV,2606,Transport UK London
SN18KKW,2607,Transport UK London
SN18KKX,2608,Transport UK London
SN18KKY,2609,Transport UK London
SN18KKZ,2610,Transport UK London
SN18KLA,2611,Transport UK London
SN18KLC,2612,Transport UK London
SN18KLD,2613,Transport UK London
SN18KLE,2614,Transport UK London
SN18KLF,2615,Transport UK London
SN18KLJ,2616,Transport UK London
SN18KLK,2617,Transport UK London
SN18KLL,2618,Transport UK London
SN18KLU,EH264,Go-Ahead
SN18KLV,EH265,Go-Ahead
SN18KLX,EH266,Go-Ahead
SN18KLZ,EH267,Go-Ahead
SN18KMA,EH268,Go-Ahead
SN18KME,EH269,Go-Ahead
SN18KMF,EH270,Go-Ahead
SN18KMG,EH271,Go-Ahead
SN18KMJ,EH272,Go-Ahead
SN18KMK,EH273,Go-Ahead
SN18KMM,EH274,Go-Ahead
SN18KMO,EH275,Go-Ahead
SN18KMU,EH276,Go-Ahead
SN18KMV,EH277,Go-Ahead
SN18KMX,EH278,Go-Ahead
SN18KMY,EH279,Go-Ahead
SN18KMZ,EH280,Go-Ahead
SN18KNA,EH281,Go-Ahead
SN18KNB,EH282,Go-Ahead
SN18KNC,EH283,Go-Ahead
SN18KND,EH284,Go-Ahead
SN18KPF,DLE30227,First Bus
SN18KPG,DLE30228,First Bus
SN18KPJ,DLE30229,First Bus
SN18KPK,DLE30230,First Bus
SN18KPL,DLE30231,First Bus
SN18KPO,DLE30232,First Bus
SN18KPP,DLE30233,First Bus
SN18KPR,DLE30234,First Bus
SN18KPT,DLE30235,First Bus
SN18KPU,DLE30236,First Bus
SN18KPV,DLE30237,First Bus
SN18KPX,DLE30238,First Bus
SN18KPY,DLE30239,First Bus
SN18KPZ,DLE30240,First Bus
SN18KRD,DLE30241,First Bus
SN18KRE,DLE30242,First Bus
SN18KRF,DLE30243,First Bus
SN18KRG,DLE30244,First Bus
SN18KRJ,DLE30245,First Bus
SN18KRK,DLE30246,First Bus
SN18KRO,DLE30247,First Bus
SN18KRU,DLE30248,First Bus
SN18KRV,DLE30249,First Bus
SN18KRX,SDE20297,First Bus
SN18KRZ,SDE20298,First Bus
SN18KSE,SDE20299,First Bus
SN18KSF,SDE20300,First Bus
SN18KSJ,SDE20301,First Bus
SN18KTX,11033,Stagecoach London
SN18KUA,11034,Stagecoach London
SN18KUB,11035,Stagecoach London
SN18KUC,11036,Stagecoach London
SN18KUD,11037,Stagecoach London
SN18KUE,11038,Stagecoach London
SN18KUF,11039,Stagecoach London
SN18KUG,11040,Stagecoach London
SN18KUH,11041,Stagecoach London
SN18KUJ,11042,Stagecoach London
SN18KUK,11043,Stagecoach London
SN18KVZ,DLE30250,First Bus
SN18KWA,DLE30251,First Bus
SN18KWB,DLE30252,First Bus
SN18KWC,DLE30253,First Bus
SN18KWD,DLE30254,First Bus
SN18KWE,DLE30255,First Bus
SN18KWF,DLE30256,First Bus
SN18KWG,DLE30257,First Bus
SN18KWH,DLE30275,First Bus
SN18KWJ,DLE30276,First Bus
SN18KWK,DLE30277,First Bus
SN18KWL,DLE30278,First Bus
SN18XZG,WSD13,Go-Ahead
SN18XZJ,WSD15,Go-Ahead
SN18XZL,WSD17,Go-Ahead
SN18XZM,WSD18,Go-Ahead
SN18XZP,WSD20,Go-Ahead
SN18XZT,WSD23,Go-Ahead
SN18XZU,WSD2,Go-Ahead
SN18XZV,WS117,Go-Ahead
SN60BZU,E146,Go-Ahead
SN60EAX,DLE30001,First Bus
SN60EBU,DLE30014,First Bus
SN61BHL,E178,Go-Ahead
SN61BHO,E179,Go-Ahead
SN61BHP,E180,Go-Ahead
SN61BHU,E181,Go-Ahead
SN61BHV,E182,Go-Ahead
SN61BHW,E183,Go-Ahead
SN61BHX,E184,Go-Ahead
SN61BHY,E185,Go-Ahead
SN61BHZ,E186,Go-Ahead
SN61BJJ,E189,Go-Ahead
SN61BJK,E190,Go-Ahead
SN61BJO,E191,Go-Ahead
SN61BJU,E192,Go-Ahead
SN61BJV,E193,Go-Ahead
SN61BJX,E194,Metrobus
SN61BJY,E195,Metrobus
SN61BJZ,E196,Metrobus
SN61BKA,E197,Metrobus
SN61BKD,E198,Metrobus
SN61BKE,E199,Metrobus
SN61BKF,E200,Metrobus
SN61BKG,E201,Metrobus
SN61BKK,E203,Go-Ahead
SN61BKL,E204,Go-Ahead
SN61BLJ,EH6,Go-Ahead
SN61CXX,2418,Transport UK London
SN61CXY,2419,Transport UK London
SN61CXZ,2420,Transport UK London
SN61CYA,2421,Transport UK London
SN61CYC,2422,Transport UK London
SN61CYE,2423,Transport UK London
SN61CYF,2424,Transport UK London
SN61CYH,2426,Transport UK London
SN61CYJ,2427,Transport UK London
SN61CYK,2428,Transport UK London
SN61CYL,2429,Transport UK London
SN61CYO,2430,Transport UK London
SN61CYP,2431,Transport UK London
SN61CYS,2432,Transport UK London
SN61CYT,2433,Transport UK London
SN61CYU,2434,Transport UK London
SN61CYV,2435,Transport UK London
SN61CYW,2436,Transport UK London
SN61CYX,2437,Transport UK London
SN61DAA,EH9,Go-Ahead
SN61DBO,EH12,Go-Ahead
SN61DBU,EH13,Go-Ahead
SN61DBV,EH14,Go-Ahead
SN61DBX,EH15,Go-Ahead
SN61DBY,EH16,Go-Ahead
SN61DBZ,EH17,Go-Ahead
SN61DCO,EH19,Go-Ahead
SN61DCU,EH20,Go-Ahead
SN61DCV,E205,Go-Ahead
SN61DCX,E206,Go-Ahead
SN61DCY,E207,Go-Ahead
SN61DCZ,E208,Go-Ahead
SN61DDA,E209,Go-Ahead
SN61DDE,E210,Go-Ahead
SN61DDJ,E212,Go-Ahead
SN61DDK,E213,Go-Ahead
SN61DDO,E215,Metrobus
SN61DDU,E216,Metrobus
SN61DDV,E217,Metrobus
SN61DDX,E218,Metrobus
SN61DDY,E219,Metrobus
SN61DDZ,E220,Metrobus
SN61DEU,E221,Metrobus
SN61DFC,E223,Metrobus
SN61DFE,E225,Go-Ahead
SN61DFF,E226,Metrobus
SN61DFG,E227,Go-Ahead
SN61DFJ,E228,Go-Ahead
SN61DFL,2401,Transport UK London
SN61DFO,2402,Transport UK London
SN61DFP,2403,Transport UK London
SN61DFU,2404,Transport UK London
SN61DFV,2405,Transport UK London
SN61DFX,2406,Transport UK London
SN61DFY,2407,Transport UK London
SN61DFZ,2408,Transport UK London
SN61DGE,2409,Transport UK London
SN61DGF,2410,Transport UK London
SN61DGO,2411,Transport UK London
SN61DGU,2412,Transport UK London
SN61DGV,2413,Transport UK London
SN61DGX,2414,Transport UK London
SN61DGY,2415,Transport UK London
SN61DGZ,2416,Transport UK London
SN61DHA,2417,Transport UK London
SN62DDE,E261,Go-Ahead
SN62DDO,E262,Go-Ahead
SN62DDX,E263,Go-Ahead
SN62DFL,E264,Go-Ahead
SN62DFX,E265,Go-Ahead
SN62DGF,E266,Go-Ahead
SN62DGU,E267,Go-Ahead
SN62DHA,E268,Go-Ahead
SN62DHK,E269,Go-Ahead
SN62DHZ,E270,Go-Ahead
SN62DJO,E271,Go-Ahead
SN62DLY,E273,Go-Ahead
SN62DLZ,E274,Go-Ahead
SN62DMV,E275,Go-Ahead
SN62DND,12500,Stagecoach London
SN63JVM,10164,Stagecoach London
SN63JVO,10165,Stagecoach London
SN63JVP,10166,Stagecoach London
SN63JVR,10167,Stagecoach London
SN63JVT,10168,Stagecoach London
SN63JVU,10169,Stagecoach London
SN63JVV,10170,Stagecoach London
SN63JVW,10171,Stagecoach London
SN63JVX,10172,Stagecoach London
SN63JVY,10173,Stagecoach London
SN63JWA,10175,Stagecoach London
SN63JWC,10176,Stagecoach London
SN63JWD,10177,Stagecoach London
SN63JWE,10178,Stagecoach London
SN63JWF,10179,Stagecoach London
SN63JWG,10180,Stagecoach London
SN63JWJ,10181,Stagecoach London
SN63JWK,10182,Stagecoach London
SN63JWL,10183,Stagecoach London
SN63NBD,10184,Stagecoach London
SN63NBE,10185,Stagecoach London
SN63NBF,10186,Stagecoach London
SN63NBG,10187,Stagecoach London
SN63NBJ,10188,Stagecoach London
SN63NBK,10189,Stagecoach London
SN63NBL,10190,Stagecoach London
SN63NBM,10191,Stagecoach London
SN63NBO,10192,Stagecoach London
SN63NBX,10193,Stagecoach London
SN63NBY,10194,Stagecoach London
SN63NBZ,10195,Stagecoach London
SN64CTZ,WS33,Metrobus
SN64CUA,WS34,Metrobus
SN64CUH,WS37,Metrobus
SN64CUK,WS39,Metrobus
SN64CUU,WS41,Metrobus
SN64CUV,WS42,Metrobus
SN64CUW,WS43,Metrobus
SN64CUY,WS45,Metrobus
SN64CVA,46,Uno Buses
SN64CVB,WS47,Metrobus
SN64CVC,WS48,Metrobus
SN64CVG,39123,Stagecoach London
SN64CVK,39124,Stagecoach London
SN64OER,2467,Transport UK London
SN64OES,2468,Transport UK London
SN64OET,2469,Transport UK London
SN64OEU,2470,Transport UK London
SN64OEV,2471,Transport UK London
SN64OEW,2472,Transport UK London
SN64OEX,2473,Transport UK London
SN64OEY,2474,Transport UK London
SN64OEZ,2475,Transport UK London
SN64OFA,2476,Transport UK London
SN64OFB,2477,Transport UK London
SN64OFC,2478,Transport UK London
SN64OFD,2479,Transport UK London
SN64OFE,2480,Transport UK London
SN64OFG,2481,Transport UK London
SN64OFH,2482,Transport UK London
SN64OFJ,2483,Transport UK London
SN64OFK,2484,Transport UK London
SN64OFL,2485,Transport UK London
SN64OGG,12334,Stagecoach London
SN64OGH,12335,Stagecoach London
SN64OGK,12337,Stagecoach London
SN64OGM,12339,Stagecoach London
SN64OGO,12340,Stagecoach London
SN64OGP,12341,Stagecoach London
SN64OGR,12342,Stagecoach London
SN64OGS,12343,Stagecoach London
SN64OGT,12344,Stagecoach London
SN64OGU,12345,Stagecoach London
SN64OGW,12347,Stagecoach London
SN64OGX,12348,Stagecoach London
SN64OGY,12349,Stagecoach London
SN64OGZ,12350,Stagecoach London
SN64OHA,12351,Stagecoach London
SN64OHB,12352,Stagecoach London
SN64OHC,12353,Stagecoach London
SN64OHD,12354,Stagecoach London
SN64OHE,12355,Stagecoach London
SN64OHF,12356,Stagecoach London
SN64OHJ,12359,Stagecoach London
SN65OHP,12538,Stagecoach London
SN65ZGO,1478,Uno Buses
SN66WLC,8155,Transport UK London
SN66WLD,8156,Transport UK London
SN66WLE,8157,Transport UK London
SN66WLF,8158,Transport UK London
SN66WLG,8159,Transport UK London
SN66WLH,8160,Transport UK London
SN66WLJ,8161,Transport UK London
SN66WMT,36622,Stagecoach London
SN66WMU,36623,Stagecoach London
SN66WMV,36624,Stagecoach London
SN66WMW,36625,Stagecoach London
SN66WMX,36626,Stagecoach London
SN66WMY,36627,Stagecoach London
SN66WMZ,36628,Stagecoach London
SN66WNA,36629,Stagecoach London
SN66WNB,36630,Stagecoach London
SN66WNC,36631,Stagecoach London
SN66WNO,8162,Transport UK London
SN66WNP,8163,Transport UK London
SN66WNR,8164,Transport UK London
SN66WNS,8165,Transport UK London
SN66WNT,8166,Transport UK London
SN66WNU,8167,Transport UK London
SN66WNV,8168,Transport UK London
SN66WNW,8169,Transport UK London
SN66WNX,8170,Transport UK London
SN66WNY,EH113,Go-Ahead
SN66WNZ,EH114,Go-Ahead
SN66WOA,EH115,Go-Ahead
SN66WOB,EH116,Go-Ahead
SN66WOC,EH117,Go-Ahead
SN66WOD,EH118,Go-Ahead
SN66WOH,EH119,Go-Ahead
SN66WOJ,EH120,Go-Ahead
SN66WOM,EH121,Go-Ahead
SN66WOR,EH122,Go-Ahead
SN66WOU,EH123,Go-Ahead
SN66WOV,EH124,Go-Ahead
SN66WOX,EH125,Go-Ahead
SN66WOY,EH126,Go-Ahead
SN66WPA,EH127,Go-Ahead
SN66WPD,EH128,Go-Ahead
SN66WPE,EH129,Go-Ahead
SN66WPF,EH130,Go-Ahead
SN66WRE,12522,Stagecoach London
SN66WRG,12523,Stagecoach London
SN66WRJ,12524,Stagecoach London
SN66WRK,12525,Stagecoach London
SN66WRL,12526,Stagecoach London
SN66WRO,12527,Stagecoach London
SN66WRP,12528,Stagecoach London
SN66WRR,12529,Stagecoach London
SN66WRT,12530,Stagecoach London
SN66WRU,12531,Stagecoach London
SN66WRV,12532,Stagecoach London
SN66WRW,12533,Stagecoach London
SN66WRX,12534,Stagecoach London
SN66WRZ,12535,Stagecoach London
SN66WSD,12536,Stagecoach London
SN66WSE,12537,Stagecoach London
SN67WYM,37501,Stagecoach London
SN67WYO,37502,Stagecoach London
SN67WYP,37503,Stagecoach London
SN67WYR,37504,Stagecoach London
SN67WYS,37505,Stagecoach London
SN67WYU,37506,Stagecoach London
SN67XBM,36685,Stagecoach London
SN67XBO,36686,Stagecoach London
SN67XBP,36687,Stagecoach London
SN67XBR,36688,Stagecoach London
SN67XBS,36689,Stagecoach London
SN67XBT,36690,Stagecoach London
SN67XBU,36691,Stagecoach London
SN67XBV,36692,Stagecoach London
SN67XBW,36693,Stagecoach London
SN67XBX,36694,Stagecoach London
SN67XBY,36695,Stagecoach London
SN67XBZ,36696,Stagecoach London
SN67XCA,36697,Stagecoach London
SN67XCB,36698,Stagecoach London
SN67XCC,36699,Stagecoach London
SN67XDW,12433,Stagecoach London
SN67XDX,12434,Stagecoach London
SN67XDY,12435,Stagecoach London
SN67XDZ,12436,Stagecoach London
SN67XEB,12437,Stagecoach London
SN67XEC,12438,Stagecoach London
SN67XED,12439,Stagecoach London
SN67XEE,12440,Stagecoach London
SN67XEF,12441,Stagecoach London
SN67XEG,12442,Stagecoach London
SN67XEH,12443,Stagecoach London
SN67XEJ,12444,Stagecoach London
SN67XEK,12445,Stagecoach London
SN67XEL,12446,Stagecoach London
SN67XEM,12447,Stagecoach London
SN67XEO,12448,Stagecoach London
SN67XEP,12449,Stagecoach London
SN67XER,12450,Stagecoach London
SN67XES,12451,Stagecoach London
SN68AFS,18901,Stagecoach London
SN68AFT,18902,Stagecoach London
SN68AFW,18903,Stagecoach London
SN68AGA,18904,Stagecoach London
SN68AGB,18905,Stagecoach London
SN68AGC,18906,Stagecoach London
SN68AGD,18907,Stagecoach London
SN69ZRL,2006,Transport UK London
SN69ZRO,2007,Transport UK London
SN69ZRP,2008,Transport UK London
SN69ZRR,2009,Transport UK London
SN69ZRT,2010,Transport UK London
SN69ZRU,2011,Transport UK London
SN69ZRV,2012,Transport UK London
SO68HDJ,11301,Stagecoach London
SO68HDK,11302,Stagecoach London
SO68HDL,11303,Stagecoach London
SO68HDN,11304,Stagecoach London
SO68HDU,11305,Stagecoach London
SO68HDV,11306,Stagecoach London
SO68HDX,11307,Stagecoach London
SO68HDY,11308,Stagecoach London
WLT546,10301,Stagecoach London
WLT664,HV64,Arriva
WLT676,HV376,Arriva
WLT982,HV382,Arriva
YJ19HVA,OME2650,Metroline
YJ19HVB,OME2651,Metroline
YJ19HVD,OME2653,Metroline
YJ19HVE,OME2654,Metroline
YJ19HVF,OME2655,Metroline
YJ19HVG,OME2656,Metroline
YJ19HVH,OME2657,Metroline
YJ19HVL,OME2658,Metroline
YJ19HVM,OME2659,Metroline
YJ19HVO,OME2661,Metroline
YJ19HVP,OME2662,Metroline
YJ19HVR,OME2663,Metroline
YJ19HVT,OME2665,Metroline
YJ21EVW,OME46016,First Bus
YJ21EXD,OME46022,First Bus
YJ21EXE,OME46023,First Bus
YJ21EXF,OME46024,First Bus
YJ21EXG,OME46025,First Bus
YJ21EXH,OME46026,First Bus
YJ21EXK,OME46027,First Bus
YJ21EXL,OME46028,First Bus
YJ21EXM,OME46029,First Bus
YJ21EXN,OME46030,First Bus
YJ21EXO,OME46031,First Bus
YJ21EXP,OME46032,First Bus
YJ21EXR,OME46033,First Bus
YJ21EXT,OME46035,First Bus
YJ21EXU,OME46036,First Bus
YJ21EXV,OME46037,First Bus
YJ21EXW,OME46034,First Bus
YJ21EYA,Me1,Go-Ahead
YJ21EYB,Me2,Go-Ahead
YJ21EYC,Me3,Go-Ahead
YJ21EYD,Me4,Go-Ahead
YJ21EYF,Me5,Go-Ahead
YJ21EYG,Me6,Go-Ahead
YJ21EYH,Me7,Go-Ahead
YJ21EYK,Me8,Go-Ahead
YJ21EYL,Me9,Go-Ahead
YJ21EYM,Me10,Go-Ahead
YJ21EYO,Me11,Go-Ahead
YJ21EYP,Me12,Go-Ahead
YJ21EYR,Me13,Go-Ahead
YJ21EYT,Me14,Go-Ahead
YJ21EYU,Me15,Go-Ahead
YJ21EYV,Me16,Go-Ahead
YJ21EYW,Me17,Go-Ahead
YJ22AXH,1001,Transport UK London
YJ22AXK,1002,Transport UK London
YJ22AXM,1003,Transport UK London
YJ22AXN,1004,Transport UK London
YJ22AXO,1005,Transport UK London
YJ22AXP,1006,Transport UK London
YJ22AXR,1007,Transport UK London
YJ22AXS,1008,Transport UK London
YJ22AXT,1009,Transport UK London
YJ22AXU,1010,Transport UK London
YJ22AXV,1011,Transport UK London
YJ23EHS,45001,Stagecoach London
YJ23EHT,45002,Stagecoach London
YJ23EHU,45003,Stagecoach London
YJ23EHV,45004,Stagecoach London
YJ23EHW,45005,Stagecoach London
YJ23EHX,45006,Stagecoach London
YJ23EHY,45007,Stagecoach London
YJ23EHZ,45008,Stagecoach London
YJ23EWA,67001,Stagecoach London
YJ23EWB,67002,Stagecoach London
YJ23EWC,67003,Stagecoach London
YJ23EWD,67004,Stagecoach London
YJ23EWE,67005,Stagecoach London
YJ23EWF,67006,Stagecoach London
YJ23EWG,67007,Stagecoach London
YJ23EWH,67008,Stagecoach London
YJ23EWK,67009,Stagecoach London
YJ23EWL,67010,Stagecoach London
YJ23EWM,67011,Stagecoach London
YJ23EWN,67012,Stagecoach London
YJ24BHV,67018,Stagecoach London
YJ24BHW,67019,Stagecoach London
YJ24BHX,67020,Stagecoach London
YJ24BHY,67021,Stagecoach London
YJ24BHZ,67022,Stagecoach London
YJ24BKD,45009,Stagecoach London
YJ24BKE,45010,Stagecoach London
YJ24BKF,45011,Stagecoach London
YJ68FXA,OS2499,Metroline
YJ68FXB,OS2500,Metroline
YJ68FXC,OS2502,Metroline
YJ68FXE,OS2503,Metroline
YJ68FXF,OS2501,Metroline
YJ68FXG,OS2504,Metroline
YJ69DFC,OME2664,Metroline
YJ69DFD,OME2666,Metroline
YJ69DFE,OME2667,Metroline
YJ69DFF,OME2668,Metroline
YJ69DFG,OME2669,Metroline
YJ69DFL,OME2671,Metroline
YJ69DFN,OME2672,Metroline
YJ69DFO,OME2673,Metroline
YJ69DFP,OME2674,Metroline
YJ69DFU,OME2675,Metroline
YJ69DFV,OME2676,Metroline
YJ69DFX,OME2677,Metroline
YJ69DFY,OME2678,Metroline
YJ69DFZ,OME2679,Metroline
YJ69DGE,OME2680,Metroline
YJ70EVB,OME46001,First Bus
YJ70EVC,OME46002,First Bus
YJ70EVD,OME46003,First Bus
YJ70EVF,OME46004,First Bus
YJ70EVG,OME46005,First Bus
YJ70EVH,OME46006,First Bus
YJ70EVK,OME46007,First Bus
YJ70EVL,OME46008,First Bus
YJ70EVM,OME46009,First Bus
YJ70EVN,OME46010,First Bus
YJ70EVP,OME46011,First Bus
YJ70EVR,OME46012,First Bus
YJ70EVT,OME46013,First Bus
YJ70EVU,OME46014,First Bus
YJ70EVV,OME46015,First Bus
YJ70EVX,OME46017,First Bus
YJ70EVY,OME46018,First Bus
YJ70EXA,OME46019,First Bus
YJ70EXB,OME46020,First Bus
YJ70EXC,OME46021,First Bus
YJ73BVB,EMN1,Arriva
YJ73BVC,EMN2,Arriva
YJ73BVD,EMN3,Arriva
YJ73BVE,EMN4,Arriva
YJ73BWA,1012,Transport UK London
YJ73BWB,1013,Transport UK London
YJ73BWC,1014,Transport UK London
YJ73BWD,1015,Transport UK London
YJ73BWE,1016,Transport UK London
YJ73BWF,1017,Transport UK London
YJ73BWG,1018,Transport UK London
YJ73BWH,1019,Transport UK London
YJ73BWK,1020,Transport UK London
YJ73BWL,1021,Transport UK London
YJ73BWM,1022,Transport UK London
YJ73BWN,1023,Transport UK London
YJ73BWO,1024,Transport UK London
YJ73BXA,67013,Stagecoach London
YJ73BXB,67014,Stagecoach London
YJ73BXC,67015,Stagecoach London
YJ73BXD,67016,Stagecoach London
YJ73BXE,67017,Stagecoach London
YJ74DGF,89999,Stagecoach London
YR10FFX,1501,Uno Buses
YR10FGC,1502,Uno Buses
YR10FGF,1503,Uno Buses
YR10FGM,1504,Uno Buses
YW17JTV,EH131,Go-Ahead
YW17JTX,EH132,Go-Ahead
YW17JTZ,EH134,Go-Ahead
YW17JUA,EH135,Go-Ahead
YW17JUC,EH136,Go-Ahead
YW17JUE,EH137,Go-Ahead
YW17JUF,EH138,Go-Ahead
YW17JUH,EH139,Go-Ahead
YW17JUJ,EH140,Go-Ahead
YW17JUK,EH141,Go-Ahead
YW17JUO,EH142,Go-Ahead
YW17JUT,EH143,Go-Ahead
YW17JUU,EH144,Go-Ahead
YW17JUV,EH145,Go-Ahead
YW17JUX,EH146,Go-Ahead
YW17JUY,EH147,Go-Ahead
YW17JVA,EH148,Go-Ahead
YW17JVC,EH149,Go-Ahead
YW17JVD,EH150,Go-Ahead
YW17JVE,EH151,Go-Ahead
YW17JVF,EH152,Go-Ahead
YW17JVG,EH153,Go-Ahead
YW17JVH,EH154,Go-Ahead
YW17JVJ,EH155,Go-Ahead
YW17JVK,EH156,Go-Ahead
YW17JVL,EH157,Go-Ahead
YW17JVM,EH158,Go-Ahead
YW17JVN,EH159,Go-Ahead
YW17JVO,EH160,Go-Ahead
YW19VPC,EH311,Metrobus
YW19VPD,EH312,Metrobus
YW19VPE,EH313,Metrobus
YW19VPF,EH314,Metrobus
YW19VPG,EH315,Metrobus
YW19VPJ,EH316,Metrobus
YW19VPK,EH317,Metrobus
YW19VPL,EH318,Metrobus
YW19VPM,EH319,Metrobus
YW19VPN,EH320,Metrobus
YW19VPO,EH321,Metrobus
YW19VPP,EH322,Metrobus
YW19VPR,EH323,Metrobus
YW19VPT,EH324,Metrobus
YW19VPU,EH325,Metrobus
YW19VPV,EH326,Metrobus
YW19VPX,EH327,Metrobus
YW19VSG,SE293,Go-Ahead
YW19VSJ,SE294,Go-Ahead
YW19VSK,SE295,Go-Ahead
YW19VSL,SE296,Go-Ahead
YW19VSM,SE297,Go-Ahead
YW19VSN,SE298,Go-Ahead
YW19VSO,SE299,Go-Ahead
YW19VSP,SE300,Go-Ahead
YW19VST,SE301,Go-Ahead
YW19VSU,SE302,Go-Ahead
YW19VSV,SE303,Go-Ahead
YW19VUC,37540,Stagecoach London
YW19VUD,37541,Stagecoach London
YW19VVA,EH328,Go-Ahead
YW19VVB,EH329,Go-Ahead
YW19VVC,EH330,Go-Ahead
YW19VVD,EH331,Go-Ahead
YW19VVE,EH332,Go-Ahead
YW19VVF,EH333,Go-Ahead
YW19VVG,EH334,Go-Ahead
YW19VVH,EH335,Go-Ahead
YW19VVJ,EH336,Go-Ahead
YW19VVK,EH337,Go-Ahead
YW19VVL,EH338,Go-Ahead
YW19VVM,EH339,Go-Ahead
YW19VVN,EH340,Go-Ahead
YW19VVO,EH341,Go-Ahead
YW19VVP,EH342,Go-Ahead
YW19VVR,EH343,Go-Ahead
YW68OZL,11322,Stagecoach London
YW68OZM,11323,Stagecoach London
YW68OZN,11324,Stagecoach London
YW68OZO,11325,Stagecoach London
YW68OZP,11326,Stagecoach London
YW68OZR,11327,Stagecoach London
YW68OZS,11328,Stagecoach London
YW68OZT,11329,Stagecoach London
YW68OZU,11330,Stagecoach London
YW68OZV,11331,Stagecoach London
YW68OZX,11332,Stagecoach London
YW68PAO,11333,Stagecoach London
YW68PBF,11334,Stagecoach London
YW68PBO,11335,Stagecoach London
YW68PBZ,11321,Stagecoach London
YW68PCF,11320,Stagecoach London
YW68PCO,11319,Stagecoach London
YW68PCU,11318,Stagecoach London
YW68PCV,11317,Stagecoach London
YX10EBA,8321,Transport UK London
YX10EBC,8322,Transport UK London
YX10EBD,8323,Transport UK London
YX10EBF,8324,Transport UK London
YX10EBG,8325,Transport UK London
YX10EBJ,8326,Transport UK London
YX10EBL,8328,Transport UK London
YX10EBM,8329,Transport UK London
YX11AEU,36399,Stagecoach London
YX11AGU,SEN20,Go-Ahead
YX11AHA,8330,Transport UK London
YX11AHC,8331,Transport UK London
YX11AHD,8332,Transport UK London
YX11AHE,8333,Transport UK London
YX11AHF,8334,Transport UK London
YX11AHG,8335,Transport UK London
YX11AHJ,8336,Transport UK London
YX11AHK,8337,Transport UK London
YX11AHL,8338,Transport UK London
YX11AHN,8339,Transport UK London
YX11AHO,8340,Transport UK London
YX11AHP,8341,Transport UK London
YX11AHU,8342,Transport UK London
YX11CNJ,DE20199,First Bus
YX11CNU,36397,Stagecoach London
YX11CPN,SE88,Go-Ahead
YX11CPO,SE89,Metrobus
YX11CPY,SE92,Go-Ahead
YX11CTE,731,Metrobus
YX11CTF,732,Metrobus
YX11CTK,733,Metrobus
YX11FYS,SEN13,Go-Ahead
YX11FYT,SEN14,Go-Ahead
YX11FYU,SEN15,Go-Ahead
YX11FYW,SEN17,Go-Ahead
YX11FYY,SEN18,Go-Ahead
YX11FZC,DE20176,First Bus
YX11FZS,DE20190,First Bus
YX11FZU,DE20192,First Bus
YX11FZY,DE20195,First Bus
YX11FZZ,DE20196,First Bus
YX11HPA,8567,Transport UK London
YX11HPC,8568,Transport UK London
YX11HPF,8570,Transport UK London
YX12ABF,37561,Stagecoach London
YX12ABK,37562,Stagecoach London
YX12AFK,DEL1973,Metroline
YX12AFO,DEL1975,Metroline
YX12AFU,DEL1972,Metroline
YX12AHJ,37563,Stagecoach London
YX12AHK,37564,Stagecoach London
YX12AKY,37565,Stagecoach London
YX12AKZ,37566,Stagecoach London
YX12AOS,DEL1970,Metroline
YX12AOT,DEL1971,Metroline
YX12APK,DEL1980,Metroline
YX12ATF,DEL1979,Metroline
YX12ATN,DEL1978,Metroline
YX12AVT,DEL1976,Metroline
YX12AWU,37567,Stagecoach London
YX12AYK,DEL1977,Metroline
YX12AZG,DEL1974,Metroline
YX12DLJ,8780,Transport UK London
YX12DLY,8786,Transport UK London
YX12DLZ,8787,Transport UK London
YX12FNH,1505,Uno Buses
YX12FNJ,1506,Uno Buses
YX12FNK,1507,Uno Buses
YX12FNL,1508,Uno Buses
YX12FNN,1509,Uno Buses
YX12FNW,1489,Uno Buses
YX12FNY,1490,Uno Buses
YX12FOC,1491,Uno Buses
YX12FOD,1492,Uno Buses
YX12FON,1493,Uno Buses
YX12FPA,E246,Go-Ahead
YX12FPC,E248,Go-Ahead
YX12FPD,E249,Go-Ahead
YX12FPE,E250,Go-Ahead
YX12FPF,E247,Go-Ahead
YX12FPG,E251,Go-Ahead
YX12FPJ,E252,Go-Ahead
YX12FPK,E253,Go-Ahead
YX12FPL,E254,Go-Ahead
YX12FPV,E260,Go-Ahead
YX12GHA,8788,Transport UK London
YX12GHB,8789,Transport UK London
YX12GHD,8790,Transport UK London
YX12GHF,8791,Transport UK London
YX12GHG,8792,Transport UK London
YX12GHH,8793,Transport UK London
YX13AFY,747,Go-Ahead
YX13AFZ,748,Go-Ahead
YX13AGO,749,Go-Ahead
YX13AGU,750,Go-Ahead
YX13AGV,751,Go-Ahead
YX13AGY,752,Go-Ahead
YX13AGZ,753,Go-Ahead
YX13AHA,754,Go-Ahead
YX13AHC,755,Go-Ahead
YX13AHD,756,Go-Ahead
YX13AHE,757,Go-Ahead
YX13AHF,758,Go-Ahead
YX13AHG,759,Go-Ahead
YX13AHJ,760,Go-Ahead
YX13AHK,761,Go-Ahead
YX13AHL,762,Go-Ahead
YX13AJO,185,Go-Ahead
YX13AJU,186,Go-Ahead
YX13AJV,187,Go-Ahead
YX13AJY,188,Go-Ahead
YX13BJE,EH21,Go-Ahead
YX13BJF,EH22,Go-Ahead
YX13BJJ,EH23,Go-Ahead
YX13BJK,EH24,Go-Ahead
YX13BJO,EH25,Go-Ahead
YX13BJU,EH26,Go-Ahead
YX13BJV,EH27,Go-Ahead
YX13BJY,EH28,Go-Ahead
YX13BJZ,EH29,Go-Ahead
YX13BKA,EH30,Go-Ahead
YX13BKD,EH31,Go-Ahead
YX13BKE,EH32,Go-Ahead
YX13BKF,EH33,Go-Ahead
YX13BKG,EH34,Go-Ahead
YX13BKJ,EH35,Go-Ahead
YX13BKK,EH36,Go-Ahead
YX13BKL,EH37,Go-Ahead
YX13BKN,EH38,Go-Ahead
YX13EFM,8806,Transport UK London
YX13EFN,8807,Transport UK London
YX13EFO,8808,Transport UK London
YX13EFP,8809,Transport UK London
YX13EFR,8810,Transport UK London
YX13EFS,8811,Transport UK London
YX13EFT,8812,Transport UK London
YX13EFU,8813,Transport UK London
YX13EFV,8814,Transport UK London
YX13EFW,8815,Transport UK London
YX13EHJ,8122,Transport UK London
YX13EHK,8123,Transport UK London
YX13EHL,8124,Transport UK London
YX13EHM,8125,Transport UK London
YX13EHN,8126,Transport UK London
YX13EHO,8127,Transport UK London
YX14RYO,SDE20278,First Bus
YX14RYP,SDE20279,First Bus
YX14RYR,SDE20280,First Bus
YX14RYT,SDE20281,First Bus
YX14RYU,8256,Transport UK London
YX14RYV,8257,Transport UK London
YX14RYW,8258,Transport UK London
YX14RYY,SDE20285,First Bus
YX14RYZ,SDE20286,First Bus
YX15OWD,2515,Transport UK London
YX15OWE,2516,Transport UK London
YX15OWF,2517,Transport UK London
YX15OWG,2518,Transport UK London
YX15OWH,2519,Transport UK London
YX15OWJ,2520,Transport UK London
YX15OWK,2521,Transport UK London
YX15OWM,2522,Transport UK London
YX15OWO,2523,Transport UK London
YX15OWP,2524,Transport UK London
YX15OWR,2525,Transport UK London
YX15OWU,2526,Transport UK London
YX15OWV,2527,Transport UK London
YX15OWW,2528,Transport UK London
YX15OWY,2529,Transport UK London
YX15OWZ,2530,Transport UK London
YX15OXA,2531,Transport UK London
YX15OXB,2532,Transport UK London
YX15OXC,2533,Transport UK London
YX16NZS,SEN57,Go-Ahead
YX16NZT,8845,Transport UK London
YX16NZU,SEN51,Go-Ahead
YX16NZV,8847,Transport UK London
YX16NZW,SEN56,Go-Ahead
YX16NZY,SEN55,Go-Ahead
YX16NZZ,SEN53,Go-Ahead
YX16OAA,SEN54,Go-Ahead
YX16OAB,SEN48,Go-Ahead
YX16OAC,SEN46,Go-Ahead
YX16OAE,SEN49,Go-Ahead
YX16OAG,SEN52,Go-Ahead
YX16OAL,SEN45,Go-Ahead
YX16OAM,SEN50,Go-Ahead
YX16OAO,8860,Transport UK London
YX16OAS,SEN47,Go-Ahead
YX16OAU,8863,Transport UK London
YX16OAV,SEN44,Go-Ahead
YX16OAW,8210,Transport UK London
YX16OAY,8211,Transport UK London
YX16OAZ,8212,Transport UK London
YX16OBA,8213,Transport UK London
YX16OBC,8214,Transport UK London
YX16OBD,8215,Transport UK London
YX16OBE,8216,Transport UK London
YX16OBF,8217,Transport UK London
YX16OBG,8218,Transport UK London
YX16OBH,8219,Transport UK London
YX16OBT,EH39,Go-Ahead
YX16OBU,EH40,Go-Ahead
YX16OBV,EH41,Go-Ahead
YX16OBW,EH42,Go-Ahead
YX16OBY,EH43,Go-Ahead
YX16OBZ,EH44,Go-Ahead
YX16OCA,EH45,Go-Ahead
YX16OCB,EH46,Go-Ahead
YX16OCC,EH47,Go-Ahead
YX16OCD,EH48,Go-Ahead
YX16OCE,EH49,Go-Ahead
YX16OCF,EH50,Go-Ahead
YX16OCG,EH51,Go-Ahead
YX16OCH,EH52,Go-Ahead
YX16OCJ,EH53,Go-Ahead
YX16OCL,EH54,Go-Ahead
YX16OCM,EH55,Go-Ahead
YX16OCN,EH56,Go-Ahead
YX16OCO,EH57,Go-Ahead
YX16OCP,EH58,Go-Ahead
YX16OCR,EH59,Go-Ahead
YX16OCS,EH60,Go-Ahead
YX16ODK,8142,Transport UK London
YX16ODL,8143,Transport UK London
YX16ODM,8144,Transport UK London
YX16ODN,8145,Transport UK London
YX16ODP,8146,Transport UK London
YX16ODR,8147,Transport UK London
YX16ODS,8148,Transport UK London
YX16ODT,8149,Transport UK London
YX16ODU,8150,Transport UK London
YX16ODV,8151,Transport UK London
YX16ODW,8152,Transport UK London
YX16OFA,8153,Transport UK London
YX16OFB,8154,Transport UK London
YX16OFR,8865,Transport UK London
YX16OFS,8866,Transport UK London
YX16OFT,8867,Transport UK London
YX16OFU,8868,Transport UK London
YX16OFV,8869,Transport UK London
YX16OFW,8870,Transport UK London
YX16OFY,8871,Transport UK London
YX16OFZ,8872,Transport UK London
YX16OGA,8873,Transport UK London
YX16OGB,8874,Transport UK London
YX16OGC,8875,Transport UK London
YX16OGD,12365,Stagecoach London
YX16OGE,12366,Stagecoach London
YX16OGF,12367,Stagecoach London
YX16OGG,12368,Stagecoach London
YX16OGH,12369,Stagecoach London
YX16OGJ,12370,Stagecoach London
YX16OGK,12371,Stagecoach London
YX16OGM,12373,Stagecoach London
YX16OGN,12374,Stagecoach London
YX16OGO,12375,Stagecoach London
YX16OGP,12376,Stagecoach London
YX16OGR,12377,Stagecoach London
YX16OGS,12378,Stagecoach London
YX16OGT,12379,Stagecoach London
YX16OGU,12380,Stagecoach London
YX16OGV,12381,Stagecoach London
YX16OGW,12382,Stagecoach London
YX16OGY,12383,Stagecoach London
YX16OGZ,12384,Stagecoach London
YX16OHA,12385,Stagecoach London
YX16OHB,12386,Stagecoach London
YX16OHC,12387,Stagecoach London
YX16OHD,12388,Stagecoach London
YX16OHE,12389,Stagecoach London
YX16OHF,12390,Stagecoach London
YX16OHG,12391,Stagecoach London
YX16OHH,12392,Stagecoach London
YX16OHJ,12393,Stagecoach London
YX16OHL,12395,Stagecoach London
YX16OHN,12396,Stagecoach London
YX16OHO,12397,Stagecoach London
YX16OHP,12398,Stagecoach London
YX16OHR,12399,Stagecoach London
YX16OHS,12400,Stagecoach London
YX16OHY,36609,Stagecoach London
YX16OHZ,36610,Stagecoach London
YX16OJZ,36611,Stagecoach London
YX16OKP,36612,Stagecoach London
YX16OKR,36613,Stagecoach London
YX16OKS,36614,Stagecoach London
YX16OKT,36615,Stagecoach London
YX16OKU,36616,Stagecoach London
YX16OKV,36617,Stagecoach London
YX16OKW,36618,Stagecoach London
YX16OKZ,36619,Stagecoach London
YX16OLA,36620,Stagecoach London
YX16OLB,36621,Stagecoach London
YX17NHF,DLE30041,First Bus
YX17NHG,DLE30042,First Bus
YX17NHH,DLE30043,First Bus
YX17NHJ,DLE30044,First Bus
YX17NHK,DLE30045,First Bus
YX17NHL,DLE30046,First Bus
YX17NHN,DLE30047,First Bus
YX17NHO,DLE30048,First Bus
YX17NPP,2577,Transport UK London
YX17NPU,2578,Transport UK London
YX17NPV,2579,Transport UK London
YX17NUW,2552,Transport UK London
YX17NUY,2553,Transport UK London
YX17NVA,2554,Transport UK London
YX17NVB,2555,Transport UK London
YX17NVC,2556,Transport UK London
YX17NVD,2557,Transport UK London
YX17NVE,2558,Transport UK London
YX17NVF,2559,Transport UK London
YX17NVG,2560,Transport UK London
YX17NVH,2561,Transport UK London
YX17NVJ,2562,Transport UK London
YX17NVK,2563,Transport UK London
YX17NVL,2564,Transport UK London
YX17NVM,2565,Transport UK London
YX17NVN,2566,Transport UK London
YX17NVP,2568,Transport UK London
YX17NVR,2569,Transport UK London
YX17NVS,2570,Transport UK London
YX17NVT,2571,Transport UK London
YX17NVU,2572,Transport UK London
YX17NVV,2573,Transport UK London
YX17NVW,2574,Transport UK London
YX17NVY,2575,Transport UK London
YX17NVZ,2576,Transport UK London
YX17NWA,37760,Stagecoach London
YX17NWB,37761,Stagecoach London
YX17NWC,37762,Stagecoach London
YX17NWD,37763,Stagecoach London
YX17NWE,37764,Stagecoach London
YX17NWF,37765,Stagecoach London
YX17NWG,37766,Stagecoach London
YX17NWH,37767,Stagecoach London
YX17NWJ,37768,Stagecoach London
YX17NWK,37769,Stagecoach London
YX17NWL,37770,Stagecoach London
YX17NWM,37771,Stagecoach London
YX17NWN,37779,Stagecoach London
YX17NWO,37780,Stagecoach London
YX17NWP,37781,Stagecoach London
YX17NWR,37782,Stagecoach London
YX17NWS,37772,Stagecoach London
YX17NWT,37773,Stagecoach London
YX17NWU,37774,Stagecoach London
YX17NWV,37775,Stagecoach London
YX17NWW,37776,Stagecoach London
YX17NWY,37777,Stagecoach London
YX17NXC,SDE20275,First Bus
YX17NXD,SDE20276,First Bus
YX17NXE,SDE20277,First Bus
YX17NXF,36641,Stagecoach London
YX17NXG,36642,Stagecoach London
YX17NXH,36643,Stagecoach London
YX17NXJ,36644,Stagecoach London
YX17NXK,36645,Stagecoach London
YX17NXL,36646,Stagecoach London
YX17NXM,36647,Stagecoach London
YX17NXO,36648,Stagecoach London
YX17NXP,36649,Stagecoach London
YX17NXR,36650,Stagecoach London
YX17NXS,36651,Stagecoach London
YX17NXT,36652,Stagecoach London
YX17NXU,36653,Stagecoach London
YX17NXV,36654,Stagecoach London
YX17NXW,36655,Stagecoach London
YX17NXY,36656,Stagecoach London
YX18KPA,EH215,Go-Ahead
YX18KPE,EH216,Go-Ahead
YX18KPF,EH217,Go-Ahead
YX18KPG,EH218,Go-Ahead
YX18KPJ,EH219,Go-Ahead
YX18KPK,EH220,Go-Ahead
YX18KPL,EH221,Go-Ahead
YX18KPN,EH222,Go-Ahead
YX18KPO,EH223,Go-Ahead
YX18KPP,EH224,Go-Ahead
YX18KPR,EH226,Go-Ahead
YX18KPT,EH227,Go-Ahead
YX18KPU,EH228,Go-Ahead
YX18KPV,EH229,Go-Ahead
YX18KPY,EH230,Go-Ahead
YX18KPZ,EH231,Go-Ahead
YX18KRD,EH232,Go-Ahead
YX18KRE,EH233,Go-Ahead
YX18KRF,EH234,Go-Ahead
YX18KRG,EH235,Go-Ahead
YX18KRJ,EH236,Go-Ahead
YX18KRK,EH237,Go-Ahead
YX18KRN,EH238,Go-Ahead
YX18KRO,EH239,Go-Ahead
YX18KRU,EH240,Go-Ahead
YX18KRV,EH241,Go-Ahead
YX18KRZ,EH242,Go-Ahead
YX18KSE,EH243,Go-Ahead
YX18KSF,EH244,Go-Ahead
YX18KSJ,EH245,Go-Ahead
YX18KSK,EH246,Go-Ahead
YX18KSN,EH247,Go-Ahead
YX18KSO,EH248,Go-Ahead
YX18KSU,EH249,Go-Ahead
YX18KSV,EH250,Go-Ahead
YX18KSY,EH251,Go-Ahead
YX18KSZ,EH252,Go-Ahead
YX18KTA,EH253,Go-Ahead
YX18KTC,EH254,Go-Ahead
YX18KTD,EH255,Go-Ahead
YX18KTE,EH256,Go-Ahead
YX18KTF,EH257,Go-Ahead
YX18KTG,EH258,Go-Ahead
YX18KTJ,EH259,Go-Ahead
YX18KTK,EH260,Go-Ahead
YX18KTL,EH261,Go-Ahead
YX18KTN,EH262,Go-Ahead
YX18KTO,EH263,Go-Ahead
YX18KVE,DLE30217,First Bus
YX18KVF,DLE30218,First Bus
YX18KVG,DLE30219,First Bus
YX18KVH,DLE30220,First Bus
YX18KVJ,DLE30221,First Bus
YX18KVK,DLE30222,First Bus
YX18KVL,DLE30223,First Bus
YX18KVM,DLE30224,First Bus
YX18KVO,DLE30225,First Bus
YX18KVP,DLE30226,First Bus
YX18KWW,EH285,Go-Ahead
YX18KWY,EH286,Go-Ahead
YX18KWZ,EH287,Go-Ahead
YX18KXA,EH288,Go-Ahead
YX18KXB,EH289,Go-Ahead
YX18KXC,EH290,Go-Ahead
YX18KXD,EH291,Go-Ahead
YX18KXE,EH292,Go-Ahead
YX18KXF,EH293,Go-Ahead
YX18KXG,EH294,Go-Ahead
YX18KXH,EH295,Go-Ahead
YX18KXJ,EH296,Go-Ahead
YX18KXK,EH297,Go-Ahead
YX18KXL,EH298,Go-Ahead
YX18KXM,EH299,Go-Ahead
YX18KXN,EH300,Go-Ahead
YX18KXO,EH301,Go-Ahead
YX18KXP,EH302,Go-Ahead
YX18KXR,EH303,Go-Ahead
YX18KXS,EH304,Go-Ahead
YX18KXT,EH305,Go-Ahead
YX18KXU,EH306,Go-Ahead
YX18KXV,EH307,Go-Ahead
YX18KXW,EH308,Go-Ahead
YX18KXY,EH309,Go-Ahead
YX18KXZ,EH310,Go-Ahead
YX18KYY,EH225,Go-Ahead
YX19OLA,DXE30348,First Bus
YX19OLB,DXE30349,First Bus
YX19OLC,DXE30350,First Bus
YX19OLE,DXE30351,First Bus
YX19OLG,DXE30352,First Bus
YX19OLH,DXE30353,First Bus
YX19OLJ,DXE30354,First Bus
YX19OLK,DXE30355,First Bus
YX19OLM,DXE30356,First Bus
YX19OLN,DXE30357,First Bus
YX19OLO,DXE30358,First Bus
YX19OLP,DXE30359,First Bus
YX19OLR,DXE30360,First Bus
YX19OMA,11075,Stagecoach London
YX19OMC,11076,Stagecoach London
YX19OMD,11077,Stagecoach London
YX19OME,11078,Stagecoach London
YX19OMF,11079,Stagecoach London
YX19OMG,11080,Stagecoach London
YX19OMH,11081,Stagecoach London
YX19OMJ,DME30373,First Bus
YX19OMK,DME30374,First Bus
YX19OML,DME30375,First Bus
YX19OMM,DME30376,First Bus
YX19OMO,DME30377,First Bus
YX19OMP,DME30378,First Bus
YX19OMR,DME30379,First Bus
YX19OMS,DME30380,First Bus
YX19OMT,DME30381,First Bus
YX19OMU,DME30361,First Bus
YX19OMV,DME30362,First Bus
YX19OMW,DME30363,First Bus
YX19OMY,DME30364,First Bus
YX19ONA,DME30365,First Bus
YX19ONB,DME30366,First Bus
YX19ONC,DME30367,First Bus
YX19OND,DME30368,First Bus
YX19ONF,DME30369,First Bus
YX19ONG,DME30370,First Bus
YX19ONH,DME30371,First Bus
YX19ONJ,DME30372,First Bus
YX19OOA,8241,Transport UK London
YX19OOB,8242,Transport UK London
YX19OOC,8243,Transport UK London
YX19OOD,8244,Transport UK London
YX19OOE,8245,Transport UK London
YX19OOG,8246,Transport UK London
YX19OPM,8232,Transport UK London
YX19OPN,8233,Transport UK London
YX19OPO,8234,Transport UK London
YX19OPP,8235,Transport UK London
YX19OPR,8236,Transport UK London
YX19OPS,8237,Transport UK London
YX19OPT,8238,Transport UK London
YX19OPU,8239,Transport UK London
YX19OPV,8240,Transport UK London
YX19ORG,2001,Transport UK London
YX19ORH,2002,Transport UK London
YX19ORJ,2003,Transport UK London
YX19ORK,2004,Transport UK London
YX19ORL,2005,Transport UK London
YX19ORO,12539,Stagecoach London
YX19ORP,12540,Stagecoach London
YX19ORS,12541,Stagecoach London
YX19ORT,12542,Stagecoach London
YX19ORU,12543,Stagecoach London
YX19ORV,12544,Stagecoach London
YX19ORW,12545,Stagecoach London
YX19ORY,12546,Stagecoach London
YX19ORZ,12547,Stagecoach London
YX19OVA,DEL2597,Metroline
YX19OVB,DEL2598,Metroline
YX19OVC,DEL2599,Metroline
YX19OVD,DEL2600,Metroline
YX19OVE,DEL2601,Metroline
YX19OVF,DEL2602,Metroline
YX19OVG,DEL2603,Metroline
YX19OVH,DEL2604,Metroline
YX19OVJ,DEL2605,Metroline
YX19OVK,DEL2606,Metroline
YX19OVL,DEL2607,Metroline
YX19OVM,DEL2608,Metroline
YX19OVN,DEL2609,Metroline
YX19OVO,DEL2610,Metroline
YX19OVP,DEL2611,Metroline
YX19OVR,DEL2612,Metroline
YX20OBU,2013,Transport UK London
YX20OBV,2014,Transport UK London
YX20OBW,2015,Transport UK London
YX20OBY,2016,Transport UK London
YX20OBZ,2017,Transport UK London
YX20OCA,2018,Transport UK London
YX20OCB,2019,Transport UK London
YX20OCC,2020,Transport UK London
YX20OCD,2021,Transport UK London
YX20OLA,SDE20303,First Bus
YX20OLB,SDE20304,First Bus
YX20OLC,SDE20305,First Bus
YX20OLE,SDE20306,First Bus
YX20OLG,SDE20307,First Bus
YX20OLH,SDE20308,First Bus
YX20OLJ,SDE20309,First Bus
YX20OLK,SDE20310,First Bus
YX20OLM,SDE20311,First Bus
YX20OLN,SDE20312,First Bus
YX20OLO,SDE20313,First Bus
YX20OLP,SDE20314,First Bus
YX20OLR,SDE20315,First Bus
YX25NYP,46025,Stagecoach London
YX25NYR,46026,Stagecoach London
YX25NYT,46027,Stagecoach London
YX25NYU,46028,Stagecoach London
YX25NYV,46029,Stagecoach London
YX25NYW,46030,Stagecoach London
YX25NYY,46031,Stagecoach London
YX25NYZ,46032,Stagecoach London
YX25NZA,46033,Stagecoach London
YX25NZB,46034,Stagecoach London
YX25NZC,46035,Stagecoach London
YX25NZD,46036,Stagecoach London
YX25NZE,46037,Stagecoach London
YX25NZF,46038,Stagecoach London
YX25NZG,46039,Stagecoach London
YX25NZH,46040,Stagecoach London
YX25OBH,SEO1,Metrobus
YX25OBJ,SEO2,Metrobus
YX25OBK,SEO3,Metrobus
YX25OBL,SEO4,Metrobus
YX25OBM,SEO5,Metrobus
YX25OBN,SEO6,Metrobus
YX25OBO,SEO7,Metrobus
YX25OBP,SEO8,Metrobus
YX25OBR,SEO9,Metrobus
YX25OBS,SEO10,Metrobus
YX25OBT,SEO11,Metrobus
YX25OBU,SEO12,Metrobus
YX25OBV,SEO13,Metrobus
YX25OBW,SEO14,Metrobus
YX25OBY,SEO15,Metrobus
YX25OBZ,SEO16,Metrobus
YX25OCA,SEO17,Metrobus
YX25OCB,SEO18,Metrobus
YX25OCC,SEO19,Metrobus
YX25OCD,SEO20,Metrobus
YX25OCE,SEO21,Metrobus
YX25OCF,SEO22,Metrobus
YX25OCG,SEO23,Metrobus
YX25OCH,SEO24,Metrobus
YX25OCJ,46051,Stagecoach London
YX25OCL,46052,Stagecoach London
YX25OCM,46053,Stagecoach London
YX25OCN,46054,Stagecoach London
YX25OCO,46055,Stagecoach London
YX25OCP,46056,Stagecoach London
YX25OCR,46057,Stagecoach London
YX25OCS,46058,Stagecoach London
YX25OCU,SEO25,Metrobus
YX25OCV,SEO26,Metrobus
YX25OCW,SEO27,Metrobus
YX25OCY,SEO28,Metrobus
YX25OCZ,SEO29,Metrobus
YX25ODA,SEO30,Metrobus
YX25ODB,SEO31,Metrobus
YX25ODC,SEO32,Metrobus
YX25ODE,1051,Transport UK London
YX25ODF,1052,Transport UK London
YX25ODG,1053,Transport UK London
YX25ODH,1054,Transport UK London
YX25ODJ,1055,Transport UK London
YX25ODK,1056,Transport UK London
YX25ODL,1057,Transport UK London
YX25ODM,1058,Transport UK London
YX25ODN,1059,Transport UK London
YX25ODP,1060,Transport UK London
YX25ODR,1061,Transport UK London
YX25ODS,1062,Transport UK London
YX25ODT,1063,Transport UK London
YX25ODU,EE13,Arriva
YX25ODV,EE14,Arriva
YX25ODW,EE15,Arriva
YX25ODY,EE16,Arriva
YX25OEA,EE17,Arriva
YX25OEB,EE18,Arriva
YX25OEC,EE19,Arriva
YX25OED,EE20,Arriva
YX25OEE,EE21,Arriva
YX25OEF,EE22,Arriva
YX25OEG,EE23,Arriva
YX25OEH,EE24,Arriva
YX25OEJ,EE25,Arriva
YX25OEK,EE26,Arriva
YX25OEL,EE27,Arriva
YX25OEM,EE28,Arriva
YX25OEN,EE29,Arriva
YX25OEO,EE30,Arriva
YX26KBK,SEO33,Go-Ahead
YX26KBN,SEO34,Go-Ahead
YX26KBO,SEO35,Go-Ahead
YX26KBP,SEO36,Go-Ahead
YX26KBU,SEO37,Go-Ahead
YX26KBV,SEO38,Go-Ahead
YX26KBY,SEO39,Go-Ahead
YX26KBZ,SEO40,Go-Ahead
YX26KCA,SEO41,Go-Ahead
YX26KCC,SEO42,Go-Ahead
YX26KCE,SEO43,Go-Ahead
YX26KCF,SEO44,Go-Ahead
YX26KCG,SEO45,Go-Ahead
YX26KCJ,SEO46,Go-Ahead
YX26KCK,SEO47,Go-Ahead
YX60CBF,DE20114,First Bus
YX60CCN,DE20125,First Bus
YX60DXO,37556,Stagecoach London
YX60DXT,SE55,Go-Ahead
YX60DXU,SE57,Go-Ahead
YX60DXW,SE61,Go-Ahead
YX60EOL,SE53,Go-Ahead
YX60EPP,SE64,Go-Ahead
YX60FCA,SE72,Go-Ahead
YX60FCC,SE73,Go-Ahead
YX60FCD,SE74,Go-Ahead
YX60FCO,SE80,Metrobus
YX60FDA,SE68,Go-Ahead
YX60FSN,SE56,Go-Ahead
YX60FSO,SE58,Go-Ahead
YX60FSP,SE59,Go-Ahead
YX60FSS,SE60,Go-Ahead
YX60FSU,SE63,Go-Ahead
YX60FTZ,154,Go-Ahead
YX60FUV,155,Go-Ahead
YX60FUW,156,Go-Ahead
YX60FVA,158,Go-Ahead
YX60FVB,159,Go-Ahead
YX60FVC,160,Go-Ahead
YX60FVD,161,Go-Ahead
YX60FVE,162,Go-Ahead
YX61BWA,SE104,Go-Ahead
YX61BWB,SE105,Go-Ahead
YX61BWC,SE106,Go-Ahead
YX61BWD,SE107,Go-Ahead
YX61BWE,SE108,Go-Ahead
YX61BWM,SE136,Go-Ahead
YX61BWW,SE122,Go-Ahead
YX61BWZ,SE124,Go-Ahead
YX61BXE,SE129,Metrobus
YX61BXK,SE142,Go-Ahead
YX61BXO,SE146,Go-Ahead
YX61BXR,SE112,Go-Ahead
YX61BXS,SE113,Go-Ahead
YX61BXU,SE114,Go-Ahead
YX61BXV,SE115,Go-Ahead
YX61BXW,SE116,Go-Ahead
YX61BXY,SE117,Go-Ahead
YX61BYD,SE109,Go-Ahead
YX61BYF,SE110,Go-Ahead
YX61BYG,SE111,Go-Ahead
YX61DPF,E238,Go-Ahead
YX61DPK,E239,Go-Ahead
YX61DPN,E240,Go-Ahead
YX61DPO,E241,Go-Ahead
YX61DPU,E242,Go-Ahead
YX61DPV,E243,Go-Ahead
YX61DPY,E244,Go-Ahead
YX61DPZ,E245,Go-Ahead
YX61DSE,E229,Go-Ahead
YX61DSO,E230,Go-Ahead
YX61DSU,E231,Go-Ahead
YX61DSV,E232,Go-Ahead
YX61DSY,E233,Go-Ahead
YX61DSZ,E234,Go-Ahead
YX61DTF,E235,Go-Ahead
YX61DTK,E236,Go-Ahead
YX61DTN,E237,Go-Ahead
YX61DTO,SE148,Go-Ahead
YX61DTU,SE149,Go-Ahead
YX61DTV,SE150,Go-Ahead
YX61DTY,SE151,Metrobus
YX61DTZ,SE152,Go-Ahead
YX61DVA,SE153,Go-Ahead
YX61DVB,SE154,Go-Ahead
YX61DVC,SE155,Go-Ahead
YX61DVF,SE156,Go-Ahead
YX61DVG,SE157,Go-Ahead
YX61DVH,SE158,Go-Ahead
YX61DVJ,SE159,Go-Ahead
YX61DVK,SE160,Go-Ahead
YX61DVL,SE161,Go-Ahead
YX61DVM,SE162,Go-Ahead
YX61DVN,SE163,Go-Ahead
YX61DVO,SE164,Go-Ahead
YX61EKF,SE167,Go-Ahead
YX61EKG,SE168,Go-Ahead
YX61EKH,SE169,Go-Ahead
YX61EKJ,SE170,Go-Ahead
YX61EKK,SE171,Go-Ahead
YX61EKL,SE172,Go-Ahead
YX61EKM,SE173,Go-Ahead
YX61EKN,SE174,Go-Ahead
YX61EKR,DEM1912,Metroline
YX61EKT,DEM1913,Metroline
YX61EKU,DEM1914,Metroline
YX61EKV,DEM1915,Metroline
YX61EKW,DEM1916,Metroline
YX61EKY,DEM1917,Metroline
YX61EKZ,DEM1918,Metroline
YX61ENC,163,Metrobus
YX61ENE,164,Metrobus
YX61ENF,165,Metrobus
YX61ENH,166,Metrobus
YX61ENJ,167,Metrobus
YX61ENK,168,Metrobus
YX61ENL,169,Metrobus
YX61ENN,171,Metrobus
YX61ENO,172,Metrobus
YX61ENP,173,Metrobus
YX61ENR,174,Metrobus
YX61ENT,175,Metrobus
YX61ENU,176,Metrobus
YX61ENV,177,Metrobus
YX61ENW,178,Metrobus
YX61FYR,ADE40305,First Bus
YX61FYU,SEN22,Metrobus
YX61FYV,SEN23,Metrobus
YX61FYW,SEN24,Metrobus
YX61FYY,SEN25,Metrobus
YX61FYZ,SEN26,Metrobus
YX61FZA,SEN27,Metrobus
YX61FZB,SEN28,Metrobus
YX61FZF,37558,Stagecoach London
YX61FZO,SEN30,Go-Ahead
YX61FZP,SEN31,Go-Ahead
YX61FZZ,SEN29,Metrobus
YX62BHD,1483,Uno Buses
YX62BHW,1484,Uno Buses
YX62BJF,1485,Uno Buses
YX62BJU,1486,Uno Buses
YX62BUA,1481,Uno Buses
YX62BUE,1482,Uno Buses
YX62BVN,1496,Uno Buses
YX62BWO,ADE40473,First Bus
YX62BXR,1497,Uno Buses
YX62DAU,8583,Transport UK London
YX62DBU,8584,Transport UK London
YX62DFE,8587,Transport UK London
YX62DFO,8588,Transport UK London
YX62DVC,8590,Transport UK London
YX62DVG,8591,Transport UK London
YX62DYH,179,Metrobus
YX62DYN,180,Go-Ahead
YX62DYS,181,Go-Ahead
YX62DZE,182,Go-Ahead
YX62DZN,183,Go-Ahead
YX62DZU,184,Go-Ahead
YX62FAU,ADH45023,First Bus
YX62FCM,ADH45024,First Bus
YX62FDD,ADH45025,First Bus
YX62FDY,ADH45026,First Bus
YX62FFB,ADH45027,First Bus
YX62FFG,ADH45028,First Bus
YX62FHA,ADH45029,First Bus
YX62FHO,ADH45030,First Bus
YX62FJV,ADH45032,First Bus
YX62FKE,ADH45033,First Bus
YX62FLH,ADH45035,First Bus
YX62FME,ADH45036,First Bus
YX62FMG,ADH45037,First Bus
YX62FPC,ADH45041,First Bus
YX62FPF,ADH45042,First Bus
YX62FPK,ADH45043,First Bus
YX62FSE,ADH45044,First Bus
YX62FSS,ADH45045,First Bus
YX62FTD,ADH45046,First Bus
YX62FTF,ADH45047,First Bus
YX62FTP,ADH45048,First Bus
YX62FTZ,ADH45049,First Bus
YX62FUT,ADH45050,First Bus
YX62FUU,ADH45051,First Bus
YX63LGA,36581,Stagecoach London
YX63LGC,36582,Stagecoach London
YX65RJV,SE261,Go-Ahead
YX65RJY,SE262,Go-Ahead
YX65RJZ,SE263,Go-Ahead
YX65RKA,SE264,Go-Ahead
YX65RKE,SE265,Go-Ahead
YX65RKF,SE266,Go-Ahead
YX65RKJ,SE267,Go-Ahead
YX65RLY,37585,Stagecoach London
YX65RLZ,37586,Stagecoach London
YX65RMO,37587,Stagecoach London
YX65RMU,37579,Stagecoach London
YX65RMV,37580,Stagecoach London
YX65RMY,37581,Stagecoach London
YX65RMZ,37582,Stagecoach London
YX65RNA,37583,Stagecoach London
YX65RNE,37584,Stagecoach London
YX65RNY,SE268,Go-Ahead
YX65RNZ,SE269,Go-Ahead
YX65ROH,SE270,Go-Ahead
YX65ROU,SE271,Go-Ahead
YX65RPO,SE272,Go-Ahead
YX65RPU,SE273,Go-Ahead
YX65RPV,SE274,Go-Ahead
YX65RPY,SE275,Go-Ahead
YX65RPZ,SE276,Go-Ahead
YX65RRO,SE277,Go-Ahead
YX65RRU,SE278,Go-Ahead
YX65RRV,SE279,Go-Ahead
YX65RRY,SE280,Go-Ahead
YX65RRZ,SE281,Go-Ahead
YX65RSO,SE282,Go-Ahead
YX65RSU,SE283,Go-Ahead
YX65RSV,SE284,Go-Ahead
YX65RSY,SE285,Go-Ahead
YX65RSZ,SE286,Go-Ahead
YX65RTO,SE287,Go-Ahead
YX66WAU,12402,Stagecoach London
YX66WCP,12401,Stagecoach London
YX66WCR,10348,Stagecoach London
YX66WCT,10349,Stagecoach London
YX66WCU,10350,Stagecoach London
YX66WFD,8343,Transport UK London
YX66WFE,8344,Transport UK London
YX66WFG,8346,Transport UK London
YX66WFH,8347,Transport UK London
YX66WFS,37721,Stagecoach London
YX66WFT,37722,Stagecoach London
YX66WFU,37723,Stagecoach London
YX66WFV,37724,Stagecoach London
YX66WFW,37725,Stagecoach London
YX66WFY,37726,Stagecoach London
YX66WFZ,37727,Stagecoach London
YX66WGA,37728,Stagecoach London
YX66WGC,37729,Stagecoach London
YX66WGD,37730,Stagecoach London
YX66WGE,37731,Stagecoach London
YX66WGF,37732,Stagecoach London
YX66WGG,37733,Stagecoach London
YX66WGJ,37734,Stagecoach London
YX66WGK,37735,Stagecoach London
YX66WGM,37736,Stagecoach London
YX66WGN,37737,Stagecoach London
YX66WHC,EH61,Go-Ahead
YX66WHD,EH62,Go-Ahead
YX66WHE,EH63,Go-Ahead
YX66WHF,EH64,Go-Ahead
YX66WHG,EH65,Go-Ahead
YX66WHH,EH66,Go-Ahead
YX66WHJ,EH67,Go-Ahead
YX66WHK,EH68,Go-Ahead
YX66WHL,EH69,Go-Ahead
YX66WHM,EH70,Go-Ahead
YX66WHN,EH71,Go-Ahead
YX66WHP,EH72,Go-Ahead
YX66WHR,EH73,Go-Ahead
YX67VBC,12426,Stagecoach London
YX67VBD,12427,Stagecoach London
YX67VBE,12428,Stagecoach London
YX67VBF,12429,Stagecoach London
YX67VBG,12430,Stagecoach London
YX67VBJ,12431,Stagecoach London
YX67VBK,12432,Stagecoach London
YX67VDY,8220,Transport UK London
YX67VDZ,8221,Transport UK London
YX67VEA,8222,Transport UK London
YX67VEB,8223,Transport UK London
YX67VEF,8224,Transport UK London
YX67VEH,8225,Transport UK London
YX67VEK,8226,Transport UK London
YX67VEL,8227,Transport UK London
YX67VEM,8228,Transport UK London
YX67VEO,8229,Transport UK London
YX67VEP,8230,Transport UK London
YX67VEU,8231,Transport UK London
YX67VFG,EH162,Go-Ahead
YX67VFH,EH163,Go-Ahead
YX67VFJ,EH164,Go-Ahead
YX67VFK,EH165,Go-Ahead
YX67VFL,EH166,Go-Ahead
YX67VFM,EH167,Go-Ahead
YX67VFN,EH168,Go-Ahead
YX67VFO,EH169,Go-Ahead
YX67VFP,EH170,Go-Ahead
YX67VHJ,ENX31,Arriva
YX67VHK,ENX32,Arriva
YX67VHL,ENS29,Arriva
YX67VHM,ENS30,Arriva
YX67VHN,ENS31,Arriva
YX67VHO,ENS32,Arriva
YX67VHP,ENS33,Arriva
YX67VHR,ENS34,Arriva
YX67VHT,ENS35,Arriva
YX67VHU,ENS36,Arriva
YX67VHV,ENS37,Arriva
YX67VHW,ENS38,Arriva
YX67VHY,ENS39,Arriva
YX68UJA,37783,Stagecoach London
YX68UJB,37784,Stagecoach London
YX68UJC,37785,Stagecoach London
YX68UJD,37786,Stagecoach London
YX68UJE,37787,Stagecoach London
YX68UJF,37788,Stagecoach London
YX68UJG,37789,Stagecoach London
YX68UJH,37790,Stagecoach London
YX68UJJ,37791,Stagecoach London
YX68UJK,37792,Stagecoach London
YX68UJL,37793,Stagecoach London
YX68UJM,37794,Stagecoach London
YX68UJN,37795,Stagecoach London
YX68UKA,11017,Stagecoach London
YX68UKB,11018,Stagecoach London
YX68UKD,11019,Stagecoach London
YX68UKE,11020,Stagecoach London
YX68UKF,11021,Stagecoach London
YX68UKG,11022,Stagecoach London
YX68UKH,11023,Stagecoach London
YX68UKJ,11024,Stagecoach London
YX68UKK,11025,Stagecoach London
YX68UKL,11026,Stagecoach London
YX68UKM,11027,Stagecoach London
YX68UKN,11028,Stagecoach London
YX68UKO,11029,Stagecoach London
YX68UKP,11030,Stagecoach London
YX68UKR,11031,Stagecoach London
YX68UKS,11032,Stagecoach London
YX68UKW,SDE20302,First Bus
YX68UMA,37526,Stagecoach London
YX68UMB,37527,Stagecoach London
YX68UMC,37528,Stagecoach London
YX68UMD,37529,Stagecoach London
YX68UMF,37531,Stagecoach London
YX68UMG,37532,Stagecoach London
YX68UMH,37533,Stagecoach London
YX68UMJ,37534,Stagecoach London
YX68UMK,37535,Stagecoach London
YX68UML,37536,Stagecoach London
YX68UMM,37537,Stagecoach London
YX68UMO,37538,Stagecoach London
YX68UMR,37539,Stagecoach London
YX68UMU,11055,Stagecoach London
YX68UMV,11056,Stagecoach London
YX68UMW,11057,Stagecoach London
YX68UMY,11058,Stagecoach London
YX68UMZ,11059,Stagecoach London
YX68UNB,11060,Stagecoach London
YX68UNE,11061,Stagecoach London
YX68UNF,11062,Stagecoach London
YX68UNG,11063,Stagecoach London
YX68UNH,ADH45278,First Bus
YX68UNJ,ADH45279,First Bus
YX68UNK,ADH45280,First Bus
YX68UNL,ADH45281,First Bus
YX68UNM,ADH45282,First Bus
YX68UNN,ADH45283,First Bus
YX68UNP,ADH45284,First Bus
YX68UNS,ADH45285,First Bus
YX68UNU,ADH45286,First Bus
YX68UNV,ADH45287,First Bus
YX68UNW,ADH45288,First Bus
YX68UOA,DLE30267,First Bus
YX68UOB,DLE30268,First Bus
YX68UOC,DLE30269,First Bus
YX68UOD,DLE30270,First Bus
YX68UOE,DLE30271,First Bus
YX68UOF,DLE30272,First Bus
YX68UOG,DLE30273,First Bus
YX68UOH,DLE30274,First Bus
YX68UOJ,ADH45289,First Bus
YX68UOK,ADH45290,First Bus
YX68UOL,ADH45291,First Bus
YX68UOM,ADH45292,First Bus
YX68UON,ADH45293,First Bus
YX68UOO,ADH45294,First Bus
YX68UOP,ADH45295,First Bus
YX68UOR,ADH45296,First Bus
YX68UOS,ADH45297,First Bus
YX68UOT,DLE30291,First Bus
YX68UOU,DLE30292,First Bus
YX68UOV,DLE30293,First Bus
YX68UOW,DLE30295,First Bus
YX68UOY,DLE30294,First Bus
YX68UPA,DLE30296,First Bus
YX68UPB,DLE30297,First Bus
YX68URN,DLE30308,First Bus
YX68URO,DLE30309,First Bus
YX68URP,DLE30310,First Bus
YX68URR,DLE30311,First Bus
YX68URS,DLE30312,First Bus
YX68URU,DLE30313,First Bus
YX68URV,DLE30314,First Bus
YX68URW,DLE30315,First Bus
YX68UTG,11064,Stagecoach London
YX68UTH,11065,Stagecoach London
YX68UTJ,11066,Stagecoach London
YX68UTK,11067,Stagecoach London
YX68UTL,11068,Stagecoach London
YX68UTM,11069,Stagecoach London
YX68UTN,11070,Stagecoach London
YX68UTO,11071,Stagecoach London
YX68UTP,11072,Stagecoach London
YX68UTR,11073,Stagecoach London
YX68UTT,11074,Stagecoach London
YX68UVA,DLE30316,First Bus
YX68UVB,DLE30317,First Bus
YX68UVC,DLE30318,First Bus
YX68UVD,DLE30319,First Bus
YX68UVE,DLE30320,First Bus
YX68UVG,DLE30321,First Bus
YX68UVH,DLE30322,First Bus
YX68UVJ,DLE30323,First Bus
YX68UVK,DLE30324,First Bus
YX68UVL,DLE30325,First Bus
YX68UVM,DLE30326,First Bus
YX68UVN,DLE30327,First Bus
YX68UVO,DLE30328,First Bus
YX68UVP,DLE30329,First Bus
YX68UVR,DLE30330,First Bus
YX68UVS,DLE30331,First Bus
YX68UVT,DLE30332,First Bus
YX68UVU,DLE30333,First Bus
YX68UVV,DLE30334,First Bus
YX68UVW,DLE30335,First Bus
YX68UVY,DLE30336,First Bus
YX68UVZ,DLE30337,First Bus
YX68UWA,DLE30338,First Bus
YX68UWB,DLE30339,First Bus
YX68UWD,DLE30340,First Bus
YX68UWF,DLE30341,First Bus
YX68UWG,DLE30342,First Bus
YX68UWH,DLE30343,First Bus
YX68UWJ,DLE30344,First Bus
YX68UWK,DLE30345,First Bus
YX68UWL,DLE30346,First Bus
YX68UWM,DLE30347,First Bus
YX69NNH,SE304,Go-Ahead
YX69NNJ,SE305,Go-Ahead
YX69NNK,SE306,Go-Ahead
YX69NNL,SE307,Go-Ahead
YX69NNM,SE308,Go-Ahead
YX69NNO,SE309,Go-Ahead
YX69NNP,SE310,Go-Ahead
YX69NNR,SE311,Go-Ahead
YX69NNT,SE312,Go-Ahead
YX69NNU,SE313,Go-Ahead
YX69NNV,SE314,Go-Ahead
YX69NNW,SE315,Go-Ahead
YX69NNY,SE316,Go-Ahead
YX69NNZ,SE317,Go-Ahead
YX69NOF,SE318,Go-Ahead
YX69NOH,SE319,Go-Ahead
YX69NXP,DEM2681,Metroline
YX69NXR,DEM2682,Metroline
YX69NXS,DEM2683,Metroline
YX69NXT,DEM2684,Metroline
YX69NXU,DEM2685,Metroline
YX69NXV,DEM2686,Metroline
YX69NXW,DEM2687,Metroline
YX69NXY,DEM2688,Metroline
YX69NXZ,DEM2689,Metroline
YX69NYA,ENN55,Arriva
YX69NYB,ENN56,Arriva
YX69NYC,ENN57,Arriva
YX69NYD,ENN58,Arriva
YX69NYF,ENN59,Arriva
YX69NYG,ENN60,Arriva
YX69NYH,ENN61,Arriva
YX69NYK,ENN62,Arriva
YX69NYL,ENN63,Arriva
YX69NYM,ENN64,Arriva
YX69NYN,ENN65,Arriva
YX69NYO,ENN66,Arriva
YX69NYP,ENN67,Arriva
YX69NYR,ENN68,Arriva
YX69NYS,ENN69,Arriva
YX69NYT,ENN70,Arriva
YX69NYU,ENN71,Arriva
YX69NYV,DEM2690,Metroline
YX69NYW,DEM2691,Metroline
YX69NYY,DEM2692,Metroline
YX69NYZ,DEM2693,Metroline
YX69NZA,DEM2694,Metroline
YX69NZB,DEM2695,Metroline
YX69NZC,DEM2696,Metroline
YY13VKO,189,Go-Ahead
YY13VKP,190,Metrobus
YY13VKR,191,Go-Ahead
YY13VKS,192,Metrobus
YY14WDT,SE198,Go-Ahead
YY14WDX,SE202,Go-Ahead
YY14WDZ,SE203,Go-Ahead
YY14WEA,SE204,Go-Ahead
YY14WEC,SE205,Go-Ahead
YY14WEF,SE206,Go-Ahead
YY14WEH,SE207,Go-Ahead
YY14WEJ,SE208,Go-Ahead
YY14WEK,SE209,Go-Ahead
YY14WEO,SE210,Go-Ahead
YY14WEP,SE211,Go-Ahead
YY14WEU,SE212,Go-Ahead
YY15CNF,SE240,Metrobus
YY15CNJ,SE236,Go-Ahead
YY15CNK,SE237,Go-Ahead
YY15CNN,SE238,Go-Ahead
YY15CNO,SE239,Go-Ahead
YY15CNU,SE235,Go-Ahead
YY15CNV,SE241,Go-Ahead
YY15CNX,SE242,Metrobus
YY15EYP,SE243,Metrobus
YY15EYR,SE244,Metrobus
YY15EYS,SE245,Metrobus
YY15EYT,SE246,Go-Ahead
YY15EYU,SE247,Go-Ahead
YY15EYV,SE248,Go-Ahead
YY15EYW,SE249,Go-Ahead
YY15GDF,SE259,Metrobus
YY15GDJ,SE260,Metrobus
YY15HKA,SE250,Go-Ahead
YY15HKB,SE251,Go-Ahead
YY15HKC,SE252,Go-Ahead
YY15HKD,SE253,Go-Ahead
YY15HKE,SE254,Go-Ahead
YY15HKF,SE255,Go-Ahead
YY15HKG,SE256,Metrobus
YY15HKH,SE257,Metrobus
YY15HKJ,SE258,Metrobus
YY15NKA,601,Uno Buses
YY15NKC,602,Uno Buses
YY15NKD,603,Uno Buses
YY15NKE,604,Uno Buses
YY15OWU,36601,Stagecoach London
YY15OWV,36602,Stagecoach London
YY15OWW,36603,Stagecoach London
YY15OWX,36604,Stagecoach London
YY15OWZ,36605,Stagecoach London
YY15OXA,36606,Stagecoach London
YY15OXB,36607,Stagecoach London
YY15OXC,36608,Stagecoach London
YY15OYT,10302,Stagecoach London
YY15OYU,10303,Stagecoach London
YY15OYV,10304,Stagecoach London
YY15OYW,10305,Stagecoach London
YY15OYX,10306,Stagecoach London
YY15OYZ,10307,Stagecoach London
YY16YKA,2534,Transport UK London
YY16YKB,2535,Transport UK London
YY16YKC,2536,Transport UK London
YY16YKD,2537,Transport UK London
YY16YKE,2538,Transport UK London
YY16YKF,2539,Transport UK London
YY16YKG,2540,Transport UK London
YY16YKH,2544,Transport UK London
YY16YKJ,2545,Transport UK London
YY16YKK,2542,Transport UK London
YY16YKL,2543,Transport UK London
YY16YKM,2541,Transport UK London
YY16YKN,2546,Transport UK London
YY16YKO,2547,Transport UK London
YY16YKP,2548,Transport UK London
YY16YKR,2549,Transport UK London
YY16YKS,2550,Transport UK London
YY16YKT,2551,Transport UK London
YY18TGF,11044,Stagecoach London
YY18TGJ,11045,Stagecoach London
YY18TGK,11046,Stagecoach London
YY18TGN,11047,Stagecoach London
YY18TGO,11048,Stagecoach London
YY18TGU,11049,Stagecoach London
YY18TGV,11050,Stagecoach London
YY18TGX,11051,Stagecoach London
YY18TGZ,11052,Stagecoach London
YY18THF,11053,Stagecoach London
YY18THG,11054,Stagecoach London
YY18TKA,37514,Stagecoach London
YY18TKC,37515,Stagecoach London
YY18TKD,37516,Stagecoach London
YY18TKE,37517,Stagecoach London
YY18TKF,37518,Stagecoach London
YY18TKJ,37519,Stagecoach London
YY18TKK,37520,Stagecoach London
YY18TKN,37521,Stagecoach London
YY18TKO,37522,Stagecoach London
YY18TKT,37523,Stagecoach London
YY18TKU,37524,Stagecoach London
YY18TKV,37525,Stagecoach London
YY18TKZ,11001,Stagecoach London
YY18TLF,11002,Stagecoach London
YY18TLJ,11003,Stagecoach London
YY18TLK,11004,Stagecoach London
YY18TLN,11005,Stagecoach London
YY18TLU,11006,Stagecoach London
YY18TLV,11007,Stagecoach London
YY18TLX,11008,Stagecoach London
YY18TLZ,11009,Stagecoach London
YY18TMO,11010,Stagecoach London
YY18TMU,11011,Stagecoach London
YY18TMV,11012,Stagecoach London
YY18TMX,11013,Stagecoach London
YY18TMZ,11014,Stagecoach London
YY18TNE,11015,Stagecoach London
YY18TNF,11016,Stagecoach London
YY18TNJ,37507,Stagecoach London
YY18TNK,37508,Stagecoach London
YY18TNL,37509,Stagecoach London
YY18TNN,37510,Stagecoach London
YY18TNO,37511,Stagecoach London
YY18TNU,37512,Stagecoach London
YY18TNV,37513,Stagecoach London
YY64GRK,36584,Stagecoach London
YY64GRU,36585,Stagecoach London
YY64GRX,36586,Stagecoach London
YY64GRZ,36587,Stagecoach London
YY64GVP,8201,Transport UK London
YY64GVR,8202,Transport UK London
YY64GVT,8203,Transport UK London
YY64GVU,8204,Transport UK London
YY64GVV,8205,Transport UK London
YY64GVW,8206,Transport UK London
YY64GVX,8207,Transport UK London
YY64GWZ,SE213,Metrobus
YY64GXA,SE214,Metrobus
YY64GXB,SE215,Metrobus
YY64GXC,SE216,Metrobus
YY64GXD,SE217,Go-Ahead
YY64GXE,SE218,Go-Ahead
YY64GXF,SE219,Go-Ahead
YY64GXG,1479,Uno Buses
YY64GXH,SE220,Go-Ahead
YY64TXB,8251,Transport UK London
YY64TXC,8252,Transport UK London
YY64TXD,8253,Transport UK London
YY64TXE,8254,Transport UK London
YY64TXF,8255,Transport UK London
YY64TYD,2487,Transport UK London
YY64TYF,2488,Transport UK London
YY64TYG,2489,Transport UK London
YY64TYH,2490,Transport UK London
YY64TYK,2491,Transport UK London
YY64TYO,2492,Transport UK London
YY64TYP,2493,Transport UK London
YY64TYS,2494,Transport UK London
YY64TYT,2495,Transport UK London
YY64TYU,2496,Transport UK London
YY64TYV,2497,Transport UK London
YY64TYW,2498,Transport UK London
YY64TYX,2499,Transport UK London
YY64TYZ,2500,Transport UK London
YY64TZA,2501,Transport UK London
YY64TZB,2502,Transport UK London
YY64TZC,2503,Transport UK London
YY64TZD,2504,Transport UK London
YY64TZE,2505,Transport UK London
YY64TZF,2506,Transport UK London
YY64TZG,2507,Transport UK London
YY64TZH,2508,Transport UK London
YY64TZJ,2509,Transport UK London
YY64TZK,2510,Transport UK London
YY64TZL,2511,Transport UK London
YY64TZM,2512,Transport UK London
YY64TZN,2513,Transport UK London
YY64TZO,2514,Transport UK London
YY64TZP,8820,Transport UK London
YY64TZR,8821,Transport UK London
YY64TZS,8822,Transport UK London
YY64TZT,8823,Transport UK London
YY64TZU,8824,Transport UK London
YY64TZV,8825,Transport UK London
YY64YJH,8826,Transport UK London
YY64YJJ,8827,Transport UK London
YY64YJK,8828,Transport UK London
YY64YJL,8829,Transport UK London
YY64YJM,8830,Transport UK London
YY64YJN,8831,Transport UK London
YY64YJO,8832,Transport UK London
YY64YJP,8833,Transport UK London
YY64YJR,8834,Transport UK London
YY64YJS,8835,Transport UK London
YY64YJT,8836,Transport UK London
YY64YJV,8838,Transport UK London
YY64YJW,8839,Transport UK London
YY64YJX,8840,Transport UK London
YY64YJZ,8841,Transport UK London
YY64YKA,8842,Transport UK London
YY64YKB,8843,Transport UK London
YY64YKL,37568,Stagecoach London
YY64YKM,37569,Stagecoach London
YY64YKN,37570,Stagecoach London
YY64YKO,37571,Stagecoach London
YY64YKP,37572,Stagecoach London
YY64YKR,37573,Stagecoach London
YY64YKS,37574,Stagecoach London
YY64YKT,37575,Stagecoach London
YY64YKU,37576,Stagecoach London
YY64YKV,37577,Stagecoach London
YY64YKW,37578,Stagecoach London
YY66OYC,EH75,Go-Ahead
YY66OYE,EH76,Go-Ahead
YY66OYF,EH77,Go-Ahead
YY66OYG,EH78,Go-Ahead
YY66OYH,EH79,Go-Ahead
YY66OYJ,EH80,Go-Ahead
YY66OYK,EH81,Go-Ahead
YY66OYL,EH82,Go-Ahead
YY66OYM,EH83,Go-Ahead
YY66OYN,EH84,Metrobus
YY66OYO,EH85,Go-Ahead
YY66OYP,EH86,Metrobus
YY66OYR,EH87,Go-Ahead
YY66OYS,EH88,Go-Ahead
YY66OYT,EH89,Go-Ahead
YY66OYU,EH90,Go-Ahead
YY66OYV,EH91,Go-Ahead
YY66OYW,EH92,Go-Ahead
YY66OYX,EH93,Go-Ahead
YY66OYZ,EH94,Go-Ahead
YY66OZA,EH95,Go-Ahead
YY66OZB,EH96,Go-Ahead
YY66OZC,EH97,Go-Ahead
YY66OZD,EH98,Go-Ahead
YY66OZE,EH99,Go-Ahead
YY66OZF,EH100,Go-Ahead
YY66OZG,EH101,Go-Ahead
YY66OZH,EH102,Go-Ahead
YY66OZJ,EH103,Go-Ahead
YY66OZK,EH104,Go-Ahead
YY66OZL,EH105,Go-Ahead
YY66OZM,EH106,Go-Ahead
YY66OZO,EH107,Go-Ahead
YY66OZP,EH108,Go-Ahead
YY66OZR,EH109,Go-Ahead
YY66OZS,EH110,Go-Ahead
YY66OZT,EH111,Go-Ahead
YY66OZU,EH112,Go-Ahead
YY66PHA,12403,Stagecoach London
YY66PHF,12404,Stagecoach London
YY66PHJ,12405,Stagecoach London
YY66PHK,12406,Stagecoach London
YY66PHN,12407,Stagecoach London
YY66PHO,12408,Stagecoach London
YY66PHU,12409,Stagecoach London
YY66PHV,12410,Stagecoach London
YY66PHX,12411,Stagecoach London
YY66PHZ,12412,Stagecoach London
YY66PJJ,12413,Stagecoach London
YY66PJO,12414,Stagecoach London
YY66PJU,12415,Stagecoach London
YY66PJV,12416,Stagecoach London
YY66PJX,12417,Stagecoach London
YY66PKA,12418,Stagecoach London
YY66PKC,12419,Stagecoach London
YY66PKD,12420,Stagecoach London
YY66PKE,12421,Stagecoach London
YY66PKF,12422,Stagecoach London
YY66PXT,12423,Stagecoach London
YY66PXU,12424,Stagecoach London
YY66PXV,12425,Stagecoach London
YY66PYB,37738,Stagecoach London
YY66PYD,37739,Stagecoach London
YY66PYF,37740,Stagecoach London
YY66PYG,37741,Stagecoach London
YY66PYH,37742,Stagecoach London
YY66PYJ,37743,Stagecoach London
YY66PYL,37744,Stagecoach London
YY66PYO,37745,Stagecoach London
YY66PYP,37746,Stagecoach London
YY66PYS,37747,Stagecoach London
YY66PYT,37748,Stagecoach London
YY66PYU,37749,Stagecoach London
YY66PYV,37750,Stagecoach London
YY66PYW,37751,Stagecoach London
YY66PYX,37752,Stagecoach London
YY66PYZ,37753,Stagecoach London
YY66PZA,37754,Stagecoach London
YY66PZB,37755,Stagecoach London
YY66PZC,37756,Stagecoach London
YY66PZD,37757,Stagecoach London
YY66PZE,37758,Stagecoach London
YY66PZF,37759,Stagecoach London
YY67GZA,2580,Transport UK London
YY67GZB,2581,Transport UK London
YY67GZC,2582,Transport UK London
YY67GZD,2583,Transport UK London
YY67GZE,2584,Transport UK London
YY67GZF,2585,Transport UK London
YY67GZG,2586,Transport UK London
YY67GZH,2587,Transport UK London
YY67GZJ,2588,Transport UK London
YY67GZK,2589,Transport UK London
YY67GZL,2590,Transport UK London
YY67GZM,2591,Transport UK London
YY67GZN,2592,Transport UK London
YY67GZO,2593,Transport UK London
YY67GZP,2594,Transport UK London
YY67GZR,2595,Transport UK London
YY67GZS,2596,Transport UK London
YY67GZT,2597,Transport UK London
YY67GZU,2598,Transport UK London
YY67GZV,2599,Transport UK London
YY67GZW,2600,Transport UK London
YY67GZX,2601,Transport UK London
YY67GZZ,2602,Transport UK London
YY67HCA,ENN39,Arriva
YY67HCC,ENN40,Arriva
YY67HCD,ENN41,Arriva
YY67HCE,ENN42,Arriva
YY67HCF,ENN43,Arriva
YY67HCG,ENN44,Arriva
YY67HCH,ENN45,Arriva
YY67HCJ,ENN46,Arriva
YY67HCK,ENN47,Arriva
YY67HCL,ENN48,Arriva
YY67HCO,ENN49,Arriva
YY67HCP,ENN50,Arriva
YY67HCU,ENN51,Arriva
YY67HCV,ENN52,Arriva
YY67HCX,ENN53,Arriva
YY67HCZ,ENN54,Arriva
YY67UPX,EH171,Go-Ahead
YY67UPZ,EH172,Go-Ahead
YY67URA,EH173,Go-Ahead
YY67URB,EH174,Go-Ahead
YY67URC,EH175,Go-Ahead
YY67URE,EH176,Go-Ahead
YY67URF,EH177,Go-Ahead
YY67URG,EH178,Go-Ahead
YY67URH,EH179,Go-Ahead
YY67URJ,EH180,Go-Ahead
YY67URK,EH181,Go-Ahead
YY67URL,EH182,Go-Ahead
YY67URM,EH183,Go-Ahead
YY67URN,EH184,Go-Ahead
YY67URO,EH185,Go-Ahead
YY67URP,EH186,Go-Ahead
YY67URR,EH187,Go-Ahead
YY67URS,EH188,Go-Ahead
YY67URT,EH189,Go-Ahead
YY67URU,EH190,Go-Ahead
YY67URV,EH191,Go-Ahead
YY67URW,EH192,Go-Ahead
YY67URX,EH193,Go-Ahead
YY67URZ,EH194,Go-Ahead
YY67USS,EH195,Go-Ahead
YY67UST,EH196,Go-Ahead
YY67USU,EH197,Go-Ahead
YY67USV,EH198,Go-Ahead
YY67USW,EH199,Go-Ahead
YY67USX,EH200,Go-Ahead
YY67USZ,EH201,Go-Ahead
YY67UTA,EH202,Go-Ahead
YY67UTB,EH203,Go-Ahead
YY67UTC,EH204,Go-Ahead
YY67UTE,EH205,Go-Ahead
YY67UTF,EH206,Go-Ahead
YY67UTG,EH207,Go-Ahead
YY67UTH,EH208,Go-Ahead
YY67UTJ,EH209,Go-Ahead
YY67UTK,EH210,Go-Ahead
YY67UTL,EH211,Go-Ahead
YY67UTM,EH212,Go-Ahead
YY67UTN,EH213,Go-Ahead
YY67UTO,EH214,Go-Ahead
YY67UTP,36671,Stagecoach London
YY67UTR,36672,Stagecoach London
YY67UTS,36673,Stagecoach London
YY67UTT,36674,Stagecoach London
YY67UTU,36675,Stagecoach London
YY67UTV,36676,Stagecoach London
YY67UTW,36677,Stagecoach London
YY67UTX,36678,Stagecoach London
YY67UTZ,36679,Stagecoach London
YY67UUA,36680,Stagecoach London
YY67UUB,36681,Stagecoach London
YY67UUC,36682,Stagecoach London
YY67UUD,36683,Stagecoach London
YY67UUE,36684,Stagecoach London
YY67UUF,DDE20287,First Bus
YY67UUG,DDE20288,First Bus
YY67UUH,DDE20289,First Bus
YY67UUJ,DDE20290,First Bus
YY67UUK,DDE20291,First Bus
YY67UUL,DDE20292,First Bus
YY67UUM,DDE20293,First Bus
YY67UUO,ADH45258,First Bus
YY67UUP,ADH45259,First Bus
YY67UUR,ADH45260,First Bus
YY67UUS,ADH45261,First Bus
