registration,operator_slug,fleet_no,last_route,vehicle_type
LX12DAU,stagecoach-london,10101,650,ADL Enviro400
LX12DBO,stagecoach-london,10102,365,ADL Enviro400
LX12DBU,stagecoach-london,10103,D6,ADL Enviro400
LX12DBV,stagecoach-london,10104,241,ADL Enviro400
LX12DBY,stagecoach-london,10105,649,ADL Enviro400
LX12DBZ,stagecoach-london,10106,650,ADL Enviro400
LX12DCE,stagecoach-london,10107,496,ADL Enviro400
LX12DCF,stagecoach-london,10108,650,ADL Enviro400
LX12DCO,stagecoach-london,10109,372,ADL Enviro400
LX12DCU,stagecoach-london,10110,256,ADL Enviro400
LX12DCV,stagecoach-london,10111,256,ADL Enviro400
LX12DCY,stagecoach-london,10112,256,ADL Enviro400
LX12DCZ,stagecoach-london,10113,122,ADL Enviro400
LX12DDA,stagecoach-london,10114,161,ADL Enviro400
LX12DDE,stagecoach-london,10115,422,ADL Enviro400
LX12DDF,stagecoach-london,10116,241,ADL Enviro400
LX12DDJ,stagecoach-london,10117,275,ADL Enviro400
LX12DDK,stagecoach-london,10118,215,ADL Enviro400
LX12DDL,stagecoach-london,10119,275,ADL Enviro400
LX12DDN,stagecoach-london,10120,275,ADL Enviro400
LX12DDO,stagecoach-london,10121,275,ADL Enviro400
LX12DDU,stagecoach-london,10122,275,ADL Enviro400
LX12DDV,stagecoach-london,10123,275,ADL Enviro400
LX12DDY,stagecoach-london,10124,128,ADL Enviro400
LX12DDZ,stagecoach-london,10125,128,ADL Enviro400
LX12DFA,stagecoach-london,10127,128,ADL Enviro400
LX12DFC,stagecoach-london,10128,128,ADL Enviro400
LX12DFD,stagecoach-london,10129,294,ADL Enviro400
LX12DFE,stagecoach-london,10130,128,ADL Enviro400
LX12DFF,stagecoach-london,10131,128,ADL Enviro400
LX12DFG,stagecoach-london,10132,128,ADL Enviro400
LX12DFJ,stagecoach-london,10133,422,ADL Enviro400
LX12DFK,stagecoach-london,10134,128,ADL Enviro400
LX12DFL,stagecoach-london,10135,294,ADL Enviro400
LX12DFN,stagecoach-london,10136,128,ADL Enviro400
LX12DFO,stagecoach-london,10137,496,ADL Enviro400
LX12DFP,stagecoach-london,10138,128,ADL Enviro400
LX12DFU,stagecoach-london,10139,128,ADL Enviro400
LX12DFV,stagecoach-london,10140,128,ADL Enviro400
LX12DFY,stagecoach-london,10141,128,ADL Enviro400
LX12DFZ,stagecoach-london,10142,128,ADL Enviro400
LX12DGE,stagecoach-london,10143,128,ADL Enviro400
LX12DGF,stagecoach-london,10144,294,ADL Enviro400
LX12DGO,stagecoach-london,10145,496,ADL Enviro400
LX12DGU,stagecoach-london,10146,651,ADL Enviro400
LX12DGV,stagecoach-london,10147,252,ADL Enviro400
LX12DGY,stagecoach-london,10148,241,ADL Enviro400
LX12DGZ,stagecoach-london,10149,667,ADL Enviro400
LX12DHA,stagecoach-london,10150,496,ADL Enviro400
LX12DHC,stagecoach-london,10151,650,ADL Enviro400
LX12DHD,stagecoach-london,10152,496,ADL Enviro400
LX12DHE,stagecoach-london,10153,667,ADL Enviro400
LX12DHF,stagecoach-london,10154,649,ADL Enviro400
EU62AXT,stagecoach-london,10155,275,ADL Enviro400
EU62AXV,stagecoach-london,10156,54,ADL Enviro400
EU62AYB,stagecoach-london,10157,54,ADL Enviro400
EU62AYE,stagecoach-london,10158,61,ADL Enviro400
EU62AZA,stagecoach-london,10159,61,ADL Enviro400
EU62AZO,stagecoach-london,10160,61,ADL Enviro400
EU62AAE,stagecoach-london,10161,61,ADL Enviro400
EU62AAO,stagecoach-london,10162,61,ADL Enviro400
EU62ADZ,stagecoach-london,10163,638,ADL Enviro400
SN63JVM,stagecoach-london,10164,177,ADL Enviro400
SN63JVO,stagecoach-london,10165,499,ADL Enviro400
SN63JVP,stagecoach-london,10166,252,ADL Enviro400
SN63JVR,stagecoach-london,10167,365,ADL Enviro400
SN63JVT,stagecoach-london,10168,252,ADL Enviro400
SN63JVU,stagecoach-london,10169,252,ADL Enviro400
SN63JVV,stagecoach-london,10170,256,ADL Enviro400
SN63JVW,stagecoach-london,10171,499,ADL Enviro400
SN63JVX,stagecoach-london,10172,365,ADL Enviro400
SN63JVY,stagecoach-london,10173,499,ADL Enviro400
SN63JWA,stagecoach-london,10175,122,ADL Enviro400
SN63JWC,stagecoach-london,10176,422,ADL Enviro400
SN63JWD,stagecoach-london,10177,122,ADL Enviro400
SN63JWE,stagecoach-london,10178,161,ADL Enviro400
SN63JWF,stagecoach-london,10179,177,ADL Enviro400
SN63JWG,stagecoach-london,10180,122,ADL Enviro400
SN63JWJ,stagecoach-london,10181,422,ADL Enviro400
SN63JWK,stagecoach-london,10182,122,ADL Enviro400
SN63JWL,stagecoach-london,10183,177,ADL Enviro400
SN63NBD,stagecoach-london,10184,122,ADL Enviro400
SN63NBE,stagecoach-london,10185,122,ADL Enviro400
SN63NBF,stagecoach-london,10186,177,ADL Enviro400
SN63NBG,stagecoach-london,10187,161,ADL Enviro400
SN63NBJ,stagecoach-london,10188,122,ADL Enviro400
SN63NBK,stagecoach-london,10189,122,ADL Enviro400
SN63NBL,stagecoach-london,10190,422,ADL Enviro400
SN63NBM,stagecoach-london,10191,422,ADL Enviro400
SN63NBO,stagecoach-london,10192,161,ADL Enviro400
SN63NBX,stagecoach-london,10193,180,ADL Enviro400
SN63NBY,stagecoach-london,10194,177,ADL Enviro400
SN63NBZ,stagecoach-london,10195,122,ADL Enviro400
SL14DDE,stagecoach-london,10197,61,ADL Enviro400
SL64HYX,stagecoach-london,10198,638,ADL Enviro400
YY15OYS,stagecoach-london,10301,294,ADL Enviro400 MMC
YY15OYT,stagecoach-london,10302,498,ADL Enviro400 MMC
YY15OYU,stagecoach-london,10303,294,ADL Enviro400 MMC
YY15OYV,stagecoach-london,10304,128,ADL Enviro400 MMC
YY15OYW,stagecoach-london,10305,498,ADL Enviro400 MMC
YY15OYX,stagecoach-london,10306,294,ADL Enviro400 MMC
YY15OYZ,stagecoach-london,10307,294,ADL Enviro400 MMC
SN16OJM,stagecoach-london,10308,179,ADL Enviro400 MMC
SN16OJO,stagecoach-london,10309,62,ADL Enviro400 MMC
SN16OJP,stagecoach-london,10310,238,ADL Enviro400 MMC
SN16OJR,stagecoach-london,10311,179,ADL Enviro400 MMC
SN16OJS,stagecoach-london,10312,179,ADL Enviro400 MMC
SN16OJT,stagecoach-london,10313,62,ADL Enviro400 MMC
SN16OJU,stagecoach-london,10314,62,ADL Enviro400 MMC
SN16OJV,stagecoach-london,10315,238,ADL Enviro400 MMC
SN16OJW,stagecoach-london,10316,238,ADL Enviro400 MMC
SN16OJX,stagecoach-london,10317,179,ADL Enviro400 MMC
SN16OJY,stagecoach-london,10318,62,ADL Enviro400 MMC
SN16OJZ,stagecoach-london,10319,62,ADL Enviro400 MMC
SN16OKA,stagecoach-london,10320,62,ADL Enviro400 MMC
SN16OKB,stagecoach-london,10321,179,ADL Enviro400 MMC
SN16OKC,stagecoach-london,10322,62,ADL Enviro400 MMC
SN16OKD,stagecoach-london,10323,145,ADL Enviro400 MMC
SN16OKF,stagecoach-london,10324,62,ADL Enviro400 MMC
SN16OKG,stagecoach-london,10325,238,ADL Enviro400 MMC
SN16OKH,stagecoach-london,10326,62,ADL Enviro400 MMC
SN16OKJ,stagecoach-london,10327,62,ADL Enviro400 MMC
SN16OKK,stagecoach-london,10328,62,ADL Enviro400 MMC
SN16OKL,stagecoach-london,10329,238,ADL Enviro400 MMC
SN16OKM,stagecoach-london,10330,179,ADL Enviro400 MMC
SN16OKO,stagecoach-london,10331,238,ADL Enviro400 MMC
SN16OKP,stagecoach-london,10332,62,ADL Enviro400 MMC
SN16OKR,stagecoach-london,10333,294,ADL Enviro400 MMC
SN16OKS,stagecoach-london,10334,498,ADL Enviro400 MMC
SN16OKT,stagecoach-london,10335,294,ADL Enviro400 MMC
SN16OKU,stagecoach-london,10336,128,ADL Enviro400 MMC
SN16OKV,stagecoach-london,10337,498,ADL Enviro400 MMC
SN16OKW,stagecoach-london,10338,294,ADL Enviro400 MMC
SN16OKX,stagecoach-london,10339,294,ADL Enviro400 MMC
SN16OKZ,stagecoach-london,10340,294,ADL Enviro400 MMC
SN16OLB,stagecoach-london,10341,498,ADL Enviro400 MMC
SN16OLC,stagecoach-london,10342,294,ADL Enviro400 MMC
SN16OLG,stagecoach-london,10343,498,ADL Enviro400 MMC
SN16OLH,stagecoach-london,10344,294,ADL Enviro400 MMC
SN16OLJ,stagecoach-london,10345,498,ADL Enviro400 MMC
SN16OLK,stagecoach-london,10346,365,ADL Enviro400 MMC
SN16OLO,stagecoach-london,10347,372,ADL Enviro400 MMC
YX66WCU,stagecoach-london,10348,238,ADL Enviro400 MMC
YX66WCT,stagecoach-london,10349,62,ADL Enviro400 MMC
YX66WCR,stagecoach-london,10350,179,ADL Enviro400 MMC
YY18TKZ,stagecoach-london,11001,136,ADL Enviro400 MMC
YY18TLF,stagecoach-london,11002,54,ADL Enviro400 MMC
YY18TLJ,stagecoach-london,11003,75,ADL Enviro400 MMC
YY18TLK,stagecoach-london,11004,136,ADL Enviro400 MMC
YY18TLN,stagecoach-london,11005,136,ADL Enviro400 MMC
YY18TLU,stagecoach-london,11006,47,ADL Enviro400 MMC
YY18TLV,stagecoach-london,11007,54,ADL Enviro400 MMC
YY18TLX,stagecoach-london,11008,54,ADL Enviro400 MMC
YY18TLZ,stagecoach-london,11009,75,ADL Enviro400 MMC
YY18TMO,stagecoach-london,11010,75,ADL Enviro400 MMC
YY18TMU,stagecoach-london,11011,136,ADL Enviro400 MMC
YY18TMV,stagecoach-london,11012,54,ADL Enviro400 MMC
YY18TMX,stagecoach-london,11013,75,ADL Enviro400 MMC
YY18TMZ,stagecoach-london,11014,136,ADL Enviro400 MMC
YY18TNE,stagecoach-london,11015,47,ADL Enviro400 MMC
YY18TNF,stagecoach-london,11016,54,ADL Enviro400 MMC
YX68UKA,stagecoach-london,11017,53,ADL Enviro400 MMC
YX68UKB,stagecoach-london,11018,122,ADL Enviro400 MMC
YX68UKD,stagecoach-london,11019,53,ADL Enviro400 MMC
YX68UKE,stagecoach-london,11020,180,ADL Enviro400 MMC
YX68UKF,stagecoach-london,11021,53,ADL Enviro400 MMC
YX68UKG,stagecoach-london,11022,53,ADL Enviro400 MMC
YX68UKH,stagecoach-london,11023,161,ADL Enviro400 MMC
YX68UKJ,stagecoach-london,11024,53,ADL Enviro400 MMC
YX68UKK,stagecoach-london,11025,122,ADL Enviro400 MMC
YX68UKL,stagecoach-london,11026,180,ADL Enviro400 MMC
YX68UKM,stagecoach-london,11027,53,ADL Enviro400 MMC
YX68UKN,stagecoach-london,11028,177,ADL Enviro400 MMC
YX68UKO,stagecoach-london,11029,53,ADL Enviro400 MMC
YX68UKP,stagecoach-london,11030,180,ADL Enviro400 MMC
YX68UKR,stagecoach-london,11031,422,ADL Enviro400 MMC
YX68UKS,stagecoach-london,11032,180,ADL Enviro400 MMC
SN18KTX,stagecoach-london,11033,388,ADL Enviro400 MMC
SN18KUA,stagecoach-london,11034,388,ADL Enviro400 MMC
SN18KUB,stagecoach-london,11035,53,ADL Enviro400 MMC
SN18KUC,stagecoach-london,11036,388,ADL Enviro400 MMC
SN18KUD,stagecoach-london,11037,53,ADL Enviro400 MMC
SN18KUE,stagecoach-london,11038,205,ADL Enviro400 MMC
SN18KUF,stagecoach-london,11039,53,ADL Enviro400 MMC
SN18KUG,stagecoach-london,11040,241,ADL Enviro400 MMC
SN18KUH,stagecoach-london,11041,241,ADL Enviro400 MMC
SN18KUJ,stagecoach-london,11042,241,ADL Enviro400 MMC
SN18KUK,stagecoach-london,11043,241,ADL Enviro400 MMC
YY18TGF,stagecoach-london,11044,241,ADL Enviro400 MMC
YY18TGJ,stagecoach-london,11045,241,ADL Enviro400 MMC
YY18TGK,stagecoach-london,11046,241,ADL Enviro400 MMC
YY18TGN,stagecoach-london,11047,241,ADL Enviro400 MMC
YY18TGO,stagecoach-london,11048,241,ADL Enviro400 MMC
YY18TGU,stagecoach-london,11049,241,ADL Enviro400 MMC
YY18TGV,stagecoach-london,11050,241,ADL Enviro400 MMC
YY18TGX,stagecoach-london,11051,241,ADL Enviro400 MMC
YY18TGZ,stagecoach-london,11052,241,ADL Enviro400 MMC
YY18THF,stagecoach-london,11053,241,ADL Enviro400 MMC
YY18THG,stagecoach-london,11054,241,ADL Enviro400 MMC
YX68UMU,stagecoach-london,11055,75,ADL Enviro400 MMC
YX68UMV,stagecoach-london,11056,136,ADL Enviro400 MMC
YX68UMW,stagecoach-london,11057,54,ADL Enviro400 MMC
YX68UMY,stagecoach-london,11058,136,ADL Enviro400 MMC
YX68UMZ,stagecoach-london,11059,54,ADL Enviro400 MMC
YX68UNB,stagecoach-london,11060,136,ADL Enviro400 MMC
YX68UNE,stagecoach-london,11061,54,ADL Enviro400 MMC
YX68UNF,stagecoach-london,11062,136,ADL Enviro400 MMC
YX68UNG,stagecoach-london,11063,136,ADL Enviro400 MMC
YX68UTG,stagecoach-london,11064,261,ADL Enviro400 MMC
YX68UTH,stagecoach-london,11065,61,ADL Enviro400 MMC
YX68UTJ,stagecoach-london,11066,261,ADL Enviro400 MMC
YX68UTK,stagecoach-london,11067,314,ADL Enviro400 MMC
YX68UTL,stagecoach-london,11068,261,ADL Enviro400 MMC
YX68UTM,stagecoach-london,11069,61,ADL Enviro400 MMC
YX68UTN,stagecoach-london,11070,261,ADL Enviro400 MMC
YX68UTO,stagecoach-london,11071,638,ADL Enviro400 MMC
YX68UTP,stagecoach-london,11072,261,ADL Enviro400 MMC
YX68UTR,stagecoach-london,11073,261,ADL Enviro400 MMC
YX68UTT,stagecoach-london,11074,261,ADL Enviro400 MMC
YX19OMA,stagecoach-london,11075,136,ADL Enviro400 MMC
YX19OMC,stagecoach-london,11076,425,ADL Enviro400 MMC
YX19OMD,stagecoach-london,11077,136,ADL Enviro400 MMC
YX19OME,stagecoach-london,11078,54,ADL Enviro400 MMC
YX19OMF,stagecoach-london,11079,205,ADL Enviro400 MMC
YX19OMG,stagecoach-london,11080,54,ADL Enviro400 MMC
YX19OMH,stagecoach-london,11081,136,ADL Enviro400 MMC
SO68HDJ,stagecoach-london,11301,54,ADL Enviro400 MMC
SO68HDK,stagecoach-london,11302,75,ADL Enviro400 MMC
SO68HDL,stagecoach-london,11303,54,ADL Enviro400 MMC
SO68HDN,stagecoach-london,11304,47,ADL Enviro400 MMC
SO68HDU,stagecoach-london,11305,136,ADL Enviro400 MMC
SO68HDV,stagecoach-london,11306,54,ADL Enviro400 MMC
SO68HDX,stagecoach-london,11307,54,ADL Enviro400 MMC
SO68HDY,stagecoach-london,11308,75,ADL Enviro400 MMC
SK19EKX,stagecoach-london,11309,54,ADL Enviro400 MMC
SK19EKY,stagecoach-london,11310,661,ADL Enviro400 MMC
SK19EKZ,stagecoach-london,11311,136,ADL Enviro400 MMC
SK19ELC,stagecoach-london,11312,54,ADL Enviro400 MMC
SK19ELH,stagecoach-london,11313,75,ADL Enviro400 MMC
SK19ELJ,stagecoach-london,11314,75,ADL Enviro400 MMC
SK19ELO,stagecoach-london,11315,136,ADL Enviro400 MMC
SK19ELU,stagecoach-london,11316,75,ADL Enviro400 MMC
YW68PCV,stagecoach-london,11317,136,ADL Enviro400 MMC
YW68PCU,stagecoach-london,11318,136,ADL Enviro400 MMC
YW68PCO,stagecoach-london,11319,199,ADL Enviro400 MMC
YW68PCF,stagecoach-london,11320,75,ADL Enviro400 MMC
YW68PBZ,stagecoach-london,11321,136,ADL Enviro400 MMC
YW68OZL,stagecoach-london,11322,75,ADL Enviro400 MMC
YW68OZM,stagecoach-london,11323,136,ADL Enviro400 MMC
YW68OZN,stagecoach-london,11324,75,ADL Enviro400 MMC
YW68OZO,stagecoach-london,11325,54,ADL Enviro400 MMC
YW68OZP,stagecoach-london,11326,47,ADL Enviro400 MMC
YW68OZR,stagecoach-london,11327,136,ADL Enviro400 MMC
YW68OZS,stagecoach-london,11328,75,ADL Enviro400 MMC
YW68OZT,stagecoach-london,11329,47,ADL Enviro400 MMC
YW68OZU,stagecoach-london,11330,54,ADL Enviro400 MMC
YW68OZV,stagecoach-london,11331,75,ADL Enviro400 MMC
YW68OZX,stagecoach-london,11332,136,ADL Enviro400 MMC
YW68PAO,stagecoach-london,11333,54,ADL Enviro400 MMC
YW68PBF,stagecoach-london,11334,75,ADL Enviro400 MMC
YW68PBO,stagecoach-london,11335,75,ADL Enviro400 MMC
SK20AXT,stagecoach-london,11341,122,ADL Enviro400 MMC
SK20AXU,stagecoach-london,11342,8,ADL Enviro400 MMC
SK20AXV,stagecoach-london,11343,25,ADL Enviro400 MMC
SK20AXW,stagecoach-london,11344,25,ADL Enviro400 MMC
SK20AXX,stagecoach-london,11345,425,ADL Enviro400 MMC
SK20AXY,stagecoach-london,11346,25,ADL Enviro400 MMC
SK20AXZ,stagecoach-london,11347,425,ADL Enviro400 MMC
SK20AYA,stagecoach-london,11348,25,ADL Enviro400 MMC
SK20AYB,stagecoach-london,11349,25,ADL Enviro400 MMC
SK20AYC,stagecoach-london,11350,25,ADL Enviro400 MMC
SK20AYD,stagecoach-london,11351,25,ADL Enviro400 MMC
SK20AYF,stagecoach-london,11352,425,ADL Enviro400 MMC
SK20AYG,stagecoach-london,11353,425,ADL Enviro400 MMC
SK20AYH,stagecoach-london,11354,25,ADL Enviro400 MMC
SK20AYJ,stagecoach-london,11355,425,ADL Enviro400 MMC
SK20AYL,stagecoach-london,11356,425,ADL Enviro400 MMC
SK20AYM,stagecoach-london,11357,425,ADL Enviro400 MMC
SK20AYN,stagecoach-london,11358,25,ADL Enviro400 MMC
SK20AYO,stagecoach-london,11359,425,ADL Enviro400 MMC
SK20AYP,stagecoach-london,11360,425,ADL Enviro400 MMC
SK20AYS,stagecoach-london,11361,425,ADL Enviro400 MMC
SK20AYT,stagecoach-london,11362,25,ADL Enviro400 MMC
SK20AYU,stagecoach-london,11363,25,ADL Enviro400 MMC
SK20AYV,stagecoach-london,11364,25,ADL Enviro400 MMC
SK20AYW,stagecoach-london,11365,425,ADL Enviro400 MMC
SK20AYX,stagecoach-london,11366,425,ADL Enviro400 MMC
SK20AYY,stagecoach-london,11367,425,ADL Enviro400 MMC
SK20AYZ,stagecoach-london,11368,425,ADL Enviro400 MMC
SK20AZA,stagecoach-london,11369,25,ADL Enviro400 MMC
SK20AZB,stagecoach-london,11370,25,ADL Enviro400 MMC
SK20AZC,stagecoach-london,11371,425,ADL Enviro400 MMC
SK20AZD,stagecoach-london,11372,25,ADL Enviro400 MMC
SK20AZF,stagecoach-london,11373,25,ADL Enviro400 MMC
SK20AZG,stagecoach-london,11374,425,ADL Enviro400 MMC
SK20AZJ,stagecoach-london,11375,8,ADL Enviro400 MMC
SK20BBE,stagecoach-london,11376,425,ADL Enviro400 MMC
SK20BBF,stagecoach-london,11377,25,ADL Enviro400 MMC
SK20BBJ,stagecoach-london,11378,425,ADL Enviro400 MMC
SK20BBN,stagecoach-london,11379,25,ADL Enviro400 MMC
SK20BBO,stagecoach-london,11380,25,ADL Enviro400 MMC
SK20BBU,stagecoach-london,11381,25,ADL Enviro400 MMC
SK20BBV,stagecoach-london,11382,25,ADL Enviro400 MMC
SK20BBX,stagecoach-london,11383,425,ADL Enviro400 MMC
SK20BBZ,stagecoach-london,11384,425,ADL Enviro400 MMC
SK20BCE,stagecoach-london,11385,25,ADL Enviro400 MMC
SK20BCF,stagecoach-london,11386,425,ADL Enviro400 MMC
SK20BCO,stagecoach-london,11387,8,ADL Enviro400 MMC
SK20BCU,stagecoach-london,11388,25,ADL Enviro400 MMC
SK20BCV,stagecoach-london,11389,425,ADL Enviro400 MMC
SK20BCX,stagecoach-london,11390,25,ADL Enviro400 MMC
SK20BCY,stagecoach-london,11391,25,ADL Enviro400 MMC
SK20BCZ,stagecoach-london,11392,25,ADL Enviro400 MMC
SK20BDE,stagecoach-london,11393,25,ADL Enviro400 MMC
SK20BDF,stagecoach-london,11394,425,ADL Enviro400 MMC
SK20BDO,stagecoach-london,11395,25,ADL Enviro400 MMC
SK20BDU,stagecoach-london,11396,25,ADL Enviro400 MMC
SK20BDV,stagecoach-london,11397,425,ADL Enviro400 MMC
SK20BDX,stagecoach-london,11398,25,ADL Enviro400 MMC
SK20BDY,stagecoach-london,11399,25,ADL Enviro400 MMC
LX61DFD,stagecoach-london,12128,257,ADL Enviro400H
LX61DFE,stagecoach-london,12129,56,ADL Enviro400H
LX61DFF,stagecoach-london,12130,56,ADL Enviro400H
LX61DFG,stagecoach-london,12131,56,ADL Enviro400H
LX61DFJ,stagecoach-london,12132,56,ADL Enviro400H
LX61DFK,stagecoach-london,12133,56,ADL Enviro400H
LX61DFL,stagecoach-london,12134,55,ADL Enviro400H
LX61DFN,stagecoach-london,12135,215,ADL Enviro400H
LX61DFO,stagecoach-london,12136,20,ADL Enviro400H
LX61DDL,stagecoach-london,12138,56,ADL Enviro400H
LX61DDN,stagecoach-london,12139,56,ADL Enviro400H
LX61DDU,stagecoach-london,12141,20,ADL Enviro400H
LX61DDZ,stagecoach-london,12144,56,ADL Enviro400H
LX61DEU,stagecoach-london,12145,20,ADL Enviro400H
LX61DFA,stagecoach-london,12146,20,ADL Enviro400H
LX61DFC,stagecoach-london,12147,56,ADL Enviro400H
LX61DCO,stagecoach-london,12148,56,ADL Enviro400H
LX61DCU,stagecoach-london,12149,20,ADL Enviro400H
LX61DDA,stagecoach-london,12153,56,ADL Enviro400H
SN14TVW,stagecoach-london,12261,122,ADL Enviro400H
SN14TVX,stagecoach-london,12262,122,ADL Enviro400H
SN14TVY,stagecoach-london,12263,161,ADL Enviro400H
SN14TVZ,stagecoach-london,12264,177,ADL Enviro400H
SN14TWA,stagecoach-london,12265,122,ADL Enviro400H
SN14TWC,stagecoach-london,12266,177,ADL Enviro400H
SN14TWD,stagecoach-london,12267,422,ADL Enviro400H
SN14TWE,stagecoach-london,12268,122,ADL Enviro400H
SN14TWF,stagecoach-london,12269,177,ADL Enviro400H
SN14TWG,stagecoach-london,12270,161,ADL Enviro400H
SN14TWJ,stagecoach-london,12271,53,ADL Enviro400H
SN14TWK,stagecoach-london,12272,53,ADL Enviro400H
SN14TWL,stagecoach-london,12273,161,ADL Enviro400H
SN14TWU,stagecoach-london,12276,53,ADL Enviro400H
SN14TWV,stagecoach-london,12277,53,ADL Enviro400H
SN14TWW,stagecoach-london,12278,53,ADL Enviro400H
SN14TWX,stagecoach-london,12279,122,ADL Enviro400H
SN14TWY,stagecoach-london,12280,177,ADL Enviro400H
SN14TWZ,stagecoach-london,12281,122,ADL Enviro400H
SN14TXF,stagecoach-london,12287,96,ADL Enviro400H
SN14TXG,stagecoach-london,12288,53,ADL Enviro400H
SN14TXJ,stagecoach-london,12290,53,ADL Enviro400H
SN14TXK,stagecoach-london,12291,53,ADL Enviro400H
SN14TXL,stagecoach-london,12292,53,ADL Enviro400H
SN14TXM,stagecoach-london,12293,472,ADL Enviro400H
SN14TXO,stagecoach-london,12294,97,ADL Enviro400H
SN14TXP,stagecoach-london,12295,602,ADL Enviro400H
SN14TXR,stagecoach-london,12296,96,ADL Enviro400H
SN14TXS,stagecoach-london,12297,96,ADL Enviro400H
SN14TXT,stagecoach-london,12298,96,ADL Enviro400H
SN14TXU,stagecoach-london,12299,53,ADL Enviro400H
SN14TXV,stagecoach-london,12300,161,ADL Enviro400H
SN14TXW,stagecoach-london,12301,205,ADL Enviro400H
SN14TXX,stagecoach-london,12302,161,ADL Enviro400H
SN14TXY,stagecoach-london,12303,161,ADL Enviro400H
SN14TXZ,stagecoach-london,12304,96,ADL Enviro400H
SN14TYA,stagecoach-london,12305,422,ADL Enviro400H
SN14TYB,stagecoach-london,12306,177,ADL Enviro400H
WLT307,stagecoach-london,12307,161,ADL Enviro400H
SN14TYD,stagecoach-london,12308,8,ADL Enviro400H
SN14TYF,stagecoach-london,12309,205,ADL Enviro400H
SN14TYG,stagecoach-london,12310,205,ADL Enviro400H
SN14TYH,stagecoach-london,12311,205,ADL Enviro400H
SN14TYK,stagecoach-london,12312,205,ADL Enviro400H
SN14TYO,stagecoach-london,12313,205,ADL Enviro400H
SN14TYP,stagecoach-london,12314,8,ADL Enviro400H
SN14TYS,stagecoach-london,12315,205,ADL Enviro400H
SN14TYT,stagecoach-london,12316,205,ADL Enviro400H
SN14TYU,stagecoach-london,12317,205,ADL Enviro400H
SN14TYV,stagecoach-london,12318,205,ADL Enviro400H
SK14CSX,stagecoach-london,12319,8,ADL Enviro400H
SK14CSY,stagecoach-london,12320,205,ADL Enviro400H
SK14CTE,stagecoach-london,12322,205,ADL Enviro400H
SL14LRO,stagecoach-london,12324,161,ADL Enviro400H
SL14LNP,stagecoach-london,12325,161,ADL Enviro400H
SL14LNR,stagecoach-london,12326,161,ADL Enviro400H
SL14LNT,stagecoach-london,12327,205,ADL Enviro400H
SL14LNU,stagecoach-london,12328,205,ADL Enviro400H
SL14LNV,stagecoach-london,12329,205,ADL Enviro400H
SL14LNW,stagecoach-london,12330,205,ADL Enviro400H
SL14LNX,stagecoach-london,12331,205,ADL Enviro400H
SL14LNY,stagecoach-london,12332,205,ADL Enviro400H
SL14LNZ,stagecoach-london,12333,205,ADL Enviro400H
SN64OGG,stagecoach-london,12334,205,ADL Enviro400H
SN64OGH,stagecoach-london,12335,56,ADL Enviro400H
SN64OGK,stagecoach-london,12337,650,ADL Enviro400H
SN64OGL,stagecoach-london,12338,96,ADL Enviro400H
SN64OGM,stagecoach-london,12339,161,ADL Enviro400H
SN64OGO,stagecoach-london,12340,422,ADL Enviro400H
SN64OGP,stagecoach-london,12341,56,ADL Enviro400H
SN64OGR,stagecoach-london,12342,53,ADL Enviro400H
SN64OGS,stagecoach-london,12343,N53,ADL Enviro400H
SN64OGT,stagecoach-london,12344,161,ADL Enviro400H
SN64OGU,stagecoach-london,12345,161,ADL Enviro400H
SN64OGW,stagecoach-london,12347,122,ADL Enviro400H
SN64OGX,stagecoach-london,12348,56,ADL Enviro400H
SN64OGY,stagecoach-london,12349,56,ADL Enviro400H
SN64OGZ,stagecoach-london,12350,20,ADL Enviro400H
SN64OHA,stagecoach-london,12351,56,ADL Enviro400H
SN64OHB,stagecoach-london,12352,56,ADL Enviro400H
SN64OHC,stagecoach-london,12353,215,ADL Enviro400H
SN64OHD,stagecoach-london,12354,20,ADL Enviro400H
SN64OHE,stagecoach-london,12355,55,ADL Enviro400H
SN64OHF,stagecoach-london,12356,56,ADL Enviro400H
SN64OHJ,stagecoach-london,12359,53,ADL Enviro400H
SN15LRJ,stagecoach-london,12364,53,ADL Enviro400H
YX16OGD,stagecoach-london,12365,177,ADL Enviro400H MMC
YX16OGE,stagecoach-london,12366,53,ADL Enviro400H MMC
YX16OGF,stagecoach-london,12367,161,ADL Enviro400H MMC
YX16OGG,stagecoach-london,12368,53,ADL Enviro400H MMC
YX16OGH,stagecoach-london,12369,177,ADL Enviro400H MMC
YX16OGJ,stagecoach-london,12370,161,ADL Enviro400H MMC
YX16OGK,stagecoach-london,12371,122,ADL Enviro400H MMC
YX16OGM,stagecoach-london,12373,177,ADL Enviro400H MMC
YX16OGN,stagecoach-london,12374,161,ADL Enviro400H MMC
YX16OGO,stagecoach-london,12375,422,ADL Enviro400H MMC
YX16OGP,stagecoach-london,12376,53,ADL Enviro400H MMC
YX16OGR,stagecoach-london,12377,53,ADL Enviro400H MMC
YX16OGS,stagecoach-london,12378,177,ADL Enviro400H MMC
YX16OGT,stagecoach-london,12379,53,ADL Enviro400H MMC
YX16OGU,stagecoach-london,12380,122,ADL Enviro400H MMC
YX16OGV,stagecoach-london,12381,161,ADL Enviro400H MMC
YX16OGW,stagecoach-london,12382,602,ADL Enviro400H MMC
YX16OGY,stagecoach-london,12383,53,ADL Enviro400H MMC
YX16OGZ,stagecoach-london,12384,177,ADL Enviro400H MMC
YX16OHA,stagecoach-london,12385,53,ADL Enviro400H MMC
YX16OHB,stagecoach-london,12386,422,ADL Enviro400H MMC
YX16OHC,stagecoach-london,12387,53,ADL Enviro400H MMC
YX16OHD,stagecoach-london,12388,422,ADL Enviro400H MMC
YX16OHE,stagecoach-london,12389,53,ADL Enviro400H MMC
YX16OHF,stagecoach-london,12390,53,ADL Enviro400H MMC
YX16OHG,stagecoach-london,12391,422,ADL Enviro400H MMC
YX16OHH,stagecoach-london,12392,161,ADL Enviro400H MMC
YX16OHJ,stagecoach-london,12393,161,ADL Enviro400H MMC
YX16OHL,stagecoach-london,12395,53,ADL Enviro400H MMC
YX16OHN,stagecoach-london,12396,53,ADL Enviro400H MMC
YX16OHO,stagecoach-london,12397,422,ADL Enviro400H MMC
YX16OHP,stagecoach-london,12398,145,ADL Enviro400H MMC
YX16OHR,stagecoach-london,12399,169,ADL Enviro400H MMC
YX16OHS,stagecoach-london,12400,145,ADL Enviro400H MMC
YX66WCP,stagecoach-london,12401,145,ADL Enviro400H MMC
YX66WAU,stagecoach-london,12402,145,ADL Enviro400H MMC
YY66PHA,stagecoach-london,12403,179,ADL Enviro400H MMC
YY66PHF,stagecoach-london,12404,238,ADL Enviro400H MMC
YY66PHJ,stagecoach-london,12405,145,ADL Enviro400H MMC
YY66PHK,stagecoach-london,12406,179,ADL Enviro400H MMC
YY66PHN,stagecoach-london,12407,179,ADL Enviro400H MMC
YY66PHO,stagecoach-london,12408,145,ADL Enviro400H MMC
YY66PHU,stagecoach-london,12409,238,ADL Enviro400H MMC
YY66PHV,stagecoach-london,12410,N551,ADL Enviro400H MMC
YY66PHX,stagecoach-london,12411,145,ADL Enviro400H MMC
YY66PHZ,stagecoach-london,12412,238,ADL Enviro400H MMC
YY66PJJ,stagecoach-london,12413,62,ADL Enviro400H MMC
YY66PJO,stagecoach-london,12414,145,ADL Enviro400H MMC
YY66PJU,stagecoach-london,12415,145,ADL Enviro400H MMC
YY66PJV,stagecoach-london,12416,145,ADL Enviro400H MMC
YY66PJX,stagecoach-london,12417,238,ADL Enviro400H MMC
YY66PKA,stagecoach-london,12418,145,ADL Enviro400H MMC
YY66PKC,stagecoach-london,12419,145,ADL Enviro400H MMC
YY66PKD,stagecoach-london,12420,145,ADL Enviro400H MMC
YY66PKE,stagecoach-london,12421,62,ADL Enviro400H MMC
YY66PKF,stagecoach-london,12422,N551,ADL Enviro400H MMC
YY66PXT,stagecoach-london,12423,179,ADL Enviro400H MMC
YY66PXU,stagecoach-london,12424,145,ADL Enviro400H MMC
YY66PXV,stagecoach-london,12425,145,ADL Enviro400H MMC
YX67VBC,stagecoach-london,12426,179,ADL Enviro400H MMC
YX67VBD,stagecoach-london,12427,179,ADL Enviro400H MMC
YX67VBE,stagecoach-london,12428,179,ADL Enviro400H MMC
YX67VBF,stagecoach-london,12429,145,ADL Enviro400H MMC
YX67VBG,stagecoach-london,12430,145,ADL Enviro400H MMC
YX67VBJ,stagecoach-london,12431,238,ADL Enviro400H MMC
YX67VBK,stagecoach-london,12432,145,ADL Enviro400H MMC
SN67XDW,stagecoach-london,12433,177,ADL Enviro400H MMC
SN67XDX,stagecoach-london,12434,177,ADL Enviro400H MMC
SN67XDY,stagecoach-london,12435,180,ADL Enviro400H MMC
SN67XDZ,stagecoach-london,12436,53,ADL Enviro400H MMC
SN67XEB,stagecoach-london,12437,177,ADL Enviro400H MMC
SN67XEC,stagecoach-london,12438,122,ADL Enviro400H MMC
SN67XED,stagecoach-london,12439,53,ADL Enviro400H MMC
SN67XEE,stagecoach-london,12440,177,ADL Enviro400H MMC
SN67XEF,stagecoach-london,12441,53,ADL Enviro400H MMC
SN67XEG,stagecoach-london,12442,53,ADL Enviro400H MMC
SN67XEH,stagecoach-london,12443,422,ADL Enviro400H MMC
SN67XEJ,stagecoach-london,12444,602,ADL Enviro400H MMC
SN67XEK,stagecoach-london,12445,180,ADL Enviro400H MMC
SN67XEL,stagecoach-london,12446,669,ADL Enviro400H MMC
SN67XEM,stagecoach-london,12447,672,ADL Enviro400H MMC
SN67XEO,stagecoach-london,12448,180,ADL Enviro400H MMC
SN67XEP,stagecoach-london,12449,53,ADL Enviro400H MMC
SN67XER,stagecoach-london,12450,53,ADL Enviro400H MMC
SN67XES,stagecoach-london,12451,161,ADL Enviro400H MMC
SN62DND,stagecoach-london,12500,205,ADL Enviro400H
SN16OHP,stagecoach-london,12501,26,ADL Enviro400H City
SN16OHR,stagecoach-london,12502,26,ADL Enviro400H City
SN16OHS,stagecoach-london,12503,26,ADL Enviro400H City
SN16OHT,stagecoach-london,12504,388,ADL Enviro400H City
SN16OHU,stagecoach-london,12505,26,ADL Enviro400H City
SN16OHV,stagecoach-london,12506,388,ADL Enviro400H City
SN16OHW,stagecoach-london,12507,26,ADL Enviro400H City
SN16OHX,stagecoach-london,12508,26,ADL Enviro400H City
SN16OHY,stagecoach-london,12509,388,ADL Enviro400H City
SN16OHZ,stagecoach-london,12510,26,ADL Enviro400H City
SN16OJA,stagecoach-london,12511,26,ADL Enviro400H City
SN16OJB,stagecoach-london,12512,388,ADL Enviro400H City
SN16OJC,stagecoach-london,12513,388,ADL Enviro400H City
SN16OJD,stagecoach-london,12514,26,ADL Enviro400H City
SN16OJE,stagecoach-london,12515,26,ADL Enviro400H City
SN16OJF,stagecoach-london,12516,N550,ADL Enviro400H City
SN16OJG,stagecoach-london,12517,26,ADL Enviro400H City
SN16OJH,stagecoach-london,12518,26,ADL Enviro400H City
SN16OJJ,stagecoach-london,12519,26,ADL Enviro400H City
SN16OJK,stagecoach-london,12520,N26,ADL Enviro400H City
SN16OJL,stagecoach-london,12521,388,ADL Enviro400H City
SN66WRE,stagecoach-london,12522,388,ADL Enviro400H City
SN66WRG,stagecoach-london,12523,20,ADL Enviro400H City
SN66WRJ,stagecoach-london,12524,388,ADL Enviro400H City
SN66WRK,stagecoach-london,12525,388,ADL Enviro400H City
SN66WRL,stagecoach-london,12526,388,ADL Enviro400H City
SN66WRO,stagecoach-london,12527,26,ADL Enviro400H City
SN66WRP,stagecoach-london,12528,26,ADL Enviro400H City
SN66WRR,stagecoach-london,12529,26,ADL Enviro400H City
SN66WRT,stagecoach-london,12530,26,ADL Enviro400H City
SN66WRU,stagecoach-london,12531,388,ADL Enviro400H City
SN66WRV,stagecoach-london,12532,388,ADL Enviro400H City
SN66WRW,stagecoach-london,12533,26,ADL Enviro400H City
SN66WRX,stagecoach-london,12534,26,ADL Enviro400H City
SN66WRZ,stagecoach-london,12535,26,ADL Enviro400H City
SN66WSD,stagecoach-london,12536,26,ADL Enviro400H City
SN66WSE,stagecoach-london,12537,26,ADL Enviro400H City
SN65OHP,stagecoach-london,12538,20,ADL Enviro400H City
YX19ORO,stagecoach-london,12539,56,ADL Enviro400H City
YX19ORP,stagecoach-london,12540,20,ADL Enviro400H City
YX19ORS,stagecoach-london,12541,56,ADL Enviro400H City
YX19ORT,stagecoach-london,12542,55,ADL Enviro400H City
YX19ORU,stagecoach-london,12543,56,ADL Enviro400H City
YX19ORV,stagecoach-london,12544,56,ADL Enviro400H City
YX19ORW,stagecoach-london,12545,20,ADL Enviro400H City
YX19ORY,stagecoach-london,12546,56,ADL Enviro400H City
YX19ORZ,stagecoach-london,12547,20,ADL Enviro400H City
E17HCT,stagecoach-london,12548,20,ADL Enviro400H City
E20HCT,stagecoach-london,12549,20,ADL Enviro400H City
BF15KGK,stagecoach-london,13061,177,Volvo B5LH ADL Enviro400 MMC
BF15KGN,stagecoach-london,13062,122,Volvo B5LH ADL Enviro400 MMC
BF15KGP,stagecoach-london,13063,122,Volvo B5LH ADL Enviro400 MMC
BF15KGU,stagecoach-london,13064,422,Volvo B5LH ADL Enviro400 MMC
BF15KGV,stagecoach-london,13065,177,Volvo B5LH ADL Enviro400 MMC
BF15KGX,stagecoach-london,13066,180,Volvo B5LH ADL Enviro400 MMC
BF15KGY,stagecoach-london,13067,177,Volvo B5LH ADL Enviro400 MMC
BF15KGZ,stagecoach-london,13068,122,Volvo B5LH ADL Enviro400 MMC
BF15KHB,stagecoach-london,13069,177,Volvo B5LH ADL Enviro400 MMC
BF15KHC,stagecoach-london,13070,177,Volvo B5LH ADL Enviro400 MMC
BF15KHD,stagecoach-london,13071,180,Volvo B5LH ADL Enviro400 MMC
BF15KHG,stagecoach-london,13072,177,Volvo B5LH ADL Enviro400 MMC
BF15KHH,stagecoach-london,13073,180,Volvo B5LH ADL Enviro400 MMC
BF15KHJ,stagecoach-london,13074,53,Volvo B5LH ADL Enviro400 MMC
BJ15TVZ,stagecoach-london,13075,177,Volvo B5LH ADL Enviro400 MMC
BJ15TWA,stagecoach-london,13076,122,Volvo B5LH ADL Enviro400 MMC
BF15KHA,stagecoach-london,13077,53,Volvo B5LH ADL Enviro400 MMC
BJ15TWC,stagecoach-london,13078,422,Volvo B5LH ADL Enviro400 MMC
BF15KGJ,stagecoach-london,13079,53,Volvo B5LH ADL Enviro400 MMC
BF15KGO,stagecoach-london,13080,177,Volvo B5LH ADL Enviro400 MMC
BF15KHE,stagecoach-london,13081,97,Volvo B5LH ADL Enviro400 MMC
BL65OYA,stagecoach-london,13082,97,Volvo B5LH ADL Enviro400 MMC
BL65OYB,stagecoach-london,13083,47,Volvo B5LH ADL Enviro400 MMC
BL65OYC,stagecoach-london,13084,47,Volvo B5LH ADL Enviro400 MMC
BL65OYD,stagecoach-london,13085,54,Volvo B5LH ADL Enviro400 MMC
BL65OYE,stagecoach-london,13086,47,Volvo B5LH ADL Enviro400 MMC
BL65OYF,stagecoach-london,13087,47,Volvo B5LH ADL Enviro400 MMC
BL65OYG,stagecoach-london,13088,54,Volvo B5LH ADL Enviro400 MMC
BL65OYH,stagecoach-london,13089,621,Volvo B5LH ADL Enviro400 MMC
BL65OYJ,stagecoach-london,13090,97,Volvo B5LH ADL Enviro400 MMC
BL65OYK,stagecoach-london,13091,75,Volvo B5LH ADL Enviro400 MMC
BL65OYM,stagecoach-london,13092,47,Volvo B5LH ADL Enviro400 MMC
BL65OYN,stagecoach-london,13093,47,Volvo B5LH ADL Enviro400 MMC
BL65OYO,stagecoach-london,13094,54,Volvo B5LH ADL Enviro400 MMC
BL65OYP,stagecoach-london,13095,47,Volvo B5LH ADL Enviro400 MMC
BL65OYR,stagecoach-london,13096,47,Volvo B5LH ADL Enviro400 MMC
BL65OYT,stagecoach-london,13097,136,Volvo B5LH ADL Enviro400 MMC
BL65OYU,stagecoach-london,13098,136,Volvo B5LH ADL Enviro400 MMC
BL65OYV,stagecoach-london,13099,97,Volvo B5LH ADL Enviro400 MMC
BL65OYW,stagecoach-london,13100,97,Volvo B5LH ADL Enviro400 MMC
BL65OYX,stagecoach-london,13101,97,Volvo B5LH ADL Enviro400 MMC
BL65OYY,stagecoach-london,13102,97,Volvo B5LH ADL Enviro400 MMC
BU16UXA,stagecoach-london,13121,135,Volvo B5LH Wright Eclipse Gemini 3
BU16UXB,stagecoach-london,13122,135,Volvo B5LH Wright Eclipse Gemini 3
BU16UXD,stagecoach-london,13123,135,Volvo B5LH Wright Eclipse Gemini 3
BU16UXG,stagecoach-london,13124,135,Volvo B5LH Wright Eclipse Gemini 3
BU16UXH,stagecoach-london,13125,135,Volvo B5LH Wright Eclipse Gemini 3
BU16UXJ,stagecoach-london,13126,135,Volvo B5LH Wright Eclipse Gemini 3
BU16UXL,stagecoach-london,13127,135,Volvo B5LH Wright Eclipse Gemini 3
BU16UXM,stagecoach-london,13128,97,Volvo B5LH Wright Eclipse Gemini 3
BU16UXO,stagecoach-london,13129,97,Volvo B5LH Wright Eclipse Gemini 3
BU16UXS,stagecoach-london,13130,135,Volvo B5LH Wright Eclipse Gemini 3
BU16UXT,stagecoach-london,13131,135,Volvo B5LH Wright Eclipse Gemini 3
BU16UXV,stagecoach-london,13132,135,Volvo B5LH Wright Eclipse Gemini 3
BU16UXW,stagecoach-london,13133,135,Volvo B5LH Wright Eclipse Gemini 3
BU16UXX,stagecoach-london,13134,135,Volvo B5LH Wright Eclipse Gemini 3
BU16UXY,stagecoach-london,13135,308,Volvo B5LH Wright Eclipse Gemini 3
BU16UXZ,stagecoach-london,13136,135,Volvo B5LH Wright Eclipse Gemini 3
BU16UYB,stagecoach-london,13137,135,Volvo B5LH Wright Eclipse Gemini 3
LJ17WRF,stagecoach-london,13138,308,Volvo B5LH MCV EvoSeti
LJ17WRK,stagecoach-london,13139,308,Volvo B5LH MCV EvoSeti
LJ17WRL,stagecoach-london,13140,308,Volvo B5LH MCV EvoSeti
LJ17WTK,stagecoach-london,13141,97,Volvo B5LH MCV EvoSeti
LJ17WTL,stagecoach-london,13142,308,Volvo B5LH MCV EvoSeti
LJ17WTM,stagecoach-london,13143,308,Volvo B5LH MCV EvoSeti
LJ17WTN,stagecoach-london,13144,308,Volvo B5LH MCV EvoSeti
LJ17WTO,stagecoach-london,13145,308,Volvo B5LH MCV EvoSeti
LJ17WTP,stagecoach-london,13146,58,Volvo B5LH MCV EvoSeti
LJ17WTR,stagecoach-london,13147,308,Volvo B5LH MCV EvoSeti
LJ17WTT,stagecoach-london,13148,308,Volvo B5LH MCV EvoSeti
LJ17WTU,stagecoach-london,13149,308,Volvo B5LH MCV EvoSeti
LJ17WTV,stagecoach-london,13150,97,Volvo B5LH MCV EvoSeti
LJ17WTW,stagecoach-london,13151,135,Volvo B5LH MCV EvoSeti
LJ17WTX,stagecoach-london,13152,308,Volvo B5LH MCV EvoSeti
LJ17WTY,stagecoach-london,13153,308,Volvo B5LH MCV EvoSeti
LJ17WTZ,stagecoach-london,13154,97,Volvo B5LH MCV EvoSeti
LJ17WUA,stagecoach-london,13155,135,Volvo B5LH MCV EvoSeti
LJ17WUB,stagecoach-london,13156,308,Volvo B5LH MCV EvoSeti
LX58CDY,stagecoach-london,15002,365,Scania CN230UD OmniCity
LX58CDZ,stagecoach-london,15003,248,Scania CN230UD OmniCity
LX58CEA,stagecoach-london,15004,252,Scania CN230UD OmniCity
LX58CEJ,stagecoach-london,15006,372,Scania CN230UD OmniCity
LX58CFE,stagecoach-london,15015,280,Scania CN230UD OmniCity
LX58CFF,stagecoach-london,15016,365,Scania CN230UD OmniCity
LX58CFK,stagecoach-london,15019,490,Scania CN230UD OmniCity
LX58CFU,stagecoach-london,15025,,Scania CN230UD OmniCity
LX58CFV,stagecoach-london,15026,,Scania CN230UD OmniCity
LX58CFY,stagecoach-london,15027,,Scania CN230UD OmniCity
LX58CFZ,stagecoach-london,15028,,Scania CN230UD OmniCity
LX58CGG,stagecoach-london,15031,,Scania CN230UD OmniCity
LX09FZM,stagecoach-london,15115,100,Scania CN230UD OmniCity
SN68AFS,stagecoach-london,18901,97,Wright StreetDeck HEV
SN68AFT,stagecoach-london,18902,97,Wright StreetDeck HEV
SN68AFW,stagecoach-london,18903,97,Wright StreetDeck HEV
SN68AGA,stagecoach-london,18904,308,Wright StreetDeck HEV
SN68AGB,stagecoach-london,18905,97,Wright StreetDeck HEV
SN68AGC,stagecoach-london,18906,97,Wright StreetDeck HEV
SN68AGD,stagecoach-london,18907,97,Wright StreetDeck HEV
SK19FCX,stagecoach-london,18908,678,Wright StreetDeck HEV
SK19FCY,stagecoach-london,18909,97,Wright StreetDeck HEV
SK19FCZ,stagecoach-london,18910,97,Wright StreetDeck HEV
SK19FDA,stagecoach-london,18911,97,Wright StreetDeck HEV
SK19FDC,stagecoach-london,18912,97,Wright StreetDeck HEV
SK19FDD,stagecoach-london,18913,97,Wright StreetDeck HEV
SK19FDE,stagecoach-london,18914,97,Wright StreetDeck HEV
SK19FDF,stagecoach-london,18915,678,Wright StreetDeck HEV
SK19FDG,stagecoach-london,18916,97,Wright StreetDeck HEV
SK19FDJ,stagecoach-london,18917,97,Wright StreetDeck HEV
SK19FDL,stagecoach-london,18918,678,Wright StreetDeck HEV
SK19FDM,stagecoach-london,18919,97,Wright StreetDeck HEV
SK19FDN,stagecoach-london,18920,97,Wright StreetDeck HEV
SK19FDO,stagecoach-london,18921,678,Wright StreetDeck HEV
LX11AYT,stagecoach-london,19712,372,ADL Enviro400
LX11AYU,stagecoach-london,19713,365,ADL Enviro400
LX11AYV,stagecoach-london,19714,252,ADL Enviro400
LX11AYW,stagecoach-london,19715,372,ADL Enviro400
LX11AYY,stagecoach-london,19716,252,ADL Enviro400
LX11AYZ,stagecoach-london,19717,372,ADL Enviro400
LX11AZA,stagecoach-london,19718,365,ADL Enviro400
LX11AZB,stagecoach-london,19719,372,ADL Enviro400
LX11AZD,stagecoach-london,19721,365,ADL Enviro400
LX11AZF,stagecoach-london,19722,252,ADL Enviro400
LX11AZG,stagecoach-london,19723,252,ADL Enviro400
LX11AZJ,stagecoach-london,19724,372,ADL Enviro400
LX11AZL,stagecoach-london,19725,252,ADL Enviro400
LX11AZN,stagecoach-london,19726,256,ADL Enviro400
LX11AZO,stagecoach-london,19727,256,ADL Enviro400
LX11AZP,stagecoach-london,19728,496,ADL Enviro400
LX11AZR,stagecoach-london,19729,496,ADL Enviro400
LX11AZT,stagecoach-london,19730,499,ADL Enviro400
LX11AZU,stagecoach-london,19731,256,ADL Enviro400
LX11AZV,stagecoach-london,19732,365,ADL Enviro400
LX11AZW,stagecoach-london,19733,252,ADL Enviro400
LX11AZZ,stagecoach-london,19734,499,ADL Enviro400
LX11BAA,stagecoach-london,19735,496,ADL Enviro400
LX11BAO,stagecoach-london,19736,252,ADL Enviro400
LX11BAU,stagecoach-london,19737,365,ADL Enviro400
LX11BAV,stagecoach-london,19738,256,ADL Enviro400
LX11BBE,stagecoach-london,19739,499,ADL Enviro400
LX11BBF,stagecoach-london,19740,365,ADL Enviro400
LX11BBJ,stagecoach-london,19741,365,ADL Enviro400
LX11BDO,stagecoach-london,19757,169,ADL Enviro400
LX11BDU,stagecoach-london,19758,179,ADL Enviro400
LX11BDV,stagecoach-london,19759,145,ADL Enviro400
LX11BDY,stagecoach-london,19760,169,ADL Enviro400
LX11BDZ,stagecoach-london,19761,340,ADL Enviro400
LX11BEJ,stagecoach-london,19762,100,ADL Enviro400
LX11BEO,stagecoach-london,19763,241,ADL Enviro400
LX11BEU,stagecoach-london,19764,667,ADL Enviro400
LX11BFK,stagecoach-london,19769,310,ADL Enviro400
LX11BFM,stagecoach-london,19771,96,ADL Enviro400
LX11BFN,stagecoach-london,19772,177,ADL Enviro400
LX11BFO,stagecoach-london,19773,62,ADL Enviro400
LX11BFP,stagecoach-london,19774,179,ADL Enviro400
LX11BFU,stagecoach-london,19775,62,ADL Enviro400
LX11BFV,stagecoach-london,19776,145,ADL Enviro400
LX11BFY,stagecoach-london,19777,650,ADL Enviro400
LX11BFZ,stagecoach-london,19778,238,ADL Enviro400
LX11BGE,stagecoach-london,19779,275,ADL Enviro400
LX11BGK,stagecoach-london,19781,275,ADL Enviro400
LX11BGO,stagecoach-london,19782,169,ADL Enviro400
LX11BGU,stagecoach-london,19783,62,ADL Enviro400
LX11BGV,stagecoach-london,19784,169,ADL Enviro400
LX11BHA,stagecoach-london,19787,372,ADL Enviro400
LX11BHD,stagecoach-london,19788,372,ADL Enviro400
LX11BHE,stagecoach-london,19789,252,ADL Enviro400
LX11BHF,stagecoach-london,19790,372,ADL Enviro400
LX11BHJ,stagecoach-london,19791,372,ADL Enviro400
LX11BHK,stagecoach-london,19792,252,ADL Enviro400
LX11BHL,stagecoach-london,19793,252,ADL Enviro400
LX11BJJ,stagecoach-london,19804,314,ADL Enviro400
LX11BJK,stagecoach-london,19805,314,ADL Enviro400
LX11BJY,stagecoach-london,19809,241,ADL Enviro400
LX11BKG,stagecoach-london,19815,499,ADL Enviro400
LX11BKK,stagecoach-london,19817,422,ADL Enviro400
LX11BKL,stagecoach-london,19818,422,ADL Enviro400
LX11BKU,stagecoach-london,19821,496,ADL Enviro400
LX11BKY,stagecoach-london,19823,252,ADL Enviro400
LX11BLJ,stagecoach-london,19826,496,ADL Enviro400
LX11BLZ,stagecoach-london,19830,275,ADL Enviro400
LX11BMV,stagecoach-london,19833,372,ADL Enviro400
LX61DDE,stagecoach-london,19835,122,ADL Enviro400
LX61DDJ,stagecoach-london,19837,499,ADL Enviro400
LX61DBO,stagecoach-london,19842,365,ADL Enviro400
LX61DBU,stagecoach-london,19843,365,ADL Enviro400
LX61DBV,stagecoach-london,19844,D7,ADL Enviro400
LX61DBZ,stagecoach-london,19846,684,ADL Enviro400
LX12CZC,stagecoach-london,19849,D6,ADL Enviro400
LX12CZD,stagecoach-london,19850,D6,ADL Enviro400
LX12CZE,stagecoach-london,19851,256,ADL Enviro400
LX12CZG,stagecoach-london,19853,252,ADL Enviro400
LX12CZH,stagecoach-london,19854,649,ADL Enviro400
LX12CZM,stagecoach-london,19858,256,ADL Enviro400
LX12CZO,stagecoach-london,19860,122,ADL Enviro400
LX12CZP,stagecoach-london,19861,650,ADL Enviro400
LX12CZR,stagecoach-london,19862,122,ADL Enviro400
LX12CZT,stagecoach-london,19864,177,ADL Enviro400
LX12CZU,stagecoach-london,19865,422,ADL Enviro400
LX12CZV,stagecoach-london,19866,122,ADL Enviro400
LX12CZW,stagecoach-london,19867,177,ADL Enviro400
LX12CZY,stagecoach-london,19868,122,ADL Enviro400
LX12CZZ,stagecoach-london,19869,275,ADL Enviro400
LX12DAA,stagecoach-london,19870,275,ADL Enviro400
LX12DAO,stagecoach-london,19871,275,ADL Enviro400
LX11AWV,stagecoach-london,36280,325,ADL Enviro200
LX11AWW,stagecoach-london,36281,366,ADL Enviro200
LX11AWY,stagecoach-london,36282,314,ADL Enviro200
LX11AWZ,stagecoach-london,36283,314,ADL Enviro200
LX58CCK,stagecoach-london,36326,273,ADL Enviro200
LX09ACU,stagecoach-london,36338,58,ADL Enviro200
LX09ACV,stagecoach-london,36339,380,ADL Enviro200
LX09ADU,stagecoach-london,36343,P4,ADL Enviro200
LX59ECY,stagecoach-london,36368,D3,ADL Enviro200
LX59ECZ,stagecoach-london,36369,372,ADL Enviro200
YX11CNU,stagecoach-london,36397,W19,ADL Enviro200
YX11AEU,stagecoach-london,36399,W19,ADL Enviro200
LX12DHG,stagecoach-london,36528,124,ADL Enviro200
LX12DHJ,stagecoach-london,36529,273,ADL Enviro200
LX12DHK,stagecoach-london,36530,273,ADL Enviro200
LX12DHL,stagecoach-london,36531,273,ADL Enviro200
LX12DHM,stagecoach-london,36532,124,ADL Enviro200
LX12DHN,stagecoach-london,36533,273,ADL Enviro200
LX12DHO,stagecoach-london,36534,273,ADL Enviro200
LX12DHP,stagecoach-london,36535,273,ADL Enviro200
LX12DHU,stagecoach-london,36536,124,ADL Enviro200
LX12DHV,stagecoach-london,36537,124,ADL Enviro200
LX12DHY,stagecoach-london,36538,124,ADL Enviro200
LX12DHZ,stagecoach-london,36539,124,ADL Enviro200
LX12DJD,stagecoach-london,36540,124,ADL Enviro200
LX12DJE,stagecoach-london,36541,284,ADL Enviro200
LX12DJF,stagecoach-london,36542,323,ADL Enviro200
LX12DJU,stagecoach-london,36546,D6,ADL Enviro200
LX12DJV,stagecoach-london,36547,W19,ADL Enviro200
LX12DJY,stagecoach-london,36548,323,ADL Enviro200
LX12DJZ,stagecoach-london,36549,W19,ADL Enviro200
LX12DKA,stagecoach-london,36550,462,ADL Enviro200
LX12DKE,stagecoach-london,36552,167,ADL Enviro200
LX12DKF,stagecoach-london,36553,346,ADL Enviro200
LX12DKJ,stagecoach-london,36554,D6,ADL Enviro200
LX13CYW,stagecoach-london,36555,296,ADL Enviro200
LX13CZN,stagecoach-london,36570,323,ADL Enviro200
LX13CZO,stagecoach-london,36571,323,ADL Enviro200
LX13CZP,stagecoach-london,36572,323,ADL Enviro200
LX13CZR,stagecoach-london,36573,323,ADL Enviro200
LX13CZS,stagecoach-london,36574,323,ADL Enviro200
LX13CZT,stagecoach-london,36575,D6,ADL Enviro200
LX13CZU,stagecoach-london,36576,D6,ADL Enviro200
LX13CZV,stagecoach-london,36577,D6,ADL Enviro200
LX13CZW,stagecoach-london,36578,D6,ADL Enviro200
LX13CZY,stagecoach-london,36579,D6,ADL Enviro200
LX13CZZ,stagecoach-london,36580,D6,ADL Enviro200
YX63LGA,stagecoach-london,36581,138,ADL Enviro200
YX63LGC,stagecoach-london,36582,336,ADL Enviro200
YY64GRK,stagecoach-london,36584,124,ADL Enviro200
YY64GRU,stagecoach-london,36585,124,ADL Enviro200
YY64GRX,stagecoach-london,36586,273,ADL Enviro200
YY64GRZ,stagecoach-london,36587,124,ADL Enviro200
YY15OWU,stagecoach-london,36601,346,ADL Enviro200 MMC
YY15OWV,stagecoach-london,36602,246,ADL Enviro200 MMC
YY15OWW,stagecoach-london,36603,246,ADL Enviro200 MMC
YY15OWX,stagecoach-london,36604,246,ADL Enviro200 MMC
YY15OWZ,stagecoach-london,36605,246,ADL Enviro200 MMC
YY15OXA,stagecoach-london,36606,314,ADL Enviro200 MMC
YY15OXB,stagecoach-london,36607,246,ADL Enviro200 MMC
YY15OXC,stagecoach-london,36608,246,ADL Enviro200 MMC
YX16OHY,stagecoach-london,36609,336,ADL Enviro200 MMC
YX16OHZ,stagecoach-london,36610,146,ADL Enviro200 MMC
YX16OJZ,stagecoach-london,36611,336,ADL Enviro200 MMC
YX16OKP,stagecoach-london,36612,336,ADL Enviro200 MMC
YX16OKR,stagecoach-london,36613,336,ADL Enviro200 MMC
YX16OKS,stagecoach-london,36614,336,ADL Enviro200 MMC
YX16OKT,stagecoach-london,36615,336,ADL Enviro200 MMC
YX16OKU,stagecoach-london,36616,336,ADL Enviro200 MMC
YX16OKV,stagecoach-london,36617,336,ADL Enviro200 MMC
YX16OKW,stagecoach-london,36618,336,ADL Enviro200 MMC
YX16OKZ,stagecoach-london,36619,336,ADL Enviro200 MMC
YX16OLA,stagecoach-london,36620,B14,ADL Enviro200 MMC
YX16OLB,stagecoach-london,36621,336,ADL Enviro200 MMC
SN66WMT,stagecoach-london,36622,273,ADL Enviro200 MMC
SN66WMU,stagecoach-london,36623,124,ADL Enviro200 MMC
SN66WMV,stagecoach-london,36624,356,ADL Enviro200 MMC
SN66WMW,stagecoach-london,36625,273,ADL Enviro200 MMC
SN66WMX,stagecoach-london,36626,273,ADL Enviro200 MMC
SN66WMY,stagecoach-london,36627,124,ADL Enviro200 MMC
SN66WMZ,stagecoach-london,36628,124,ADL Enviro200 MMC
SN66WNA,stagecoach-london,36629,273,ADL Enviro200 MMC
SN66WNB,stagecoach-london,36630,124,ADL Enviro200 MMC
SN66WNC,stagecoach-london,36631,124,ADL Enviro200 MMC
SN17MKP,stagecoach-london,36632,462,ADL Enviro200 MMC
SN17MKU,stagecoach-london,36633,462,ADL Enviro200 MMC
SN17MKV,stagecoach-london,36634,462,ADL Enviro200 MMC
SN17MKX,stagecoach-london,36635,462,ADL Enviro200 MMC
SN17MKZ,stagecoach-london,36636,462,ADL Enviro200 MMC
SN17MLE,stagecoach-london,36637,462,ADL Enviro200 MMC
SN17MLF,stagecoach-london,36638,462,ADL Enviro200 MMC
SN17MLJ,stagecoach-london,36639,462,ADL Enviro200 MMC
SN17MLK,stagecoach-london,36640,167,ADL Enviro200 MMC
YX17NXF,stagecoach-london,36641,380,ADL Enviro200 MMC
YX17NXG,stagecoach-london,36642,380,ADL Enviro200 MMC
YX17NXH,stagecoach-london,36643,380,ADL Enviro200 MMC
YX17NXJ,stagecoach-london,36644,380,ADL Enviro200 MMC
YX17NXK,stagecoach-london,36645,380,ADL Enviro200 MMC
YX17NXL,stagecoach-london,36646,380,ADL Enviro200 MMC
YX17NXM,stagecoach-london,36647,380,ADL Enviro200 MMC
YX17NXO,stagecoach-london,36648,380,ADL Enviro200 MMC
YX17NXP,stagecoach-london,36649,380,ADL Enviro200 MMC
YX17NXR,stagecoach-london,36650,380,ADL Enviro200 MMC
YX17NXS,stagecoach-london,36651,380,ADL Enviro200 MMC
YX17NXT,stagecoach-london,36652,380,ADL Enviro200 MMC
YX17NXU,stagecoach-london,36653,380,ADL Enviro200 MMC
YX17NXV,stagecoach-london,36654,380,ADL Enviro200 MMC
YX17NXW,stagecoach-london,36655,380,ADL Enviro200 MMC
YX17NXY,stagecoach-london,36656,380,ADL Enviro200 MMC
SN17MLX,stagecoach-london,36657,167,ADL Enviro200 MMC
SN17MLY,stagecoach-london,36658,462,ADL Enviro200 MMC
SN17MLZ,stagecoach-london,36659,167,ADL Enviro200 MMC
SN17MMA,stagecoach-london,36660,362,ADL Enviro200 MMC
SN17MME,stagecoach-london,36661,167,ADL Enviro200 MMC
SN17MMF,stagecoach-london,36662,362,ADL Enviro200 MMC
SN17MMJ,stagecoach-london,36663,167,ADL Enviro200 MMC
SN17MMK,stagecoach-london,36664,462,ADL Enviro200 MMC
SN17MMU,stagecoach-london,36665,284,ADL Enviro200 MMC
SN17MLL,stagecoach-london,36666,167,ADL Enviro200 MMC
SN17MLO,stagecoach-london,36667,167,ADL Enviro200 MMC
SN17MLU,stagecoach-london,36668,362,ADL Enviro200 MMC
SN17MLV,stagecoach-london,36669,362,ADL Enviro200 MMC
YY67UTP,stagecoach-london,36671,284,ADL Enviro200 MMC
YY67UTR,stagecoach-london,36672,284,ADL Enviro200 MMC
YY67UTS,stagecoach-london,36673,284,ADL Enviro200 MMC
YY67UTT,stagecoach-london,36674,284,ADL Enviro200 MMC
YY67UTU,stagecoach-london,36675,284,ADL Enviro200 MMC
YY67UTV,stagecoach-london,36676,284,ADL Enviro200 MMC
YY67UTW,stagecoach-london,36677,284,ADL Enviro200 MMC
YY67UTX,stagecoach-london,36678,284,ADL Enviro200 MMC
YY67UTZ,stagecoach-london,36679,284,ADL Enviro200 MMC
YY67UUA,stagecoach-london,36680,284,ADL Enviro200 MMC
YY67UUB,stagecoach-london,36681,284,ADL Enviro200 MMC
YY67UUC,stagecoach-london,36682,284,ADL Enviro200 MMC
YY67UUD,stagecoach-london,36683,284,ADL Enviro200 MMC
YY67UUE,stagecoach-london,36684,284,ADL Enviro200 MMC
SN67XBM,stagecoach-london,36685,181,ADL Enviro200 MMC
SN67XBO,stagecoach-london,36686,181,ADL Enviro200 MMC
SN67XBP,stagecoach-london,36687,181,ADL Enviro200 MMC
SN67XBR,stagecoach-london,36688,181,ADL Enviro200 MMC
SN67XBS,stagecoach-london,36689,181,ADL Enviro200 MMC
SN67XBT,stagecoach-london,36690,181,ADL Enviro200 MMC
SN67XBU,stagecoach-london,36691,181,ADL Enviro200 MMC
SN67XBV,stagecoach-london,36692,181,ADL Enviro200 MMC
SN67XBW,stagecoach-london,36693,181,ADL Enviro200 MMC
SN67XBX,stagecoach-london,36694,181,ADL Enviro200 MMC
SN67XBY,stagecoach-london,36695,181,ADL Enviro200 MMC
SN67XBZ,stagecoach-london,36696,181,ADL Enviro200 MMC
SN67XCA,stagecoach-london,36697,225,ADL Enviro200 MMC
SN67XCB,stagecoach-london,36698,181,ADL Enviro200 MMC
SN67XCC,stagecoach-london,36699,181,ADL Enviro200 MMC
SN67WYM,stagecoach-london,37501,124,ADL Enviro200 MMC
SN67WYO,stagecoach-london,37502,124,ADL Enviro200 MMC
SN67WYP,stagecoach-london,37503,138,ADL Enviro200 MMC
SN67WYR,stagecoach-london,37504,138,ADL Enviro200 MMC
SN67WYS,stagecoach-london,37505,356,ADL Enviro200 MMC
SN67WYU,stagecoach-london,37506,356,ADL Enviro200 MMC
YY18TNJ,stagecoach-london,37507,124,ADL Enviro200 MMC
YY18TNK,stagecoach-london,37508,356,ADL Enviro200 MMC
YY18TNL,stagecoach-london,37509,356,ADL Enviro200 MMC
YY18TNN,stagecoach-london,37510,124,ADL Enviro200 MMC
YY18TNO,stagecoach-london,37511,356,ADL Enviro200 MMC
YY18TNU,stagecoach-london,37512,356,ADL Enviro200 MMC
YY18TNV,stagecoach-london,37513,356,ADL Enviro200 MMC
YY18TKA,stagecoach-london,37514,193,ADL Enviro200 MMC
YY18TKC,stagecoach-london,37515,193,ADL Enviro200 MMC
YY18TKD,stagecoach-london,37516,193,ADL Enviro200 MMC
YY18TKE,stagecoach-london,37517,193,ADL Enviro200 MMC
YY18TKF,stagecoach-london,37518,193,ADL Enviro200 MMC
YY18TKJ,stagecoach-london,37519,193,ADL Enviro200 MMC
YY18TKK,stagecoach-london,37520,193,ADL Enviro200 MMC
YY18TKN,stagecoach-london,37521,193,ADL Enviro200 MMC
YY18TKO,stagecoach-london,37522,193,ADL Enviro200 MMC
YY18TKT,stagecoach-london,37523,193,ADL Enviro200 MMC
YY18TKU,stagecoach-london,37524,193,ADL Enviro200 MMC
YY18TKV,stagecoach-london,37525,193,ADL Enviro200 MMC
YX68UMA,stagecoach-london,37526,193,ADL Enviro200 MMC
YX68UMB,stagecoach-london,37527,296,ADL Enviro200 MMC
YX68UMC,stagecoach-london,37528,296,ADL Enviro200 MMC
YX68UMD,stagecoach-london,37529,296,ADL Enviro200 MMC
YX68UMF,stagecoach-london,37531,296,ADL Enviro200 MMC
YX68UMG,stagecoach-london,37532,296,ADL Enviro200 MMC
YX68UMH,stagecoach-london,37533,296,ADL Enviro200 MMC
YX68UMJ,stagecoach-london,37534,296,ADL Enviro200 MMC
YX68UMK,stagecoach-london,37535,296,ADL Enviro200 MMC
YX68UML,stagecoach-london,37536,310,ADL Enviro200 MMC
YX68UMM,stagecoach-london,37537,310,ADL Enviro200 MMC
YX68UMO,stagecoach-london,37538,346,ADL Enviro200 MMC
YX68UMR,stagecoach-london,37539,346,ADL Enviro200 MMC
YW19VUC,stagecoach-london,37540,346,ADL Enviro200 MMC
YW19VUD,stagecoach-london,37541,346,ADL Enviro200 MMC
YX60DXO,stagecoach-london,37556,339,ADL Enviro200
YX61FZF,stagecoach-london,37558,236,ADL Enviro200
YX12ABF,stagecoach-london,37561,236,ADL Enviro200
YX12ABK,stagecoach-london,37562,323,ADL Enviro200
YX12AHJ,stagecoach-london,37563,488,ADL Enviro200
YX12AHK,stagecoach-london,37564,488,ADL Enviro200
YX12AKY,stagecoach-london,37565,488,ADL Enviro200
YX12AKZ,stagecoach-london,37566,236,ADL Enviro200
YX12AWU,stagecoach-london,37567,236,ADL Enviro200
YY64YKL,stagecoach-london,37568,D6,ADL Enviro200
YY64YKM,stagecoach-london,37569,488,ADL Enviro200
YY64YKN,stagecoach-london,37570,488,ADL Enviro200
YY64YKO,stagecoach-london,37571,488,ADL Enviro200
YY64YKP,stagecoach-london,37572,246,ADL Enviro200
YY64YKR,stagecoach-london,37573,488,ADL Enviro200
YY64YKS,stagecoach-london,37574,488,ADL Enviro200
YY64YKT,stagecoach-london,37575,236,ADL Enviro200
YY64YKU,stagecoach-london,37576,488,ADL Enviro200
YY64YKV,stagecoach-london,37577,488,ADL Enviro200
YY64YKW,stagecoach-london,37578,488,ADL Enviro200
YX65RMU,stagecoach-london,37579,346,ADL Enviro200
YX65RMV,stagecoach-london,37580,346,ADL Enviro200
YX65RMY,stagecoach-london,37581,W19,ADL Enviro200
YX65RMZ,stagecoach-london,37582,339,ADL Enviro200
YX65RNA,stagecoach-london,37583,W19,ADL Enviro200
YX65RNE,stagecoach-london,37584,385,ADL Enviro200
YX65RLY,stagecoach-london,37585,D6,ADL Enviro200
YX65RLZ,stagecoach-london,37586,D6,ADL Enviro200
YX65RMO,stagecoach-london,37587,D6,ADL Enviro200
SN16OGO,stagecoach-london,37720,273,ADL Enviro200
YX66WFS,stagecoach-london,37721,W16,ADL Enviro200
YX66WFT,stagecoach-london,37722,W19,ADL Enviro200
YX66WFU,stagecoach-london,37723,W16,ADL Enviro200
YX66WFV,stagecoach-london,37724,W19,ADL Enviro200
YX66WFW,stagecoach-london,37725,W19,ADL Enviro200
YX66WFY,stagecoach-london,37726,W19,ADL Enviro200
YX66WFZ,stagecoach-london,37727,W19,ADL Enviro200
YX66WGA,stagecoach-london,37728,W11,ADL Enviro200
YX66WGC,stagecoach-london,37729,W19,ADL Enviro200
YX66WGD,stagecoach-london,37730,W16,ADL Enviro200
YX66WGE,stagecoach-london,37731,W19,ADL Enviro200
YX66WGF,stagecoach-london,37732,W19,ADL Enviro200
YX66WGG,stagecoach-london,37733,W19,ADL Enviro200
YX66WGJ,stagecoach-london,37734,W19,ADL Enviro200
YX66WGK,stagecoach-london,37735,W19,ADL Enviro200
YX66WGM,stagecoach-london,37736,397,ADL Enviro200
YX66WGN,stagecoach-london,37737,W11,ADL Enviro200
YY66PYB,stagecoach-london,37738,W12,ADL Enviro200 MMC
YY66PYD,stagecoach-london,37739,W16,ADL Enviro200 MMC
YY66PYF,stagecoach-london,37740,W16,ADL Enviro200 MMC
YY66PYG,stagecoach-london,37741,397,ADL Enviro200 MMC
YY66PYH,stagecoach-london,37742,397,ADL Enviro200 MMC
YY66PYJ,stagecoach-london,37743,W16,ADL Enviro200 MMC
YY66PYL,stagecoach-london,37744,397,ADL Enviro200 MMC
YY66PYO,stagecoach-london,37745,W16,ADL Enviro200 MMC
YY66PYP,stagecoach-london,37746,397,ADL Enviro200 MMC
YY66PYS,stagecoach-london,37747,397,ADL Enviro200 MMC
YY66PYT,stagecoach-london,37748,W19,ADL Enviro200 MMC
YY66PYU,stagecoach-london,37749,W16,ADL Enviro200 MMC
YY66PYV,stagecoach-london,37750,309,ADL Enviro200 MMC
YY66PYW,stagecoach-london,37751,309,ADL Enviro200 MMC
YY66PYX,stagecoach-london,37752,D6,ADL Enviro200 MMC
YY66PYZ,stagecoach-london,37753,309,ADL Enviro200 MMC
YY66PZA,stagecoach-london,37754,309,ADL Enviro200 MMC
YY66PZB,stagecoach-london,37755,309,ADL Enviro200 MMC
YY66PZC,stagecoach-london,37756,309,ADL Enviro200 MMC
YY66PZD,stagecoach-london,37757,309,ADL Enviro200 MMC
YY66PZE,stagecoach-london,37758,309,ADL Enviro200 MMC
YY66PZF,stagecoach-london,37759,397,ADL Enviro200 MMC
YX17NWA,stagecoach-london,37760,W16,ADL Enviro200 MMC
YX17NWB,stagecoach-london,37761,397,ADL Enviro200 MMC
YX17NWC,stagecoach-london,37762,W19,ADL Enviro200 MMC
YX17NWD,stagecoach-london,37763,W16,ADL Enviro200 MMC
YX17NWE,stagecoach-london,37764,397,ADL Enviro200 MMC
YX17NWF,stagecoach-london,37765,D6,ADL Enviro200 MMC
YX17NWG,stagecoach-london,37766,225,ADL Enviro200 MMC
YX17NWH,stagecoach-london,37767,225,ADL Enviro200 MMC
YX17NWJ,stagecoach-london,37768,225,ADL Enviro200 MMC
YX17NWK,stagecoach-london,37769,225,ADL Enviro200 MMC
YX17NWL,stagecoach-london,37770,225,ADL Enviro200 MMC
YX17NWM,stagecoach-london,37771,225,ADL Enviro200 MMC
YX17NWS,stagecoach-london,37772,309,ADL Enviro200 MMC
YX17NWT,stagecoach-london,37773,394,ADL Enviro200 MMC
YX17NWU,stagecoach-london,37774,394,ADL Enviro200 MMC
YX17NWV,stagecoach-london,37775,394,ADL Enviro200 MMC
YX17NWW,stagecoach-london,37776,394,ADL Enviro200 MMC
YX17NWY,stagecoach-london,37777,394,ADL Enviro200 MMC
E8NJB,stagecoach-london,37778,394,ADL Enviro200 MMC
YX17NWN,stagecoach-london,37779,394,ADL Enviro200 MMC
YX17NWO,stagecoach-london,37780,394,ADL Enviro200 MMC
YX17NWP,stagecoach-london,37781,394,ADL Enviro200 MMC
YX17NWR,stagecoach-london,37782,394,ADL Enviro200 MMC
YX68UJA,stagecoach-london,37783,D6,ADL Enviro200 MMC
YX68UJB,stagecoach-london,37784,225,ADL Enviro200 MMC
YX68UJC,stagecoach-london,37785,310,ADL Enviro200 MMC
YX68UJD,stagecoach-london,37786,310,ADL Enviro200 MMC
YX68UJE,stagecoach-london,37787,310,ADL Enviro200 MMC
YX68UJF,stagecoach-london,37788,310,ADL Enviro200 MMC
YX68UJG,stagecoach-london,37789,D6,ADL Enviro200 MMC
YX68UJH,stagecoach-london,37790,310,ADL Enviro200 MMC
YX68UJJ,stagecoach-london,37791,310,ADL Enviro200 MMC
YX68UJK,stagecoach-london,37792,310,ADL Enviro200 MMC
YX68UJL,stagecoach-london,37793,D6,ADL Enviro200 MMC
YX68UJM,stagecoach-london,37794,D6,ADL Enviro200 MMC
YX68UJN,stagecoach-london,37795,D6,ADL Enviro200 MMC
SN64CVG,stagecoach-london,39123,236,Wright StreetLite DF
SN64CVK,stagecoach-london,39124,236,Wright StreetLite DF
SK17HFY,stagecoach-london,39125,236,Wright StreetLite DF
SK17HFZ,stagecoach-london,39126,236,Wright StreetLite DF
SK17HGA,stagecoach-london,39127,236,Wright StreetLite DF
SK17HGC,stagecoach-london,39128,236,Wright StreetLite DF
SK17HGD,stagecoach-london,39129,236,Wright StreetLite DF
SK17HGE,stagecoach-london,39130,236,Wright StreetLite DF
SK17HGF,stagecoach-london,39131,236,Wright StreetLite DF
SK17HGG,stagecoach-london,39132,236,Wright StreetLite DF
SK17HGJ,stagecoach-london,39133,236,Wright StreetLite DF
SK17HGL,stagecoach-london,39134,236,Wright StreetLite DF
SK17HGM,stagecoach-london,39135,236,Wright StreetLite DF
SK17HGN,stagecoach-london,39136,,Wright StreetLite DF
SK17HGO,stagecoach-london,39137,236,Wright StreetLite DF
SK17HGP,stagecoach-london,39138,236,Wright StreetLite DF
YJ23EHS,stagecoach-london,45001,379,Switch MetroCity EV
YJ23EHT,stagecoach-london,45002,W5,Switch MetroCity EV
YJ23EHU,stagecoach-london,45003,W5,Switch MetroCity EV
YJ23EHV,stagecoach-london,45004,W5,Switch MetroCity EV
YJ23EHW,stagecoach-london,45005,W5,Switch MetroCity EV
YJ23EHX,stagecoach-london,45006,W5,Switch MetroCity EV
YJ23EHY,stagecoach-london,45007,W5,Switch MetroCity EV
YJ23EHZ,stagecoach-london,45008,379,Switch MetroCity EV
YJ24BKD,stagecoach-london,45009,W5,Switch MetroCity EV
YJ24BKE,stagecoach-london,45010,W5,Switch MetroCity EV
YJ24BKF,stagecoach-london,45011,W5,Switch MetroCity EV
YX25NYP,stagecoach-london,46025,W12,ADL Enviro100EV
YX25NYR,stagecoach-london,46026,W12,ADL Enviro100EV
YX25NYT,stagecoach-london,46027,W12,ADL Enviro100EV
YX25NYU,stagecoach-london,46028,W12,ADL Enviro100EV
YX25NYV,stagecoach-london,46029,W12,ADL Enviro100EV
YX25NYW,stagecoach-london,46030,W12,ADL Enviro100EV
YX25NYY,stagecoach-london,46031,W12,ADL Enviro100EV
YX25NYZ,stagecoach-london,46032,W12,ADL Enviro100EV
YX25NZA,stagecoach-london,46033,W12,ADL Enviro100EV
YX25NZB,stagecoach-london,46034,W12,ADL Enviro100EV
YX25NZC,stagecoach-london,46035,W12,ADL Enviro100EV
YX25NZD,stagecoach-london,46036,W12,ADL Enviro100EV
YX25NZE,stagecoach-london,46037,W12,ADL Enviro100EV
YX25NZF,stagecoach-london,46038,W12,ADL Enviro100EV
YX25NZG,stagecoach-london,46039,W12,ADL Enviro100EV
YX25NZH,stagecoach-london,46040,W12,ADL Enviro100EV
YX25OCJ,stagecoach-london,46051,B14,ADL Enviro100EV
YX25OCL,stagecoach-london,46052,B14,ADL Enviro100EV
YX25OCM,stagecoach-london,46053,336,ADL Enviro100EV
YX25OCN,stagecoach-london,46054,B14,ADL Enviro100EV
YX25OCO,stagecoach-london,46055,B14,ADL Enviro100EV
YX25OCP,stagecoach-london,46056,B14,ADL Enviro100EV
YX25OCR,stagecoach-london,46057,B14,ADL Enviro100EV
YX25OCS,stagecoach-london,46058,314,ADL Enviro100EV
LF20XKO,stagecoach-london,64201,,BYD D8UR ADL Enviro200EV
LF20XKP,stagecoach-london,64202,86,BYD D8UR ADL Enviro200EV
LF20XKS,stagecoach-london,64203,,BYD D8UR ADL Enviro200EV
LF20XKT,stagecoach-london,64204,,BYD D8UR ADL Enviro200EV
LF20XKU,stagecoach-london,64205,,BYD D8UR ADL Enviro200EV
LF73DYA,stagecoach-london,66026,276,Volvo BZL
LJ24ZKE,stagecoach-london,66027,W14,Volvo BZL
LJ24ZKF,stagecoach-london,66028,276,Volvo BZL
LJ24ZKG,stagecoach-london,66029,276,Volvo BZL
LJ24ZKH,stagecoach-london,66030,276,Volvo BZL
LJ24ZKK,stagecoach-london,66031,W13,Volvo BZL
LF73DYB,stagecoach-london,66032,276,Volvo BZL
LJ24ZKL,stagecoach-london,66033,276,Volvo BZL
LF73DYC,stagecoach-london,66034,276,Volvo BZL
LJ24ZKM,stagecoach-london,66035,W13,Volvo BZL
LJ24ZKN,stagecoach-london,66036,W13,Volvo BZL
LJ24ZKO,stagecoach-london,66037,276,Volvo BZL
LJ24ZKR,stagecoach-london,66038,276,Volvo BZL
LJ24ZKP,stagecoach-london,66039,276,Volvo BZL
LJ24ZKS,stagecoach-london,66040,276,Volvo BZL
LJ24ZKT,stagecoach-london,66041,276,Volvo BZL
LJ24ZKU,stagecoach-london,66042,276,Volvo BZL
LJ24ZKV,stagecoach-london,66043,276,Volvo BZL
LJ24ZKW,stagecoach-london,66044,276,Volvo BZL
LJ25XLP,stagecoach-london,66045,314,Volvo BZL
LJ25XLR,stagecoach-london,66046,314,Volvo BZL
LJ25XLS,stagecoach-london,66047,314,Volvo BZL
LJ25XLT,stagecoach-london,66048,314,Volvo BZL
LJ25XLU,stagecoach-london,66049,314,Volvo BZL
LJ25XLV,stagecoach-london,66050,314,Volvo BZL
LJ25XLW,stagecoach-london,66051,314,Volvo BZL
LJ25XLX,stagecoach-london,66052,314,Volvo BZL
LJ25XLY,stagecoach-london,66053,314,Volvo BZL
LJ25XLZ,stagecoach-london,66054,314,Volvo BZL
LJ25XMA,stagecoach-london,66055,314,Volvo BZL
LJ25XMB,stagecoach-london,66056,314,Volvo BZL
LJ25XMC,stagecoach-london,66057,314,Volvo BZL
LJ25XMD,stagecoach-london,66058,314,Volvo BZL
LJ25XME,stagecoach-london,66059,314,Volvo BZL
LJ25XMG,stagecoach-london,66060,314,Volvo BZL
LJ25XMH,stagecoach-london,66061,314,Volvo BZL
LJ25XMK,stagecoach-london,66062,314,Volvo BZL
LJ25XML,stagecoach-london,66063,314,Volvo BZL
LJ25XMS,stagecoach-london,66090,W13,Volvo BZL
LJ25XMT,stagecoach-london,66091,276,Volvo BZL
LJ25XMU,stagecoach-london,66092,276,Volvo BZL
LJ25XMV,stagecoach-london,66093,W13,Volvo BZL
LJ25XMW,stagecoach-london,66094,W13,Volvo BZL
LJ25XMX,stagecoach-london,66095,W13,Volvo BZL
LJ25XMY,stagecoach-london,66096,W13,Volvo BZL
LJ25XMZ,stagecoach-london,66097,276,Volvo BZL
LJ25XNB,stagecoach-london,66098,W13,Volvo BZL
LJ25XNC,stagecoach-london,66099,W13,Volvo BZL
LJ25XND,stagecoach-london,66100,W14,Volvo BZL
YJ23EWA,stagecoach-london,67001,339,Switch MetroCity EV
YJ23EWB,stagecoach-london,67002,339,Switch MetroCity EV
YJ23EWC,stagecoach-london,67003,339,Switch MetroCity EV
YJ23EWD,stagecoach-london,67004,339,Switch MetroCity EV
YJ23EWE,stagecoach-london,67005,339,Switch MetroCity EV
YJ23EWF,stagecoach-london,67006,339,Switch MetroCity EV
YJ23EWG,stagecoach-london,67007,339,Switch MetroCity EV
YJ23EWH,stagecoach-london,67008,339,Switch MetroCity EV
YJ23EWK,stagecoach-london,67009,339,Switch MetroCity EV
YJ23EWL,stagecoach-london,67010,339,Switch MetroCity EV
YJ23EWM,stagecoach-london,67011,339,Switch MetroCity EV
YJ23EWN,stagecoach-london,67012,339,Switch MetroCity EV
YJ73BXA,stagecoach-london,67013,W11,Switch MetroCity EV
YJ73BXB,stagecoach-london,67014,W11,Switch MetroCity EV
YJ73BXC,stagecoach-london,67015,W11,Switch MetroCity EV
YJ73BXD,stagecoach-london,67016,W11,Switch MetroCity EV
YJ73BXE,stagecoach-london,67017,W11,Switch MetroCity EV
YJ24BHV,stagecoach-london,67018,W11,Switch MetroCity EV
YJ24BHW,stagecoach-london,67019,W11,Switch MetroCity EV
YJ24BHX,stagecoach-london,67020,W11,Switch MetroCity EV
YJ24BHY,stagecoach-london,67021,W11,Switch MetroCity EV
YJ24BHZ,stagecoach-london,67022,W11,Switch MetroCity EV
SK25AOA,stagecoach-london,80401,,ADL Enviro400EV
SK25AOB,stagecoach-london,80402,314,ADL Enviro400EV
SK25AOC,stagecoach-london,80403,,ADL Enviro400EV
SK25AOD,stagecoach-london,80404,,ADL Enviro400EV
SK25AOE,stagecoach-london,80405,,ADL Enviro400EV
SK25AOF,stagecoach-london,80406,,ADL Enviro400EV
SK25AOG,stagecoach-london,80407,,ADL Enviro400EV
SK25AOH,stagecoach-london,80408,,ADL Enviro400EV
SK25AOJ,stagecoach-london,80409,,ADL Enviro400EV
SK25AOL,stagecoach-london,80410,,ADL Enviro400EV
SK25AOM,stagecoach-london,80411,,ADL Enviro400EV
SK25AON,stagecoach-london,80412,,ADL Enviro400EV
SK25AOO,stagecoach-london,80413,,ADL Enviro400EV
SK25AOP,stagecoach-london,80414,,ADL Enviro400EV
SK25AOR,stagecoach-london,80415,,ADL Enviro400EV
SK25AOS,stagecoach-london,80416,,ADL Enviro400EV
SK25AOT,stagecoach-london,80417,,ADL Enviro400EV
SK25BBZ,stagecoach-london,80418,261,ADL Enviro400EV
SK25BCE,stagecoach-london,80419,124,ADL Enviro400EV
SK25BCF,stagecoach-london,80420,261,ADL Enviro400EV
SK25BCO,stagecoach-london,80421,61,ADL Enviro400EV
SK25BCU,stagecoach-london,80422,638,ADL Enviro400EV
SK25BCV,stagecoach-london,80423,61,ADL Enviro400EV
SK25BCX,stagecoach-london,80424,261,ADL Enviro400EV
SK25BCY,stagecoach-london,80425,122,ADL Enviro400EV
SK25BCZ,stagecoach-london,80426,261,ADL Enviro400EV
LV73FDX,stagecoach-london,82001,199,Wright StreetDeck Electroliner
LV73FDY,stagecoach-london,82002,199,Wright StreetDeck Electroliner
LV73FDZ,stagecoach-london,82003,199,Wright StreetDeck Electroliner
LV73FEF,stagecoach-london,82004,199,Wright StreetDeck Electroliner
LV73FEG,stagecoach-london,82005,47,Wright StreetDeck Electroliner
LV73FEH,stagecoach-london,82006,199,Wright StreetDeck Electroliner
LV73FEJ,stagecoach-london,82007,199,Wright StreetDeck Electroliner
LV73FEK,stagecoach-london,82008,47,Wright StreetDeck Electroliner
LV73FEM,stagecoach-london,82009,47,Wright StreetDeck Electroliner
LV73FEO,stagecoach-london,82010,199,Wright StreetDeck Electroliner
LV73FEP,stagecoach-london,82011,47,Wright StreetDeck Electroliner
LV73FET,stagecoach-london,82012,47,Wright StreetDeck Electroliner
LV73FEU,stagecoach-london,82013,199,Wright StreetDeck Electroliner
LV73FEX,stagecoach-london,82014,199,Wright StreetDeck Electroliner
LV73FFA,stagecoach-london,82015,86,Wright StreetDeck Electroliner
LV73FFB,stagecoach-london,82016,247,Wright StreetDeck Electroliner
LV73FFC,stagecoach-london,82017,86,Wright StreetDeck Electroliner
LV73FFD,stagecoach-london,82018,247,Wright StreetDeck Electroliner
LV73FFE,stagecoach-london,82019,86,Wright StreetDeck Electroliner
LV73FFG,stagecoach-london,82020,86,Wright StreetDeck Electroliner
LV73FFH,stagecoach-london,82021,86,Wright StreetDeck Electroliner
LV73FFJ,stagecoach-london,82022,86,Wright StreetDeck Electroliner
LV73FFK,stagecoach-london,82023,86,Wright StreetDeck Electroliner
LV73FFL,stagecoach-london,82024,247,Wright StreetDeck Electroliner
LV73FFM,stagecoach-london,82025,247,Wright StreetDeck Electroliner
LV73FFN,stagecoach-london,82026,86,Wright StreetDeck Electroliner
LV73FFO,stagecoach-london,82027,247,Wright StreetDeck Electroliner
LV73FFP,stagecoach-london,82028,86,Wright StreetDeck Electroliner
LV73FFR,stagecoach-london,82029,247,Wright StreetDeck Electroliner
LV73FFS,stagecoach-london,82030,86,Wright StreetDeck Electroliner
LV73FFT,stagecoach-london,82031,86,Wright StreetDeck Electroliner
LV73FFU,stagecoach-london,82032,247,Wright StreetDeck Electroliner
LV73FFW,stagecoach-london,82033,86,Wright StreetDeck Electroliner
LV73FFX,stagecoach-london,82034,86,Wright StreetDeck Electroliner
LV73FFY,stagecoach-london,82035,86,Wright StreetDeck Electroliner
LV73FFZ,stagecoach-london,82036,86,Wright StreetDeck Electroliner
LV73FGA,stagecoach-london,82037,247,Wright StreetDeck Electroliner
LV73FGC,stagecoach-london,82038,247,Wright StreetDeck Electroliner
LV73FGD,stagecoach-london,82039,247,Wright StreetDeck Electroliner
LV73FGE,stagecoach-london,82040,86,Wright StreetDeck Electroliner
LV73FGF,stagecoach-london,82041,86,Wright StreetDeck Electroliner
LV73FGG,stagecoach-london,82042,86,Wright StreetDeck Electroliner
LV73FGJ,stagecoach-london,82043,86,Wright StreetDeck Electroliner
LV73FGK,stagecoach-london,82044,86,Wright StreetDeck Electroliner
LV73FGM,stagecoach-london,82045,86,Wright StreetDeck Electroliner
LV73FGN,stagecoach-london,82046,86,Wright StreetDeck Electroliner
LV73FGO,stagecoach-london,82047,86,Wright StreetDeck Electroliner
LV73FGP,stagecoach-london,82048,86,Wright StreetDeck Electroliner
LV24EUW,stagecoach-london,82049,D7,Wright StreetDeck Electroliner
LV24EUX,stagecoach-london,82050,D7,Wright StreetDeck Electroliner
LV24EUY,stagecoach-london,82051,277,Wright StreetDeck Electroliner
LV24EUZ,stagecoach-london,82052,242,Wright StreetDeck Electroliner
LV24EVB,stagecoach-london,82053,D7,Wright StreetDeck Electroliner
LV24EVC,stagecoach-london,82054,277,Wright StreetDeck Electroliner
LV24EVD,stagecoach-london,82055,26,Wright StreetDeck Electroliner
LV24EVF,stagecoach-london,82056,242,Wright StreetDeck Electroliner
LV24EVG,stagecoach-london,82057,242,Wright StreetDeck Electroliner
LV24EVH,stagecoach-london,82058,277,Wright StreetDeck Electroliner
LV24EVJ,stagecoach-london,82059,277,Wright StreetDeck Electroliner
LV24EVK,stagecoach-london,82060,277,Wright StreetDeck Electroliner
LV24EVL,stagecoach-london,82061,277,Wright StreetDeck Electroliner
LV24EVM,stagecoach-london,82062,242,Wright StreetDeck Electroliner
LV24EVN,stagecoach-london,82063,D7,Wright StreetDeck Electroliner
LV24EVP,stagecoach-london,82064,26,Wright StreetDeck Electroliner
LV74BYL,stagecoach-london,82065,257,Wright StreetDeck Electroliner
LV74BYM,stagecoach-london,82066,257,Wright StreetDeck Electroliner
LV74BYN,stagecoach-london,82067,257,Wright StreetDeck Electroliner
LV74BYO,stagecoach-london,82068,257,Wright StreetDeck Electroliner
LV74BYP,stagecoach-london,82069,257,Wright StreetDeck Electroliner
LV74BYR,stagecoach-london,82070,257,Wright StreetDeck Electroliner
LV74BYS,stagecoach-london,82071,257,Wright StreetDeck Electroliner
LV74BYT,stagecoach-london,82072,257,Wright StreetDeck Electroliner
LV74BYU,stagecoach-london,82073,257,Wright StreetDeck Electroliner
LV74BYW,stagecoach-london,82074,257,Wright StreetDeck Electroliner
LV74BYX,stagecoach-london,82075,257,Wright StreetDeck Electroliner
LV74BYY,stagecoach-london,82076,257,Wright StreetDeck Electroliner
LV74BYZ,stagecoach-london,82077,257,Wright StreetDeck Electroliner
LV74BZA,stagecoach-london,82078,257,Wright StreetDeck Electroliner
LV74BZB,stagecoach-london,82079,657,Wright StreetDeck Electroliner
LV74BZC,stagecoach-london,82080,257,Wright StreetDeck Electroliner
LV74BZD,stagecoach-london,82081,257,Wright StreetDeck Electroliner
LV74BZE,stagecoach-london,82082,257,Wright StreetDeck Electroliner
LV25CNC,stagecoach-london,82083,169,Wright StreetDeck Electroliner
LV25CNE,stagecoach-london,82084,173,Wright StreetDeck Electroliner
LV25CNF,stagecoach-london,82085,169,Wright StreetDeck Electroliner
LV25CNJ,stagecoach-london,82086,169,Wright StreetDeck Electroliner
LV25CNK,stagecoach-london,82087,169,Wright StreetDeck Electroliner
LV25CNN,stagecoach-london,82088,173,Wright StreetDeck Electroliner
LV25CNO,stagecoach-london,82089,173,Wright StreetDeck Electroliner
LV25CNU,stagecoach-london,82090,,Wright StreetDeck Electroliner
LV25CNX,stagecoach-london,82091,173,Wright StreetDeck Electroliner
LV25CNY,stagecoach-london,82092,169,Wright StreetDeck Electroliner
LV25CNZ,stagecoach-london,82093,169,Wright StreetDeck Electroliner
LV25COA,stagecoach-london,82094,169,Wright StreetDeck Electroliner
LV25COH,stagecoach-london,82095,173,Wright StreetDeck Electroliner
LV25COJ,stagecoach-london,82096,173,Wright StreetDeck Electroliner
LV25OSU,stagecoach-london,82097,173,Wright StreetDeck Electroliner
LV25OSW,stagecoach-london,82098,173,Wright StreetDeck Electroliner
LV25OSX,stagecoach-london,82099,86,Wright StreetDeck Electroliner
LV25OSY,stagecoach-london,82100,365,Wright StreetDeck Electroliner
LV25PWN,stagecoach-london,82101,86,Wright StreetDeck Electroliner
LV25PWO,stagecoach-london,82102,86,Wright StreetDeck Electroliner
LV25PWU,stagecoach-london,82103,86,Wright StreetDeck Electroliner
LV25PWX,stagecoach-london,82104,247,Wright StreetDeck Electroliner
LV25PWY,stagecoach-london,82105,128,Wright StreetDeck Electroliner
LV25PWZ,stagecoach-london,82106,294,Wright StreetDeck Electroliner
LV25PXA,stagecoach-london,82107,86,Wright StreetDeck Electroliner
LV25PXB,stagecoach-london,82108,86,Wright StreetDeck Electroliner
LV25PXC,stagecoach-london,82109,247,Wright StreetDeck Electroliner
LV25VOJ,stagecoach-london,82110,86,Wright StreetDeck Electroliner
LV25VOK,stagecoach-london,82111,86,Wright StreetDeck Electroliner
WLT546,stagecoach-london,82112,86,Wright StreetDeck Electroliner
MF25HHT,stagecoach-london,82113,169,Wright StreetDeck Electroliner
MF25HHU,stagecoach-london,82114,173,Wright StreetDeck Electroliner
MF25HHV,stagecoach-london,82115,174,Wright StreetDeck Electroliner
MF25HHW,stagecoach-london,82116,256,Wright StreetDeck Electroliner
MF25HJV,stagecoach-london,82117,174,Wright StreetDeck Electroliner
MF25HJX,stagecoach-london,82118,173,Wright StreetDeck Electroliner
MF25HJY,stagecoach-london,82119,173,Wright StreetDeck Electroliner
MF25HJZ,stagecoach-london,82120,169,Wright StreetDeck Electroliner
MF25HKA,stagecoach-london,82121,169,Wright StreetDeck Electroliner
MF25HKB,stagecoach-london,82122,169,Wright StreetDeck Electroliner
MF25HKC,stagecoach-london,82123,169,Wright StreetDeck Electroliner
MF25HKD,stagecoach-london,82124,169,Wright StreetDeck Electroliner
MF25HKE,stagecoach-london,82125,D7,Wright StreetDeck Electroliner
MF25HKG,stagecoach-london,82126,277,Wright StreetDeck Electroliner
MF25HKH,stagecoach-london,82127,D7,Wright StreetDeck Electroliner
MF25HKJ,stagecoach-london,82128,173,Wright StreetDeck Electroliner
MF25HKK,stagecoach-london,82129,173,Wright StreetDeck Electroliner
MF25HKL,stagecoach-london,82130,173,Wright StreetDeck Electroliner
MF25HKM,stagecoach-london,82131,169,Wright StreetDeck Electroliner
MF25HKN,stagecoach-london,82132,173,Wright StreetDeck Electroliner
MF25HKO,stagecoach-london,82133,169,Wright StreetDeck Electroliner
MF25HKP,stagecoach-london,82134,169,Wright StreetDeck Electroliner
MF25HKT,stagecoach-london,82135,169,Wright StreetDeck Electroliner
MF25HKU,stagecoach-london,82136,173,Wright StreetDeck Electroliner
LV25XWO,stagecoach-london,82137,242,Wright StreetDeck Electroliner
LV25XWP,stagecoach-london,82138,277,Wright StreetDeck Electroliner
LV25XWR,stagecoach-london,82139,D7,Wright StreetDeck Electroliner
LV25XWS,stagecoach-london,82140,242,Wright StreetDeck Electroliner
LV25XWT,stagecoach-london,82141,242,Wright StreetDeck Electroliner
LV25XWU,stagecoach-london,82142,D7,Wright StreetDeck Electroliner
LV25XWW,stagecoach-london,82143,242,Wright StreetDeck Electroliner
LV25XWX,stagecoach-london,82144,242,Wright StreetDeck Electroliner
LX75ZGZ,stagecoach-london,82145,174,Wright StreetDeck Electroliner
LX75ZHA,stagecoach-london,82146,287,Wright StreetDeck Electroliner
LX75ZHB,stagecoach-london,82147,165,Wright StreetDeck Electroliner
LX75ZHC,stagecoach-london,82148,287,Wright StreetDeck Electroliner
LX75ZHD,stagecoach-london,82149,287,Wright StreetDeck Electroliner
LX75ZHE,stagecoach-london,82150,174,Wright StreetDeck Electroliner
LX75ZHF,stagecoach-london,82151,174,Wright StreetDeck Electroliner
LX75ZHG,stagecoach-london,82152,256,Wright StreetDeck Electroliner
LX75ZHH,stagecoach-london,82153,174,Wright StreetDeck Electroliner
LX75ZHJ,stagecoach-london,82154,165,Wright StreetDeck Electroliner
LX75ZHK,stagecoach-london,82155,174,Wright StreetDeck Electroliner
LV75FLH,stagecoach-london,82156,261,Wright StreetDeck Electroliner
LV75FLJ,stagecoach-london,82157,314,Wright StreetDeck Electroliner
LV75FLK,stagecoach-london,82158,199,Wright StreetDeck Electroliner
LV75FLL,stagecoach-london,82159,,Wright StreetDeck Electroliner
LV75HGO,stagecoach-london,82160,61,Wright StreetDeck Electroliner
LV75HGP,stagecoach-london,82161,261,Wright StreetDeck Electroliner
LV75HGU,stagecoach-london,82162,199,Wright StreetDeck Electroliner
LV75HGX,stagecoach-london,82163,684,Wright StreetDeck Electroliner
LV75HGY,stagecoach-london,82164,261,Wright StreetDeck Electroliner
LV75HGZ,stagecoach-london,82165,199,Wright StreetDeck Electroliner
LV75HHA,stagecoach-london,82166,61,Wright StreetDeck Electroliner
LV75HHB,stagecoach-london,82167,199,Wright StreetDeck Electroliner
LV75HHC,stagecoach-london,82168,47,Wright StreetDeck Electroliner
LV75HHD,stagecoach-london,82169,173,Wright StreetDeck Electroliner
LV75HHE,stagecoach-london,82170,261,Wright StreetDeck Electroliner
LV75HHF,stagecoach-london,82171,173,Wright StreetDeck Electroliner
LV75HHZ,stagecoach-london,82172,165,Wright StreetDeck Electroliner
LV75HJC,stagecoach-london,82173,287,Wright StreetDeck Electroliner
LV75HJD,stagecoach-london,82174,174,Wright StreetDeck Electroliner
LV75HJE,stagecoach-london,82175,174,Wright StreetDeck Electroliner
LV75HJF,stagecoach-london,82176,174,Wright StreetDeck Electroliner
LV75HJG,stagecoach-london,82177,256,Wright StreetDeck Electroliner
LV75HJJ,stagecoach-london,82178,165,Wright StreetDeck Electroliner
LV75HJK,stagecoach-london,82179,174,Wright StreetDeck Electroliner
LV75HJN,stagecoach-london,82180,165,Wright StreetDeck Electroliner
LV75HJO,stagecoach-london,82181,165,Wright StreetDeck Electroliner
LV75HJU,stagecoach-london,82182,165,Wright StreetDeck Electroliner
LV75HJX,stagecoach-london,82183,174,Wright StreetDeck Electroliner
LV75NLG,stagecoach-london,82184,174,Wright StreetDeck Electroliner
LV75NLJ,stagecoach-london,82185,174,Wright StreetDeck Electroliner
LV75NLK,stagecoach-london,82186,174,Wright StreetDeck Electroliner
LX75ZJK,stagecoach-london,82187,174,Wright StreetDeck Electroliner
LX75ZJN,stagecoach-london,82188,287,Wright StreetDeck Electroliner
LX75ZJO,stagecoach-london,82189,165,Wright StreetDeck Electroliner
LX75ZJU,stagecoach-london,82190,174,Wright StreetDeck Electroliner
LX75ZJV,stagecoach-london,82191,174,Wright StreetDeck Electroliner
LX75ZJY,stagecoach-london,82192,174,Wright StreetDeck Electroliner
LX75ZJZ,stagecoach-london,82193,174,Wright StreetDeck Electroliner
LX75ZKA,stagecoach-london,82194,165,Wright StreetDeck Electroliner
LX75ZKB,stagecoach-london,82195,174,Wright StreetDeck Electroliner
LX75ZKC,stagecoach-london,82196,256,Wright StreetDeck Electroliner
LX75ZKD,stagecoach-london,82197,165,Wright StreetDeck Electroliner
LX75ZKE,stagecoach-london,82198,174,Wright StreetDeck Electroliner
LX75ZKF,stagecoach-london,82199,287,Wright StreetDeck Electroliner
LX75ZKG,stagecoach-london,82200,287,Wright StreetDeck Electroliner
LX75ZKH,stagecoach-london,82201,165,Wright StreetDeck Electroliner
LX75ZKN,stagecoach-london,82202,174,Wright StreetDeck Electroliner
LX75ZKO,stagecoach-london,82203,165,Wright StreetDeck Electroliner
LX75ZKP,stagecoach-london,82204,174,Wright StreetDeck Electroliner
LX75ZKR,stagecoach-london,82205,287,Wright StreetDeck Electroliner
LX75ZKS,stagecoach-london,82206,174,Wright StreetDeck Electroliner
LX75ZKT,stagecoach-london,82207,165,Wright StreetDeck Electroliner
LX75ZKU,stagecoach-london,82208,174,Wright StreetDeck Electroliner
LV75FLC,stagecoach-london,82209,165,Wright StreetDeck Electroliner
LV75FLD,stagecoach-london,82210,165,Wright StreetDeck Electroliner
LV75FLE,stagecoach-london,82211,174,Wright StreetDeck Electroliner
LV75FLF,stagecoach-london,82212,174,Wright StreetDeck Electroliner
LV75FLG,stagecoach-london,82213,174,Wright StreetDeck Electroliner
LV26KLA,stagecoach-london,82214,173,Wright StreetDeck Electroliner
LV26KLD,stagecoach-london,82216,174,Wright StreetDeck Electroliner
LV26KLE,stagecoach-london,82217,173,Wright StreetDeck Electroliner
LV75VXT,stagecoach-london,82234,58,Wright StreetDeck Electroliner
LV75VXU,stagecoach-london,82235,61,Wright StreetDeck Electroliner
LV75VYB,stagecoach-london,82241,314,Wright StreetDeck Electroliner
LV75VYF,stagecoach-london,82245,684,Wright StreetDeck Electroliner
LY75RZN,stagecoach-london,82272,287,Wright StreetDeck Electroliner
LF70YTV,stagecoach-london,84101,174,BYD D8UR-DD ADL Enviro400EV
LF70YTW,stagecoach-london,84102,174,BYD D8UR-DD ADL Enviro400EV
LF70YTX,stagecoach-london,84103,174,BYD D8UR-DD ADL Enviro400EV
LF70YTY,stagecoach-london,84104,174,BYD D8UR-DD ADL Enviro400EV
LF70YTZ,stagecoach-london,84105,174,BYD D8UR-DD ADL Enviro400EV
LF70YUA,stagecoach-london,84106,174,BYD D8UR-DD ADL Enviro400EV
LF70YUB,stagecoach-london,84107,174,BYD D8UR-DD ADL Enviro400EV
LF70YUC,stagecoach-london,84108,174,BYD D8UR-DD ADL Enviro400EV
LF70YUD,stagecoach-london,84109,174,BYD D8UR-DD ADL Enviro400EV
LF70YUE,stagecoach-london,84110,174,BYD D8UR-DD ADL Enviro400EV
LF70YUG,stagecoach-london,84111,287,BYD D8UR-DD ADL Enviro400EV
LF70YUH,stagecoach-london,84112,174,BYD D8UR-DD ADL Enviro400EV
LF70YUJ,stagecoach-london,84113,173,BYD D8UR-DD ADL Enviro400EV
LF70YUK,stagecoach-london,84114,173,BYD D8UR-DD ADL Enviro400EV
LF70YUL,stagecoach-london,84115,173,BYD D8UR-DD ADL Enviro400EV
LF70YUO,stagecoach-london,84117,173,BYD D8UR-DD ADL Enviro400EV
LF70YUU,stagecoach-london,84120,173,BYD D8UR-DD ADL Enviro400EV
LF70YUV,stagecoach-london,84121,173,BYD D8UR-DD ADL Enviro400EV
LF70YUW,stagecoach-london,84122,173,BYD D8UR-DD ADL Enviro400EV
LF70YUX,stagecoach-london,84123,173,BYD D8UR-DD ADL Enviro400EV
LF70YUY,stagecoach-london,84124,173,BYD D8UR-DD ADL Enviro400EV
LF70YVB,stagecoach-london,84126,173,BYD D8UR-DD ADL Enviro400EV
LF70YVC,stagecoach-london,84127,173,BYD D8UR-DD ADL Enviro400EV
LF70YVD,stagecoach-london,84128,173,BYD D8UR-DD ADL Enviro400EV
LG21HZP,stagecoach-london,84129,173,BYD D8UR-DD ADL Enviro400EV
LF70YVG,stagecoach-london,84130,173,BYD D8UR-DD ADL Enviro400EV
LF70YVH,stagecoach-london,84131,174,BYD D8UR-DD ADL Enviro400EV
LF70YVJ,stagecoach-london,84132,174,BYD D8UR-DD ADL Enviro400EV
LF70YVK,stagecoach-london,84133,174,BYD D8UR-DD ADL Enviro400EV
LF70YVL,stagecoach-london,84134,174,BYD D8UR-DD ADL Enviro400EV
LF70YVM,stagecoach-london,84135,174,BYD D8UR-DD ADL Enviro400EV
LF70YVN,stagecoach-london,84136,174,BYD D8UR-DD ADL Enviro400EV
LF70YVO,stagecoach-london,84137,174,BYD D8UR-DD ADL Enviro400EV
LF70YVP,stagecoach-london,84138,174,BYD D8UR-DD ADL Enviro400EV
LF70YVR,stagecoach-london,84139,174,BYD D8UR-DD ADL Enviro400EV
LF70YVS,stagecoach-london,84140,174,BYD D8UR-DD ADL Enviro400EV
LF70YVT,stagecoach-london,84141,174,BYD D8UR-DD ADL Enviro400EV
LF70YVU,stagecoach-london,84142,174,BYD D8UR-DD ADL Enviro400EV
LF70YVV,stagecoach-london,84143,174,BYD D8UR-DD ADL Enviro400EV
LF70YVW,stagecoach-london,84144,174,BYD D8UR-DD ADL Enviro400EV
LF70YVX,stagecoach-london,84145,174,BYD D8UR-DD ADL Enviro400EV
LF70YVY,stagecoach-london,84146,174,BYD D8UR-DD ADL Enviro400EV
LF70YVZ,stagecoach-london,84147,174,BYD D8UR-DD ADL Enviro400EV
LG71DNV,stagecoach-london,84148,160,BYD D8UR-DD ADL Enviro400EV
LG71DNX,stagecoach-london,84149,160,BYD D8UR-DD ADL Enviro400EV
LG71DNY,stagecoach-london,84150,160,BYD D8UR-DD ADL Enviro400EV
LG71DOA,stagecoach-london,84151,160,BYD D8UR-DD ADL Enviro400EV
LG71DOH,stagecoach-london,84152,160,BYD D8UR-DD ADL Enviro400EV
LG71DOJ,stagecoach-london,84153,160,BYD D8UR-DD ADL Enviro400EV
LG71DOU,stagecoach-london,84154,160,BYD D8UR-DD ADL Enviro400EV
LG71DPE,stagecoach-london,84155,160,BYD D8UR-DD ADL Enviro400EV
LG71DPF,stagecoach-london,84156,160,BYD D8UR-DD ADL Enviro400EV
LG71DPK,stagecoach-london,84157,660,BYD D8UR-DD ADL Enviro400EV
LG71DPN,stagecoach-london,84158,160,BYD D8UR-DD ADL Enviro400EV
LG71DPO,stagecoach-london,84159,160,BYD D8UR-DD ADL Enviro400EV
LG71DPU,stagecoach-london,84160,160,BYD D8UR-DD ADL Enviro400EV
LG71DPV,stagecoach-london,84161,160,BYD D8UR-DD ADL Enviro400EV
LG71DPX,stagecoach-london,84162,160,BYD D8UR-DD ADL Enviro400EV
LG71DPY,stagecoach-london,84163,160,BYD D8UR-DD ADL Enviro400EV
LG71DPZ,stagecoach-london,84164,180,BYD D8UR-DD ADL Enviro400EV
LG71DRO,stagecoach-london,84165,180,BYD D8UR-DD ADL Enviro400EV
LG71DRV,stagecoach-london,84166,180,BYD D8UR-DD ADL Enviro400EV
LG71DRX,stagecoach-london,84167,180,BYD D8UR-DD ADL Enviro400EV
LG71DRZ,stagecoach-london,84168,180,BYD D8UR-DD ADL Enviro400EV
LG71DSE,stagecoach-london,84169,180,BYD D8UR-DD ADL Enviro400EV
LG71DSO,stagecoach-london,84170,180,BYD D8UR-DD ADL Enviro400EV
LG71DSU,stagecoach-london,84171,180,BYD D8UR-DD ADL Enviro400EV
LG71DSV,stagecoach-london,84172,180,BYD D8UR-DD ADL Enviro400EV
LG21HZM,stagecoach-london,84173,180,BYD D8UR-DD ADL Enviro400EV
LG21HZN,stagecoach-london,84174,180,BYD D8UR-DD ADL Enviro400EV
LJ24ZNP,stagecoach-london,86181,58,Volvo BZL DD
LJ24ZNR,stagecoach-london,86182,58,Volvo BZL DD
LJ24ZNS,stagecoach-london,86183,58,Volvo BZL DD
LJ24ZNT,stagecoach-london,86184,D8,Volvo BZL DD
LJ24ZNU,stagecoach-london,86185,D8,Volvo BZL DD
LJ24ZNV,stagecoach-london,86186,58,Volvo BZL DD
LJ24ZNW,stagecoach-london,86187,D8,Volvo BZL DD
LJ24ZNX,stagecoach-london,86188,58,Volvo BZL DD
LJ24ZNY,stagecoach-london,86189,D8,Volvo BZL DD
LJ74XOD,stagecoach-london,86190,678,Volvo BZL DD
LJ24ZPY,stagecoach-london,86191,58,Volvo BZL DD
LJ24ZPZ,stagecoach-london,86192,58,Volvo BZL DD
LJ24ZRA,stagecoach-london,86193,D8,Volvo BZL DD
LJ24ZRC,stagecoach-london,86194,D8,Volvo BZL DD
LJ24ZRF,stagecoach-london,86195,58,Volvo BZL DD
LJ24ZRE,stagecoach-london,86196,58,Volvo BZL DD
LJ24ZRD,stagecoach-london,86197,W13,Volvo BZL DD
LJ24ZRG,stagecoach-london,86198,242,Volvo BZL DD
LJ24ZRK,stagecoach-london,86199,242,Volvo BZL DD
LJ74XPA,stagecoach-london,86200,277,Volvo BZL DD
LJ24ZRL,stagecoach-london,86201,277,Volvo BZL DD
LJ24ZRN,stagecoach-london,86202,26,Volvo BZL DD
LJ74XPB,stagecoach-london,86203,277,Volvo BZL DD
LJ74XPC,stagecoach-london,86204,242,Volvo BZL DD
LJ74XPD,stagecoach-london,86205,26,Volvo BZL DD
LJ74XPF,stagecoach-london,86206,242,Volvo BZL DD
LJ74XPG,stagecoach-london,86207,D7,Volvo BZL DD
LJ74XPH,stagecoach-london,86208,277,Volvo BZL DD
LJ24ZPE,stagecoach-london,86209,277,Volvo BZL DD
LJ24ZPF,stagecoach-london,86210,277,Volvo BZL DD
LJ24ZPG,stagecoach-london,86211,D7,Volvo BZL DD
LJ24ZPH,stagecoach-london,86212,242,Volvo BZL DD
LJ24ZPK,stagecoach-london,86213,277,Volvo BZL DD
LJ24ZPL,stagecoach-london,86214,242,Volvo BZL DD
LJ24ZPM,stagecoach-london,86215,277,Volvo BZL DD
LJ24ZPN,stagecoach-london,86216,D7,Volvo BZL DD
LJ24ZPO,stagecoach-london,86217,277,Volvo BZL DD
LJ24ZPP,stagecoach-london,86218,58,Volvo BZL DD
LJ24ZPR,stagecoach-london,86219,58,Volvo BZL DD
LJ24ZPS,stagecoach-london,86220,D8,Volvo BZL DD
LJ24ZPT,stagecoach-london,86221,58,Volvo BZL DD
LJ24ZPU,stagecoach-london,86222,58,Volvo BZL DD
LJ24ZPV,stagecoach-london,86223,58,Volvo BZL DD
LJ24ZPW,stagecoach-london,86224,58,Volvo BZL DD
LJ24ZPX,stagecoach-london,86225,58,Volvo BZL DD
LJ75VXZ,stagecoach-london,86226,D8,Volvo BZL DD
YJ74DGF,stagecoach-london,89999,W5,Switch MetroCity EV
LJ09SUX,arriva-london,DW205,19,VDL DB300 Wright Gemini 2
LJ09SVE,arriva-london,DW210,158,VDL DB300 Wright Gemini 2
LJ09SVF,arriva-london,DW211,29,VDL DB300 Wright Gemini 2
LJ09SSU,arriva-london,DW213,19,VDL DB300 Wright Gemini 2
LJ09SUA,arriva-london,DW219,66,VDL DB300 Wright Gemini 2
LJ59AEU,arriva-london,DW225,66,VDL DB300 Wright Gemini 2
LJ59ACX,arriva-london,DW244,2,VDL DB300 Wright Gemini 2
LJ59AAX,arriva-london,DW251,19,VDL DB300 Wright Gemini 2
LJ59GVK,arriva-london,DW258,175,VDL DB300 Wright Gemini 2
LJ59LXU,arriva-london,DW263,194,VDL DB300 Wright Gemini 2
LJ59LXV,arriva-london,DW264,194,VDL DB300 Wright Gemini 2
LJ59LXX,arriva-london,DW266,60,VDL DB300 Wright Gemini 2
LJ59LXY,arriva-london,DW267,194,VDL DB300 Wright Gemini 2
LJ59LXZ,arriva-london,DW268,194,VDL DB300 Wright Gemini 2
LJ59LWS,arriva-london,DW269,194,VDL DB300 Wright Gemini 2
LJ59LWU,arriva-london,DW271,60,VDL DB300 Wright Gemini 2
LJ10CVM,arriva-london,DW304,29,VDL DB300 Wright Gemini 2
LJ10CVN,arriva-london,DW305,645,VDL DB300 Wright Gemini 2
LJ10CVO,arriva-london,DW306,194,VDL DB300 Wright Gemini 2
LJ10CVP,arriva-london,DW307,60,VDL DB300 Wright Gemini 2
LJ10CUU,arriva-london,DW309,194,VDL DB300 Wright Gemini 2
LJ10CUW,arriva-london,DW311,194,VDL DB300 Wright Gemini 2
LJ10CVC,arriva-london,DW316,194,VDL DB300 Wright Gemini 2
LJ10CVD,arriva-london,DW317,60,VDL DB300 Wright Gemini 2
LJ60AXZ,arriva-london,DW320,194,VDL DB300 Wright Gemini 2
LJ60AYA,arriva-london,DW321,194,VDL DB300 Wright Gemini 2
LJ60AYD,arriva-london,DW324,60,VDL DB300 Wright Gemini 2
LJ61CDY,arriva-london,DW460,175,VDL DB300 Wright Gemini 2
LJ61CEA,arriva-london,DW462,217,VDL DB300 Wright Gemini 2
LJ61CCY,arriva-london,DW467,217,VDL DB300 Wright Gemini 2
LJ61CDE,arriva-london,DW469,175,VDL DB300 Wright Gemini 2
LJ61CBX,arriva-london,DW475,217,VDL DB300 Wright Gemini 2
LJ61CCA,arriva-london,DW477,217,VDL DB300 Wright Gemini 2
LJ61CCD,arriva-london,DW478,217,VDL DB300 Wright Gemini 2
LJ61CCE,arriva-london,DW479,217,VDL DB300 Wright Gemini 2
LJ61CCF,arriva-london,DW480,217,VDL DB300 Wright Gemini 2
LJ61CCN,arriva-london,DW482,121,VDL DB300 Wright Gemini 2
LJ61CCO,arriva-london,DW483,217,VDL DB300 Wright Gemini 2
LJ61CCU,arriva-london,DW484,217,VDL DB300 Wright Gemini 2
LJ61CAA,arriva-london,DW485,217,VDL DB300 Wright Gemini 2
LJ61CAU,arriva-london,DW488,217,VDL DB300 Wright Gemini 2
LJ61CAV,arriva-london,DW489,158,VDL DB300 Wright Gemini 2
LJ61CAX,arriva-london,DW490,158,VDL DB300 Wright Gemini 2
LJ61CBF,arriva-london,DW491,158,VDL DB300 Wright Gemini 2
LJ61CBO,arriva-london,DW492,158,VDL DB300 Wright Gemini 2
LJ61CBU,arriva-london,DW493,158,VDL DB300 Wright Gemini 2
LJ61CBV,arriva-london,DW494,158,VDL DB300 Wright Gemini 2
LJ61CKC,arriva-london,DW496,158,VDL DB300 Wright Gemini 2
LJ61CKD,arriva-london,DW497,158,VDL DB300 Wright Gemini 2
LJ61CKE,arriva-london,DW498,158,VDL DB300 Wright Gemini 2
LJ62BKD,arriva-london,DW499,158,VDL DB300 Wright Gemini 2
LJ62BKG,arriva-london,DW500,158,VDL DB300 Wright Gemini 2
LJ62BKN,arriva-london,DW501,158,VDL DB300 Wright Gemini 2
LJ62BMO,arriva-london,DW502,301,VDL DB300 Wright Gemini 2
LJ62BNA,arriva-london,DW503,158,VDL DB300 Wright Gemini 2
LJ62BZV,arriva-london,DW504,428,VDL DB300 Wright Gemini 2
LJ62BAA,arriva-london,DW505,158,VDL DB300 Wright Gemini 2
LJ62BBZ,arriva-london,DW506,158,VDL DB300 Wright Gemini 2
LJ13CCE,arriva-london,DW509,158,VDL DB300 Wright Gemini 2
LJ13CCF,arriva-london,DW510,2,VDL DB300 Wright Gemini 2
LJ13CCN,arriva-london,DW512,121,VDL DB300 Wright Gemini 2
LJ13CCO,arriva-london,DW513,121,VDL DB300 Wright Gemini 2
LJ13CCU,arriva-london,DW514,121,VDL DB300 Wright Gemini 2
LJ13CCV,arriva-london,DW515,191,VDL DB300 Wright Gemini 2
LJ13CCX,arriva-london,DW516,191,VDL DB300 Wright Gemini 2
LJ13CCY,arriva-london,DW517,121,VDL DB300 Wright Gemini 2
LJ13CCZ,arriva-london,DW518,121,VDL DB300 Wright Gemini 2
LJ13CLZ,arriva-london,DW519,191,VDL DB300 Wright Gemini 2
LJ13CME,arriva-london,DW520,191,VDL DB300 Wright Gemini 2
LJ13CMF,arriva-london,DW521,191,VDL DB300 Wright Gemini 2
LJ13CMK,arriva-london,DW522,121,VDL DB300 Wright Gemini 2
LJ13CDE,arriva-london,DW523,121,VDL DB300 Wright Gemini 2
LJ13CDF,arriva-london,DW524,191,VDL DB300 Wright Gemini 2
LJ13CDK,arriva-london,DW525,121,VDL DB300 Wright Gemini 2
LJ13CDN,arriva-london,DW526,191,VDL DB300 Wright Gemini 2
LJ13CDO,arriva-london,DW527,121,VDL DB300 Wright Gemini 2
LJ13CDU,arriva-london,DW528,191,VDL DB300 Wright Gemini 2
LJ13CKU,arriva-london,DW529,121,VDL DB300 Wright Gemini 2
LJ13CKV,arriva-london,DW530,191,VDL DB300 Wright Gemini 2
LJ13CKX,arriva-london,DW531,121,VDL DB300 Wright Gemini 2
LJ13CKY,arriva-london,DW532,217,VDL DB300 Wright Gemini 2
LJ13CLF,arriva-london,DW533,313,VDL DB300 Wright Gemini 2
LJ13CLN,arriva-london,DW534,121,VDL DB300 Wright Gemini 2
LJ13CLO,arriva-london,DW535,191,VDL DB300 Wright Gemini 2
LJ13CLV,arriva-london,DW536,121,VDL DB300 Wright Gemini 2
LJ13CLX,arriva-london,DW537,158,VDL DB300 Wright Gemini 2
LJ13CLY,arriva-london,DW538,59,VDL DB300 Wright Gemini 2
LJ13CEV,arriva-london,DW539,38,VDL DB300 Wright Gemini 2
LJ13CEX,arriva-london,DW540,158,VDL DB300 Wright Gemini 2
LJ13CFA,arriva-london,DW541,158,VDL DB300 Wright Gemini 2
LJ13CFE,arriva-london,DW543,60,VDL DB300 Wright Gemini 2
LJ13CFF,arriva-london,DW544,194,VDL DB300 Wright Gemini 2
LJ13CFG,arriva-london,DW545,194,VDL DB300 Wright Gemini 2
LJ13CFK,arriva-london,DW546,60,VDL DB300 Wright Gemini 2
LJ13CFL,arriva-london,DW547,194,VDL DB300 Wright Gemini 2
LJ13CFM,arriva-london,DW548,194,VDL DB300 Wright Gemini 2
LJ13CDV,arriva-london,DW549,60,VDL DB300 Wright Gemini 2
LJ13CDX,arriva-london,DW550,60,VDL DB300 Wright Gemini 2
LJ13CDY,arriva-london,DW551,60,VDL DB300 Wright Gemini 2
LJ13CDZ,arriva-london,DW552,60,VDL DB300 Wright Gemini 2
LJ13CEA,arriva-london,DW553,194,VDL DB300 Wright Gemini 2
LJ13CEF,arriva-london,DW554,194,VDL DB300 Wright Gemini 2
LJ13CEK,arriva-london,DW555,191,VDL DB300 Wright Gemini 2
LJ13CEN,arriva-london,DW556,191,VDL DB300 Wright Gemini 2
LJ62FNF,arriva-london,DW557,121,VDL DB300 Wright Gemini 2
LJ62FNG,arriva-london,DW558,121,VDL DB300 Wright Gemini 2
LJ62FNR,arriva-london,DW559,121,VDL DB300 Wright Gemini 2
LJ62FOD,arriva-london,DW560,121,VDL DB300 Wright Gemini 2
LJ13CEO,arriva-london,DW561,191,VDL DB300 Wright Gemini 2
LJ13CEU,arriva-london,DW562,191,VDL DB300 Wright Gemini 2
LJ13CKC,arriva-london,DW563,121,VDL DB300 Wright Gemini 2
LJ13CKD,arriva-london,DW564,313,VDL DB300 Wright Gemini 2
LJ13CKE,arriva-london,DW565,121,VDL DB300 Wright Gemini 2
LJ13CKF,arriva-london,DW566,191,VDL DB300 Wright Gemini 2
LJ13CKG,arriva-london,DW567,121,VDL DB300 Wright Gemini 2
LJ13CKK,arriva-london,DW568,191,VDL DB300 Wright Gemini 2
LJ13CKL,arriva-london,DW569,191,VDL DB300 Wright Gemini 2
LJ13CKN,arriva-london,DW570,313,VDL DB300 Wright Gemini 2
LJ13CKO,arriva-london,DW571,121,VDL DB300 Wright Gemini 2
LJ13CKP,arriva-london,DW572,121,VDL DB300 Wright Gemini 2
LJ13CHZ,arriva-london,DW573,121,VDL DB300 Wright Gemini 2
LJ13CJE,arriva-london,DW574,313,VDL DB300 Wright Gemini 2
LJ13CJF,arriva-london,DW575,191,VDL DB300 Wright Gemini 2
LJ13CJO,arriva-london,DW576,191,VDL DB300 Wright Gemini 2
LJ13CJU,arriva-london,DW577,121,VDL DB300 Wright Gemini 2
LJ13CJV,arriva-london,DW578,191,VDL DB300 Wright Gemini 2
LT63UKA,arriva-london,DW579,29,VDL DB300 Wright Gemini 2
LT63UKB,arriva-london,DW580,158,VDL DB300 Wright Gemini 2
LT63UKC,arriva-london,DW581,29,VDL DB300 Wright Gemini 2
LT63UKD,arriva-london,DW582,158,VDL DB300 Wright Gemini 2
LT63UKE,arriva-london,DW583,158,VDL DB300 Wright Gemini 2
LT63UKF,arriva-london,DW584,158,VDL DB300 Wright Gemini 2
LT63UKG,arriva-london,DW585,158,VDL DB300 Wright Gemini 2
LT63UKH,arriva-london,DW586,158,VDL DB300 Wright Gemini 2
LG71DJK,arriva-london,EA1,319,BYD D8UR-DD ADL Enviro400EV
LG71DJO,arriva-london,EA2,319,BYD D8UR-DD ADL Enviro400EV
LG71DJU,arriva-london,EA3,319,BYD D8UR-DD ADL Enviro400EV
LG71DJV,arriva-london,EA4,319,BYD D8UR-DD ADL Enviro400EV
LG71DJX,arriva-london,EA5,,
LG71DJY,arriva-london,EA6,319,BYD D8UR-DD ADL Enviro400EV
LG71DJZ,arriva-london,EA7,319,BYD D8UR-DD ADL Enviro400EV
LG71DKA,arriva-london,EA8,319,BYD D8UR-DD ADL Enviro400EV
LG71DKD,arriva-london,EA9,319,BYD D8UR-DD ADL Enviro400EV
LG71DKE,arriva-london,EA10,319,BYD D8UR-DD ADL Enviro400EV
LG71DKF,arriva-london,EA11,319,BYD D8UR-DD ADL Enviro400EV
LG71DKJ,arriva-london,EA12,319,BYD D8UR-DD ADL Enviro400EV
LG71DKK,arriva-london,EA13,319,BYD D8UR-DD ADL Enviro400EV
LG71DKL,arriva-london,EA14,319,BYD D8UR-DD ADL Enviro400EV
LG71DKN,arriva-london,EA15,319,BYD D8UR-DD ADL Enviro400EV
LG71DKO,arriva-london,EA16,319,BYD D8UR-DD ADL Enviro400EV
LG71DKU,arriva-london,EA17,319,BYD D8UR-DD ADL Enviro400EV
LG71DKV,arriva-london,EA18,319,BYD D8UR-DD ADL Enviro400EV
LG71DKX,arriva-london,EA19,319,BYD D8UR-DD ADL Enviro400EV
LG71DKY,arriva-london,EA20,319,BYD D8UR-DD ADL Enviro400EV
LG71DLD,arriva-london,EA21,319,BYD D8UR-DD ADL Enviro400EV
LG71DLE,arriva-london,EA22,319,BYD D8UR-DD ADL Enviro400EV
LF25TFU,arriva-london,ED1,141,BYD BD11
LF25TFV,arriva-london,ED2,141,BYD BD11
LF25TFX,arriva-london,ED3,34,BYD BD11
LF25THK,arriva-london,ED4,34,BYD BD11
LF25THN,arriva-london,ED5,141,BYD BD11
LF25THU,arriva-london,ED6,141,BYD BD11
LF25THV,arriva-london,ED7,141,BYD BD11
LF25THX,arriva-london,ED8,141,BYD BD11
LF25THZ,arriva-london,ED9,34,BYD BD11
LF25TKN,arriva-london,ED10,141,BYD BD11
LF25TJO,arriva-london,ED11,141,BYD BD11
LF25TJU,arriva-london,ED12,34,BYD BD11
LF25TJV,arriva-london,ED13,141,BYD BD11
LF25TJX,arriva-london,ED14,34,BYD BD11
LF25TJY,arriva-london,ED15,141,BYD BD11
LF25TJZ,arriva-london,ED16,141,BYD BD11
LF25TKA,arriva-london,ED17,141,BYD BD11
LF25TKC,arriva-london,ED18,34,BYD BD11
LF25TKD,arriva-london,ED19,34,BYD BD11
LF25TKE,arriva-london,ED20,141,BYD BD11
LF25TKO,arriva-london,ED21,141,BYD BD11
LF25TGY,arriva-london,ED34,,BYD BD11
LF25TKT,arriva-london,ED35,141,BYD BD11
LF25TKJ,arriva-london,ED36,141,BYD BD11
LF25TKK,arriva-london,ED37,34,BYD BD11
LF25TKU,arriva-london,ED38,34,BYD BD11
LF25TKV,arriva-london,ED39,34,BYD BD11
LF25TKZ,arriva-london,ED42,141,BYD BD11
LF25TLJ,arriva-london,ED43,34,BYD BD11
LF25TLK,arriva-london,ED44,141,BYD BD11
LF25TLN,arriva-london,ED45,141,BYD BD11
LF25TLO,arriva-london,ED46,34,BYD BD11
LF25TLU,arriva-london,ED47,34,BYD BD11
LF25TLV,arriva-london,ED48,141,BYD BD11
LF25TLY,arriva-london,ED50,141,BYD BD11
LF25TLZ,arriva-london,ED51,34,BYD BD11
LF25TMU,arriva-london,ED53,34,BYD BD11
LF25TMV,arriva-london,ED54,141,BYD BD11
LF25TNJ,arriva-london,ED59,141,BYD BD11
LF25TNO,arriva-london,ED63,34,BYD BD11
LF25TFY,arriva-london,ED67,,BYD BD11
LF25TFZ,arriva-london,ED68,,BYD BD11
LF25TGE,arriva-london,ED69,,BYD BD11
LF25TGJ,arriva-london,ED70,,BYD BD11
LF25TGZ,arriva-london,ED71,,BYD BD11
LF25TGK,arriva-london,ED72,,BYD BD11
LF25TGN,arriva-london,ED73,,BYD BD11
LF25TGO,arriva-london,ED74,,BYD BD11
LF25TGU,arriva-london,ED75,,BYD BD11
LF25TGV,arriva-london,ED76,,BYD BD11
LF25TGX,arriva-london,ED77,,BYD BD11
LF25THG,arriva-london,ED78,,BYD BD11
LF75OVU,arriva-london,ED79,466,BYD BD11
LF75OVV,arriva-london,ED80,412,BYD BD11
LF75OVW,arriva-london,ED81,405,BYD BD11
LF75OVX,arriva-london,ED82,412,BYD BD11
LF75OVY,arriva-london,ED83,466,BYD BD11
LF75OVZ,arriva-london,ED84,405,BYD BD11
LF75OWA,arriva-london,ED85,60,BYD BD11
LF75OWB,arriva-london,ED86,412,BYD BD11
LF75OWC,arriva-london,ED87,466,BYD BD11
LF75OWD,arriva-london,ED88,466,BYD BD11
LF75OWE,arriva-london,ED89,60,BYD BD11
LF75OWG,arriva-london,ED90,60,BYD BD11
LF75OWH,arriva-london,ED91,60,BYD BD11
LF75OWJ,arriva-london,ED92,60,BYD BD11
LF75OWK,arriva-london,ED93,412,BYD BD11
LF75OWM,arriva-london,ED94,645,BYD BD11
LF75OWO,arriva-london,ED95,466,BYD BD11
LF75OWP,arriva-london,ED96,466,BYD BD11
LF75OWR,arriva-london,ED97,412,BYD BD11
LF75OWU,arriva-london,ED98,466,BYD BD11
LF75OWV,arriva-london,ED99,405,BYD BD11
LF75OVS,arriva-london,ED100,466,BYD BD11
LF75OVT,arriva-london,ED101,405,BYD BD11
LF75ORO,arriva-london,ED102,466,BYD BD11
LF75ORP,arriva-london,ED103,60,BYD BD11
LF75ORT,arriva-london,ED104,466,BYD BD11
LF75ORU,arriva-london,ED105,645,BYD BD11
LF75ORV,arriva-london,ED106,466,BYD BD11
LF75ORX,arriva-london,ED108,60,BYD BD11
LF75ORY,arriva-london,ED109,466,BYD BD11
LF75ORZ,arriva-london,ED110,412,BYD BD11
LF75OSA,arriva-london,ED111,60,BYD BD11
LF75OSB,arriva-london,ED112,466,BYD BD11
LF75OSC,arriva-london,ED113,405,BYD BD11
LF75OYA,arriva-london,ED115,60,BYD BD11
LF75OYC,arriva-london,ED117,466,BYD BD11
LF75OYD,arriva-london,ED118,405,BYD BD11
LF75OYE,arriva-london,ED119,405,BYD BD11
LF75OYH,arriva-london,ED121,60,BYD BD11
LF75ORN,arriva-london,ED122,466,BYD BD11
LF75OWW,arriva-london,ED123,412,BYD BD11
LF75OWZ,arriva-london,ED126,60,BYD BD11
LF75OXA,arriva-london,ED127,60,BYD BD11
LF75OXB,arriva-london,ED128,60,BYD BD11
LF75OXC,arriva-london,ED129,405,BYD BD11
LF75OXL,arriva-london,ED136,466,BYD BD11
LF75OXN,arriva-london,ED138,412,BYD BD11
LF75OXR,arriva-london,ED140,405,BYD BD11
LF75OXV,arriva-london,ED144,466,BYD BD11
LF75OXW,arriva-london,ED145,405,BYD BD11
LF75OTK,arriva-london,ED146,,BYD BD11
SK25BAA,arriva-london,EE1,,ADL Enviro400EV
SK25BAO,arriva-london,EE2,,ADL Enviro400EV
SK25BAU,arriva-london,EE3,,ADL Enviro400EV
SK25BAV,arriva-london,EE4,,ADL Enviro400EV
SK25BBE,arriva-london,EE5,,ADL Enviro400EV
SK25BBF,arriva-london,EE6,,ADL Enviro400EV
SK25BBJ,arriva-london,EE7,,ADL Enviro400EV
SK25BBN,arriva-london,EE8,,ADL Enviro400EV
SK25BBO,arriva-london,EE9,,ADL Enviro400EV
SK25BBU,arriva-london,EE10,,ADL Enviro400EV
SK25BBV,arriva-london,EE11,,ADL Enviro400EV
SK25BBX,arriva-london,EE12,,ADL Enviro400EV
YX25ODU,arriva-london,EE13,2,ADL Enviro400EV
YX25ODV,arriva-london,EE14,196,ADL Enviro400EV
YX25ODW,arriva-london,EE15,196,ADL Enviro400EV
YX25ODY,arriva-london,EE16,196,ADL Enviro400EV
YX25OEA,arriva-london,EE17,196,ADL Enviro400EV
YX25OEB,arriva-london,EE18,2,ADL Enviro400EV
YX25OEC,arriva-london,EE19,196,ADL Enviro400EV
YX25OED,arriva-london,EE20,196,ADL Enviro400EV
YX25OEE,arriva-london,EE21,196,ADL Enviro400EV
YX25OEF,arriva-london,EE22,196,ADL Enviro400EV
YX25OEG,arriva-london,EE23,196,ADL Enviro400EV
YX25OEH,arriva-london,EE24,196,ADL Enviro400EV
YX25OEJ,arriva-london,EE25,196,ADL Enviro400EV
YX25OEK,arriva-london,EE26,196,ADL Enviro400EV
YX25OEL,arriva-london,EE27,196,ADL Enviro400EV
YX25OEM,arriva-london,EE28,196,ADL Enviro400EV
YX25OEN,arriva-london,EE29,196,ADL Enviro400EV
YX25OEO,arriva-london,EE30,196,ADL Enviro400EV
EKL1,arriva-london,,255,Wright GB Kite Electroliner
EKL2,arriva-london,,255,Wright GB Kite Electroliner
EKL3,arriva-london,,255,Wright GB Kite Electroliner
EKL4,arriva-london,,255,Wright GB Kite Electroliner
EKL5,arriva-london,,255,Wright GB Kite Electroliner
EKL6,arriva-london,,255,Wright GB Kite Electroliner
EKL7,arriva-london,,255,Wright GB Kite Electroliner
EKL8,arriva-london,,255,Wright GB Kite Electroliner
EKL9,arriva-london,,255,Wright GB Kite Electroliner
EKL10,arriva-london,,255,Wright GB Kite Electroliner
EKL11,arriva-london,,255,Wright GB Kite Electroliner
EMN1,arriva-london,,377,Switch MetroCity EV
EMN2,arriva-london,,377,Switch MetroCity EV
EMN3,arriva-london,,377,Switch MetroCity EV
EMN4,arriva-london,,377,Switch MetroCity EV
LK16BXY,arriva-london,EN36,W4,ADL Enviro200 MMC
LK16BYA,arriva-london,EN38,W4,ADL Enviro200 MMC
ENL61,arriva-london,,312,ADL Enviro200
ENL65,arriva-london,,312,ADL Enviro200
ENL67,arriva-london,,166,ADL Enviro200
ENL68,arriva-london,,166,ADL Enviro200
ENL69,arriva-london,,312,ADL Enviro200
ENL101,arriva-london,,312,ADL Enviro200
ENL104,arriva-london,,312,ADL Enviro200
ENL106,arriva-london,,166,ADL Enviro200
ENL108,arriva-london,,312,ADL Enviro200
ENL112,arriva-london,,375,ADL Enviro200
ENN39,arriva-london,,W4,ADL Enviro200 MMC
ENN40,arriva-london,,W4,ADL Enviro200 MMC
ENN41,arriva-london,,W4,ADL Enviro200 MMC
ENN42,arriva-london,,W4,ADL Enviro200 MMC
ENN43,arriva-london,,W4,ADL Enviro200 MMC
ENN44,arriva-london,,W4,ADL Enviro200 MMC
ENN45,arriva-london,,W4,ADL Enviro200 MMC
ENN46,arriva-london,,W4,ADL Enviro200 MMC
ENN47,arriva-london,,W4,ADL Enviro200 MMC
ENN48,arriva-london,,W4,ADL Enviro200 MMC
ENN49,arriva-london,,W4,ADL Enviro200 MMC
ENN50,arriva-london,,W4,ADL Enviro200 MMC
ENN51,arriva-london,,W4,ADL Enviro200 MMC
ENN52,arriva-london,,W4,ADL Enviro200 MMC
ENN53,arriva-london,,W4,ADL Enviro200 MMC
ENN54,arriva-london,,W4,ADL Enviro200 MMC
ENN55,arriva-london,,192,ADL Enviro200 MMC
ENN56,arriva-london,,192,ADL Enviro200 MMC
ENN57,arriva-london,,192,ADL Enviro200 MMC
ENN58,arriva-london,,192,ADL Enviro200 MMC
ENN59,arriva-london,,192,ADL Enviro200 MMC
ENN60,arriva-london,,192,ADL Enviro200 MMC
ENN61,arriva-london,,192,ADL Enviro200 MMC
ENN62,arriva-london,,192,ADL Enviro200 MMC
ENN63,arriva-london,,192,ADL Enviro200 MMC
ENN64,arriva-london,,192,ADL Enviro200 MMC
ENN65,arriva-london,,192,ADL Enviro200 MMC
ENN66,arriva-london,,192,ADL Enviro200 MMC
ENN67,arriva-london,,192,ADL Enviro200 MMC
ENN68,arriva-london,,192,ADL Enviro200 MMC
ENN69,arriva-london,,192,ADL Enviro200 MMC
ENN70,arriva-london,,192,ADL Enviro200 MMC
ENN71,arriva-london,,279,ADL Enviro200 MMC
ENS28,arriva-london,,410,ADL Enviro200
ENS29,arriva-london,,W6,ADL Enviro200 MMC
ENS30,arriva-london,,W6,ADL Enviro200 MMC
ENS31,arriva-london,,W6,ADL Enviro200 MMC
ENS32,arriva-london,,W6,ADL Enviro200 MMC
ENS33,arriva-london,,W6,ADL Enviro200 MMC
ENS34,arriva-london,,W6,ADL Enviro200 MMC
ENS35,arriva-london,,W6,ADL Enviro200 MMC
ENS36,arriva-london,,W6,ADL Enviro200 MMC
ENS37,arriva-london,,W6,ADL Enviro200 MMC
ENS38,arriva-london,,W6,ADL Enviro200 MMC
ENS39,arriva-london,,W6,ADL Enviro200 MMC
ENX1,arriva-london,,312,ADL Enviro200
ENX5,arriva-london,,166,ADL Enviro200
ENX17,arriva-london,,312,ADL Enviro200
ENX31,arriva-london,,312,ADL Enviro200 MMC
ENX32,arriva-london,,312,ADL Enviro200 MMC
LV23EBP,arriva-london,ES1,307,Wright StreetDeck Electroliner
LV23EBU,arriva-london,ES2,279,Wright StreetDeck Electroliner
LV23EBX,arriva-london,ES3,279,Wright StreetDeck Electroliner
LV23EBZ,arriva-london,ES4,307,Wright StreetDeck Electroliner
LV23ECA,arriva-london,ES5,279,Wright StreetDeck Electroliner
LV23ECC,arriva-london,ES6,279,Wright StreetDeck Electroliner
LV23ECD,arriva-london,ES7,279,Wright StreetDeck Electroliner
LV23ECF,arriva-london,ES8,279,Wright StreetDeck Electroliner
LV23ECJ,arriva-london,ES9,279,Wright StreetDeck Electroliner
LV23ECN,arriva-london,ES10,279,Wright StreetDeck Electroliner
LV23ECT,arriva-london,ES11,279,Wright StreetDeck Electroliner
LV23ECW,arriva-london,ES12,307,Wright StreetDeck Electroliner
LV23ECX,arriva-london,ES13,307,Wright StreetDeck Electroliner
LV23ECY,arriva-london,ES14,307,Wright StreetDeck Electroliner
LV23ECZ,arriva-london,ES15,307,Wright StreetDeck Electroliner
LV23EDC,arriva-london,ES16,279,Wright StreetDeck Electroliner
LV23EYF,arriva-london,ES17,250,Wright StreetDeck Electroliner
LV23EYG,arriva-london,ES18,64,Wright StreetDeck Electroliner
LV23EYH,arriva-london,ES19,250,Wright StreetDeck Electroliner
LV23EYJ,arriva-london,ES20,64,Wright StreetDeck Electroliner
LV23EYK,arriva-london,ES21,250,Wright StreetDeck Electroliner
LV23EYL,arriva-london,ES22,64,Wright StreetDeck Electroliner
LV23EYM,arriva-london,ES23,64,Wright StreetDeck Electroliner
LV23EYO,arriva-london,ES24,612,Wright StreetDeck Electroliner
LV23EYP,arriva-london,ES25,250,Wright StreetDeck Electroliner
LV23EYR,arriva-london,ES26,64,Wright StreetDeck Electroliner
LV23EYT,arriva-london,ES27,64,Wright StreetDeck Electroliner
LV23EYU,arriva-london,ES28,417,Wright StreetDeck Electroliner
LV23EYW,arriva-london,ES29,50,Wright StreetDeck Electroliner
LV23EYX,arriva-london,ES30,417,Wright StreetDeck Electroliner
LV23EYY,arriva-london,ES31,417,Wright StreetDeck Electroliner
LV23EYZ,arriva-london,ES32,417,Wright StreetDeck Electroliner
LV23EZA,arriva-london,ES33,50,Wright StreetDeck Electroliner
LV23EZC,arriva-london,ES34,417,Wright StreetDeck Electroliner
LV23EZD,arriva-london,ES35,689,Wright StreetDeck Electroliner
LV23EZE,arriva-london,ES36,64,Wright StreetDeck Electroliner
LV23EZF,arriva-london,ES37,663,Wright StreetDeck Electroliner
LV23ZCA,arriva-london,ES38,50,Wright StreetDeck Electroliner
LV23ZCE,arriva-london,ES39,50,Wright StreetDeck Electroliner
LV23ZCF,arriva-london,ES40,50,Wright StreetDeck Electroliner
LV23ZCJ,arriva-london,ES41,417,Wright StreetDeck Electroliner
LV23ZCK,arriva-london,ES42,50,Wright StreetDeck Electroliner
LV23ZCL,arriva-london,ES43,417,Wright StreetDeck Electroliner
LV23ZCN,arriva-london,ES44,417,Wright StreetDeck Electroliner
LV23ZCO,arriva-london,ES45,50,Wright StreetDeck Electroliner
LV23ZCT,arriva-london,ES46,417,Wright StreetDeck Electroliner
LV23ZCU,arriva-london,ES47,50,Wright StreetDeck Electroliner
LV23ZCX,arriva-london,ES48,417,Wright StreetDeck Electroliner
LV23ZCY,arriva-london,ES49,417,Wright StreetDeck Electroliner
LV23ZCZ,arriva-london,ES50,50,Wright StreetDeck Electroliner
LV24VSA,arriva-london,ES51,279,Wright StreetDeck Electroliner
LV24VSC,arriva-london,ES52,307,Wright StreetDeck Electroliner
LV24VSE,arriva-london,ES54,307,Wright StreetDeck Electroliner
LV24VSF,arriva-london,ES55,307,Wright StreetDeck Electroliner
LV24VSG,arriva-london,ES56,307,Wright StreetDeck Electroliner
LV24VSJ,arriva-london,ES57,307,Wright StreetDeck Electroliner
LV24VSK,arriva-london,ES58,307,Wright StreetDeck Electroliner
LV24VSL,arriva-london,ES59,307,Wright StreetDeck Electroliner
LV24VSM,arriva-london,ES60,279,Wright StreetDeck Electroliner
LV24VSN,arriva-london,ES61,279,Wright StreetDeck Electroliner
LV24VSO,arriva-london,ES62,279,Wright StreetDeck Electroliner
LV24WUB,arriva-london,ES63,279,Wright StreetDeck Electroliner
LV24WUC,arriva-london,ES64,307,Wright StreetDeck Electroliner
LV24WUD,arriva-london,ES65,279,Wright StreetDeck Electroliner
LV24WUE,arriva-london,ES66,307,Wright StreetDeck Electroliner
LV24WUG,arriva-london,ES67,279,Wright StreetDeck Electroliner
LV24WUH,arriva-london,ES68,307,Wright StreetDeck Electroliner
LV24WUJ,arriva-london,ES69,279,Wright StreetDeck Electroliner
LV24WUK,arriva-london,ES70,279,Wright StreetDeck Electroliner
LV24WUL,arriva-london,ES71,279,Wright StreetDeck Electroliner
LV24WUM,arriva-london,ES72,279,Wright StreetDeck Electroliner
LV24WUO,arriva-london,ES73,279,Wright StreetDeck Electroliner
LV24WUP,arriva-london,ES74,279,Wright StreetDeck Electroliner
LV24WUR,arriva-london,ES75,279,Wright StreetDeck Electroliner
LV24WUT,arriva-london,ES76,279,Wright StreetDeck Electroliner
LV24WUU,arriva-london,ES77,279,Wright StreetDeck Electroliner
LV24WUW,arriva-london,ES78,217,Wright StreetDeck Electroliner
LV24WUX,arriva-london,ES79,279,Wright StreetDeck Electroliner
LY24EKM,arriva-london,ES80,279,Wright StreetDeck Electroliner
LY24EKN,arriva-london,ES81,279,Wright StreetDeck Electroliner
LY24EKO,arriva-london,ES82,307,Wright StreetDeck Electroliner
LY24EKP,arriva-london,ES83,279,Wright StreetDeck Electroliner
LY24EKR,arriva-london,ES84,217,Wright StreetDeck Electroliner
LY24FXM,arriva-london,ES85,417,Wright StreetDeck Electroliner
LY24FXO,arriva-london,ES86,612,Wright StreetDeck Electroliner
LY24JNV,arriva-london,ES87,64,Wright StreetDeck Electroliner
LY24JNX,arriva-london,ES88,64,Wright StreetDeck Electroliner
LY24JNZ,arriva-london,ES89,64,Wright StreetDeck Electroliner
LY24JOA,arriva-london,ES90,64,Wright StreetDeck Electroliner
LY24JOH,arriva-london,ES91,250,Wright StreetDeck Electroliner
LY24JOJ,arriva-london,ES92,341,Wright StreetDeck Electroliner
LY24JOU,arriva-london,ES93,341,Wright StreetDeck Electroliner
LY24JOV,arriva-london,ES94,243,Wright StreetDeck Electroliner
LY24JPF,arriva-london,ES95,341,Wright StreetDeck Electroliner
LY24JPJ,arriva-london,ES96,243,Wright StreetDeck Electroliner
LY24JPO,arriva-london,ES97,243,Wright StreetDeck Electroliner
LY24JPU,arriva-london,ES98,243,Wright StreetDeck Electroliner
LY24JPV,arriva-london,ES99,41,Wright StreetDeck Electroliner
LY24JPX,arriva-london,ES100,149,Wright StreetDeck Electroliner
LY24JRO,arriva-london,ES101,243,Wright StreetDeck Electroliner
LY24JRU,arriva-london,ES102,349,Wright StreetDeck Electroliner
LY24JRV,arriva-london,ES103,243,Wright StreetDeck Electroliner
LY24JRX,arriva-london,ES104,250,Wright StreetDeck Electroliner
LY24JRZ,arriva-london,ES105,243,Wright StreetDeck Electroliner
LY24JSU,arriva-london,ES106,41,Wright StreetDeck Electroliner
LY24JSV,arriva-london,ES107,349,Wright StreetDeck Electroliner
LY24JSX,arriva-london,ES108,41,Wright StreetDeck Electroliner
LY24JSZ,arriva-london,ES109,243,Wright StreetDeck Electroliner
LY24JTO,arriva-london,ES110,341,Wright StreetDeck Electroliner
LY24JTU,arriva-london,ES111,259,Wright StreetDeck Electroliner
LY24JTV,arriva-london,ES112,341,Wright StreetDeck Electroliner
LY24JTX,arriva-london,ES113,341,Wright StreetDeck Electroliner
LY24JTZ,arriva-london,ES114,341,Wright StreetDeck Electroliner
LY24JUA,arriva-london,ES115,341,Wright StreetDeck Electroliner
LY24JUC,arriva-london,ES116,341,Wright StreetDeck Electroliner
LY24JUE,arriva-london,ES117,341,Wright StreetDeck Electroliner
LY24JUF,arriva-london,ES118,341,Wright StreetDeck Electroliner
LY24JUH,arriva-london,ES119,149,Wright StreetDeck Electroliner
LY24JUJ,arriva-london,ES120,243,Wright StreetDeck Electroliner
LY24KYZ,arriva-london,ES121,341,Wright StreetDeck Electroliner
LY24KZA,arriva-london,ES122,243,Wright StreetDeck Electroliner
LY24KZB,arriva-london,ES123,341,Wright StreetDeck Electroliner
LY24KZC,arriva-london,ES124,341,Wright StreetDeck Electroliner
LY24KZD,arriva-london,ES125,41,Wright StreetDeck Electroliner
LY24KZE,arriva-london,ES126,341,Wright StreetDeck Electroliner
LY24KZF,arriva-london,ES127,341,Wright StreetDeck Electroliner
LY24KZG,arriva-london,ES128,243,Wright StreetDeck Electroliner
LY24KZH,arriva-london,ES129,341,Wright StreetDeck Electroliner
LY24KZJ,arriva-london,ES130,349,Wright StreetDeck Electroliner
LY24KZK,arriva-london,ES131,50,Wright StreetDeck Electroliner
LY24KZL,arriva-london,ES132,50,Wright StreetDeck Electroliner
LY24RWE,arriva-london,ES133,64,Wright StreetDeck Electroliner
LY24RWF,arriva-london,ES134,341,Wright StreetDeck Electroliner
LY24RWJ,arriva-london,ES135,64,Wright StreetDeck Electroliner
LY24RWK,arriva-london,ES136,64,Wright StreetDeck Electroliner
LY24RWL,arriva-london,ES137,41,Wright StreetDeck Electroliner
LV74CEA,arriva-london,ES138,64,Wright StreetDeck Electroliner
LV74CEF,arriva-london,ES139,243,Wright StreetDeck Electroliner
LV74CEJ,arriva-london,ES140,41,Wright StreetDeck Electroliner
LV74CEK,arriva-london,ES141,41,Wright StreetDeck Electroliner
LY24FWT,arriva-london,ES142,50,Wright StreetDeck Electroliner
LY24FWU,arriva-london,ES143,50,Wright StreetDeck Electroliner
LY24FWV,arriva-london,ES144,50,Wright StreetDeck Electroliner
LY24FWW,arriva-london,ES145,417,Wright StreetDeck Electroliner
LY24FWX,arriva-london,ES146,50,Wright StreetDeck Electroliner
LY24FWZ,arriva-london,ES147,50,Wright StreetDeck Electroliner
LY24FXA,arriva-london,ES148,417,Wright StreetDeck Electroliner
LY24FXB,arriva-london,ES149,64,Wright StreetDeck Electroliner
LY24FXC,arriva-london,ES150,41,Wright StreetDeck Electroliner
LY24FXD,arriva-london,ES151,64,Wright StreetDeck Electroliner
LY24FXE,arriva-london,ES152,250,Wright StreetDeck Electroliner
LY24FXF,arriva-london,ES153,243,Wright StreetDeck Electroliner
LY24FXG,arriva-london,ES154,250,Wright StreetDeck Electroliner
LY24FXH,arriva-london,ES155,64,Wright StreetDeck Electroliner
LY24FXJ,arriva-london,ES156,243,Wright StreetDeck Electroliner
LY24FXK,arriva-london,ES157,64,Wright StreetDeck Electroliner
LY24FXL,arriva-london,ES158,64,Wright StreetDeck Electroliner
LV74CEN,arriva-london,ES159,341,Wright StreetDeck Electroliner
LV74CEO,arriva-london,ES160,250,Wright StreetDeck Electroliner
LV25XYW,arriva-london,ES161,279,Wright StreetDeck Electroliner
LV75NMF,arriva-london,ES162,279,Wright StreetDeck Electroliner
LV75NMK,arriva-london,ES164,121,Wright StreetDeck Electroliner
LV75NMM,arriva-london,ES165,279,Wright StreetDeck Electroliner
LV75NMZ,arriva-london,ES170,279,Wright StreetDeck Electroliner
EYX1,arriva-london,,312,BYD B12
EYX2,arriva-london,,166,BYD B12
EYX3,arriva-london,,166,BYD B12
EYX4,arriva-london,,312,BYD B12
EYX6,arriva-london,,166,BYD B12
EYX7,arriva-london,,312,BYD B12
EYX8,arriva-london,,166,BYD B12
EYX9,arriva-london,,312,BYD B12
EYX10,arriva-london,,312,BYD B12
EYX11,arriva-london,,166,BYD B12
EYX12,arriva-london,,166,BYD B12
EYX14,arriva-london,,312,BYD B12
EYX15,arriva-london,,312,BYD B12
EYX16,arriva-london,,166,BYD B12
EYX17,arriva-london,,312,BYD B12
EYX18,arriva-london,,312,BYD B12
EYX19,arriva-london,,312,BYD B12
EYX20,arriva-london,,312,BYD B12
EYX21,arriva-london,,166,BYD B12
EYX22,arriva-london,,312,BYD B12
EYX23,arriva-london,,312,BYD B12
LJ75VZC,arriva-london,EZ1,243,Volvo BZL DD
LJ75VZD,arriva-london,EZ2,243,Volvo BZL DD
LJ75VZE,arriva-london,EZ3,243,Volvo BZL DD
LJ75VZF,arriva-london,EZ4,41,Volvo BZL DD
LJ75VZH,arriva-london,EZ6,341,Volvo BZL DD
LJ75VZK,arriva-london,EZ7,41,Volvo BZL DD
LJ75VZL,arriva-london,EZ8,243,Volvo BZL DD
LJ75VZM,arriva-london,EZ9,243,Volvo BZL DD
LJ75VZN,arriva-london,EZ10,243,Volvo BZL DD
LJ75VZO,arriva-london,EZ11,41,Volvo BZL DD
LJ75VZP,arriva-london,EZ12,243,Volvo BZL DD
LJ75VZR,arriva-london,EZ13,41,Volvo BZL DD
LJ75VZS,arriva-london,EZ14,243,Volvo BZL DD
LJ75VZU,arriva-london,EZ16,243,Volvo BZL DD
LJ75VZV,arriva-london,EZ17,243,Volvo BZL DD
LJ26UVN,arriva-london,EZ18,41,Volvo BZL DD
LJ75VZX,arriva-london,EZ19,243,Volvo BZL DD
LJ75VZZ,arriva-london,EZ21,243,Volvo BZL DD
LJ75WAE,arriva-london,EZ23,41,Volvo BZL DD
LJ75WAO,arriva-london,EZ24,243,Volvo BZL DD
LJ75WAU,arriva-london,EZ25,243,Volvo BZL DD
LJ75WBE,arriva-london,EZ27,243,Volvo BZL DD
LJ75WBF,arriva-london,EZ28,41,Volvo BZL DD
LJ75WBG,arriva-london,EZ29,41,Volvo BZL DD
LJ26UVP,arriva-london,EZ30,41,Volvo BZL DD
LJ75WBM,arriva-london,EZ32,243,Volvo BZL DD
LJ75WBO,arriva-london,EZ34,341,Volvo BZL DD
LJ75WBP,arriva-london,EZ35,41,Volvo BZL DD
LJ75WBT,arriva-london,EZ36,41,Volvo BZL DD
LJ26UVY,arriva-london,EZ52,41,Volvo BZL DD
LJ26UWA,arriva-london,EZ56,41,Volvo BZL DD
LJ26UWB,arriva-london,EZ57,41,Volvo BZL DD
LJ26UWD,arriva-london,EZ60,41,Volvo BZL DD
LK65BYX,arriva-london,HA1,616,ADL Enviro400H City
LK65BYY,arriva-london,HA2,,ADL Enviro400H City
LK65BYZ,arriva-london,HA3,,ADL Enviro400H City
LK65BZA,arriva-london,HA4,,ADL Enviro400H City
LK65BZB,arriva-london,HA5,29,ADL Enviro400H City
LK65BZC,arriva-london,HA6,,ADL Enviro400H City
LK65BZD,arriva-london,HA7,,ADL Enviro400H City
LK65BZE,arriva-london,HA8,,ADL Enviro400H City
LK65BZF,arriva-london,HA9,,ADL Enviro400H City
LK65BZG,arriva-london,HA10,,ADL Enviro400H City
LK65BYM,arriva-london,HA11,,ADL Enviro400H City
LK65BYN,arriva-london,HA12,,ADL Enviro400H City
LK65BYO,arriva-london,HA13,,ADL Enviro400H City
LK65BYP,arriva-london,HA14,,ADL Enviro400H City
LK65BYR,arriva-london,HA15,329,ADL Enviro400H City
LK65BYS,arriva-london,HA16,616,ADL Enviro400H City
LK65BYT,arriva-london,HA17,,ADL Enviro400H City
LK65BYU,arriva-london,HA18,329,ADL Enviro400H City
LK65BYV,arriva-london,HA19,198,ADL Enviro400H City
LK66GZM,arriva-london,HA20,198,ADL Enviro400H City
LK66GZN,arriva-london,HA21,198,ADL Enviro400H City
LK66GZO,arriva-london,HA22,198,ADL Enviro400H City
LK66GZP,arriva-london,HA23,2,ADL Enviro400H City
LK66GZS,arriva-london,HA24,198,ADL Enviro400H City
LK66GZT,arriva-london,HA25,198,ADL Enviro400H City
LK66GZU,arriva-london,HA26,198,ADL Enviro400H City
LK66GZV,arriva-london,HA27,198,ADL Enviro400H City
LK66GZW,arriva-london,HA28,198,ADL Enviro400H City
LK66GZY,arriva-london,HA29,198,ADL Enviro400H City
LK66HAE,arriva-london,HA30,198,ADL Enviro400H City
LK66HAO,arriva-london,HA31,198,ADL Enviro400H City
LK66HAX,arriva-london,HA32,627,ADL Enviro400H City
LK66HBA,arriva-london,HA33,627,ADL Enviro400H City
LK66HBB,arriva-london,HA34,627,ADL Enviro400H City
LK66HBC,arriva-london,HA35,627,ADL Enviro400H City
LK66HBD,arriva-london,HA36,,ADL Enviro400H City
LK66HBE,arriva-london,HA37,,ADL Enviro400H City
LK66HBF,arriva-london,HA38,,ADL Enviro400H City
LK66HBG,arriva-london,HA39,,ADL Enviro400H City
LK66HBH,arriva-london,HA40,,ADL Enviro400H City
LK66HBJ,arriva-london,HA41,,ADL Enviro400H City
LK66HBL,arriva-london,HA42,,ADL Enviro400H City
LK66HBN,arriva-london,HA43,,ADL Enviro400H City
LK66HBO,arriva-london,HA44,,ADL Enviro400H City
LK66HBP,arriva-london,HA45,,ADL Enviro400H City
LK66HBU,arriva-london,HA46,,ADL Enviro400H City
LK66HBX,arriva-london,HA47,,ADL Enviro400H City
LK66HBY,arriva-london,HA48,,ADL Enviro400H City
LK66HBZ,arriva-london,HA49,,ADL Enviro400H City
LK66HCA,arriva-london,HA50,,ADL Enviro400H City
LK66HCC,arriva-london,HA51,,ADL Enviro400H City
LK66HCD,arriva-london,HA52,,ADL Enviro400H City
LK66HCE,arriva-london,HA53,,ADL Enviro400H City
SK20BFY,arriva-london,HT1,202,ADL Enviro400H MMC
SK20BFZ,arriva-london,HT2,202,ADL Enviro400H MMC
SK20BGE,arriva-london,HT3,202,ADL Enviro400H MMC
SK20BGF,arriva-london,HT4,202,ADL Enviro400H MMC
SK20BGO,arriva-london,HT5,202,ADL Enviro400H MMC
SK20BGU,arriva-london,HT6,202,ADL Enviro400H MMC
SK20BGV,arriva-london,HT7,202,ADL Enviro400H MMC
SK20BGX,arriva-london,HT8,202,ADL Enviro400H MMC
SK20BGY,arriva-london,HT9,202,ADL Enviro400H MMC
SK20BGZ,arriva-london,HT10,202,ADL Enviro400H MMC
SK20BHA,arriva-london,HT11,202,ADL Enviro400H MMC
SK70BUU,arriva-london,HT12,2,ADL Enviro400H MMC
SK70BUV,arriva-london,HT13,202,ADL Enviro400H MMC
SK70BVE,arriva-london,HT14,2,ADL Enviro400H MMC
SK70BUW,arriva-london,HT15,202,ADL Enviro400H MMC
SK70BVF,arriva-london,HT16,202,ADL Enviro400H MMC
SK70BVA,arriva-london,HT17,202,ADL Enviro400H MMC
SK70BVN,arriva-london,HT18,405,ADL Enviro400H MMC
SK70BVB,arriva-london,HT19,158,ADL Enviro400H MMC
SK70BVC,arriva-london,HT20,158,ADL Enviro400H MMC
SK70BVJ,arriva-london,HT21,158,ADL Enviro400H MMC
SK70BVO,arriva-london,HT22,158,ADL Enviro400H MMC
SK70BVL,arriva-london,HT23,158,ADL Enviro400H MMC
SK70BVD,arriva-london,HT24,158,ADL Enviro400H MMC
SK70BVP,arriva-london,HT25,158,ADL Enviro400H MMC
SK70BVG,arriva-london,HT26,158,ADL Enviro400H MMC
SK70BVH,arriva-london,HT27,158,ADL Enviro400H MMC
SK70BVM,arriva-london,HT28,158,ADL Enviro400H MMC
LJ60AXB,arriva-london,HV10,96,Volvo B5LH Wright Eclipse Gemini 2
LJ60AXD,arriva-london,HV12,W3,Volvo B5LH Wright Eclipse Gemini 2
LJ60AWO,arriva-london,HV20,96,Volvo B5LH Wright Eclipse Gemini 2
LJ11EFT,arriva-london,HV27,428,Volvo B5LH Wright Eclipse Gemini 2
LJ11EFZ,arriva-london,HV33,96,Volvo B5LH Wright Eclipse Gemini 2
LJ11EGD,arriva-london,HV35,249,Volvo B5LH Wright Eclipse Gemini 2
LJ11EFE,arriva-london,HV36,96,Volvo B5LH Wright Eclipse Gemini 2
LJ11EFG,arriva-london,HV38,96,Volvo B5LH Wright Eclipse Gemini 2
LJ11EFK,arriva-london,HV39,96,Volvo B5LH Wright Eclipse Gemini 2
LJ11EFL,arriva-london,HV40,335,Volvo B5LH Wright Eclipse Gemini 2
LJ11EFM,arriva-london,HV41,301,Volvo B5LH Wright Eclipse Gemini 2
LJ11EFN,arriva-london,HV42,96,Volvo B5LH Wright Eclipse Gemini 2
LJ11EFO,arriva-london,HV43,301,Volvo B5LH Wright Eclipse Gemini 2
LJ11EFP,arriva-london,HV44,96,Volvo B5LH Wright Eclipse Gemini 2
LJ11EFR,arriva-london,HV45,96,Volvo B5LH Wright Eclipse Gemini 2
LJ11EEU,arriva-london,HV46,335,Volvo B5LH Wright Eclipse Gemini 2
LJ62BEO,arriva-london,HV47,96,Volvo B5LH Wright Eclipse Gemini 2
LJ62BGK,arriva-london,HV48,96,Volvo B5LH Wright Eclipse Gemini 2
LJ62BGX,arriva-london,HV49,96,Volvo B5LH Wright Eclipse Gemini 2
LJ62BHY,arriva-london,HV50,96,Volvo B5LH Wright Eclipse Gemini 2
LJ62BKU,arriva-london,HV51,96,Volvo B5LH Wright Eclipse Gemini 2
LJ62BKX,arriva-london,HV52,301,Volvo B5LH Wright Eclipse Gemini 2
LJ62BMZ,arriva-london,HV53,335,Volvo B5LH Wright Eclipse Gemini 2
LJ62BNE,arriva-london,HV54,301,Volvo B5LH Wright Eclipse Gemini 2
LJ62BNL,arriva-london,HV55,428,Volvo B5LH Wright Eclipse Gemini 2
LJ62BXD,arriva-london,HV57,96,Volvo B5LH Wright Eclipse Gemini 2
LJ62BXF,arriva-london,HV58,335,Volvo B5LH Wright Eclipse Gemini 2
LJ62BYT,arriva-london,HV59,96,Volvo B5LH Wright Eclipse Gemini 2
LJ62BZH,arriva-london,HV61,229,Volvo B5LH Wright Eclipse Gemini 2
LJ62BZR,arriva-london,HV62,428,Volvo B5LH Wright Eclipse Gemini 2
WLT664,arriva-london,HV64,96,Volvo B5LH Wright Eclipse Gemini 2
LJ62BAU,arriva-london,HV65,96,Volvo B5LH Wright Eclipse Gemini 2
LJ62BCU,arriva-london,HV66,96,Volvo B5LH Wright Eclipse Gemini 2
LJ62BND,arriva-london,HV67,141,Volvo B5LH Wright Eclipse Gemini 2
LJ62BPV,arriva-london,HV68,428,Volvo B5LH Wright Eclipse Gemini 2
LJ62BSO,arriva-london,HV69,229,Volvo B5LH Wright Eclipse Gemini 2
LJ62BTO,arriva-london,HV70,229,Volvo B5LH Wright Eclipse Gemini 2
LJ62BTY,arriva-london,HV71,229,Volvo B5LH Wright Eclipse Gemini 2
LJ62BVE,arriva-london,HV72,102,Volvo B5LH Wright Eclipse Gemini 2
LJ62BVP,arriva-london,HV73,492,Volvo B5LH Wright Eclipse Gemini 2
LJ62BVY,arriva-london,HV74,428,Volvo B5LH Wright Eclipse Gemini 2
LJ62BWF,arriva-london,HV75,301,Volvo B5LH Wright Eclipse Gemini 2
LJ62BFZ,arriva-london,HV77,102,Volvo B5LH Wright Eclipse Gemini 2
LJ62BGZ,arriva-london,HV78,102,Volvo B5LH Wright Eclipse Gemini 2
LJ62BHF,arriva-london,HV79,141,Volvo B5LH Wright Eclipse Gemini 2
LJ62BJK,arriva-london,HV80,102,Volvo B5LH Wright Eclipse Gemini 2
LJ62BJX,arriva-london,HV81,229,Volvo B5LH Wright Eclipse Gemini 2
LJ13FDD,arriva-london,HV82,428,Volvo B5LH Wright Eclipse Gemini 2
LJ13FDE,arriva-london,HV83,141,Volvo B5LH Wright Eclipse Gemini 2
LJ13FDF,arriva-london,HV84,102,Volvo B5LH Wright Eclipse Gemini 2
LJ13FDG,arriva-london,HV85,141,Volvo B5LH Wright Eclipse Gemini 2
LJ13FDK,arriva-london,HV86,335,Volvo B5LH Wright Eclipse Gemini 2
LJ13FDL,arriva-london,HV87,102,Volvo B5LH Wright Eclipse Gemini 2
LJ13FDM,arriva-london,HV88,141,Volvo B5LH Wright Eclipse Gemini 2
LJ13FDN,arriva-london,HV89,428,Volvo B5LH Wright Eclipse Gemini 2
LJ13FDO,arriva-london,HV90,102,Volvo B5LH Wright Eclipse Gemini 2
LJ13FDP,arriva-london,HV91,675,Volvo B5LH Wright Eclipse Gemini 2
LJ13FCN,arriva-london,HV92,141,Volvo B5LH Wright Eclipse Gemini 2
LJ13FCO,arriva-london,HV93,96,Volvo B5LH Wright Eclipse Gemini 2
LJ13FCP,arriva-london,HV94,96,Volvo B5LH Wright Eclipse Gemini 2
LJ13FCU,arriva-london,HV95,221,Volvo B5LH Wright Eclipse Gemini 2
LJ13FCV,arriva-london,HV96,221,Volvo B5LH Wright Eclipse Gemini 2
LJ13FCX,arriva-london,HV97,29,Volvo B5LH Wright Eclipse Gemini 2
LJ13FCY,arriva-london,HV98,29,Volvo B5LH Wright Eclipse Gemini 2
LJ13FCZ,arriva-london,HV99,29,Volvo B5LH Wright Eclipse Gemini 2
LJ13FDA,arriva-london,HV100,29,Volvo B5LH Wright Eclipse Gemini 2
LJ13FDC,arriva-london,HV101,W3,Volvo B5LH Wright Eclipse Gemini 2
LJ13FBY,arriva-london,HV102,W3,Volvo B5LH Wright Eclipse Gemini 2
LJ13FBZ,arriva-london,HV103,221,Volvo B5LH Wright Eclipse Gemini 2
LJ13FCA,arriva-london,HV104,29,Volvo B5LH Wright Eclipse Gemini 2
LJ13FCC,arriva-london,HV105,29,Volvo B5LH Wright Eclipse Gemini 2
LT63UKJ,arriva-london,HV106,221,Volvo B5LH Wright Eclipse Gemini 2
LJ13FCE,arriva-london,HV107,29,Volvo B5LH Wright Eclipse Gemini 2
LJ13FCF,arriva-london,HV108,29,Volvo B5LH Wright Eclipse Gemini 2
LJ13FCG,arriva-london,HV109,W3,Volvo B5LH Wright Eclipse Gemini 2
LJ13FCM,arriva-london,HV111,29,Volvo B5LH Wright Eclipse Gemini 2
LJ13FBE,arriva-london,HV112,29,Volvo B5LH Wright Eclipse Gemini 2
LJ13FBF,arriva-london,HV113,29,Volvo B5LH Wright Eclipse Gemini 2
LJ13FBG,arriva-london,HV114,29,Volvo B5LH Wright Eclipse Gemini 2
LJ13FBK,arriva-london,HV115,29,Volvo B5LH Wright Eclipse Gemini 2
LJ13FBL,arriva-london,HV116,221,Volvo B5LH Wright Eclipse Gemini 2
LJ13FBN,arriva-london,HV117,W3,Volvo B5LH Wright Eclipse Gemini 2
LJ13FBO,arriva-london,HV118,29,Volvo B5LH Wright Eclipse Gemini 2
LJ13FBU,arriva-london,HV119,221,Volvo B5LH Wright Eclipse Gemini 2
LJ13FBV,arriva-london,HV120,29,Volvo B5LH Wright Eclipse Gemini 2
LJ13FBX,arriva-london,HV121,29,Volvo B5LH Wright Eclipse Gemini 2
LJ13FAM,arriva-london,HV122,W3,Volvo B5LH Wright Eclipse Gemini 2
LJ13FAO,arriva-london,HV123,29,Volvo B5LH Wright Eclipse Gemini 2
LJ13FAU,arriva-london,HV124,221,Volvo B5LH Wright Eclipse Gemini 2
LJ13FBA,arriva-london,HV125,29,Volvo B5LH Wright Eclipse Gemini 2
LJ13FBB,arriva-london,HV126,W3,Volvo B5LH Wright Eclipse Gemini 2
LJ13FBC,arriva-london,HV127,221,Volvo B5LH Wright Eclipse Gemini 2
LJ13FBD,arriva-london,HV128,29,Volvo B5LH Wright Eclipse Gemini 2
LJ13FEO,arriva-london,HV129,29,Volvo B5LH Wright Eclipse Gemini 2
LJ13FEP,arriva-london,HV130,29,Volvo B5LH Wright Eclipse Gemini 2
LJ13FET,arriva-london,HV131,29,Volvo B5LH Wright Eclipse Gemini 2
LT63UHR,arriva-london,HV132,150,Volvo B5LH Wright Eclipse Gemini 2
LT63UJO,arriva-london,HV133,432,Volvo B5LH Wright Eclipse Gemini 2
LT63UJP,arriva-london,HV134,432,Volvo B5LH Wright Eclipse Gemini 2
LT63UJR,arriva-london,HV135,432,Volvo B5LH Wright Eclipse Gemini 2
LT63UJS,arriva-london,HV136,432,Volvo B5LH Wright Eclipse Gemini 2
LT63UJU,arriva-london,HV137,432,Volvo B5LH Wright Eclipse Gemini 2
LT63UJV,arriva-london,HV138,468,Volvo B5LH Wright Eclipse Gemini 2
LT63UJW,arriva-london,HV139,2,Volvo B5LH Wright Eclipse Gemini 2
LT63UJX,arriva-london,HV140,432,Volvo B5LH Wright Eclipse Gemini 2
LT63UJY,arriva-london,HV141,432,Volvo B5LH Wright Eclipse Gemini 2
LT63UJZ,arriva-london,HV142,2,Volvo B5LH Wright Eclipse Gemini 2
LT63UJD,arriva-london,HV143,432,Volvo B5LH Wright Eclipse Gemini 2
LT63UJE,arriva-london,HV144,432,Volvo B5LH Wright Eclipse Gemini 2
LT63UJF,arriva-london,HV145,96,Volvo B5LH Wright Eclipse Gemini 2
LT63UJG,arriva-london,HV146,96,Volvo B5LH Wright Eclipse Gemini 2
LT63UJH,arriva-london,HV147,96,Volvo B5LH Wright Eclipse Gemini 2
LT63UJJ,arriva-london,HV148,335,Volvo B5LH Wright Eclipse Gemini 2
LT63UJK,arriva-london,HV149,335,Volvo B5LH Wright Eclipse Gemini 2
LT63UJL,arriva-london,HV150,96,Volvo B5LH Wright Eclipse Gemini 2
LT63UJM,arriva-london,HV151,96,Volvo B5LH Wright Eclipse Gemini 2
LT63UJN,arriva-london,HV152,301,Volvo B5LH Wright Eclipse Gemini 2
BU14EFW,arriva-london,HV161,150,Volvo B5LH Wright Eclipse Gemini 3
BU14EFX,arriva-london,HV162,175,Volvo B5LH Wright Eclipse Gemini 3
BU14EFY,arriva-london,HV163,175,Volvo B5LH Wright Eclipse Gemini 3
BU14EFZ,arriva-london,HV164,175,Volvo B5LH Wright Eclipse Gemini 3
BN14VZH,arriva-london,HV165,175,Volvo B5LH Wright Eclipse Gemini 3
BN14VZJ,arriva-london,HV166,175,Volvo B5LH Wright Eclipse Gemini 3
BN14VZK,arriva-london,HV167,175,Volvo B5LH Wright Eclipse Gemini 3
BN14VZL,arriva-london,HV168,150,Volvo B5LH Wright Eclipse Gemini 3
BN14VZM,arriva-london,HV169,150,Volvo B5LH Wright Eclipse Gemini 3
BN14VZO,arriva-london,HV170,150,Volvo B5LH Wright Eclipse Gemini 3
BN14VZP,arriva-london,HV171,150,Volvo B5LH Wright Eclipse Gemini 3
BN14VZR,arriva-london,HV172,175,Volvo B5LH Wright Eclipse Gemini 3
BN14WAA,arriva-london,HV173,175,Volvo B5LH Wright Eclipse Gemini 3
BN14WAE,arriva-london,HV174,150,Volvo B5LH Wright Eclipse Gemini 3
BN14WAJ,arriva-london,HV175,175,Volvo B5LH Wright Eclipse Gemini 3
BN14WAO,arriva-london,HV176,175,Volvo B5LH Wright Eclipse Gemini 3
BJ14KSU,arriva-london,HV177,175,Volvo B5LH Wright Eclipse Gemini 3
BJ14KSV,arriva-london,HV178,175,Volvo B5LH Wright Eclipse Gemini 3
BJ14KSX,arriva-london,HV179,150,Volvo B5LH Wright Eclipse Gemini 3
BJ14KSY,arriva-london,HV180,175,Volvo B5LH Wright Eclipse Gemini 3
BG14ONR,arriva-london,HV181,150,Volvo B5LH Wright Eclipse Gemini 3
BG14ONT,arriva-london,HV182,150,Volvo B5LH Wright Eclipse Gemini 3
BG14ONS,arriva-london,HV183,150,Volvo B5LH Wright Eclipse Gemini 3
BG14ONV,arriva-london,HV184,150,Volvo B5LH Wright Eclipse Gemini 3
BG14ONU,arriva-london,HV185,150,Volvo B5LH Wright Eclipse Gemini 3
BG14ONX,arriva-london,HV186,150,Volvo B5LH Wright Eclipse Gemini 3
BG14ONW,arriva-london,HV187,66,Volvo B5LH Wright Eclipse Gemini 3
BG14OOA,arriva-london,HV188,175,Volvo B5LH Wright Eclipse Gemini 3
BG14OOD,arriva-london,HV189,150,Volvo B5LH Wright Eclipse Gemini 3
BG14ONZ,arriva-london,HV190,175,Volvo B5LH Wright Eclipse Gemini 3
BG14OOB,arriva-london,HV191,150,Volvo B5LH Wright Eclipse Gemini 3
BG14OOC,arriva-london,HV192,175,Volvo B5LH Wright Eclipse Gemini 3
LK66HCF,arriva-london,HV201,W3,Volvo B5LH Wright Eclipse Gemini 3
LK66HCG,arriva-london,HV202,W3,Volvo B5LH Wright Eclipse Gemini 3
LK66HCH,arriva-london,HV203,W3,Volvo B5LH Wright Eclipse Gemini 3
LK66HCJ,arriva-london,HV204,329,Volvo B5LH Wright Eclipse Gemini 3
LK66HCL,arriva-london,HV205,W3,Volvo B5LH Wright Eclipse Gemini 3
LK66HCN,arriva-london,HV206,W3,Volvo B5LH Wright Eclipse Gemini 3
LK66HCO,arriva-london,HV207,29,Volvo B5LH Wright Eclipse Gemini 3
LK66HCP,arriva-london,HV208,221,Volvo B5LH Wright Eclipse Gemini 3
LK66HCU,arriva-london,HV209,221,Volvo B5LH Wright Eclipse Gemini 3
LK66HCV,arriva-london,HV210,29,Volvo B5LH Wright Eclipse Gemini 3
LK66HCX,arriva-london,HV211,221,Volvo B5LH Wright Eclipse Gemini 3
LK66HCY,arriva-london,HV212,221,Volvo B5LH Wright Eclipse Gemini 3
LK66HCZ,arriva-london,HV213,29,Volvo B5LH Wright Eclipse Gemini 3
LK66HDA,arriva-london,HV214,221,Volvo B5LH Wright Eclipse Gemini 3
LK66HDC,arriva-london,HV215,29,Volvo B5LH Wright Eclipse Gemini 3
LK66HDD,arriva-london,HV216,221,Volvo B5LH Wright Eclipse Gemini 3
LK66HDE,arriva-london,HV217,29,Volvo B5LH Wright Eclipse Gemini 3
LK66HDF,arriva-london,HV218,221,Volvo B5LH Wright Eclipse Gemini 3
LK66HDG,arriva-london,HV219,29,Volvo B5LH Wright Eclipse Gemini 3
LK66HDH,arriva-london,HV220,29,Volvo B5LH Wright Eclipse Gemini 3
LJ17WVF,arriva-london,HV221,221,Volvo B5LH Wright Eclipse Gemini 3
LK66HDL,arriva-london,HV222,221,Volvo B5LH Wright Eclipse Gemini 3
LK66HDN,arriva-london,HV223,29,Volvo B5LH Wright Eclipse Gemini 3
LK66HDO,arriva-london,HV224,221,Volvo B5LH Wright Eclipse Gemini 3
LK66HDU,arriva-london,HV225,221,Volvo B5LH Wright Eclipse Gemini 3
LJ17WVG,arriva-london,HV226,221,Volvo B5LH Wright Eclipse Gemini 3
LK66GAO,arriva-london,HV227,221,Volvo B5LH Wright Eclipse Gemini 3
LK66GAU,arriva-london,HV228,221,Volvo B5LH Wright Eclipse Gemini 3
LK66GAX,arriva-london,HV229,221,Volvo B5LH Wright Eclipse Gemini 3
LK66GBE,arriva-london,HV230,29,Volvo B5LH Wright Eclipse Gemini 3
LK66GBF,arriva-london,HV231,29,Volvo B5LH Wright Eclipse Gemini 3
LK66GBO,arriva-london,HV232,221,Volvo B5LH Wright Eclipse Gemini 3
LJ17WVH,arriva-london,HV233,W3,Volvo B5LH Wright Eclipse Gemini 3
LK66GBV,arriva-london,HV234,29,Volvo B5LH Wright Eclipse Gemini 3
LK66GBX,arriva-london,HV235,W3,Volvo B5LH Wright Eclipse Gemini 3
LK66GBY,arriva-london,HV236,W3,Volvo B5LH Wright Eclipse Gemini 3
LK66GBZ,arriva-london,HV237,29,Volvo B5LH Wright Eclipse Gemini 3
LK66GCF,arriva-london,HV238,W3,Volvo B5LH Wright Eclipse Gemini 3
LK66GCO,arriva-london,HV239,W3,Volvo B5LH Wright Eclipse Gemini 3
LK66GCU,arriva-london,HV240,29,Volvo B5LH Wright Eclipse Gemini 3
LK66GCV,arriva-london,HV241,29,Volvo B5LH Wright Eclipse Gemini 3
LK66GCX,arriva-london,HV242,W3,Volvo B5LH Wright Eclipse Gemini 3
LK66GCY,arriva-london,HV243,W3,Volvo B5LH Wright Eclipse Gemini 3
LK66GCZ,arriva-london,HV244,329,Volvo B5LH Wright Eclipse Gemini 3
LK66GDA,arriva-london,HV245,W3,Volvo B5LH Wright Eclipse Gemini 3
LK66GDE,arriva-london,HV246,W3,Volvo B5LH Wright Eclipse Gemini 3
LK66GDF,arriva-london,HV247,W3,Volvo B5LH Wright Eclipse Gemini 3
LK66GDJ,arriva-london,HV248,W3,Volvo B5LH Wright Eclipse Gemini 3
LK66GDO,arriva-london,HV249,102,Volvo B5LH Wright Eclipse Gemini 3
LK66GDU,arriva-london,HV250,102,Volvo B5LH Wright Eclipse Gemini 3
LK66GDV,arriva-london,HV251,34,Volvo B5LH Wright Eclipse Gemini 3
LK66GDX,arriva-london,HV252,102,Volvo B5LH Wright Eclipse Gemini 3
LK66GDY,arriva-london,HV253,102,Volvo B5LH Wright Eclipse Gemini 3
LK66GDZ,arriva-london,HV254,34,Volvo B5LH Wright Eclipse Gemini 3
LK66GEJ,arriva-london,HV255,102,Volvo B5LH Wright Eclipse Gemini 3
LK66GEU,arriva-london,HV256,102,Volvo B5LH Wright Eclipse Gemini 3
LK66GEY,arriva-london,HV257,102,Volvo B5LH Wright Eclipse Gemini 3
LK66GFA,arriva-london,HV258,102,Volvo B5LH Wright Eclipse Gemini 3
LK66GFE,arriva-london,HV259,102,Volvo B5LH Wright Eclipse Gemini 3
LK66GFG,arriva-london,HV260,141,Volvo B5LH Wright Eclipse Gemini 3
LK66GFJ,arriva-london,HV261,102,Volvo B5LH Wright Eclipse Gemini 3
LK66GFO,arriva-london,HV262,102,Volvo B5LH Wright Eclipse Gemini 3
LK66GFU,arriva-london,HV263,141,Volvo B5LH Wright Eclipse Gemini 3
LK66GFV,arriva-london,HV264,141,Volvo B5LH Wright Eclipse Gemini 3
LK66GFX,arriva-london,HV265,102,Volvo B5LH Wright Eclipse Gemini 3
LK66GFY,arriva-london,HV266,102,Volvo B5LH Wright Eclipse Gemini 3
LK66GFZ,arriva-london,HV267,141,Volvo B5LH Wright Eclipse Gemini 3
LK66GGA,arriva-london,HV268,102,Volvo B5LH Wright Eclipse Gemini 3
LK66GGE,arriva-london,HV269,102,Volvo B5LH Wright Eclipse Gemini 3
LK66GGF,arriva-london,HV270,102,Volvo B5LH Wright Eclipse Gemini 3
LK66GGJ,arriva-london,HV271,370,Volvo B5LH Wright Eclipse Gemini 3
LK17AFA,arriva-london,HV272,370,Volvo B5LH Wright Eclipse Gemini 3
LK17AFE,arriva-london,HV273,370,Volvo B5LH Wright Eclipse Gemini 3
LK17AFF,arriva-london,HV274,66,Volvo B5LH Wright Eclipse Gemini 3
LK17AFJ,arriva-london,HV275,66,Volvo B5LH Wright Eclipse Gemini 3
LK17AFN,arriva-london,HV276,370,Volvo B5LH Wright Eclipse Gemini 3
LK17AFO,arriva-london,HV277,103,Volvo B5LH Wright Eclipse Gemini 3
LK17AFU,arriva-london,HV278,103,Volvo B5LH Wright Eclipse Gemini 3
LK17AFV,arriva-london,HV279,66,Volvo B5LH Wright Eclipse Gemini 3
LK17AKJ,arriva-london,HV280,249,Volvo B5LH Wright Eclipse Gemini 3
LK17AKN,arriva-london,HV281,2,Volvo B5LH Wright Eclipse Gemini 3
LK17AKO,arriva-london,HV282,468,Volvo B5LH Wright Eclipse Gemini 3
LK17AKP,arriva-london,HV283,468,Volvo B5LH Wright Eclipse Gemini 3
LK17AKU,arriva-london,HV284,468,Volvo B5LH Wright Eclipse Gemini 3
LK17AKV,arriva-london,HV285,249,Volvo B5LH Wright Eclipse Gemini 3
LK17AKX,arriva-london,HV286,2,Volvo B5LH Wright Eclipse Gemini 3
LK17AKY,arriva-london,HV287,202,Volvo B5LH Wright Eclipse Gemini 3
LK17AKZ,arriva-london,HV288,468,Volvo B5LH Wright Eclipse Gemini 3
LK17ALO,arriva-london,HV289,249,Volvo B5LH Wright Eclipse Gemini 3
LK17ALU,arriva-london,HV290,2,Volvo B5LH Wright Eclipse Gemini 3
LK17AMO,arriva-london,HV291,468,Volvo B5LH Wright Eclipse Gemini 3
LK17AMU,arriva-london,HV292,2,Volvo B5LH Wright Eclipse Gemini 3
LK17AMV,arriva-london,HV293,468,Volvo B5LH Wright Eclipse Gemini 3
LK17AMX,arriva-london,HV294,249,Volvo B5LH Wright Eclipse Gemini 3
LK17AFX,arriva-london,HV295,2,Volvo B5LH Wright Eclipse Gemini 3
LK17AFY,arriva-london,HV296,468,Volvo B5LH Wright Eclipse Gemini 3
LK17AFZ,arriva-london,HV297,432,Volvo B5LH Wright Eclipse Gemini 3
LK17AGO,arriva-london,HV298,2,Volvo B5LH Wright Eclipse Gemini 3
LK17AGU,arriva-london,HV299,468,Volvo B5LH Wright Eclipse Gemini 3
LK17AGV,arriva-london,HV300,198,Volvo B5LH Wright Eclipse Gemini 3
LK17AGX,arriva-london,HV301,249,Volvo B5LH Wright Eclipse Gemini 3
LK17AGY,arriva-london,HV302,468,Volvo B5LH Wright Eclipse Gemini 3
LK17AGZ,arriva-london,HV303,468,Volvo B5LH Wright Eclipse Gemini 3
LK17AHA,arriva-london,HV304,249,Volvo B5LH Wright Eclipse Gemini 3
LK17AHC,arriva-london,HV305,2,Volvo B5LH Wright Eclipse Gemini 3
LK17AHD,arriva-london,HV306,249,Volvo B5LH Wright Eclipse Gemini 3
LK17AHE,arriva-london,HV307,2,Volvo B5LH Wright Eclipse Gemini 3
LK17AHG,arriva-london,HV308,249,Volvo B5LH Wright Eclipse Gemini 3
LK17AHJ,arriva-london,HV309,468,Volvo B5LH Wright Eclipse Gemini 3
LK17AHL,arriva-london,HV310,468,Volvo B5LH Wright Eclipse Gemini 3
LK17AHO,arriva-london,HV311,249,Volvo B5LH Wright Eclipse Gemini 3
LK17AHP,arriva-london,HV312,468,Volvo B5LH Wright Eclipse Gemini 3
LK17AHU,arriva-london,HV313,468,Volvo B5LH Wright Eclipse Gemini 3
LK17AHV,arriva-london,HV314,468,Volvo B5LH Wright Eclipse Gemini 3
LK17AHX,arriva-london,HV315,2,Volvo B5LH Wright Eclipse Gemini 3
LK17AHY,arriva-london,HV316,468,Volvo B5LH Wright Eclipse Gemini 3
LK17AHZ,arriva-london,HV317,468,Volvo B5LH Wright Eclipse Gemini 3
LK17AJO,arriva-london,HV318,249,Volvo B5LH Wright Eclipse Gemini 3
LK17AJU,arriva-london,HV319,468,Volvo B5LH Wright Eclipse Gemini 3
LK17AJV,arriva-london,HV320,2,Volvo B5LH Wright Eclipse Gemini 3
LK17AJX,arriva-london,HV321,329,Volvo B5LH Wright Eclipse Gemini 3
LK17AJY,arriva-london,HV322,W3,Volvo B5LH Wright Eclipse Gemini 3
LK17AKG,arriva-london,HV323,W3,Volvo B5LH Wright Eclipse Gemini 3
LJ17WOH,arriva-london,HV324,301,Volvo B5LH Wright Eclipse Gemini 3
LJ17WOM,arriva-london,HV325,301,Volvo B5LH Wright Eclipse Gemini 3
LJ17WOR,arriva-london,HV326,96,Volvo B5LH Wright Eclipse Gemini 3
LJ17WOU,arriva-london,HV327,96,Volvo B5LH Wright Eclipse Gemini 3
LJ17WOV,arriva-london,HV328,96,Volvo B5LH Wright Eclipse Gemini 3
LJ17WOX,arriva-london,HV329,96,Volvo B5LH Wright Eclipse Gemini 3
LJ17WOY,arriva-london,HV330,301,Volvo B5LH Wright Eclipse Gemini 3
LJ17WPA,arriva-london,HV331,96,Volvo B5LH Wright Eclipse Gemini 3
LJ17WPD,arriva-london,HV332,96,Volvo B5LH Wright Eclipse Gemini 3
LJ17WPE,arriva-london,HV333,335,Volvo B5LH Wright Eclipse Gemini 3
LF67EUA,arriva-london,HV334,96,Volvo B5LH Wright Eclipse Gemini 3
LF67EUB,arriva-london,HV335,96,Volvo B5LH Wright Eclipse Gemini 3
LF67EUC,arriva-london,HV336,96,Volvo B5LH Wright Eclipse Gemini 3
LF67EUD,arriva-london,HV337,96,Volvo B5LH Wright Eclipse Gemini 3
LF67EUE,arriva-london,HV338,96,Volvo B5LH Wright Eclipse Gemini 3
LF67EUH,arriva-london,HV339,19,Volvo B5LH Wright Eclipse Gemini 3
LF67EUJ,arriva-london,HV340,149,Volvo B5LH Wright Eclipse Gemini 3
LF67EUK,arriva-london,HV341,19,Volvo B5LH Wright Eclipse Gemini 3
LF67EUL,arriva-london,HV342,103,Volvo B5LH Wright Eclipse Gemini 3
LF67EUM,arriva-london,HV343,66,Volvo B5LH Wright Eclipse Gemini 3
LF67EUN,arriva-london,HV344,370,Volvo B5LH Wright Eclipse Gemini 3
LF67EUO,arriva-london,HV345,66,Volvo B5LH Wright Eclipse Gemini 3
LF67EUP,arriva-london,HV346,66,Volvo B5LH Wright Eclipse Gemini 3
LF67EUR,arriva-london,HV347,103,Volvo B5LH Wright Eclipse Gemini 3
LF67EUT,arriva-london,HV348,370,Volvo B5LH Wright Eclipse Gemini 3
LF67EUU,arriva-london,HV349,103,Volvo B5LH Wright Eclipse Gemini 3
LF67EUV,arriva-london,HV350,370,Volvo B5LH Wright Eclipse Gemini 3
LF67EUW,arriva-london,HV351,66,Volvo B5LH Wright Eclipse Gemini 3
LF67EUX,arriva-london,HV352,66,Volvo B5LH Wright Eclipse Gemini 3
LF67EUY,arriva-london,HV353,370,Volvo B5LH Wright Eclipse Gemini 3
LF67EUZ,arriva-london,HV354,66,Volvo B5LH Wright Eclipse Gemini 3
LF67EVB,arriva-london,HV355,103,Volvo B5LH Wright Eclipse Gemini 3
LF67EVC,arriva-london,HV356,103,Volvo B5LH Wright Eclipse Gemini 3
LF67EVD,arriva-london,HV357,370,Volvo B5LH Wright Eclipse Gemini 3
LF67EVW,arriva-london,HV358,66,Volvo B5LH Wright Eclipse Gemini 3
LF67EVU,arriva-london,HV359,248,Volvo B5LH Wright Eclipse Gemini 3
LF67EVR,arriva-london,HV360,103,Volvo B5LH Wright Eclipse Gemini 3
LF67EWB,arriva-london,HV361,103,Volvo B5LH Wright Eclipse Gemini 3
LF67EVX,arriva-london,HV362,103,Volvo B5LH Wright Eclipse Gemini 3
LF67EVT,arriva-london,HV363,370,Volvo B5LH Wright Eclipse Gemini 3
LF67EWA,arriva-london,HV364,370,Volvo B5LH Wright Eclipse Gemini 3
LF67EVY,arriva-london,HV365,66,Volvo B5LH Wright Eclipse Gemini 3
LF67EWC,arriva-london,HV366,370,Volvo B5LH Wright Eclipse Gemini 3
LF67EWE,arriva-london,HV367,370,Volvo B5LH Wright Eclipse Gemini 3
LF67EWG,arriva-london,HV368,66,Volvo B5LH Wright Eclipse Gemini 3
LF67EWD,arriva-london,HV369,103,Volvo B5LH Wright Eclipse Gemini 3
LF67EWH,arriva-london,HV370,66,Volvo B5LH Wright Eclipse Gemini 3
LF67EVH,arriva-london,HV371,66,Volvo B5LH Wright Eclipse Gemini 3
LF67EVJ,arriva-london,HV372,103,Volvo B5LH Wright Eclipse Gemini 3
LF67EVG,arriva-london,HV373,103,Volvo B5LH Wright Eclipse Gemini 3
LF67EVP,arriva-london,HV374,103,Volvo B5LH Wright Eclipse Gemini 3
LF67EVM,arriva-london,HV375,370,Volvo B5LH Wright Eclipse Gemini 3
WLT676,arriva-london,HV376,103,Volvo B5LH Wright Eclipse Gemini 3
LF67EVL,arriva-london,HV377,103,Volvo B5LH Wright Eclipse Gemini 3
LF67EVK,arriva-london,HV378,370,Volvo B5LH Wright Eclipse Gemini 3
LF67EWJ,arriva-london,HV379,102,Volvo B5LH Wright Eclipse Gemini 3
LC67AHE,arriva-london,HV380,34,Volvo B5LH Wright Eclipse Gemini 3
LC67AHF,arriva-london,HV381,141,Volvo B5LH Wright Eclipse Gemini 3
WLT982,arriva-london,HV382,102,Volvo B5LH Wright Eclipse Gemini 3
LC67AHJ,arriva-london,HV383,102,Volvo B5LH Wright Eclipse Gemini 3
LC67AHK,arriva-london,HV384,102,Volvo B5LH Wright Eclipse Gemini 3
LC67AHL,arriva-london,HV385,102,Volvo B5LH Wright Eclipse Gemini 3
LC67AHN,arriva-london,HV386,249,Volvo B5LH Wright Eclipse Gemini 3
LC67AHO,arriva-london,HV387,468,Volvo B5LH Wright Eclipse Gemini 3
LC67AHP,arriva-london,HV388,2,Volvo B5LH Wright Eclipse Gemini 3
LC67AHX,arriva-london,HV389,468,Volvo B5LH Wright Eclipse Gemini 3
LC67AHY,arriva-london,HV390,249,Volvo B5LH Wright Eclipse Gemini 3
LC67AJU,arriva-london,HV391,249,Volvo B5LH Wright Eclipse Gemini 3
LC67AHU,arriva-london,HV392,249,Volvo B5LH Wright Eclipse Gemini 3
LC67AJO,arriva-london,HV393,,
LC67AHV,arriva-london,HV394,468,Volvo B5LH Wright Eclipse Gemini 3
LC67AJX,arriva-london,HV395,249,Volvo B5LH Wright Eclipse Gemini 3
LC67AKG,arriva-london,HV396,468,Volvo B5LH Wright Eclipse Gemini 3
LC67AKF,arriva-london,HV397,468,Volvo B5LH Wright Eclipse Gemini 3
LC67AHZ,arriva-london,HV398,2,Volvo B5LH Wright Eclipse Gemini 3
LC67AJY,arriva-london,HV399,2,Volvo B5LH Wright Eclipse Gemini 3
LC67AKK,arriva-london,HV400,2,Volvo B5LH Wright Eclipse Gemini 3
LC67AJV,arriva-london,HV401,202,Volvo B5LH Wright Eclipse Gemini 3
LC67AKJ,arriva-london,HV402,468,Volvo B5LH Wright Eclipse Gemini 3
LC67AKN,arriva-london,HV403,432,Volvo B5LH Wright Eclipse Gemini 3
LC67AKP,arriva-london,HV404,2,Volvo B5LH Wright Eclipse Gemini 3
LC67AKU,arriva-london,HV405,468,Volvo B5LH Wright Eclipse Gemini 3
LC67ACU,arriva-london,HV406,2,Volvo B5LH Wright Eclipse Gemini 3
LC67AKO,arriva-london,HV407,249,Volvo B5LH Wright Eclipse Gemini 3
LC67ACY,arriva-london,HV408,468,Volvo B5LH Wright Eclipse Gemini 3
LC67ACX,arriva-london,HV409,468,Volvo B5LH Wright Eclipse Gemini 3
LC67ACZ,arriva-london,HV410,468,Volvo B5LH Wright Eclipse Gemini 3
LF18AWC,arriva-london,HV411,468,Volvo B5LH Wright Eclipse Gemini 3
LF18AWA,arriva-london,HV412,2,Volvo B5LH Wright Eclipse Gemini 3
LT61BHT,arriva-london,LT2,,
LT12DHT,arriva-london,LT4,,
LT12EHT,arriva-london,LT5,,
LT12FHT,arriva-london,LT6,,
SLS1,arriva-london,,410,Wright StreetLite DF
SLS2,arriva-london,,410,Wright StreetLite DF
SLS3,arriva-london,,410,Wright StreetLite DF
SLS4,arriva-london,,410,Wright StreetLite DF
SLS5,arriva-london,,410,Wright StreetLite DF
SLS6,arriva-london,,410,Wright StreetLite DF
SLS7,arriva-london,,410,Wright StreetLite DF
SLS8,arriva-london,,410,Wright StreetLite DF
SLS9,arriva-london,,410,Wright StreetLite DF
SLS11,arriva-london,,410,Wright StreetLite DF
SLS12,arriva-london,,410,Wright StreetLite DF
SLS13,arriva-london,,410,Wright StreetLite DF
SLS14,arriva-london,,410,Wright StreetLite DF
SLS15,arriva-london,,410,Wright StreetLite DF
SLS16,arriva-london,,410,Wright StreetLite DF
SLS17,arriva-london,,410,Wright StreetLite DF
SLS18,arriva-london,,410,Wright StreetLite DF
SLS19,arriva-london,,410,Wright StreetLite DF
SLS20,arriva-london,,410,Wright StreetLite DF
SLS21,arriva-london,,410,Wright StreetLite DF
SLS24,arriva-london,,410,Wright StreetLite DF
SLS25,arriva-london,,410,Wright StreetLite DF
SLS27,arriva-london,,410,Wright StreetLite DF
LJ10HVO,arriva-london,T118,289,ADL Enviro400
LJ10HVR,arriva-london,T120,289,ADL Enviro400
LJ10HVH,arriva-london,T128,289,ADL Enviro400
LJ10HVK,arriva-london,T129,250,ADL Enviro400
LJ10HVL,arriva-london,T130,250,ADL Enviro400
LJ10HUA,arriva-london,T132,250,ADL Enviro400
LJ10HUO,arriva-london,T135,289,ADL Enviro400
LJ10HUP,arriva-london,T136,289,ADL Enviro400
LJ10HUV,arriva-london,T138,289,ADL Enviro400
LJ10HUY,arriva-london,T139,289,ADL Enviro400
LJ10HTU,arriva-london,T142,250,ADL Enviro400
LJ60AVW,arriva-london,T149,289,ADL Enviro400
LJ60AVX,arriva-london,T150,250,ADL Enviro400
LJ60AVY,arriva-london,T151,250,ADL Enviro400
LJ60AWA,arriva-london,T153,250,ADL Enviro400
LJ60AVC,arriva-london,T155,250,ADL Enviro400
LJ60AVD,arriva-london,T156,250,ADL Enviro400
LJ60AVO,arriva-london,T163,289,ADL Enviro400
LJ60AVP,arriva-london,T164,250,ADL Enviro400
LJ60AUO,arriva-london,T165,289,ADL Enviro400
LJ60AUT,arriva-london,T168,250,ADL Enviro400
LJ60AUV,arriva-london,T170,2,ADL Enviro400
LJ60AUX,arriva-london,T172,250,ADL Enviro400
LJ60AUF,arriva-london,T179,150,ADL Enviro400
LJ60AUH,arriva-london,T180,150,ADL Enviro400
LJ60AUM,arriva-london,T183,150,ADL Enviro400
LJ60ASX,arriva-london,T185,250,ADL Enviro400
LJ60ATF,arriva-london,T187,289,ADL Enviro400
LJ60ATK,arriva-london,T188,250,ADL Enviro400
LJ60ATN,arriva-london,T189,289,ADL Enviro400
LJ60ATO,arriva-london,T190,289,ADL Enviro400
LJ60ATV,arriva-london,T192,250,ADL Enviro400
LJ61CGX,arriva-london,T217,329,ADL Enviro400
LJ61CGZ,arriva-london,T219,66,ADL Enviro400
LJ61CFN,arriva-london,T222,428,ADL Enviro400
LJ61LKZ,arriva-london,T249,370,ADL Enviro400
LJ61LKA,arriva-london,T253,370,ADL Enviro400
LJ61LKF,arriva-london,T257,66,ADL Enviro400
LJ61LJF,arriva-london,T263,329,ADL Enviro400
LJ61LJK,arriva-london,T264,329,ADL Enviro400
LJ61LJL,arriva-london,T265,329,ADL Enviro400
LJ61LJN,arriva-london,T266,329,ADL Enviro400
LJ61LJU,arriva-london,T268,329,ADL Enviro400
LJ61LJV,arriva-london,T269,329,ADL Enviro400
LJ61LJX,arriva-london,T270,329,ADL Enviro400
LJ61LHP,arriva-london,T271,329,ADL Enviro400
LJ61LHR,arriva-london,T272,329,ADL Enviro400
LJ61LHT,arriva-london,T273,329,ADL Enviro400
LJ61LHU,arriva-london,T274,329,ADL Enviro400
LJ61LHX,arriva-london,T277,289,ADL Enviro400
LJ61LHY,arriva-london,T278,289,ADL Enviro400
LJ13CHL,arriva-london,T279,194,ADL Enviro400
LJ13CHN,arriva-london,T280,194,ADL Enviro400
LJ13CHO,arriva-london,T281,194,ADL Enviro400
LJ13CHV,arriva-london,T282,289,ADL Enviro400
LJ13CGG,arriva-london,T285,492,ADL Enviro400
GN61JPY,arriva-london,T288,289,ADL Enviro400
GN61JRV,arriva-london,T290,229,ADL Enviro400
GN61JRX,arriva-london,T291,492,ADL Enviro400
GN61JSU,arriva-london,T294,289,ADL Enviro400
KX61LDN,arriva-london,T297,289,ADL Enviro400
KX61LDV,arriva-london,T300,229,ADL Enviro400
LK65ENO,arriva-london,T302,229,ADL Enviro400
LK65ENP,arriva-london,T303,492,ADL Enviro400
LK65ENR,arriva-london,T304,229,ADL Enviro400
LK65ENT,arriva-london,T305,229,ADL Enviro400
LK65ENU,arriva-london,T306,229,ADL Enviro400
LK65ENV,arriva-london,T307,428,ADL Enviro400
LK65ENW,arriva-london,T308,229,ADL Enviro400
LK65ENX,arriva-london,T309,428,ADL Enviro400
LK65ENY,arriva-london,T310,229,ADL Enviro400
LK65EMJ,arriva-london,T311,301,ADL Enviro400
LK65EMV,arriva-london,T312,229,ADL Enviro400
LK65EMX,arriva-london,T313,229,ADL Enviro400
LK65ENC,arriva-london,T314,229,ADL Enviro400
LK65ENE,arriva-london,T315,229,ADL Enviro400
LK65ENF,arriva-london,T316,492,ADL Enviro400
LK65ENH,arriva-london,T317,492,ADL Enviro400
LK65ENJ,arriva-london,T318,428,ADL Enviro400
LK65ENL,arriva-london,T319,492,ADL Enviro400
LK65ENM,arriva-london,T320,301,ADL Enviro400
LK65EKZ,arriva-london,T321,492,ADL Enviro400
LK65ELC,arriva-london,T322,229,ADL Enviro400
LK65ELH,arriva-london,T323,301,ADL Enviro400
LK65ELJ,arriva-london,T324,301,ADL Enviro400
LK65ELO,arriva-london,T325,492,ADL Enviro400
LK65ELU,arriva-london,T326,229,ADL Enviro400
LK65ELV,arriva-london,T327,229,ADL Enviro400
LK65ELW,arriva-london,T328,301,ADL Enviro400
LK65ELX,arriva-london,T329,229,ADL Enviro400
LK65EMF,arriva-london,T330,229,ADL Enviro400
LK65EKN,arriva-london,T331,229,ADL Enviro400
LJ19CTX,metroline-travel,BDE2613,134,BYD D8UR-DD ADL Enviro400EV
LJ19CTY,metroline-travel,BDE2614,626,BYD D8UR-DD ADL Enviro400EV
LJ19CTZ,metroline-travel,BDE2615,134,BYD D8UR-DD ADL Enviro400EV
LJ19CUA,metroline-travel,BDE2616,626,BYD D8UR-DD ADL Enviro400EV
LJ19CUC,metroline-travel,BDE2617,626,BYD D8UR-DD ADL Enviro400EV
LJ19CUG,metroline-travel,BDE2618,134,BYD D8UR-DD ADL Enviro400EV
LJ19CUH,metroline-travel,BDE2619,626,BYD D8UR-DD ADL Enviro400EV
LJ19CUK,metroline-travel,BDE2620,43,BYD D8UR-DD ADL Enviro400EV
LJ19CUO,metroline-travel,BDE2621,43,BYD D8UR-DD ADL Enviro400EV
LJ19CUU,metroline-travel,BDE2622,43,BYD D8UR-DD ADL Enviro400EV
LJ19CUV,metroline-travel,BDE2623,43,BYD D8UR-DD ADL Enviro400EV
LJ19CUW,metroline-travel,BDE2624,43,BYD D8UR-DD ADL Enviro400EV
LJ19CUX,metroline-travel,BDE2625,43,BYD D8UR-DD ADL Enviro400EV
LJ19CUY,metroline-travel,BDE2626,43,BYD D8UR-DD ADL Enviro400EV
LJ19CVA,metroline-travel,BDE2627,43,BYD D8UR-DD ADL Enviro400EV
LJ19CVB,metroline-travel,BDE2628,17,BYD D8UR-DD ADL Enviro400EV
LJ19CVC,metroline-travel,BDE2629,43,BYD D8UR-DD ADL Enviro400EV
LJ19CVD,metroline-travel,BDE2630,43,BYD D8UR-DD ADL Enviro400EV
LJ19CVE,metroline-travel,BDE2631,43,BYD D8UR-DD ADL Enviro400EV
LJ19CVF,metroline-travel,BDE2632,43,BYD D8UR-DD ADL Enviro400EV
LJ19CVG,metroline-travel,BDE2633,43,BYD D8UR-DD ADL Enviro400EV
LJ19CVH,metroline-travel,BDE2634,43,BYD D8UR-DD ADL Enviro400EV
LJ19CVK,metroline-travel,BDE2635,43,BYD D8UR-DD ADL Enviro400EV
LJ19CVL,metroline-travel,BDE2636,43,BYD D8UR-DD ADL Enviro400EV
LJ19CVM,metroline-travel,BDE2637,43,BYD D8UR-DD ADL Enviro400EV
LJ19CVN,metroline-travel,BDE2638,134,BYD D8UR-DD ADL Enviro400EV
LJ19CVO,metroline-travel,BDE2639,43,BYD D8UR-DD ADL Enviro400EV
LJ19CVP,metroline-travel,BDE2640,43,BYD D8UR-DD ADL Enviro400EV
LJ19CVR,metroline-travel,BDE2641,43,BYD D8UR-DD ADL Enviro400EV
LJ19CVS,metroline-travel,BDE2642,43,BYD D8UR-DD ADL Enviro400EV
LJ19CVT,metroline-travel,BDE2643,43,BYD D8UR-DD ADL Enviro400EV
LJ19CVU,metroline-travel,BDE2644,43,BYD D8UR-DD ADL Enviro400EV
LJ19CVV,metroline-travel,BDE2645,43,BYD D8UR-DD ADL Enviro400EV
LJ19CVW,metroline-travel,BDE2646,43,BYD D8UR-DD ADL Enviro400EV
LJ19CVX,metroline-travel,BDE2647,43,BYD D8UR-DD ADL Enviro400EV
LJ19CVY,metroline-travel,BDE2648,43,BYD D8UR-DD ADL Enviro400EV
LJ19CVZ,metroline-travel,BDE2649,43,BYD D8UR-DD ADL Enviro400EV
LG22AXF,metroline-travel,BDE2752,142,BYD D8UR-DD ADL Enviro400EV
LG22AXH,metroline-travel,BDE2753,142,BYD D8UR-DD ADL Enviro400EV
LG22AXJ,metroline-travel,BDE2754,142,BYD D8UR-DD ADL Enviro400EV
LG22AXK,metroline-travel,BDE2755,142,BYD D8UR-DD ADL Enviro400EV
LG22AXM,metroline-travel,BDE2756,142,BYD D8UR-DD ADL Enviro400EV
LG22AXN,metroline-travel,BDE2757,142,BYD D8UR-DD ADL Enviro400EV
LG22AXO,metroline-travel,BDE2758,142,BYD D8UR-DD ADL Enviro400EV
LG22AXP,metroline-travel,BDE2759,142,BYD D8UR-DD ADL Enviro400EV
LG22AXR,metroline-travel,BDE2760,142,BYD D8UR-DD ADL Enviro400EV
LG22AXS,metroline-travel,BDE2761,142,BYD D8UR-DD ADL Enviro400EV
LG22AXT,metroline-travel,BDE2762,142,BYD D8UR-DD ADL Enviro400EV
LG22AXU,metroline-travel,BDE2763,142,BYD D8UR-DD ADL Enviro400EV
LG22AXV,metroline-travel,BDE2764,142,BYD D8UR-DD ADL Enviro400EV
LG22AXW,metroline-travel,BDE2765,142,BYD D8UR-DD ADL Enviro400EV
LG22AXX,metroline-travel,BDE2766,142,BYD D8UR-DD ADL Enviro400EV
LG22AXY,metroline-travel,BDE2767,142,BYD D8UR-DD ADL Enviro400EV
LG22AXZ,metroline-travel,BDE2768,142,BYD D8UR-DD ADL Enviro400EV
LF25SVZ,metroline-travel,BDE2985,206,BYD BD11
LF25SWJ,metroline-travel,BDE2986,6,BYD BD11
LF25SWK,metroline-travel,BDE2987,W7,BYD BD11
LF25SWU,metroline-travel,BDE2990,W7,BYD BD11
LF25SWV,metroline-travel,BDE2991,W7,BYD BD11
LF25SWZ,metroline-travel,BDE2995,W7,BYD BD11
LF25SXC,metroline-travel,BDE2998,W8,BYD BD11
LF25SXD,metroline-travel,BDE2999,W8,BYD BD11
LF25SXE,metroline-travel,BDE3000,W8,BYD BD11
LF25SXG,metroline-travel,BDE3001,W8,BYD BD11
LF25SXH,metroline-travel,BDE3002,W8,BYD BD11
LF25SXK,metroline-travel,BDE3003,W8,BYD BD11
LF25SXL,metroline-travel,BDE3004,W8,BYD BD11
LF25SXM,metroline-travel,BDE3005,W8,BYD BD11
LF25SXN,metroline-travel,BDE3006,W8,BYD BD11
LF25SXO,metroline-travel,BDE3007,W8,BYD BD11
LF25SXP,metroline-travel,BDE3008,W8,BYD BD11
LF25SXR,metroline-travel,BDE3009,W8,BYD BD11
LF25SXS,metroline-travel,BDE3010,W8,BYD BD11
LF25SXT,metroline-travel,BDE3011,W8,BYD BD11
LF25SXU,metroline-travel,BDE3012,W8,BYD BD11
LF25SXV,metroline-travel,BDE3013,W8,BYD BD11
LF25SXW,metroline-travel,BDE3014,W8,BYD BD11
LF25SXX,metroline-travel,BDE3015,210,BYD BD11
LF25SXY,metroline-travel,BDE3016,210,BYD BD11
LF25SXZ,metroline-travel,BDE3017,210,BYD BD11
LF25SYA,metroline-travel,BDE3018,210,BYD BD11
LF25SYC,metroline-travel,BDE3019,210,BYD BD11
LF25SYE,metroline-travel,BDE3020,210,BYD BD11
LF25SYG,metroline-travel,BDE3021,210,BYD BD11
LF25SYH,metroline-travel,BDE3022,210,BYD BD11
LF25SYJ,metroline-travel,BDE3023,210,BYD BD11
LF25SYO,metroline-travel,BDE3024,210,BYD BD11
LF25SYP,metroline-travel,BDE3025,210,BYD BD11
LF25SYR,metroline-travel,BDE3026,210,BYD BD11
LF25SYS,metroline-travel,BDE3027,210,BYD BD11
LF25SYT,metroline-travel,BDE3028,210,BYD BD11
LF25SYU,metroline-travel,BDE3029,210,BYD BD11
LF25SYV,metroline-travel,BDE3030,210,BYD BD11
LF75OYJ,metroline-travel,BDE3050,98,BYD BD11
LF75OYK,metroline-travel,BDE3051,98,BYD BD11
LF75OYL,metroline-travel,BDE3052,98,BYD BD11
LF75OYM,metroline-travel,BDE3053,98,BYD BD11
LF75OYN,metroline-travel,BDE3054,98,BYD BD11
LF75OYO,metroline-travel,BDE3055,98,BYD BD11
LF75OYP,metroline-travel,BDE3056,98,BYD BD11
LF75OYR,metroline-travel,BDE3057,98,BYD BD11
LF75OYU,metroline-travel,BDE3060,98,BYD BD11
LF75OYV,metroline-travel,BDE3061,98,BYD BD11
LF75OYX,metroline-travel,BDE3063,98,BYD BD11
LF75OYY,metroline-travel,BDE3064,98,BYD BD11
LF75OYZ,metroline-travel,BDE3065,98,BYD BD11
LF75OZA,metroline-travel,BDE3066,98,BYD BD11
LF75OZB,metroline-travel,BDE3067,98,BYD BD11
LF75OZD,metroline-travel,BDE3069,98,BYD BD11
LF75OZE,metroline-travel,BDE3070,98,BYD BD11
LF75OZG,metroline-travel,BDE3071,98,BYD BD11
LF75OZH,metroline-travel,BDE3072,98,BYD BD11
LF75OZJ,metroline-travel,BDE3073,98,BYD BD11
LJ18FHA,metroline-travel,BEL2505,46,BYD D8UR ADL Enviro200EV
LJ18FHB,metroline-travel,BEL2506,134,BYD D8UR ADL Enviro200EV
LJ18FHC,metroline-travel,BEL2507,46,BYD D8UR ADL Enviro200EV
LJ18FHD,metroline-travel,BEL2508,46,BYD D8UR ADL Enviro200EV
LJ18FHE,metroline-travel,BEL2509,46,BYD D8UR ADL Enviro200EV
LJ18FHF,metroline-travel,BEL2510,153,BYD D8UR ADL Enviro200EV
LJ18FHG,metroline-travel,BEL2511,46,BYD D8UR ADL Enviro200EV
LJ18FHH,metroline-travel,BEL2512,46,BYD D8UR ADL Enviro200EV
LJ18FHK,metroline-travel,BEL2513,46,BYD D8UR ADL Enviro200EV
LJ18FHM,metroline-travel,BEL2514,46,BYD D8UR ADL Enviro200EV
LJ18FHN,metroline-travel,BEL2515,153,BYD D8UR ADL Enviro200EV
LJ18FHO,metroline-travel,BEL2516,46,BYD D8UR ADL Enviro200EV
LJ18FHP,metroline-travel,BEL2517,46,BYD D8UR ADL Enviro200EV
LJ18FHR,metroline-travel,BEL2518,46,BYD D8UR ADL Enviro200EV
LJ18FHS,metroline-travel,BEL2519,153,BYD D8UR ADL Enviro200EV
LJ18FHT,metroline-travel,BEL2520,46,BYD D8UR ADL Enviro200EV
LJ18FHU,metroline-travel,BEL2521,46,BYD D8UR ADL Enviro200EV
LJ18FHV,metroline-travel,BEL2522,46,BYD D8UR ADL Enviro200EV
LJ18FHW,metroline-travel,BEL2523,46,BYD D8UR ADL Enviro200EV
LJ18FHX,metroline-travel,BEL2524,46,BYD D8UR ADL Enviro200EV
LJ18FHY,metroline-travel,BEL2525,46,BYD D8UR ADL Enviro200EV
LJ18FHZ,metroline-travel,BEL2526,46,BYD D8UR ADL Enviro200EV
LJ18FJA,metroline-travel,BEL2527,46,BYD D8UR ADL Enviro200EV
LF75PFE,metroline-travel,BEL3233,143,BYD B12
LF75PFG,metroline-travel,BEL3234,268,BYD B12
LF75PFK,metroline-travel,BEL3236,268,BYD B12
LF75PFN,metroline-travel,BEL3237,268,BYD B12
LF75PFO,metroline-travel,BEL3238,143,BYD B12
LF75PFU,metroline-travel,BEL3239,143,BYD B12
LF75PFX,metroline-travel,BEL3241,491,BYD B12
LF75PFY,metroline-travel,BEL3242,491,BYD B12
LF75PFZ,metroline-travel,BEL3243,491,BYD B12
LF75PGE,metroline-travel,BEL3244,491,BYD B12
LF75PGK,metroline-travel,BEL3245,W8,BYD B12
LF75PGU,metroline-travel,BEL3247,491,BYD B12
LF75PGX,metroline-travel,BEL3249,491,BYD B12
LK10BYM,metroline-travel,DE1121,W9,ADL Enviro200
LK10BYP,metroline-travel,DE1124,W9,ADL Enviro200
LK10BYR,metroline-travel,DE1125,W9,ADL Enviro200
LK10BYT,metroline-travel,DE1127,491,ADL Enviro200
LK10BYU,metroline-travel,DE1128,224,ADL Enviro200
LK10BZD,metroline-travel,DE1137,C11,ADL Enviro200
LK10BZN,metroline-travel,DE1145,6,ADL Enviro200
LK10BZP,metroline-travel,DE1147,C11,ADL Enviro200
LK11CWF,metroline-travel,DE1152,A10,ADL Enviro200
LK11CWG,metroline-travel,DE1153,U1,ADL Enviro200
LK11CWJ,metroline-travel,DE1154,U2,ADL Enviro200
LK11CWL,metroline-travel,DE1155,U1,ADL Enviro200
LK11CWM,metroline-travel,DE1156,327,ADL Enviro200
LK11CWN,metroline-travel,DE1157,H13,ADL Enviro200
LK11CWO,metroline-travel,DE1158,U1,ADL Enviro200
LK11CWP,metroline-travel,DE1159,U2,ADL Enviro200
LK11CWR,metroline-travel,DE1160,C11,ADL Enviro200
LK11CWT,metroline-travel,DE1161,U1,ADL Enviro200
LK11CWU,metroline-travel,DE1162,U2,ADL Enviro200
LK11CWV,metroline-travel,DE1163,H13,ADL Enviro200
LK11CWW,metroline-travel,DE1164,U1,ADL Enviro200
LK11CWX,metroline-travel,DE1165,W9,ADL Enviro200
LK11CWY,metroline-travel,DE1166,U2,ADL Enviro200
LK11CWZ,metroline-travel,DE1167,A10,ADL Enviro200
LK11CXA,metroline-travel,DE1168,491,ADL Enviro200
LK11CXB,metroline-travel,DE1169,U1,ADL Enviro200
LK11CXC,metroline-travel,DE1170,U1,ADL Enviro200
LK11CXD,metroline-travel,DE1171,206,ADL Enviro200
LK11CXE,metroline-travel,DE1172,H13,ADL Enviro200
LK11CXF,metroline-travel,DE1173,C11,ADL Enviro200
LK11CXG,metroline-travel,DE1174,C11,ADL Enviro200
LK12AWU,metroline-travel,DE1318,U10,ADL Enviro200
LK12AWX,metroline-travel,DE1319,A10,ADL Enviro200
LK12AWY,metroline-travel,DE1320,331,ADL Enviro200
LK12AWZ,metroline-travel,DE1321,U2,ADL Enviro200
LK12AXA,metroline-travel,DE1322,U2,ADL Enviro200
LK12AXG,metroline-travel,DE1323,U2,ADL Enviro200
LK12AXH,metroline-travel,DE1324,H13,ADL Enviro200
LK12AXP,metroline-travel,DE1325,H13,ADL Enviro200
LK12AXR,metroline-travel,DE1326,U1,ADL Enviro200
LK12AXS,metroline-travel,DE1327,491,ADL Enviro200
LK12AXV,metroline-travel,DE1328,U1,ADL Enviro200
LK12AXW,metroline-travel,DE1329,U1,ADL Enviro200
LK12AXZ,metroline-travel,DE1330,U2,ADL Enviro200
LK12AYF,metroline-travel,DE1331,491,ADL Enviro200
LK12AYG,metroline-travel,DE1332,327,ADL Enviro200
LK12AYN,metroline-travel,DE1333,491,ADL Enviro200
LK12AYP,metroline-travel,DE1334,491,ADL Enviro200
LK12AYZ,metroline-travel,DE1335,491,ADL Enviro200
LK12AZA,metroline-travel,DE1336,491,ADL Enviro200
DEL850,metroline-travel,,242,ADL Enviro200
YX12AOS,metroline-travel,DEL1970,224,ADL Enviro200
YX12AOT,metroline-travel,DEL1971,224,ADL Enviro200
YX12AFU,metroline-travel,DEL1972,224,ADL Enviro200
YX12AFK,metroline-travel,DEL1973,224,ADL Enviro200
YX12AZG,metroline-travel,DEL1974,224,ADL Enviro200
YX12AFO,metroline-travel,DEL1975,224,ADL Enviro200
YX12AVT,metroline-travel,DEL1976,224,ADL Enviro200
YX12AYK,metroline-travel,DEL1977,224,ADL Enviro200
YX12ATN,metroline-travel,DEL1978,224,ADL Enviro200
YX12ATF,metroline-travel,DEL1979,224,ADL Enviro200
YX12APK,metroline-travel,DEL1980,224,ADL Enviro200
LK64ECE,metroline-travel,DEL2062,112,ADL Enviro200
LK64ECF,metroline-travel,DEL2063,112,ADL Enviro200
LK64ECJ,metroline-travel,DEL2064,324,ADL Enviro200
LK64ECN,metroline-travel,DEL2065,112,ADL Enviro200
LK64ECT,metroline-travel,DEL2066,324,ADL Enviro200
LK64ECV,metroline-travel,DEL2067,112,ADL Enviro200
LK64ECW,metroline-travel,DEL2068,112,ADL Enviro200
LK64ECX,metroline-travel,DEL2069,324,ADL Enviro200
LK64ECY,metroline-travel,DEL2070,112,ADL Enviro200
LK64ECZ,metroline-travel,DEL2071,112,ADL Enviro200
LK65EAA,metroline-travel,DEL2145,331,ADL Enviro200
LK65EAC,metroline-travel,DEL2146,331,ADL Enviro200
LK65EAE,metroline-travel,DEL2147,331,ADL Enviro200
LK65EAF,metroline-travel,DEL2148,331,ADL Enviro200
LK65EAG,metroline-travel,DEL2149,331,ADL Enviro200
LK65EAJ,metroline-travel,DEL2150,331,ADL Enviro200
LK65EAM,metroline-travel,DEL2151,331,ADL Enviro200
LK65EAO,metroline-travel,DEL2152,331,ADL Enviro200
LK65EAP,metroline-travel,DEL2153,331,ADL Enviro200
LK65EAW,metroline-travel,DEL2154,223,ADL Enviro200
LK16DDJ,metroline-travel,DEL2155,331,ADL Enviro200 MMC
LK16DDL,metroline-travel,DEL2156,331,ADL Enviro200 MMC
LK16DDN,metroline-travel,DEL2157,U2,ADL Enviro200 MMC
LK16DDO,metroline-travel,DEL2158,U2,ADL Enviro200 MMC
LK16DDU,metroline-travel,DEL2159,223,ADL Enviro200 MMC
LK16DDV,metroline-travel,DEL2160,H17,ADL Enviro200 MMC
LK16DDX,metroline-travel,DEL2161,223,ADL Enviro200 MMC
LK16DDY,metroline-travel,DEL2162,223,ADL Enviro200 MMC
LK16DDZ,metroline-travel,DEL2163,223,ADL Enviro200 MMC
LK16DEU,metroline-travel,DEL2164,H17,ADL Enviro200 MMC
LK16DFA,metroline-travel,DEL2165,223,ADL Enviro200 MMC
LK16DFC,metroline-travel,DEL2166,H17,ADL Enviro200 MMC
LK66EOP,metroline-travel,DEL2244,190,ADL Enviro200 MMC
LK66EOR,metroline-travel,DEL2245,190,ADL Enviro200 MMC
LK66EOS,metroline-travel,DEL2246,190,ADL Enviro200 MMC
LK66FSE,metroline-travel,DEL2247,190,ADL Enviro200 MMC
LK66FSF,metroline-travel,DEL2248,190,ADL Enviro200 MMC
LK66FSG,metroline-travel,DEL2249,190,ADL Enviro200 MMC
LK66FSJ,metroline-travel,DEL2250,190,ADL Enviro200 MMC
LK66FSL,metroline-travel,DEL2251,190,ADL Enviro200 MMC
LK66FSN,metroline-travel,DEL2252,190,ADL Enviro200 MMC
LK66FSO,metroline-travel,DEL2253,190,ADL Enviro200 MMC
LK66FSP,metroline-travel,DEL2254,190,ADL Enviro200 MMC
LK66FSS,metroline-travel,DEL2255,H17,ADL Enviro200 MMC
LK66FSU,metroline-travel,DEL2256,H17,ADL Enviro200 MMC
LK66FSV,metroline-travel,DEL2257,223,ADL Enviro200 MMC
LK66FSX,metroline-travel,DEL2258,H17,ADL Enviro200 MMC
LK66FSY,metroline-travel,DEL2259,H17,ADL Enviro200 MMC
LK66FSZ,metroline-travel,DEL2260,H17,ADL Enviro200 MMC
LK66FTA,metroline-travel,DEL2261,223,ADL Enviro200 MMC
LK66FTC,metroline-travel,DEL2262,H17,ADL Enviro200 MMC
LK66FTD,metroline-travel,DEL2263,223,ADL Enviro200 MMC
LK66FTE,metroline-travel,DEL2264,H17,ADL Enviro200 MMC
LK66FTF,metroline-travel,DEL2265,112,ADL Enviro200 MMC
YX19OVA,metroline-travel,DEL2597,112,ADL Enviro200 MMC
YX19OVB,metroline-travel,DEL2598,112,ADL Enviro200 MMC
YX19OVC,metroline-travel,DEL2599,112,ADL Enviro200 MMC
YX19OVD,metroline-travel,DEL2600,324,ADL Enviro200 MMC
YX19OVE,metroline-travel,DEL2601,324,ADL Enviro200 MMC
YX19OVF,metroline-travel,DEL2602,324,ADL Enviro200 MMC
YX19OVG,metroline-travel,DEL2603,112,ADL Enviro200 MMC
YX19OVH,metroline-travel,DEL2604,112,ADL Enviro200 MMC
YX19OVJ,metroline-travel,DEL2605,112,ADL Enviro200 MMC
YX19OVK,metroline-travel,DEL2606,324,ADL Enviro200 MMC
YX19OVL,metroline-travel,DEL2607,324,ADL Enviro200 MMC
YX19OVM,metroline-travel,DEL2608,112,ADL Enviro200 MMC
YX19OVN,metroline-travel,DEL2609,112,ADL Enviro200 MMC
YX19OVO,metroline-travel,DEL2610,112,ADL Enviro200 MMC
YX19OVP,metroline-travel,DEL2611,112,ADL Enviro200 MMC
YX19OVR,metroline-travel,DEL2612,112,ADL Enviro200 MMC
LK62DAA,metroline-travel,DEM1337,234,ADL Enviro200
LK62DAO,metroline-travel,DEM1338,234,ADL Enviro200
LK62DBZ,metroline-travel,DEM1339,30,ADL Enviro200
LK62DCE,metroline-travel,DEM1340,234,ADL Enviro200
LK62DCF,metroline-travel,DEM1341,234,ADL Enviro200
LK62DCY,metroline-travel,DEM1342,234,ADL Enviro200
LK62DDU,metroline-travel,DEM1343,234,ADL Enviro200
LK62DDY,metroline-travel,DEM1344,234,ADL Enviro200
LK62DDZ,metroline-travel,DEM1345,234,ADL Enviro200
LK62DEU,metroline-travel,DEM1346,234,ADL Enviro200
LK62DFF,metroline-travel,DEM1347,234,ADL Enviro200
LK62DFJ,metroline-travel,DEM1348,234,ADL Enviro200
LK62DFP,metroline-travel,DEM1349,234,ADL Enviro200
LK62DFY,metroline-travel,DEM1350,W9,ADL Enviro200
LK62DGF,metroline-travel,DEM1351,W9,ADL Enviro200
LK62DGO,metroline-travel,DEM1352,W9,ADL Enviro200
LK62DHC,metroline-travel,DEM1353,491,ADL Enviro200
LK62DHD,metroline-travel,DEM1354,W9,ADL Enviro200
LK62DHE,metroline-travel,DEM1355,W9,ADL Enviro200
LK62DHG,metroline-travel,DEM1356,W9,ADL Enviro200
LK62DHP,metroline-travel,DEM1357,W9,ADL Enviro200
LK62DHU,metroline-travel,DEM1358,W9,ADL Enviro200
LK62DHV,metroline-travel,DEM1359,491,ADL Enviro200
YX61EKR,metroline-travel,DEM1912,W9,ADL Enviro200
YX61EKT,metroline-travel,DEM1913,W9,ADL Enviro200
YX61EKU,metroline-travel,DEM1914,491,ADL Enviro200
YX61EKV,metroline-travel,DEM1915,234,ADL Enviro200
YX61EKW,metroline-travel,DEM1916,491,ADL Enviro200
YX61EKY,metroline-travel,DEM1917,384,ADL Enviro200
YX61EKZ,metroline-travel,DEM1918,382,ADL Enviro200
YX69NXP,metroline-travel,DEM2681,393,ADL Enviro200 MMC
YX69NXR,metroline-travel,DEM2682,393,ADL Enviro200 MMC
YX69NXS,metroline-travel,DEM2683,393,ADL Enviro200 MMC
YX69NXT,metroline-travel,DEM2684,393,ADL Enviro200 MMC
YX69NXU,metroline-travel,DEM2685,393,ADL Enviro200 MMC
YX69NXV,metroline-travel,DEM2686,393,ADL Enviro200 MMC
YX69NXW,metroline-travel,DEM2687,234,ADL Enviro200 MMC
YX69NXY,metroline-travel,DEM2688,393,ADL Enviro200 MMC
YX69NXZ,metroline-travel,DEM2689,393,ADL Enviro200 MMC
YX69NYV,metroline-travel,DEM2690,393,ADL Enviro200 MMC
YX69NYW,metroline-travel,DEM2691,393,ADL Enviro200 MMC
YX69NYY,metroline-travel,DEM2692,393,ADL Enviro200 MMC
YX69NYZ,metroline-travel,DEM2693,393,ADL Enviro200 MMC
YX69NZA,metroline-travel,DEM2694,393,ADL Enviro200 MMC
YX69NZB,metroline-travel,DEM2695,393,ADL Enviro200 MMC
YX69NZC,metroline-travel,DEM2696,393,ADL Enviro200 MMC
LT12HHT,metroline-travel,LT8,,
LK13FJE,metroline-travel,LT10,,
LK13FJJ,metroline-travel,LT11,,
LK13FJF,metroline-travel,LT12,,
LK13FJN,metroline-travel,LT16,,
YJ19HVA,metroline-travel,OME2650,134,Optare MetroDecker EV
YJ19HVB,metroline-travel,OME2651,134,Optare MetroDecker EV
YJ19HVD,metroline-travel,OME2653,32,Optare MetroDecker EV
YJ19HVE,metroline-travel,OME2654,134,Optare MetroDecker EV
YJ19HVF,metroline-travel,OME2655,134,Optare MetroDecker EV
YJ19HVG,metroline-travel,OME2656,134,Optare MetroDecker EV
YJ19HVH,metroline-travel,OME2657,134,Optare MetroDecker EV
YJ19HVL,metroline-travel,OME2658,134,Optare MetroDecker EV
YJ19HVM,metroline-travel,OME2659,134,Optare MetroDecker EV
YJ19HVO,metroline-travel,OME2661,134,Optare MetroDecker EV
YJ19HVP,metroline-travel,OME2662,134,Optare MetroDecker EV
YJ19HVR,metroline-travel,OME2663,134,Optare MetroDecker EV
YJ69DFC,metroline-travel,OME2664,134,Optare MetroDecker EV
YJ19HVT,metroline-travel,OME2665,W9,Optare MetroDecker EV
YJ69DFD,metroline-travel,OME2666,134,Optare MetroDecker EV
YJ69DFE,metroline-travel,OME2667,134,Optare MetroDecker EV
YJ69DFF,metroline-travel,OME2668,626,Optare MetroDecker EV
YJ69DFG,metroline-travel,OME2669,134,Optare MetroDecker EV
YJ69DFL,metroline-travel,OME2671,134,Optare MetroDecker EV
YJ69DFN,metroline-travel,OME2672,134,Optare MetroDecker EV
YJ69DFO,metroline-travel,OME2673,134,Optare MetroDecker EV
YJ69DFP,metroline-travel,OME2674,134,Optare MetroDecker EV
YJ69DFU,metroline-travel,OME2675,134,Optare MetroDecker EV
YJ69DFV,metroline-travel,OME2676,134,Optare MetroDecker EV
YJ69DFX,metroline-travel,OME2677,134,Optare MetroDecker EV
YJ69DFY,metroline-travel,OME2678,134,Optare MetroDecker EV
YJ69DFZ,metroline-travel,OME2679,134,Optare MetroDecker EV
YJ69DGE,metroline-travel,OME2680,134,Optare MetroDecker EV
YJ68FXA,metroline-travel,OS2499,H2,Optare Solo SR
YJ68FXB,metroline-travel,OS2500,H2,Optare Solo SR
YJ68FXF,metroline-travel,OS2501,H2,Optare Solo SR
YJ68FXC,metroline-travel,OS2502,H3,Optare Solo SR
YJ68FXE,metroline-travel,OS2503,H2,Optare Solo SR
YJ68FXG,metroline-travel,OS2504,H2,Optare Solo SR
LK12AVD,metroline-travel,TE1307,U3,ADL Enviro400
LK12AVU,metroline-travel,TE1311,U4,ADL Enviro400
LK12AWA,metroline-travel,TE1312,U1,ADL Enviro400
LK12AWJ,metroline-travel,TE1314,U3,ADL Enviro400
LK62DXM,metroline-travel,TE1420,282,ADL Enviro400
LK62DXT,metroline-travel,TE1423,U3,ADL Enviro400
LK62DXX,metroline-travel,TE1424,U4,ADL Enviro400
LK62DYC,metroline-travel,TE1427,617,ADL Enviro400
LK62DYD,metroline-travel,TE1428,629,ADL Enviro400
LK62DYF,metroline-travel,TE1429,U3,ADL Enviro400
LK62DYH,metroline-travel,TE1431,629,ADL Enviro400
LK62DYO,metroline-travel,TE1433,231,ADL Enviro400
LK13BEU,metroline-travel,TE1434,231,ADL Enviro400
LK13BEY,metroline-travel,TE1435,617,ADL Enviro400
LK13BFA,metroline-travel,TE1436,231,ADL Enviro400
LK13BFF,metroline-travel,TE1437,231,ADL Enviro400
LK13BFJ,metroline-travel,TE1438,629,ADL Enviro400
LK13BFL,metroline-travel,TE1439,231,ADL Enviro400
LK13BFM,metroline-travel,TE1440,231,ADL Enviro400
LK13BFO,metroline-travel,TE1442,231,ADL Enviro400
LK13BFP,metroline-travel,TE1443,E9,ADL Enviro400
LK13BFU,metroline-travel,TE1444,A10,ADL Enviro400
LK13BFV,metroline-travel,TE1445,E9,ADL Enviro400
LK13BFX,metroline-travel,TE1446,E9,ADL Enviro400
LK13BFY,metroline-travel,TE1447,E9,ADL Enviro400
LK13BFZ,metroline-travel,TE1448,640,ADL Enviro400
LK08FMZ,metroline-travel,TE1579,90,ADL Enviro400
LK61BKA,metroline-travel,TEH1223,139,ADL Enviro400H
LK61BKD,metroline-travel,TEH1224,210,ADL Enviro400H
LK61BKF,metroline-travel,TEH1226,210,ADL Enviro400H
LK13BGE,metroline-travel,TEH1449,282,ADL Enviro400H
LK13BGF,metroline-travel,TEH1450,282,ADL Enviro400H
LK13BGO,metroline-travel,TEH1451,282,ADL Enviro400H
LK13BGU,metroline-travel,TEH1452,282,ADL Enviro400H
LK13BGV,metroline-travel,TEH1453,282,ADL Enviro400H
LK13BGX,metroline-travel,TEH1454,282,ADL Enviro400H
LK13BGY,metroline-travel,TEH1455,282,ADL Enviro400H
LK13BGZ,metroline-travel,TEH1456,282,ADL Enviro400H
LK13BHA,metroline-travel,TEH1457,282,ADL Enviro400H
LK13BHD,metroline-travel,TEH1458,282,ADL Enviro400H
LK13BHE,metroline-travel,TEH1459,92,ADL Enviro400H
LK13BHF,metroline-travel,TEH1460,282,ADL Enviro400H
LK13BHJ,metroline-travel,TEH1461,282,ADL Enviro400H
LK13BHL,metroline-travel,TEH1462,282,ADL Enviro400H
LK13BHN,metroline-travel,TEH1463,282,ADL Enviro400H
LK13BHO,metroline-travel,TEH1464,282,ADL Enviro400H
LK13BHP,metroline-travel,TEH1465,282,ADL Enviro400H
LK13BHU,metroline-travel,TEH1466,282,ADL Enviro400H
LK13BHV,metroline-travel,TEH1467,640,ADL Enviro400H
LK15CWA,metroline-travel,TEH2072,139,ADL Enviro400H MMC
LK15CWC,metroline-travel,TEH2073,139,ADL Enviro400H MMC
LK15CRZ,metroline-travel,TEH2074,139,ADL Enviro400H MMC
LK15CSF,metroline-travel,TEH2075,139,ADL Enviro400H MMC
LK15CSO,metroline-travel,TEH2076,139,ADL Enviro400H MMC
LK15CSU,metroline-travel,TEH2077,328,ADL Enviro400H MMC
LK15CSV,metroline-travel,TEH2078,139,ADL Enviro400H MMC
LK15CSX,metroline-travel,TEH2079,139,ADL Enviro400H MMC
LK15CSY,metroline-travel,TEH2080,139,ADL Enviro400H MMC
LK15CSZ,metroline-travel,TEH2081,139,ADL Enviro400H MMC
LK15CTE,metroline-travel,TEH2082,139,ADL Enviro400H MMC
LK15CTF,metroline-travel,TEH2083,139,ADL Enviro400H MMC
LK15CUA,metroline-travel,TEH2084,139,ADL Enviro400H MMC
LK15CUC,metroline-travel,TEH2085,139,ADL Enviro400H MMC
LK15CUG,metroline-travel,TEH2086,139,ADL Enviro400H MMC
LK15CUH,metroline-travel,TEH2087,139,ADL Enviro400H MMC
LK18AFA,metroline-travel,VMH2433,E9,Volvo B5LH MCV EvoSeti
LK18AFE,metroline-travel,VMH2434,E9,Volvo B5LH MCV EvoSeti
LK18AFF,metroline-travel,VMH2435,92,Volvo B5LH MCV EvoSeti
LK18AFJ,metroline-travel,VMH2436,92,Volvo B5LH MCV EvoSeti
LK18AFN,metroline-travel,VMH2437,E9,Volvo B5LH MCV EvoSeti
LK18AFO,metroline-travel,VMH2438,92,Volvo B5LH MCV EvoSeti
LK18AFU,metroline-travel,VMH2439,E2,Volvo B5LH MCV EvoSeti
LK18AFV,metroline-travel,VMH2440,81,Volvo B5LH MCV EvoSeti
LK18AFX,metroline-travel,VMH2441,237,Volvo B5LH MCV EvoSeti
LK18AFY,metroline-travel,VMH2442,E9,Volvo B5LH MCV EvoSeti
LK18AFZ,metroline-travel,VMH2443,481,Volvo B5LH MCV EvoSeti
LK18AGO,metroline-travel,VMH2444,E8,Volvo B5LH MCV EvoSeti
LK18AGU,metroline-travel,VMH2445,237,Volvo B5LH MCV EvoSeti
LK18AGV,metroline-travel,VMH2446,237,Volvo B5LH MCV EvoSeti
LK18AGX,metroline-travel,VMH2447,81,Volvo B5LH MCV EvoSeti
LK18AGY,metroline-travel,VMH2448,90,Volvo B5LH MCV EvoSeti
LK18AGZ,metroline-travel,VMH2449,297,Volvo B5LH MCV EvoSeti
LK18AHA,metroline-travel,VMH2450,83,Volvo B5LH MCV EvoSeti
LK18AHC,metroline-travel,VMH2451,E2,Volvo B5LH MCV EvoSeti
LK18AHD,metroline-travel,VMH2452,237,Volvo B5LH MCV EvoSeti
LK18AHE,metroline-travel,VMH2453,81,Volvo B5LH MCV EvoSeti
LK18AHF,metroline-travel,VMH2454,E2,Volvo B5LH MCV EvoSeti
LK18AKN,metroline-travel,VMH2455,E2,Volvo B5LH MCV EvoSeti
LK18AKO,metroline-travel,VMH2456,E2,Volvo B5LH MCV EvoSeti
LK18AKP,metroline-travel,VMH2457,263,Volvo B5LH MCV EvoSeti
LK18AKU,metroline-travel,VMH2458,81,Volvo B5LH MCV EvoSeti
LK18AKV,metroline-travel,VMH2459,81,Volvo B5LH MCV EvoSeti
LK18AKX,metroline-travel,VMH2460,237,Volvo B5LH MCV EvoSeti
LK18AKY,metroline-travel,VMH2461,81,Volvo B5LH MCV EvoSeti
LK18AKZ,metroline-travel,VMH2462,E8,Volvo B5LH MCV EvoSeti
LK18ALO,metroline-travel,VMH2463,30,Volvo B5LH MCV EvoSeti
LK18ALU,metroline-travel,VMH2464,274,Volvo B5LH MCV EvoSeti
LK18AMO,metroline-travel,VMH2465,30,Volvo B5LH MCV EvoSeti
LK18AMU,metroline-travel,VMH2466,30,Volvo B5LH MCV EvoSeti
LK18AMV,metroline-travel,VMH2467,30,Volvo B5LH MCV EvoSeti
LK18AMX,metroline-travel,VMH2468,274,Volvo B5LH MCV EvoSeti
LK18ANF,metroline-travel,VMH2469,30,Volvo B5LH MCV EvoSeti
LK18ANP,metroline-travel,VMH2470,274,Volvo B5LH MCV EvoSeti
LK18ANR,metroline-travel,VMH2471,30,Volvo B5LH MCV EvoSeti
LK18ANU,metroline-travel,VMH2472,274,Volvo B5LH MCV EvoSeti
LK18ANV,metroline-travel,VMH2473,30,Volvo B5LH MCV EvoSeti
LK18ANX,metroline-travel,VMH2474,274,Volvo B5LH MCV EvoSeti
LK18AOA,metroline-travel,VMH2475,274,Volvo B5LH MCV EvoSeti
LK18AOB,metroline-travel,VMH2476,30,Volvo B5LH MCV EvoSeti
LK18AOC,metroline-travel,VMH2477,4,Volvo B5LH MCV EvoSeti
LK18AOD,metroline-travel,VMH2478,274,Volvo B5LH MCV EvoSeti
LK18AOE,metroline-travel,VMH2479,274,Volvo B5LH MCV EvoSeti
LK18AHG,metroline-travel,VMH2480,274,Volvo B5LH MCV EvoSeti
LK18AHJ,metroline-travel,VMH2481,30,Volvo B5LH MCV EvoSeti
LK18AHL,metroline-travel,VMH2482,274,Volvo B5LH MCV EvoSeti
LK18AHN,metroline-travel,VMH2483,30,Volvo B5LH MCV EvoSeti
LK18AHO,metroline-travel,VMH2484,4,Volvo B5LH MCV EvoSeti
LK18AHP,metroline-travel,VMH2485,274,Volvo B5LH MCV EvoSeti
LK18AHU,metroline-travel,VMH2486,30,Volvo B5LH MCV EvoSeti
LK18AHV,metroline-travel,VMH2487,30,Volvo B5LH MCV EvoSeti
LK18AHX,metroline-travel,VMH2488,30,Volvo B5LH MCV EvoSeti
LK18AHY,metroline-travel,VMH2489,30,Volvo B5LH MCV EvoSeti
LK18AHZ,metroline-travel,VMH2490,30,Volvo B5LH MCV EvoSeti
LK18AJO,metroline-travel,VMH2491,30,Volvo B5LH MCV EvoSeti
LK18AJU,metroline-travel,VMH2492,274,Volvo B5LH MCV EvoSeti
LK18AJV,metroline-travel,VMH2493,274,Volvo B5LH MCV EvoSeti
LK18AJX,metroline-travel,VMH2494,E2,Volvo B5LH MCV EvoSeti
LK18AJY,metroline-travel,VMH2495,81,Volvo B5LH MCV EvoSeti
LK18AKF,metroline-travel,VMH2496,120,Volvo B5LH MCV EvoSeti
LK18AKG,metroline-travel,VMH2497,30,Volvo B5LH MCV EvoSeti
LK18AKJ,metroline-travel,VMH2498,30,Volvo B5LH MCV EvoSeti
LF68PXD,metroline-travel,VMH2528,481,Volvo B5LH MCV EvoSeti
LF68PXE,metroline-travel,VMH2529,81,Volvo B5LH MCV EvoSeti
LF68PXG,metroline-travel,VMH2530,237,Volvo B5LH MCV EvoSeti
LF68PXH,metroline-travel,VMH2531,90,Volvo B5LH MCV EvoSeti
LF68PXJ,metroline-travel,VMH2532,90,Volvo B5LH MCV EvoSeti
LF68PXK,metroline-travel,VMH2533,90,Volvo B5LH MCV EvoSeti
LF68PXL,metroline-travel,VMH2534,90,Volvo B5LH MCV EvoSeti
LF68PXM,metroline-travel,VMH2535,90,Volvo B5LH MCV EvoSeti
LF68PXN,metroline-travel,VMH2536,83,Volvo B5LH MCV EvoSeti
LF68PXO,metroline-travel,VMH2537,90,Volvo B5LH MCV EvoSeti
LF68PXP,metroline-travel,VMH2538,483,Volvo B5LH MCV EvoSeti
LF68PXR,metroline-travel,VMH2539,107,Volvo B5LH MCV EvoSeti
LF68PXS,metroline-travel,VMH2540,E9,Volvo B5LH MCV EvoSeti
LF68PXT,metroline-travel,VMH2541,282,Volvo B5LH MCV EvoSeti
LF68PXU,metroline-travel,VMH2542,92,Volvo B5LH MCV EvoSeti
LF68PXV,metroline-travel,VMH2543,E9,Volvo B5LH MCV EvoSeti
LF68PXW,metroline-travel,VMH2544,481,Volvo B5LH MCV EvoSeti
LF68PXX,metroline-travel,VMH2545,E8,Volvo B5LH MCV EvoSeti
LA68DXY,metroline-travel,VMH2546,120,Volvo B5LH MCV EvoSeti
LA68DXX,metroline-travel,VMH2547,E2,Volvo B5LH MCV EvoSeti
LA68DXW,metroline-travel,VMH2548,81,Volvo B5LH MCV EvoSeti
LA68DXV,metroline-travel,VMH2549,237,Volvo B5LH MCV EvoSeti
LA68DXU,metroline-travel,VMH2550,81,Volvo B5LH MCV EvoSeti
LA68DXT,metroline-travel,VMH2551,92,Volvo B5LH MCV EvoSeti
LA68DXS,metroline-travel,VMH2552,92,Volvo B5LH MCV EvoSeti
LA68DXR,metroline-travel,VMH2553,92,Volvo B5LH MCV EvoSeti
LA68DXP,metroline-travel,VMH2554,92,Volvo B5LH MCV EvoSeti
LA68DXO,metroline-travel,VMH2555,92,Volvo B5LH MCV EvoSeti
LA68DXM,metroline-travel,VMH2556,E9,Volvo B5LH MCV EvoSeti
LA68DXL,metroline-travel,VMH2557,E9,Volvo B5LH MCV EvoSeti
LA68DXK,metroline-travel,VMH2558,282,Volvo B5LH MCV EvoSeti
LA68DXJ,metroline-travel,VMH2559,92,Volvo B5LH MCV EvoSeti
LA68DXH,metroline-travel,VMH2560,92,Volvo B5LH MCV EvoSeti
LA68DXG,metroline-travel,VMH2561,,Volvo B5LH MCV EvoSeti
LA68DXF,metroline-travel,VMH2562,,Volvo B5LH MCV EvoSeti
LA68DXE,metroline-travel,VMH2563,,Volvo B5LH MCV EvoSeti
LA68DXD,metroline-travel,VMH2564,,Volvo B5LH MCV EvoSeti
LA68DXC,metroline-travel,VMH2565,,Volvo B5LH MCV EvoSeti
LA68DXB,metroline-travel,VMH2566,,Volvo B5LH MCV EvoSeti
LA68DWZ,metroline-travel,VMH2567,,Volvo B5LH MCV EvoSeti
LA68DWY,metroline-travel,VMH2568,,Volvo B5LH MCV EvoSeti
LA68DWM,metroline-travel,VMH2569,,Volvo B5LH MCV EvoSeti
LA68DWW,metroline-travel,VMH2570,,Volvo B5LH MCV EvoSeti
LA68DWV,metroline-travel,VMH2571,,Volvo B5LH MCV EvoSeti
LA68DWU,metroline-travel,VMH2572,,Volvo B5LH MCV EvoSeti
LA68DWP,metroline-travel,VMH2573,90,Volvo B5LH MCV EvoSeti
LA68DWO,metroline-travel,VMH2574,90,Volvo B5LH MCV EvoSeti
LA68DWN,metroline-travel,VMH2575,483,Volvo B5LH MCV EvoSeti
LA68DWX,metroline-travel,VMH2576,90,Volvo B5LH MCV EvoSeti
LF19FXA,metroline-travel,VMH2577,90,Volvo B5LH MCV EvoSeti
LF19FXB,metroline-travel,VMH2578,90,Volvo B5LH MCV EvoSeti
LF19FXC,metroline-travel,VMH2579,90,Volvo B5LH MCV EvoSeti
LF19FXD,metroline-travel,VMH2580,90,Volvo B5LH MCV EvoSeti
LF19FXE,metroline-travel,VMH2581,,Volvo B5LH MCV EvoSeti
LF19FXG,metroline-travel,VMH2582,,Volvo B5LH MCV EvoSeti
LF19FXH,metroline-travel,VMH2583,,Volvo B5LH MCV EvoSeti
LF19FXJ,metroline-travel,VMH2584,,Volvo B5LH MCV EvoSeti
LF19FXK,metroline-travel,VMH2585,,Volvo B5LH MCV EvoSeti
LF19FXL,metroline-travel,VMH2586,,Volvo B5LH MCV EvoSeti
LF19FXM,metroline-travel,VMH2587,,Volvo B5LH MCV EvoSeti
LF19FXO,metroline-travel,VMH2588,,Volvo B5LH MCV EvoSeti
LF19FXP,metroline-travel,VMH2589,,Volvo B5LH MCV EvoSeti
LF19FXR,metroline-travel,VMH2590,,Volvo B5LH MCV EvoSeti
LF19FXS,metroline-travel,VMH2591,,Volvo B5LH MCV EvoSeti
LF19FXT,metroline-travel,VMH2592,,Volvo B5LH MCV EvoSeti
LF19FXU,metroline-travel,VMH2593,,Volvo B5LH MCV EvoSeti
LF19FXW,metroline-travel,VMH2594,,Volvo B5LH MCV EvoSeti
LF19FXX,metroline-travel,VMH2595,,Volvo B5LH MCV EvoSeti
LF19FXY,metroline-travel,VMH2596,,Volvo B5LH MCV EvoSeti
LF73DVN,metroline-travel,VMS2809,187,Volvo BZL
LF73DVO,metroline-travel,VMS2810,487,Volvo BZL
LF73DVP,metroline-travel,VMS2811,187,Volvo BZL
LF73DVR,metroline-travel,VMS2812,187,Volvo BZL
LF73DVT,metroline-travel,VMS2813,487,Volvo BZL
LF73DVU,metroline-travel,VMS2814,187,Volvo BZL
LF73DVV,metroline-travel,VMS2815,187,Volvo BZL
LF73DVW,metroline-travel,VMS2816,487,Volvo BZL
LF73DVX,metroline-travel,VMS2817,187,Volvo BZL
LF73DWX,metroline-travel,VMS2818,487,Volvo BZL
LF73DVY,metroline-travel,VMS2819,187,Volvo BZL
LF73DVZ,metroline-travel,VMS2820,187,Volvo BZL
LF73DWA,metroline-travel,VMS2821,487,Volvo BZL
LF73DWC,metroline-travel,VMS2822,487,Volvo BZL
LF73DWD,metroline-travel,VMS2823,487,Volvo BZL
LF73DWE,metroline-travel,VMS2824,487,Volvo BZL
LF73DWG,metroline-travel,VMS2825,487,Volvo BZL
LF73DWJ,metroline-travel,VMS2826,187,Volvo BZL
LF73DWK,metroline-travel,VMS2827,187,Volvo BZL
LF73DWL,metroline-travel,VMS2828,187,Volvo BZL
LF73DWM,metroline-travel,VMS2829,487,Volvo BZL
LF73DWN,metroline-travel,VMS2830,487,Volvo BZL
LF73DWO,metroline-travel,VMS2831,187,Volvo BZL
LF73DWP,metroline-travel,VMS2832,487,Volvo BZL
LF73DWW,metroline-travel,VMS2833,187,Volvo BZL
LF73DXG,metroline-travel,VMSL2843,251,Volvo BZL
LF73DXH,metroline-travel,VMSL2844,251,Volvo BZL
LF73DXJ,metroline-travel,VMSL2845,251,Volvo BZL
LF73DXK,metroline-travel,VMSL2846,251,Volvo BZL
LF73DXL,metroline-travel,VMSL2847,251,Volvo BZL
LF73DXM,metroline-travel,VMSL2848,113,Volvo BZL
LF73DXO,metroline-travel,VMSL2849,251,Volvo BZL
LF73DXP,metroline-travel,VMSL2850,251,Volvo BZL
LF73DXR,metroline-travel,VMSL2851,251,Volvo BZL
LF73DXS,metroline-travel,VMSL2852,251,Volvo BZL
LF73DXT,metroline-travel,VMSL2853,251,Volvo BZL
LF73DXU,metroline-travel,VMSL2854,251,Volvo BZL
LF73DXV,metroline-travel,VMSL2855,251,Volvo BZL
LF73DXW,metroline-travel,VMSL2856,251,Volvo BZL
LJ24ZLE,metroline-travel,VMSL2878,228,Volvo BZL
LJ24ZLK,metroline-travel,VMSL2879,316,Volvo BZL
LJ24ZKZ,metroline-travel,VMSL2880,316,Volvo BZL
LJ24ZNB,metroline-travel,VMSL2881,316,Volvo BZL
LJ24ZLZ,metroline-travel,VMSL2882,316,Volvo BZL
LJ24ZNA,metroline-travel,VMSL2883,228,Volvo BZL
LJ24ZMV,metroline-travel,VMSL2884,316,Volvo BZL
LJ24ZLY,metroline-travel,VMSL2885,316,Volvo BZL
LJ24ZLN,metroline-travel,VMSL2886,316,Volvo BZL
LJ24ZLO,metroline-travel,VMSL2887,206,Volvo BZL
LJ24ZLU,metroline-travel,VMSL2888,228,Volvo BZL
LJ24ZMU,metroline-travel,VMSL2889,316,Volvo BZL
LJ24ZLV,metroline-travel,VMSL2890,316,Volvo BZL
LJ24ZLX,metroline-travel,VMSL2891,316,Volvo BZL
LJ24ZNC,metroline-travel,VMSL2892,316,Volvo BZL
LJ24ZMO,metroline-travel,VMSL2893,316,Volvo BZL
LJ24ZKY,metroline-travel,VMSL2894,206,Volvo BZL
LJ24ZMX,metroline-travel,VMSL2895,316,Volvo BZL
LJ24ZMY,metroline-travel,VMSL2896,316,Volvo BZL
LJ24ZMZ,metroline-travel,VMSL2897,206,Volvo BZL
LJ24ZNE,metroline-travel,VMSL2898,316,Volvo BZL
LJ24ZNN,metroline-travel,VMSL2899,206,Volvo BZL
LJ24ZNF,metroline-travel,VMSL2900,316,Volvo BZL
LJ24ZNG,metroline-travel,VMSL2901,206,Volvo BZL
LJ24ZNH,metroline-travel,VMSL2902,206,Volvo BZL
LJ24ZNK,metroline-travel,VMSL2903,206,Volvo BZL
LJ24ZNL,metroline-travel,VMSL2904,228,Volvo BZL
LJ24ZNM,metroline-travel,VMSL2905,228,Volvo BZL
LJ75WBZ,metroline-travel,VMSL2973,228,Volvo BZL
LJ75WCA,metroline-travel,VMSL2974,206,Volvo BZL
LJ75WCC,metroline-travel,VMSL2975,316,Volvo BZL
LJ75WBY,metroline-travel,VMSL2976,206,Volvo BZL
LJ75WCF,metroline-travel,VMSL2977,206,Volvo BZL
LJ75WCG,metroline-travel,VMSL2978,206,Volvo BZL
LG75YYN,metroline-travel,VMSL2979,316,Volvo BZL
LG75YYO,metroline-travel,VMSL2980,206,Volvo BZL
LJ75WCD,metroline-travel,VMSL2981,316,Volvo BZL
LG75YYP,metroline-travel,VMSL2982,228,Volvo BZL
LJ75WCE,metroline-travel,VMSL2983,316,Volvo BZL
LG75YYU,metroline-travel,VMSL2984,206,Volvo BZL
LF73DWU,metroline-travel,VMSS2834,382,Volvo BZL
LF73DWY,metroline-travel,VMSS2835,384,Volvo BZL
LF73DWZ,metroline-travel,VMSS2836,382,Volvo BZL
LF73DXA,metroline-travel,VMSS2837,384,Volvo BZL
LF73DXB,metroline-travel,VMSS2838,384,Volvo BZL
LF73DXC,metroline-travel,VMSS2839,384,Volvo BZL
LF73DXD,metroline-travel,VMSS2840,382,Volvo BZL
LF73DXE,metroline-travel,VMSS2841,382,Volvo BZL
LF73DWV,metroline-travel,VMSS2842,384,Volvo BZL
LG75YYV,metroline-travel,VMSS2963,382,Volvo BZL
LG75YYW,metroline-travel,VMSS2964,382,Volvo BZL
LG75YYX,metroline-travel,VMSS2965,384,Volvo BZL
LG75YYZ,metroline-travel,VMSS2966,382,Volvo BZL
LG75YZA,metroline-travel,VMSS2967,382,Volvo BZL
LG75YZB,metroline-travel,VMSS2968,382,Volvo BZL
LG75YZC,metroline-travel,VMSS2969,382,Volvo BZL
LG75YYR,metroline-travel,VMSS2970,384,Volvo BZL
LG75YYS,metroline-travel,VMSS2971,384,Volvo BZL
LG75YYT,metroline-travel,VMSS2972,384,Volvo BZL
LK10BXM,metroline-travel,VW1043,83,Volvo B9TL Wright Eclipse Gemini 2
LK10BXN,metroline-travel,VW1044,83,Volvo B9TL Wright Eclipse Gemini 2
LK10BXO,metroline-travel,VW1045,297,Volvo B9TL Wright Eclipse Gemini 2
LK11CXM,metroline-travel,VW1177,245,Volvo B9TL Wright Eclipse Gemini 2
LK11CXO,metroline-travel,VW1179,32,Volvo B9TL Wright Eclipse Gemini 2
LK11CXP,metroline-travel,VW1180,32,Volvo B9TL Wright Eclipse Gemini 2
LK11CXR,metroline-travel,VW1181,32,Volvo B9TL Wright Eclipse Gemini 2
LK11CXS,metroline-travel,VW1182,32,Volvo B9TL Wright Eclipse Gemini 2
LK11CXU,metroline-travel,VW1184,28,Volvo B9TL Wright Eclipse Gemini 2
LK11CXW,metroline-travel,VW1186,28,Volvo B9TL Wright Eclipse Gemini 2
LK11CXX,metroline-travel,VW1187,245,Volvo B9TL Wright Eclipse Gemini 2
LK11CXY,metroline-travel,VW1188,245,Volvo B9TL Wright Eclipse Gemini 2
LK11CYF,metroline-travel,VW1192,83,Volvo B9TL Wright Eclipse Gemini 2
LK11CYP,metroline-travel,VW1197,U3,Volvo B9TL Wright Eclipse Gemini 2
LK11CYS,metroline-travel,VW1198,231,Volvo B9TL Wright Eclipse Gemini 2
LK11CYT,metroline-travel,VW1199,231,Volvo B9TL Wright Eclipse Gemini 2
LK61BNA,metroline-travel,VW1209,83,Volvo B9TL Wright Eclipse Gemini 2
LK61BNB,metroline-travel,VW1210,483,Volvo B9TL Wright Eclipse Gemini 2
LK61BNE,metroline-travel,VW1211,E2,Volvo B9TL Wright Eclipse Gemini 2
LK61BNF,metroline-travel,VW1212,E8,Volvo B9TL Wright Eclipse Gemini 2
LK61BNJ,metroline-travel,VW1213,U3,Volvo B9TL Wright Eclipse Gemini 2
LK12AAF,metroline-travel,VW1243,83,Volvo B9TL Wright Eclipse Gemini 2
LK12AAJ,metroline-travel,VW1244,83,Volvo B9TL Wright Eclipse Gemini 2
LK12AAN,metroline-travel,VW1245,83,Volvo B9TL Wright Eclipse Gemini 2
LK12AAU,metroline-travel,VW1246,483,Volvo B9TL Wright Eclipse Gemini 2
LK12ABF,metroline-travel,VW1247,83,Volvo B9TL Wright Eclipse Gemini 2
LK12ABO,metroline-travel,VW1248,83,Volvo B9TL Wright Eclipse Gemini 2
LK12ABX,metroline-travel,VW1249,E2,Volvo B9TL Wright Eclipse Gemini 2
LK12ACF,metroline-travel,VW1250,E2,Volvo B9TL Wright Eclipse Gemini 2
LK12ACO,metroline-travel,VW1251,E8,Volvo B9TL Wright Eclipse Gemini 2
LK12ACZ,metroline-travel,VW1252,E8,Volvo B9TL Wright Eclipse Gemini 2
LK12ADU,metroline-travel,VW1253,E2,Volvo B9TL Wright Eclipse Gemini 2
LK12ADV,metroline-travel,VW1254,E8,Volvo B9TL Wright Eclipse Gemini 2
LK12ADX,metroline-travel,VW1255,28,Volvo B9TL Wright Eclipse Gemini 2
LK12AEA,metroline-travel,VW1256,E2,Volvo B9TL Wright Eclipse Gemini 2
LK12AEB,metroline-travel,VW1257,190,Volvo B9TL Wright Eclipse Gemini 2
LK12AEF,metroline-travel,VW1258,237,Volvo B9TL Wright Eclipse Gemini 2
LK12AEG,metroline-travel,VW1259,E8,Volvo B9TL Wright Eclipse Gemini 2
LK12AET,metroline-travel,VW1260,E8,Volvo B9TL Wright Eclipse Gemini 2
LK12AEU,metroline-travel,VW1261,E2,Volvo B9TL Wright Eclipse Gemini 2
LK12AFO,metroline-travel,VW1262,E2,Volvo B9TL Wright Eclipse Gemini 2
LK12AEW,metroline-travel,VW1263,E8,Volvo B9TL Wright Eclipse Gemini 2
LK12AEZ,metroline-travel,VW1264,245,Volvo B9TL Wright Eclipse Gemini 2
LK12AFA,metroline-travel,VW1265,83,Volvo B9TL Wright Eclipse Gemini 2
LK12AFE,metroline-travel,VW1266,28,Volvo B9TL Wright Eclipse Gemini 2
LK12AFU,metroline-travel,VW1267,83,Volvo B9TL Wright Eclipse Gemini 2
LK12AFV,metroline-travel,VW1268,245,Volvo B9TL Wright Eclipse Gemini 2
LK12AFX,metroline-travel,VW1269,245,Volvo B9TL Wright Eclipse Gemini 2
LK12AHA,metroline-travel,VW1270,83,Volvo B9TL Wright Eclipse Gemini 2
LK12AHC,metroline-travel,VW1271,297,Volvo B9TL Wright Eclipse Gemini 2
LK12AHD,metroline-travel,VW1272,231,Volvo B9TL Wright Eclipse Gemini 2
LK12AHO,metroline-travel,VW1273,83,Volvo B9TL Wright Eclipse Gemini 2
LK12AHU,metroline-travel,VW1274,83,Volvo B9TL Wright Eclipse Gemini 2
LK12AHZ,metroline-travel,VW1275,297,Volvo B9TL Wright Eclipse Gemini 2
LK12AJX,metroline-travel,VW1276,245,Volvo B9TL Wright Eclipse Gemini 2
LK12AKN,metroline-travel,VW1277,297,Volvo B9TL Wright Eclipse Gemini 2
LK12AKO,metroline-travel,VW1278,483,Volvo B9TL Wright Eclipse Gemini 2
LK12ALO,metroline-travel,VW1279,245,Volvo B9TL Wright Eclipse Gemini 2
LK12AMO,metroline-travel,VW1280,245,Volvo B9TL Wright Eclipse Gemini 2
LK12AMV,metroline-travel,VW1281,231,Volvo B9TL Wright Eclipse Gemini 2
LK12ANF,metroline-travel,VW1282,317,Volvo B9TL Wright Eclipse Gemini 2
LK12AOA,metroline-travel,VW1283,83,Volvo B9TL Wright Eclipse Gemini 2
LK12AOL,metroline-travel,VW1284,297,Volvo B9TL Wright Eclipse Gemini 2
LK12AOO,metroline-travel,VW1285,297,Volvo B9TL Wright Eclipse Gemini 2
LK12AOT,metroline-travel,VW1286,28,Volvo B9TL Wright Eclipse Gemini 2
LK12AOX,metroline-travel,VW1287,28,Volvo B9TL Wright Eclipse Gemini 2
LK12AOY,metroline-travel,VW1288,231,Volvo B9TL Wright Eclipse Gemini 2
LK12APF,metroline-travel,VW1289,28,Volvo B9TL Wright Eclipse Gemini 2
LK12APV,metroline-travel,VW1290,28,Volvo B9TL Wright Eclipse Gemini 2
LK12APZ,metroline-travel,VW1291,28,Volvo B9TL Wright Eclipse Gemini 2
LK12ARO,metroline-travel,VW1292,28,Volvo B9TL Wright Eclipse Gemini 2
LK12ARU,metroline-travel,VW1293,28,Volvo B9TL Wright Eclipse Gemini 2
LK12ARX,metroline-travel,VW1294,28,Volvo B9TL Wright Eclipse Gemini 2
LK12ARZ,metroline-travel,VW1295,28,Volvo B9TL Wright Eclipse Gemini 2
LK12ASZ,metroline-travel,VW1296,28,Volvo B9TL Wright Eclipse Gemini 2
LK12ATU,metroline-travel,VW1297,28,Volvo B9TL Wright Eclipse Gemini 2
LK12ATV,metroline-travel,VW1298,28,Volvo B9TL Wright Eclipse Gemini 2
LK12AUE,metroline-travel,VW1299,28,Volvo B9TL Wright Eclipse Gemini 2
LK12AUF,metroline-travel,VW1300,28,Volvo B9TL Wright Eclipse Gemini 2
LK12AUM,metroline-travel,VW1301,28,Volvo B9TL Wright Eclipse Gemini 2
LK12AUN,metroline-travel,VW1302,E1,Volvo B9TL Wright Eclipse Gemini 2
LK12AUU,metroline-travel,VW1303,E1,Volvo B9TL Wright Eclipse Gemini 2
LK12AUV,metroline-travel,VW1304,E1,Volvo B9TL Wright Eclipse Gemini 2
LK12AUW,metroline-travel,VW1305,E1,Volvo B9TL Wright Eclipse Gemini 2
LK12AUY,metroline-travel,VW1306,95,Volvo B9TL Wright Eclipse Gemini 2
LK62DKN,metroline-travel,VW1365,483,Volvo B9TL Wright Eclipse Gemini 2
LK62DKV,metroline-travel,VW1366,83,Volvo B9TL Wright Eclipse Gemini 2
LK62DLJ,metroline-travel,VW1367,483,Volvo B9TL Wright Eclipse Gemini 2
LK62DLO,metroline-travel,VW1368,297,Volvo B9TL Wright Eclipse Gemini 2
LK62DLV,metroline-travel,VW1369,83,Volvo B9TL Wright Eclipse Gemini 2
LK62DLX,metroline-travel,VW1370,83,Volvo B9TL Wright Eclipse Gemini 2
LK62DMV,metroline-travel,VW1371,297,Volvo B9TL Wright Eclipse Gemini 2
LK62DND,metroline-travel,VW1372,140,Volvo B9TL Wright Eclipse Gemini 2
LK62DNE,metroline-travel,VW1373,E1,Volvo B9TL Wright Eclipse Gemini 2
LK62DNU,metroline-travel,VW1374,95,Volvo B9TL Wright Eclipse Gemini 2
LK62DNO,metroline-travel,VW1375,E1,Volvo B9TL Wright Eclipse Gemini 2
LK62DNX,metroline-travel,VW1376,28,Volvo B9TL Wright Eclipse Gemini 2
LK62DOH,metroline-travel,VW1377,245,Volvo B9TL Wright Eclipse Gemini 2
LK62DPE,metroline-travel,VW1378,258,Volvo B9TL Wright Eclipse Gemini 2
LK62DPU,metroline-travel,VW1379,A10,Volvo B9TL Wright Eclipse Gemini 2
LK62DPY,metroline-travel,VW1380,U3,Volvo B9TL Wright Eclipse Gemini 2
LK62DRV,metroline-travel,VW1381,U3,Volvo B9TL Wright Eclipse Gemini 2
LK62DRZ,metroline-travel,VW1382,U4,Volvo B9TL Wright Eclipse Gemini 2
LK62DSE,metroline-travel,VW1383,A10,Volvo B9TL Wright Eclipse Gemini 2
LK62DSU,metroline-travel,VW1384,U4,Volvo B9TL Wright Eclipse Gemini 2
LK62DSV,metroline-travel,VW1385,U4,Volvo B9TL Wright Eclipse Gemini 2
LK62DTN,metroline-travel,VW1386,U3,Volvo B9TL Wright Eclipse Gemini 2
LK62DTU,metroline-travel,VW1387,U3,Volvo B9TL Wright Eclipse Gemini 2
LK62DTV,metroline-travel,VW1388,U3,Volvo B9TL Wright Eclipse Gemini 2
LK62DTZ,metroline-travel,VW1389,28,Volvo B9TL Wright Eclipse Gemini 2
LK62DUA,metroline-travel,VW1390,28,Volvo B9TL Wright Eclipse Gemini 2
LK62DUH,metroline-travel,VW1391,83,Volvo B9TL Wright Eclipse Gemini 2
LK62DUJ,metroline-travel,VW1392,258,Volvo B9TL Wright Eclipse Gemini 2
LK62DUU,metroline-travel,VW1393,28,Volvo B9TL Wright Eclipse Gemini 2
LK62DVB,metroline-travel,VW1394,28,Volvo B9TL Wright Eclipse Gemini 2
LK62DVC,metroline-travel,VW1395,28,Volvo B9TL Wright Eclipse Gemini 2
LK62DVF,metroline-travel,VW1396,28,Volvo B9TL Wright Eclipse Gemini 2
LK62DVG,metroline-travel,VW1397,N28,Volvo B9TL Wright Eclipse Gemini 2
LK62DVH,metroline-travel,VW1398,258,Volvo B9TL Wright Eclipse Gemini 2
LK62DVJ,metroline-travel,VW1399,258,Volvo B9TL Wright Eclipse Gemini 2
LK62DVL,metroline-travel,VW1400,182,Volvo B9TL Wright Eclipse Gemini 2
LK62DVO,metroline-travel,VW1401,483,Volvo B9TL Wright Eclipse Gemini 2
LK62DVP,metroline-travel,VW1402,258,Volvo B9TL Wright Eclipse Gemini 2
LK62DVR,metroline-travel,VW1403,182,Volvo B9TL Wright Eclipse Gemini 2
LK62DVU,metroline-travel,VW1404,258,Volvo B9TL Wright Eclipse Gemini 2
LK13BHW,metroline-travel,VW1405,258,Volvo B9TL Wright Eclipse Gemini 2
LK13BHX,metroline-travel,VW1406,258,Volvo B9TL Wright Eclipse Gemini 2
LK13BHY,metroline-travel,VW1407,258,Volvo B9TL Wright Eclipse Gemini 2
LK13BJE,metroline-travel,VW1468,186,Volvo B9TL Wright Eclipse Gemini 2
LK62DHX,metroline-travel,VWH1360,460,Volvo B5LH Wright Eclipse Gemini 2
LK62DHZ,metroline-travel,VWH1361,302,Volvo B5LH Wright Eclipse Gemini 2
LK62DJY,metroline-travel,VWH1362,302,Volvo B5LH Wright Eclipse Gemini 2
LK62DJZ,metroline-travel,VWH1363,302,Volvo B5LH Wright Eclipse Gemini 2
LK62DKE,metroline-travel,VWH1364,460,Volvo B5LH Wright Eclipse Gemini 2
LK62DWA,metroline-travel,VWH1408,302,Volvo B5LH Wright Eclipse Gemini 2
LK62DWD,metroline-travel,VWH1409,6,Volvo B5LH Wright Eclipse Gemini 2
LK62DWE,metroline-travel,VWH1410,302,Volvo B5LH Wright Eclipse Gemini 2
LK62DWF,metroline-travel,VWH1411,302,Volvo B5LH Wright Eclipse Gemini 2
LK62DWJ,metroline-travel,VWH1412,302,Volvo B5LH Wright Eclipse Gemini 2
LK13BHZ,metroline-travel,VWH1413,460,Volvo B5LH Wright Eclipse Gemini 2
LK62DWO,metroline-travel,VWH1414,302,Volvo B5LH Wright Eclipse Gemini 2
LK62DWU,metroline-travel,VWH1415,460,Volvo B5LH Wright Eclipse Gemini 2
LK62DWV,metroline-travel,VWH1416,302,Volvo B5LH Wright Eclipse Gemini 2
LK62DWY,metroline-travel,VWH1417,460,Volvo B5LH Wright Eclipse Gemini 2
LK62DXF,metroline-travel,VWH1418,302,Volvo B5LH Wright Eclipse Gemini 2
LK62DXG,metroline-travel,VWH1419,302,Volvo B5LH Wright Eclipse Gemini 2
LK14FAA,metroline-travel,VWH2001,U3,Volvo B5LH Wright Eclipse Gemini 3
LK14FAF,metroline-travel,VWH2002,U4,Volvo B5LH Wright Eclipse Gemini 3
LK14FAJ,metroline-travel,VWH2003,222,Volvo B5LH Wright Eclipse Gemini 3
LK14FAM,metroline-travel,VWH2004,A10,Volvo B5LH Wright Eclipse Gemini 3
LK14FAO,metroline-travel,VWH2005,114,Volvo B5LH Wright Eclipse Gemini 3
LK14FAU,metroline-travel,VWH2006,222,Volvo B5LH Wright Eclipse Gemini 3
LK14FBA,metroline-travel,VWH2007,U4,Volvo B5LH Wright Eclipse Gemini 3
LK14FBB,metroline-travel,VWH2008,114,Volvo B5LH Wright Eclipse Gemini 3
LK14FBC,metroline-travel,VWH2009,114,Volvo B5LH Wright Eclipse Gemini 3
LK14FBD,metroline-travel,VWH2010,222,Volvo B5LH Wright Eclipse Gemini 3
LK14FBE,metroline-travel,VWH2011,U4,Volvo B5LH Wright Eclipse Gemini 3
LK14FBF,metroline-travel,VWH2012,U4,Volvo B5LH Wright Eclipse Gemini 3
LK14FBG,metroline-travel,VWH2013,114,Volvo B5LH Wright Eclipse Gemini 3
LK14FBJ,metroline-travel,VWH2014,222,Volvo B5LH Wright Eclipse Gemini 3
LK14FBL,metroline-travel,VWH2015,114,Volvo B5LH Wright Eclipse Gemini 3
LK14FBN,metroline-travel,VWH2016,107,Volvo B5LH Wright Eclipse Gemini 3
LK14FBO,metroline-travel,VWH2017,263,Volvo B5LH Wright Eclipse Gemini 3
LK14FBU,metroline-travel,VWH2018,237,Volvo B5LH Wright Eclipse Gemini 3
LK14FBV,metroline-travel,VWH2019,120,Volvo B5LH Wright Eclipse Gemini 3
LK14FBX,metroline-travel,VWH2020,139,Volvo B5LH Wright Eclipse Gemini 3
LK14FBY,metroline-travel,VWH2021,328,Volvo B5LH Wright Eclipse Gemini 3
LK14FBZ,metroline-travel,VWH2022,139,Volvo B5LH Wright Eclipse Gemini 3
LK14FCA,metroline-travel,VWH2023,139,Volvo B5LH Wright Eclipse Gemini 3
LK64EDC,metroline-travel,VWH2024,328,Volvo B5LH Wright Eclipse Gemini 3
LK64EDF,metroline-travel,VWH2025,328,Volvo B5LH Wright Eclipse Gemini 3
LK64EDJ,metroline-travel,VWH2026,328,Volvo B5LH Wright Eclipse Gemini 3
LK64EDL,metroline-travel,VWH2027,328,Volvo B5LH Wright Eclipse Gemini 3
LK64EDO,metroline-travel,VWH2028,328,Volvo B5LH Wright Eclipse Gemini 3
LK64EDP,metroline-travel,VWH2029,139,Volvo B5LH Wright Eclipse Gemini 3
LK64EDR,metroline-travel,VWH2030,328,Volvo B5LH Wright Eclipse Gemini 3
LK64EDU,metroline-travel,VWH2031,139,Volvo B5LH Wright Eclipse Gemini 3
LK64EDV,metroline-travel,VWH2032,328,Volvo B5LH Wright Eclipse Gemini 3
LK64EDX,metroline-travel,VWH2033,328,Volvo B5LH Wright Eclipse Gemini 3
LK64EHB,metroline-travel,VWH2034,328,Volvo B5LH Wright Eclipse Gemini 3
LK64EHC,metroline-travel,VWH2035,328,Volvo B5LH Wright Eclipse Gemini 3
LK64EHD,metroline-travel,VWH2036,328,Volvo B5LH Wright Eclipse Gemini 3
LK64EHE,metroline-travel,VWH2037,328,Volvo B5LH Wright Eclipse Gemini 3
LK64EHF,metroline-travel,VWH2038,328,Volvo B5LH Wright Eclipse Gemini 3
LK64EHG,metroline-travel,VWH2039,260,Volvo B5LH Wright Eclipse Gemini 3
LK64EHH,metroline-travel,VWH2040,52,Volvo B5LH Wright Eclipse Gemini 3
LK64EHJ,metroline-travel,VWH2041,6,Volvo B5LH Wright Eclipse Gemini 3
LK64EHL,metroline-travel,VWH2042,302,Volvo B5LH Wright Eclipse Gemini 3
LK64EHM,metroline-travel,VWH2043,258,Volvo B5LH Wright Eclipse Gemini 3
LK64EHN,metroline-travel,VWH2044,182,Volvo B5LH Wright Eclipse Gemini 3
LK64EHO,metroline-travel,VWH2045,258,Volvo B5LH Wright Eclipse Gemini 3
LK64EHP,metroline-travel,VWH2046,182,Volvo B5LH Wright Eclipse Gemini 3
LK64EHR,metroline-travel,VWH2047,140,Volvo B5LH Wright Eclipse Gemini 3
LK64EHS,metroline-travel,VWH2048,258,Volvo B5LH Wright Eclipse Gemini 3
LK64EHT,metroline-travel,VWH2049,140,Volvo B5LH Wright Eclipse Gemini 3
LK64EHU,metroline-travel,VWH2050,258,Volvo B5LH Wright Eclipse Gemini 3
LK64EHV,metroline-travel,VWH2051,186,Volvo B5LH Wright Eclipse Gemini 3
LK64EHW,metroline-travel,VWH2052,258,Volvo B5LH Wright Eclipse Gemini 3
LK64EHX,metroline-travel,VWH2053,182,Volvo B5LH Wright Eclipse Gemini 3
LK64EHY,metroline-travel,VWH2054,182,Volvo B5LH Wright Eclipse Gemini 3
LK64EHZ,metroline-travel,VWH2055,182,Volvo B5LH Wright Eclipse Gemini 3
LK64EJA,metroline-travel,VWH2056,258,Volvo B5LH Wright Eclipse Gemini 3
LK64EJC,metroline-travel,VWH2057,258,Volvo B5LH Wright Eclipse Gemini 3
LK64EJD,metroline-travel,VWH2058,140,Volvo B5LH Wright Eclipse Gemini 3
LK64EJE,metroline-travel,VWH2059,140,Volvo B5LH Wright Eclipse Gemini 3
LK64EJF,metroline-travel,VWH2060,186,Volvo B5LH Wright Eclipse Gemini 3
LK64EJG,metroline-travel,VWH2061,328,Volvo B5LH Wright Eclipse Gemini 3
LK15CWD,metroline-travel,VWH2088,328,Volvo B5LH Wright Eclipse Gemini 3
LK15CWE,metroline-travel,VWH2089,328,Volvo B5LH Wright Eclipse Gemini 3
LK15CWF,metroline-travel,VWH2090,139,Volvo B5LH Wright Eclipse Gemini 3
LK15CWG,metroline-travel,VWH2091,139,Volvo B5LH Wright Eclipse Gemini 3
LK15CWO,metroline-travel,VWH2092,328,Volvo B5LH Wright Eclipse Gemini 3
LK15CWP,metroline-travel,VWH2093,95,Volvo B5LH Wright Eclipse Gemini 3
LK15CWR,metroline-travel,VWH2094,92,Volvo B5LH Wright Eclipse Gemini 3
LK15CWT,metroline-travel,VWH2095,95,Volvo B5LH Wright Eclipse Gemini 3
LK15CWU,metroline-travel,VWH2096,95,Volvo B5LH Wright Eclipse Gemini 3
LK15CWV,metroline-travel,VWH2097,92,Volvo B5LH Wright Eclipse Gemini 3
LK15CWW,metroline-travel,VWH2098,E1,Volvo B5LH Wright Eclipse Gemini 3
LK15CWX,metroline-travel,VWH2099,95,Volvo B5LH Wright Eclipse Gemini 3
LK15CWY,metroline-travel,VWH2100,483,Volvo B5LH Wright Eclipse Gemini 3
LK15CWZ,metroline-travel,VWH2101,245,Volvo B5LH Wright Eclipse Gemini 3
LK15CXA,metroline-travel,VWH2102,483,Volvo B5LH Wright Eclipse Gemini 3
LK15CXB,metroline-travel,VWH2103,297,Volvo B5LH Wright Eclipse Gemini 3
LK15CXC,metroline-travel,VWH2104,297,Volvo B5LH Wright Eclipse Gemini 3
LK15CXD,metroline-travel,VWH2105,483,Volvo B5LH Wright Eclipse Gemini 3
LK15CXE,metroline-travel,VWH2106,245,Volvo B5LH Wright Eclipse Gemini 3
LK15CXF,metroline-travel,VWH2107,297,Volvo B5LH Wright Eclipse Gemini 3
LK15CXG,metroline-travel,VWH2108,90,Volvo B5LH Wright Eclipse Gemini 3
LK15CXH,metroline-travel,VWH2109,7,Volvo B5LH Wright Eclipse Gemini 3
LK15CXJ,metroline-travel,VWH2110,7,Volvo B5LH Wright Eclipse Gemini 3
LK15CXL,metroline-travel,VWH2111,245,Volvo B5LH Wright Eclipse Gemini 3
LK15CXM,metroline-travel,VWH2112,483,Volvo B5LH Wright Eclipse Gemini 3
LK15CXN,metroline-travel,VWH2113,460,Volvo B5LH Wright Eclipse Gemini 3
LK15CXO,metroline-travel,VWH2114,6,Volvo B5LH Wright Eclipse Gemini 3
LK15CXP,metroline-travel,VWH2115,260,Volvo B5LH Wright Eclipse Gemini 3
LK15CXR,metroline-travel,VWH2116,260,Volvo B5LH Wright Eclipse Gemini 3
LK15CXS,metroline-travel,VWH2117,302,Volvo B5LH Wright Eclipse Gemini 3
LK15CXT,metroline-travel,VWH2118,260,Volvo B5LH Wright Eclipse Gemini 3
LK15CXU,metroline-travel,VWH2119,460,Volvo B5LH Wright Eclipse Gemini 3
LK15CXV,metroline-travel,VWH2120,6,Volvo B5LH Wright Eclipse Gemini 3
LK15CXW,metroline-travel,VWH2121,460,Volvo B5LH Wright Eclipse Gemini 3
LK65EAX,metroline-travel,VWH2122,640,Volvo B5LH Wright Eclipse Gemini 3
LK65EAY,metroline-travel,VWH2123,95,Volvo B5LH Wright Eclipse Gemini 3
LK65EBA,metroline-travel,VWH2124,95,Volvo B5LH Wright Eclipse Gemini 3
LK65EBC,metroline-travel,VWH2125,92,Volvo B5LH Wright Eclipse Gemini 3
LK65EBD,metroline-travel,VWH2126,92,Volvo B5LH Wright Eclipse Gemini 3
LK65EBF,metroline-travel,VWH2127,E9,Volvo B5LH Wright Eclipse Gemini 3
LK65EBG,metroline-travel,VWH2128,E1,Volvo B5LH Wright Eclipse Gemini 3
LK65EBJ,metroline-travel,VWH2129,92,Volvo B5LH Wright Eclipse Gemini 3
LK65EBL,metroline-travel,VWH2130,95,Volvo B5LH Wright Eclipse Gemini 3
LK65EBM,metroline-travel,VWH2131,282,Volvo B5LH Wright Eclipse Gemini 3
LK65EBN,metroline-travel,VWH2132,95,Volvo B5LH Wright Eclipse Gemini 3
LK65EBO,metroline-travel,VWH2133,302,Volvo B5LH Wright Eclipse Gemini 3
LK65EBP,metroline-travel,VWH2134,95,Volvo B5LH Wright Eclipse Gemini 3
LK65EBU,metroline-travel,VWH2135,222,Volvo B5LH Wright Eclipse Gemini 3
LK65EBV,metroline-travel,VWH2136,107,Volvo B5LH Wright Eclipse Gemini 3
LK65EBX,metroline-travel,VWH2137,107,Volvo B5LH Wright Eclipse Gemini 3
LK65EBZ,metroline-travel,VWH2138,107,Volvo B5LH Wright Eclipse Gemini 3
LK65ECA,metroline-travel,VWH2139,263,Volvo B5LH Wright Eclipse Gemini 3
LK65ECC,metroline-travel,VWH2140,263,Volvo B5LH Wright Eclipse Gemini 3
LK65ECD,metroline-travel,VWH2141,186,Volvo B5LH Wright Eclipse Gemini 3
LK65EOA,metroline-travel,VWH2142,90,Volvo B5LH Wright Eclipse Gemini 3
LK65EOB,metroline-travel,VWH2143,297,Volvo B5LH Wright Eclipse Gemini 3
LK65EOC,metroline-travel,VWH2144,140,Volvo B5LH Wright Eclipse Gemini 3
LK16DFD,metroline-travel,VWH2167,114,Volvo B5LH Wright Eclipse Gemini 3
LK16DFE,metroline-travel,VWH2168,114,Volvo B5LH Wright Eclipse Gemini 3
LK16DFF,metroline-travel,VWH2169,222,Volvo B5LH Wright Eclipse Gemini 3
LK16DFG,metroline-travel,VWH2170,114,Volvo B5LH Wright Eclipse Gemini 3
LK16DFJ,metroline-travel,VWH2171,U4,Volvo B5LH Wright Eclipse Gemini 3
LK16DFL,metroline-travel,VWH2172,114,Volvo B5LH Wright Eclipse Gemini 3
LK16DFN,metroline-travel,VWH2173,114,Volvo B5LH Wright Eclipse Gemini 3
LK16DFO,metroline-travel,VWH2174,222,Volvo B5LH Wright Eclipse Gemini 3
LK16DFP,metroline-travel,VWH2175,U4,Volvo B5LH Wright Eclipse Gemini 3
LK16DFU,metroline-travel,VWH2176,222,Volvo B5LH Wright Eclipse Gemini 3
LK16DFV,metroline-travel,VWH2177,114,Volvo B5LH Wright Eclipse Gemini 3
LK16DFX,metroline-travel,VWH2178,222,Volvo B5LH Wright Eclipse Gemini 3
LK16DFY,metroline-travel,VWH2179,222,Volvo B5LH Wright Eclipse Gemini 3
LK16DFZ,metroline-travel,VWH2180,114,Volvo B5LH Wright Eclipse Gemini 3
LK16DGE,metroline-travel,VWH2181,U4,Volvo B5LH Wright Eclipse Gemini 3
LK16DGF,metroline-travel,VWH2182,222,Volvo B5LH Wright Eclipse Gemini 3
LK16DGO,metroline-travel,VWH2183,222,Volvo B5LH Wright Eclipse Gemini 3
LK16DGU,metroline-travel,VWH2184,222,Volvo B5LH Wright Eclipse Gemini 3
LK16HZC,metroline-travel,VWH2185,114,Volvo B5LH Wright Eclipse Gemini 3
LK16DGX,metroline-travel,VWH2186,182,Volvo B5LH Wright Eclipse Gemini 3
LK16DGY,metroline-travel,VWH2187,182,Volvo B5LH Wright Eclipse Gemini 3
LK16DGZ,metroline-travel,VWH2188,140,Volvo B5LH Wright Eclipse Gemini 3
LK16DHA,metroline-travel,VWH2189,182,Volvo B5LH Wright Eclipse Gemini 3
LK16HZU,metroline-travel,VWH2190,182,Volvo B5LH Wright Eclipse Gemini 3
LK16HZV,metroline-travel,VWH2191,186,Volvo B5LH Wright Eclipse Gemini 3
LK16HZW,metroline-travel,VWH2192,182,Volvo B5LH Wright Eclipse Gemini 3
LK16HZX,metroline-travel,VWH2193,182,Volvo B5LH Wright Eclipse Gemini 3
LK66DWD,metroline-travel,VWH2194,186,Volvo B5LH Wright Eclipse Gemini 3
LK66ENU,metroline-travel,VWH2195,186,Volvo B5LH Wright Eclipse Gemini 3
LK66ENV,metroline-travel,VWH2196,186,Volvo B5LH Wright Eclipse Gemini 3
LK66ENW,metroline-travel,VWH2197,140,Volvo B5LH Wright Eclipse Gemini 3
LK66ENX,metroline-travel,VWH2198,140,Volvo B5LH Wright Eclipse Gemini 3
LK66DWZ,metroline-travel,VWH2199,182,Volvo B5LH Wright Eclipse Gemini 3
LK66DWU,metroline-travel,VWH2200,140,Volvo B5LH Wright Eclipse Gemini 3
LK16DHE,metroline-travel,VWH2201,140,Volvo B5LH Wright Eclipse Gemini 3
LK66DWV,metroline-travel,VWH2202,186,Volvo B5LH Wright Eclipse Gemini 3
LK66DXA,metroline-travel,VWH2203,140,Volvo B5LH Wright Eclipse Gemini 3
LK66DWW,metroline-travel,VWH2204,140,Volvo B5LH Wright Eclipse Gemini 3
LK66DWX,metroline-travel,VWH2205,140,Volvo B5LH Wright Eclipse Gemini 3
LK66DWE,metroline-travel,VWH2206,186,Volvo B5LH Wright Eclipse Gemini 3
LK66DWY,metroline-travel,VWH2207,186,Volvo B5LH Wright Eclipse Gemini 3
LK66DWP,metroline-travel,VWH2208,140,Volvo B5LH Wright Eclipse Gemini 3
LK66DXB,metroline-travel,VWH2209,140,Volvo B5LH Wright Eclipse Gemini 3
LK66DXC,metroline-travel,VWH2210,182,Volvo B5LH Wright Eclipse Gemini 3
LK66DWC,metroline-travel,VWH2211,140,Volvo B5LH Wright Eclipse Gemini 3
LK66DWF,metroline-travel,VWH2212,186,Volvo B5LH Wright Eclipse Gemini 3
LK16HZE,metroline-travel,VWH2213,140,Volvo B5LH Wright Eclipse Gemini 3
LK16HZF,metroline-travel,VWH2214,182,Volvo B5LH Wright Eclipse Gemini 3
LK16HZG,metroline-travel,VWH2215,182,Volvo B5LH Wright Eclipse Gemini 3
LK16HZH,metroline-travel,VWH2216,182,Volvo B5LH Wright Eclipse Gemini 3
LK16HZJ,metroline-travel,VWH2217,186,Volvo B5LH Wright Eclipse Gemini 3
LK16HZL,metroline-travel,VWH2218,182,Volvo B5LH Wright Eclipse Gemini 3
LK16HZM,metroline-travel,VWH2219,182,Volvo B5LH Wright Eclipse Gemini 3
LK16HZN,metroline-travel,VWH2220,186,Volvo B5LH Wright Eclipse Gemini 3
LK16HZP,metroline-travel,VWH2221,140,Volvo B5LH Wright Eclipse Gemini 3
LK16HZR,metroline-travel,VWH2222,186,Volvo B5LH Wright Eclipse Gemini 3
LK16HZS,metroline-travel,VWH2223,140,Volvo B5LH Wright Eclipse Gemini 3
LK16HZT,metroline-travel,VWH2224,186,Volvo B5LH Wright Eclipse Gemini 3
LK66ENY,metroline-travel,VWH2225,140,Volvo B5LH Wright Eclipse Gemini 3
LK66EOA,metroline-travel,VWH2226,182,Volvo B5LH Wright Eclipse Gemini 3
LK66EOB,metroline-travel,VWH2227,140,Volvo B5LH Wright Eclipse Gemini 3
LK66EOC,metroline-travel,VWH2228,140,Volvo B5LH Wright Eclipse Gemini 3
LK66DWG,metroline-travel,VWH2229,186,Volvo B5LH Wright Eclipse Gemini 3
LK66DWJ,metroline-travel,VWH2230,182,Volvo B5LH Wright Eclipse Gemini 3
LK66DWL,metroline-travel,VWH2231,182,Volvo B5LH Wright Eclipse Gemini 3
LK66DWM,metroline-travel,VWH2232,107,Volvo B5LH Wright Eclipse Gemini 3
LK66DWN,metroline-travel,VWH2233,317,Volvo B5LH Wright Eclipse Gemini 3
LK66DWO,metroline-travel,VWH2234,107,Volvo B5LH Wright Eclipse Gemini 3
LK66EOD,metroline-travel,VWH2235,107,Volvo B5LH Wright Eclipse Gemini 3
LK66EOE,metroline-travel,VWH2236,107,Volvo B5LH Wright Eclipse Gemini 3
LK66EOF,metroline-travel,VWH2237,317,Volvo B5LH Wright Eclipse Gemini 3
LK66EOG,metroline-travel,VWH2238,231,Volvo B5LH Wright Eclipse Gemini 3
LK66EOH,metroline-travel,VWH2239,263,Volvo B5LH Wright Eclipse Gemini 3
LK66EOJ,metroline-travel,VWH2240,107,Volvo B5LH Wright Eclipse Gemini 3
LK66EOL,metroline-travel,VWH2241,107,Volvo B5LH Wright Eclipse Gemini 3
LK66EOM,metroline-travel,VWH2242,107,Volvo B5LH Wright Eclipse Gemini 3
LK66EOO,metroline-travel,VWH2243,107,Volvo B5LH Wright Eclipse Gemini 3
LK17CZO,metroline-travel,VWH2266,237,Volvo B5LH Wright Eclipse Gemini 3
LK17CZP,metroline-travel,VWH2267,120,Volvo B5LH Wright Eclipse Gemini 3
LK17CZR,metroline-travel,VWH2268,H91,Volvo B5LH Wright Eclipse Gemini 3
LK17CZS,metroline-travel,VWH2269,E8,Volvo B5LH Wright Eclipse Gemini 3
LK17CZT,metroline-travel,VWH2270,120,Volvo B5LH Wright Eclipse Gemini 3
LK17CZU,metroline-travel,VWH2271,81,Volvo B5LH Wright Eclipse Gemini 3
LK17CZV,metroline-travel,VWH2272,237,Volvo B5LH Wright Eclipse Gemini 3
LK17CZW,metroline-travel,VWH2273,E8,Volvo B5LH Wright Eclipse Gemini 3
LK17CZX,metroline-travel,VWH2274,120,Volvo B5LH Wright Eclipse Gemini 3
LK17CZY,metroline-travel,VWH2275,237,Volvo B5LH Wright Eclipse Gemini 3
LK17CZC,metroline-travel,VWH2276,237,Volvo B5LH Wright Eclipse Gemini 3
LK17CZD,metroline-travel,VWH2277,237,Volvo B5LH Wright Eclipse Gemini 3
LK17CZE,metroline-travel,VWH2278,E8,Volvo B5LH Wright Eclipse Gemini 3
LK17CZF,metroline-travel,VWH2279,237,Volvo B5LH Wright Eclipse Gemini 3
LK17CZG,metroline-travel,VWH2280,E2,Volvo B5LH Wright Eclipse Gemini 3
LK17CZH,metroline-travel,VWH2281,E8,Volvo B5LH Wright Eclipse Gemini 3
LK17CZJ,metroline-travel,VWH2282,E8,Volvo B5LH Wright Eclipse Gemini 3
LK17CZL,metroline-travel,VWH2283,E8,Volvo B5LH Wright Eclipse Gemini 3
LK17CZM,metroline-travel,VWH2284,81,Volvo B5LH Wright Eclipse Gemini 3
LK17CZN,metroline-travel,VWH2285,297,Volvo B5LH Wright Eclipse Gemini 3
LK17CYP,metroline-travel,VWH2286,483,Volvo B5LH Wright Eclipse Gemini 3
LK17CYS,metroline-travel,VWH2287,245,Volvo B5LH Wright Eclipse Gemini 3
LK17CYT,metroline-travel,VWH2288,297,Volvo B5LH Wright Eclipse Gemini 3
LK17CYU,metroline-travel,VWH2289,297,Volvo B5LH Wright Eclipse Gemini 3
LK17CYV,metroline-travel,VWH2290,245,Volvo B5LH Wright Eclipse Gemini 3
LK17CYW,metroline-travel,VWH2291,83,Volvo B5LH Wright Eclipse Gemini 3
LK17CYY,metroline-travel,VWH2292,483,Volvo B5LH Wright Eclipse Gemini 3
LK17CYZ,metroline-travel,VWH2293,483,Volvo B5LH Wright Eclipse Gemini 3
LK17CZA,metroline-travel,VWH2294,297,Volvo B5LH Wright Eclipse Gemini 3
LK17CZB,metroline-travel,VWH2295,483,Volvo B5LH Wright Eclipse Gemini 3
LK17DFP,metroline-travel,VWH2296,483,Volvo B5LH Wright Eclipse Gemini 3
LK17DFU,metroline-travel,VWH2297,483,Volvo B5LH Wright Eclipse Gemini 3
LK17DFV,metroline-travel,VWH2298,483,Volvo B5LH Wright Eclipse Gemini 3
LK17DFX,metroline-travel,VWH2299,483,Volvo B5LH Wright Eclipse Gemini 3
LK17DFY,metroline-travel,VWH2300,483,Volvo B5LH Wright Eclipse Gemini 3
LK17DFZ,metroline-travel,VWH2301,90,Volvo B5LH Wright Eclipse Gemini 3
LK17DGF,metroline-travel,VWH2302,90,Volvo B5LH Wright Eclipse Gemini 3
LK17DGO,metroline-travel,VWH2303,90,Volvo B5LH Wright Eclipse Gemini 3
LK17DGU,metroline-travel,VWH2304,297,Volvo B5LH Wright Eclipse Gemini 3
LK17DGV,metroline-travel,VWH2305,E2,Volvo B5LH Wright Eclipse Gemini 3
LK17DFA,metroline-travel,VWH2306,120,Volvo B5LH Wright Eclipse Gemini 3
LK17DFC,metroline-travel,VWH2307,81,Volvo B5LH Wright Eclipse Gemini 3
LK17DFD,metroline-travel,VWH2308,E8,Volvo B5LH Wright Eclipse Gemini 3
LK17DFE,metroline-travel,VWH2309,E8,Volvo B5LH Wright Eclipse Gemini 3
LK17DFF,metroline-travel,VWH2310,81,Volvo B5LH Wright Eclipse Gemini 3
LK17DFG,metroline-travel,VWH2311,E2,Volvo B5LH Wright Eclipse Gemini 3
LK17DFJ,metroline-travel,VWH2312,E2,Volvo B5LH Wright Eclipse Gemini 3
LK17DFL,metroline-travel,VWH2313,120,Volvo B5LH Wright Eclipse Gemini 3
LK17DFN,metroline-travel,VWH2314,120,Volvo B5LH Wright Eclipse Gemini 3
LK17DFO,metroline-travel,VWH2315,120,Volvo B5LH Wright Eclipse Gemini 3
LK17DDJ,metroline-travel,VWH2316,120,Volvo B5LH Wright Eclipse Gemini 3
LK17DDL,metroline-travel,VWH2317,481,Volvo B5LH Wright Eclipse Gemini 3
LK17DDN,metroline-travel,VWH2318,460,Volvo B5LH Wright Eclipse Gemini 3
LK17DDO,metroline-travel,VWH2319,52,Volvo B5LH Wright Eclipse Gemini 3
LK17DDU,metroline-travel,VWH2320,260,Volvo B5LH Wright Eclipse Gemini 3
LK17DDV,metroline-travel,VWH2321,52,Volvo B5LH Wright Eclipse Gemini 3
LK17DDX,metroline-travel,VWH2322,260,Volvo B5LH Wright Eclipse Gemini 3
LK17DDY,metroline-travel,VWH2323,6,Volvo B5LH Wright Eclipse Gemini 3
LK17DDZ,metroline-travel,VWH2324,6,Volvo B5LH Wright Eclipse Gemini 3
LK17DEU,metroline-travel,VWH2325,460,Volvo B5LH Wright Eclipse Gemini 3
LK17DCF,metroline-travel,VWH2326,52,Volvo B5LH Wright Eclipse Gemini 3
LK17DCO,metroline-travel,VWH2327,260,Volvo B5LH Wright Eclipse Gemini 3
LK17DCU,metroline-travel,VWH2328,52,Volvo B5LH Wright Eclipse Gemini 3
LK17DCV,metroline-travel,VWH2329,52,Volvo B5LH Wright Eclipse Gemini 3
LK17DCX,metroline-travel,VWH2330,302,Volvo B5LH Wright Eclipse Gemini 3
LK17DCY,metroline-travel,VWH2331,81,Volvo B5LH Wright Eclipse Gemini 3
LK17DCZ,metroline-travel,VWH2332,481,Volvo B5LH Wright Eclipse Gemini 3
LK17DDA,metroline-travel,VWH2333,635,Volvo B5LH Wright Eclipse Gemini 3
LK17DDE,metroline-travel,VWH2334,120,Volvo B5LH Wright Eclipse Gemini 3
LK17DDF,metroline-travel,VWH2335,120,Volvo B5LH Wright Eclipse Gemini 3
LK17DAA,metroline-travel,VWH2336,120,Volvo B5LH Wright Eclipse Gemini 3
LK17DAO,metroline-travel,VWH2337,120,Volvo B5LH Wright Eclipse Gemini 3
LK17DAU,metroline-travel,VWH2338,E2,Volvo B5LH Wright Eclipse Gemini 3
LK17DBO,metroline-travel,VWH2339,H91,Volvo B5LH Wright Eclipse Gemini 3
LK17DBU,metroline-travel,VWH2340,120,Volvo B5LH Wright Eclipse Gemini 3
LK17DBV,metroline-travel,VWH2341,481,Volvo B5LH Wright Eclipse Gemini 3
LK17DBX,metroline-travel,VWH2342,81,Volvo B5LH Wright Eclipse Gemini 3
LK17DBY,metroline-travel,VWH2343,E8,Volvo B5LH Wright Eclipse Gemini 3
LK17DBZ,metroline-travel,VWH2344,E2,Volvo B5LH Wright Eclipse Gemini 3
LK67CXB,metroline-travel,VWH2345,222,Volvo B5LH Wright Eclipse Gemini 3
LK67CXC,metroline-travel,VWH2346,222,Volvo B5LH Wright Eclipse Gemini 3
LK67CXD,metroline-travel,VWH2347,114,Volvo B5LH Wright Eclipse Gemini 3
LK67CXE,metroline-travel,VWH2348,114,Volvo B5LH Wright Eclipse Gemini 3
LK67CXF,metroline-travel,VWH2349,U3,Volvo B5LH Wright Eclipse Gemini 3
LK67CXG,metroline-travel,VWH2350,114,Volvo B5LH Wright Eclipse Gemini 3
LK67CXH,metroline-travel,VWH2351,222,Volvo B5LH Wright Eclipse Gemini 3
LK67CXJ,metroline-travel,VWH2352,222,Volvo B5LH Wright Eclipse Gemini 3
LK67CXL,metroline-travel,VWH2353,222,Volvo B5LH Wright Eclipse Gemini 3
LK67CXM,metroline-travel,VWH2354,222,Volvo B5LH Wright Eclipse Gemini 3
LK67CXN,metroline-travel,VWH2355,222,Volvo B5LH Wright Eclipse Gemini 3
LK67CXO,metroline-travel,VWH2356,114,Volvo B5LH Wright Eclipse Gemini 3
LK67CXP,metroline-travel,VWH2357,114,Volvo B5LH Wright Eclipse Gemini 3
LK67CXR,metroline-travel,VWH2358,U4,Volvo B5LH Wright Eclipse Gemini 3
LK67CXS,metroline-travel,VWH2359,222,Volvo B5LH Wright Eclipse Gemini 3
LK67CXT,metroline-travel,VWH2360,222,Volvo B5LH Wright Eclipse Gemini 3
LK67CXU,metroline-travel,VWH2361,222,Volvo B5LH Wright Eclipse Gemini 3
LK67CXV,metroline-travel,VWH2362,U3,Volvo B5LH Wright Eclipse Gemini 3
LK67CXW,metroline-travel,VWH2363,114,Volvo B5LH Wright Eclipse Gemini 3
LK67CXX,metroline-travel,VWH2364,302,Volvo B5LH Wright Eclipse Gemini 3
LK67CXY,metroline-travel,VWH2365,260,Volvo B5LH Wright Eclipse Gemini 3
LK67CXZ,metroline-travel,VWH2366,260,Volvo B5LH Wright Eclipse Gemini 3
LK67CYA,metroline-travel,VWH2367,6,Volvo B5LH Wright Eclipse Gemini 3
LK67CYC,metroline-travel,VWH2368,52,Volvo B5LH Wright Eclipse Gemini 3
LK67CYE,metroline-travel,VWH2369,6,Volvo B5LH Wright Eclipse Gemini 3
LK67CYF,metroline-travel,VWH2370,460,Volvo B5LH Wright Eclipse Gemini 3
LK67CYG,metroline-travel,VWH2371,260,Volvo B5LH Wright Eclipse Gemini 3
LK67CYH,metroline-travel,VWH2372,52,Volvo B5LH Wright Eclipse Gemini 3
LK67CYJ,metroline-travel,VWH2373,302,Volvo B5LH Wright Eclipse Gemini 3
LK67CYL,metroline-travel,VWH2374,6,Volvo B5LH Wright Eclipse Gemini 3
LK67EKO,metroline-travel,VWH2375,260,Volvo B5LH Wright Eclipse Gemini 3
LK67EKP,metroline-travel,VWH2376,260,Volvo B5LH Wright Eclipse Gemini 3
LK67EKR,metroline-travel,VWH2377,52,Volvo B5LH Wright Eclipse Gemini 3
LK67EKT,metroline-travel,VWH2378,6,Volvo B5LH Wright Eclipse Gemini 3
LK67EKU,metroline-travel,VWH2379,52,Volvo B5LH Wright Eclipse Gemini 3
LK67EKV,metroline-travel,VWH2380,260,Volvo B5LH Wright Eclipse Gemini 3
LK67EKW,metroline-travel,VWH2381,52,Volvo B5LH Wright Eclipse Gemini 3
LK67EKX,metroline-travel,VWH2382,52,Volvo B5LH Wright Eclipse Gemini 3
LK67EKY,metroline-travel,VWH2383,52,Volvo B5LH Wright Eclipse Gemini 3
LK67EKZ,metroline-travel,VWH2384,302,Volvo B5LH Wright Eclipse Gemini 3
LK67ELC,metroline-travel,VWH2385,6,Volvo B5LH Wright Eclipse Gemini 3
LK67ELH,metroline-travel,VWH2386,460,Volvo B5LH Wright Eclipse Gemini 3
LK67ELJ,metroline-travel,VWH2387,52,Volvo B5LH Wright Eclipse Gemini 3
LK67ELO,metroline-travel,VWH2388,460,Volvo B5LH Wright Eclipse Gemini 3
LK67ELU,metroline-travel,VWH2389,6,Volvo B5LH Wright Eclipse Gemini 3
LK67ELV,metroline-travel,VWH2390,6,Volvo B5LH Wright Eclipse Gemini 3
LK67ELW,metroline-travel,VWH2391,6,Volvo B5LH Wright Eclipse Gemini 3
LK67ELX,metroline-travel,VWH2392,460,Volvo B5LH Wright Eclipse Gemini 3
LK67EMF,metroline-travel,VWH2393,52,Volvo B5LH Wright Eclipse Gemini 3
LK67EMJ,metroline-travel,VWH2394,6,Volvo B5LH Wright Eclipse Gemini 3
LK67EMV,metroline-travel,VWH2395,52,Volvo B5LH Wright Eclipse Gemini 3
LK67EMX,metroline-travel,VWH2396,6,Volvo B5LH Wright Eclipse Gemini 3
LK67ENC,metroline-travel,VWH2397,302,Volvo B5LH Wright Eclipse Gemini 3
LK67ENE,metroline-travel,VWH2398,260,Volvo B5LH Wright Eclipse Gemini 3
LK67ENF,metroline-travel,VWH2399,302,Volvo B5LH Wright Eclipse Gemini 3
LK67ENH,metroline-travel,VWH2400,302,Volvo B5LH Wright Eclipse Gemini 3
LK67ENJ,metroline-travel,VWH2401,260,Volvo B5LH Wright Eclipse Gemini 3
LK67ENL,metroline-travel,VWH2402,260,Volvo B5LH Wright Eclipse Gemini 3
LK67ENM,metroline-travel,VWH2403,260,Volvo B5LH Wright Eclipse Gemini 3
LK67ENN,metroline-travel,VWH2404,6,Volvo B5LH Wright Eclipse Gemini 3
LK67ENO,metroline-travel,VWH2405,6,Volvo B5LH Wright Eclipse Gemini 3
LK67ENP,metroline-travel,VWH2406,260,Volvo B5LH Wright Eclipse Gemini 3
LK67ENR,metroline-travel,VWH2407,6,Volvo B5LH Wright Eclipse Gemini 3
LK67ENT,metroline-travel,VWH2408,95,Volvo B5LH Wright Eclipse Gemini 3
LK67ENU,metroline-travel,VWH2409,92,Volvo B5LH Wright Eclipse Gemini 3
LK67ENV,metroline-travel,VWH2410,95,Volvo B5LH Wright Eclipse Gemini 3
LK67ENW,metroline-travel,VWH2411,95,Volvo B5LH Wright Eclipse Gemini 3
LK67ENX,metroline-travel,VWH2412,92,Volvo B5LH Wright Eclipse Gemini 3
LK67ENY,metroline-travel,VWH2413,95,Volvo B5LH Wright Eclipse Gemini 3
LK67EOA,metroline-travel,VWH2414,95,Volvo B5LH Wright Eclipse Gemini 3
LK67EOB,metroline-travel,VWH2415,107,Volvo B5LH Wright Eclipse Gemini 3
LK67EOC,metroline-travel,VWH2416,81,Volvo B5LH Wright Eclipse Gemini 3
LK67EOD,metroline-travel,VWH2417,120,Volvo B5LH Wright Eclipse Gemini 3
LK67EOE,metroline-travel,VWH2418,E8,Volvo B5LH Wright Eclipse Gemini 3
LK67EOF,metroline-travel,VWH2419,120,Volvo B5LH Wright Eclipse Gemini 3
LK67EOG,metroline-travel,VWH2420,H91,Volvo B5LH Wright Eclipse Gemini 3
LK67EOH,metroline-travel,VWH2421,H91,Volvo B5LH Wright Eclipse Gemini 3
LK67EOJ,metroline-travel,VWH2422,H91,Volvo B5LH Wright Eclipse Gemini 3
LK67EOL,metroline-travel,VWH2423,E2,Volvo B5LH Wright Eclipse Gemini 3
LK67EOM,metroline-travel,VWH2424,237,Volvo B5LH Wright Eclipse Gemini 3
LK67EZO,metroline-travel,VWH2425,120,Volvo B5LH Wright Eclipse Gemini 3
LK67EZP,metroline-travel,VWH2426,120,Volvo B5LH Wright Eclipse Gemini 3
LK67EZR,metroline-travel,VWH2427,237,Volvo B5LH Wright Eclipse Gemini 3
LK67EZS,metroline-travel,VWH2428,E8,Volvo B5LH Wright Eclipse Gemini 3
LK67EZT,metroline-travel,VWH2429,E2,Volvo B5LH Wright Eclipse Gemini 3
LK67EZU,metroline-travel,VWH2430,E2,Volvo B5LH Wright Eclipse Gemini 3
LK67EZV,metroline-travel,VWH2431,237,Volvo B5LH Wright Eclipse Gemini 3
LK67EZW,metroline-travel,VWH2432,483,Volvo B5LH Wright Eclipse Gemini 3
BL64MHE,metroline-travel,VWH2697,481,Volvo B5LH Wright Eclipse Gemini 3
BL64MHF,metroline-travel,VWH2698,120,Volvo B5LH Wright Eclipse Gemini 3
BL64MHJ,metroline-travel,VWH2699,H91,Volvo B5LH Wright Eclipse Gemini 3
BL64MHK,metroline-travel,VWH2700,237,Volvo B5LH Wright Eclipse Gemini 3
BL64MHM,metroline-travel,VWH2701,237,Volvo B5LH Wright Eclipse Gemini 3
BL64MHN,metroline-travel,VWH2702,481,Volvo B5LH Wright Eclipse Gemini 3
BL64MHU,metroline-travel,VWH2703,120,Volvo B5LH Wright Eclipse Gemini 3
BL64MHV,metroline-travel,VWH2704,E2,Volvo B5LH Wright Eclipse Gemini 3
BL64MHX,metroline-travel,VWH2705,237,Volvo B5LH Wright Eclipse Gemini 3
BF15KFU,metroline-travel,VWH2706,237,Volvo B5LH Wright Eclipse Gemini 3
BF15KFV,metroline-travel,VWH2707,481,Volvo B5LH Wright Eclipse Gemini 3
LV22AGX,metroline-travel,WDE2769,134,Wright StreetDeck Electroliner
LV23DGU,metroline-travel,WDE2770,204,Wright StreetDeck Electroliner
LV23DGX,metroline-travel,WDE2771,113,Wright StreetDeck Electroliner
LV23DGY,metroline-travel,WDE2772,113,Wright StreetDeck Electroliner
LV23DGZ,metroline-travel,WDE2773,240,Wright StreetDeck Electroliner
LV23DHA,metroline-travel,WDE2774,204,Wright StreetDeck Electroliner
LV23DHC,metroline-travel,WDE2775,113,Wright StreetDeck Electroliner
LV23DHD,metroline-travel,WDE2776,113,Wright StreetDeck Electroliner
LV23DHE,metroline-travel,WDE2777,113,Wright StreetDeck Electroliner
LV23DHF,metroline-travel,WDE2778,240,Wright StreetDeck Electroliner
LV23DHG,metroline-travel,WDE2779,240,Wright StreetDeck Electroliner
LV23DHJ,metroline-travel,WDE2780,113,Wright StreetDeck Electroliner
LV23DHK,metroline-travel,WDE2781,113,Wright StreetDeck Electroliner
LV23DHL,metroline-travel,WDE2782,204,Wright StreetDeck Electroliner
LV23DHM,metroline-travel,WDE2783,240,Wright StreetDeck Electroliner
LV23DHN,metroline-travel,WDE2784,113,Wright StreetDeck Electroliner
LV23DHO,metroline-travel,WDE2785,113,Wright StreetDeck Electroliner
LV23DHP,metroline-travel,WDE2786,204,Wright StreetDeck Electroliner
LV23DHX,metroline-travel,WDE2787,204,Wright StreetDeck Electroliner
LV23DHY,metroline-travel,WDE2788,240,Wright StreetDeck Electroliner
LV23DHZ,metroline-travel,WDE2789,113,Wright StreetDeck Electroliner
LV23DJD,metroline-travel,WDE2790,113,Wright StreetDeck Electroliner
LV23DJE,metroline-travel,WDE2791,204,Wright StreetDeck Electroliner
LV23DJF,metroline-travel,WDE2792,204,Wright StreetDeck Electroliner
LV23DJJ,metroline-travel,WDE2793,240,Wright StreetDeck Electroliner
LV23DJK,metroline-travel,WDE2794,113,Wright StreetDeck Electroliner
LV23DJO,metroline-travel,WDE2795,204,Wright StreetDeck Electroliner
LV23DJU,metroline-travel,WDE2796,113,Wright StreetDeck Electroliner
LV23DJX,metroline-travel,WDE2797,240,Wright StreetDeck Electroliner
LV23DJY,metroline-travel,WDE2798,113,Wright StreetDeck Electroliner
LV23DJZ,metroline-travel,WDE2799,204,Wright StreetDeck Electroliner
LV23EBD,metroline-travel,WDE2800,113,Wright StreetDeck Electroliner
LV23EBF,metroline-travel,WDE2801,113,Wright StreetDeck Electroliner
LV23EBG,metroline-travel,WDE2802,240,Wright StreetDeck Electroliner
LV23EBJ,metroline-travel,WDE2803,263,Wright StreetDeck Electroliner
LV23EBK,metroline-travel,WDE2804,263,Wright StreetDeck Electroliner
LV23EBL,metroline-travel,WDE2805,98,Wright StreetDeck Electroliner
LV23EBM,metroline-travel,WDE2806,98,Wright StreetDeck Electroliner
LV23EBN,metroline-travel,WDE2807,98,Wright StreetDeck Electroliner
LV23EBO,metroline-travel,WDE2808,98,Wright StreetDeck Electroliner
LV23EYD,metroline-travel,WDE2857,98,Wright StreetDeck Electroliner
LV23EZG,metroline-travel,WDE2858,98,Wright StreetDeck Electroliner
LV23EZH,metroline-travel,WDE2859,134,Wright StreetDeck Electroliner
LV23YZZ,metroline-travel,WDE2860,98,Wright StreetDeck Electroliner
LV23ZBC,metroline-travel,WDE2861,98,Wright StreetDeck Electroliner
LV23ZBD,metroline-travel,WDE2862,134,Wright StreetDeck Electroliner
LV23ZBE,metroline-travel,WDE2863,4,Wright StreetDeck Electroliner
LV23ZBF,metroline-travel,WDE2864,16,Wright StreetDeck Electroliner
LV23ZBG,metroline-travel,WDE2865,W7,Wright StreetDeck Electroliner
LV23ZBJ,metroline-travel,WDE2866,4,Wright StreetDeck Electroliner
LV23ZBL,metroline-travel,WDE2867,4,Wright StreetDeck Electroliner
LV23ZBN,metroline-travel,WDE2868,W7,Wright StreetDeck Electroliner
LV23ZBO,metroline-travel,WDE2869,4,Wright StreetDeck Electroliner
LV23ZBP,metroline-travel,WDE2870,W7,Wright StreetDeck Electroliner
LV23ZBR,metroline-travel,WDE2871,W7,Wright StreetDeck Electroliner
LV23ZBT,metroline-travel,WDE2872,4,Wright StreetDeck Electroliner
LV23ZBU,metroline-travel,WDE2873,W7,Wright StreetDeck Electroliner
LV23ZBW,metroline-travel,WDE2874,43,Wright StreetDeck Electroliner
LV23ZBX,metroline-travel,WDE2875,134,Wright StreetDeck Electroliner
LV23ZBY,metroline-travel,WDE2876,4,Wright StreetDeck Electroliner
LV23ZBZ,metroline-travel,WDE2877,W7,Wright StreetDeck Electroliner
LV24VOJ,metroline-travel,WDE2906,240,Wright StreetDeck Electroliner
LV24VOK,metroline-travel,WDE2907,240,Wright StreetDeck Electroliner
LV24VOM,metroline-travel,WDE2908,204,Wright StreetDeck Electroliner
LV24VOO,metroline-travel,WDE2909,204,Wright StreetDeck Electroliner
LV24VOP,metroline-travel,WDE2910,204,Wright StreetDeck Electroliner
LV24VOT,metroline-travel,WDE2911,240,Wright StreetDeck Electroliner
LV24VOU,metroline-travel,WDE2912,204,Wright StreetDeck Electroliner
LV24VOY,metroline-travel,WDE2913,113,Wright StreetDeck Electroliner
LV24VPA,metroline-travel,WDE2914,204,Wright StreetDeck Electroliner
LV24VPC,metroline-travel,WDE2915,113,Wright StreetDeck Electroliner
LV24VPD,metroline-travel,WDE2916,142,Wright StreetDeck Electroliner
LV24VPE,metroline-travel,WDE2917,204,Wright StreetDeck Electroliner
LV24VPF,metroline-travel,WDE2918,204,Wright StreetDeck Electroliner
LV24VPG,metroline-travel,WDE2919,113,Wright StreetDeck Electroliner
LV24VPJ,metroline-travel,WDE2920,113,Wright StreetDeck Electroliner
LV24VPK,metroline-travel,WDE2921,142,Wright StreetDeck Electroliner
LV24VPL,metroline-travel,WDE2922,113,Wright StreetDeck Electroliner
LV24VPM,metroline-travel,WDE2923,142,Wright StreetDeck Electroliner
LV24VPN,metroline-travel,WDE2924,240,Wright StreetDeck Electroliner
LV24VPO,metroline-travel,WDE2925,113,Wright StreetDeck Electroliner
LV24VPP,metroline-travel,WDE2926,113,Wright StreetDeck Electroliner
LV24VPR,metroline-travel,WDE2927,240,Wright StreetDeck Electroliner
LV24VPT,metroline-travel,WDE2928,113,Wright StreetDeck Electroliner
LV74TKY,metroline-travel,WDE3031,4,Wright StreetDeck Electroliner
LV74TKZ,metroline-travel,WDE3032,4,Wright StreetDeck Electroliner
LV74YVP,metroline-travel,WDE3033,4,Wright StreetDeck Electroliner
LV74YVR,metroline-travel,WDE3034,W7,Wright StreetDeck Electroliner
LV74YVS,metroline-travel,WDE3035,4,Wright StreetDeck Electroliner
LV74YVT,metroline-travel,WDE3036,4,Wright StreetDeck Electroliner
LV74YVU,metroline-travel,WDE3037,W7,Wright StreetDeck Electroliner
LV74YVW,metroline-travel,WDE3038,W7,Wright StreetDeck Electroliner
LY74EWB,metroline-travel,WDE3039,4,Wright StreetDeck Electroliner
LY74EWC,metroline-travel,WDE3040,4,Wright StreetDeck Electroliner
LY74EWD,metroline-travel,WDE3041,4,Wright StreetDeck Electroliner
LY74EWE,metroline-travel,WDE3042,43,Wright StreetDeck Electroliner
LY74EWF,metroline-travel,WDE3043,W7,Wright StreetDeck Electroliner
LY74EWG,metroline-travel,WDE3044,W7,Wright StreetDeck Electroliner
LY74EWH,metroline-travel,WDE3045,W7,Wright StreetDeck Electroliner
LY74EWJ,metroline-travel,WDE3046,43,Wright StreetDeck Electroliner
LY74EWK,metroline-travel,WDE3047,4,Wright StreetDeck Electroliner
LY74EWL,metroline-travel,WDE3048,43,Wright StreetDeck Electroliner
LY74EWM,metroline-travel,WDE3049,4,Wright StreetDeck Electroliner
LY74EWN,metroline-travel,WDE3095,266,Wright StreetDeck Electroliner
LY74EWO,metroline-travel,WDE3096,266,Wright StreetDeck Electroliner
LY74EWP,metroline-travel,WDE3097,266,Wright StreetDeck Electroliner
LY74EWR,metroline-travel,WDE3098,266,Wright StreetDeck Electroliner
LY74EWT,metroline-travel,WDE3100,134,Wright StreetDeck Electroliner
LY74NXL,metroline-travel,WDE3102,134,Wright StreetDeck Electroliner
LY74NXM,metroline-travel,WDE3103,134,Wright StreetDeck Electroliner
LY74NXO,metroline-travel,WDE3104,6,Wright StreetDeck Electroliner
LY74NXP,metroline-travel,WDE3105,134,Wright StreetDeck Electroliner
LY74NXR,metroline-travel,WDE3106,16,Wright StreetDeck Electroliner
LY74NXS,metroline-travel,WDE3107,6,Wright StreetDeck Electroliner
LY74NXT,metroline-travel,WDE3108,6,Wright StreetDeck Electroliner
LY74NXV,metroline-travel,WDE3110,43,Wright StreetDeck Electroliner
LY74NXW,metroline-travel,WDE3111,W7,Wright StreetDeck Electroliner
LV74TJO,metroline-travel,WDE3112,626,Wright StreetDeck Electroliner
LV74TJU,metroline-travel,WDE3113,134,Wright StreetDeck Electroliner
LV74TJX,metroline-travel,WDE3114,134,Wright StreetDeck Electroliner
LV74TJY,metroline-travel,WDE3115,263,Wright StreetDeck Electroliner
LV74TJZ,metroline-travel,WDE3116,263,Wright StreetDeck Electroliner
LV74TKA,metroline-travel,WDE3117,263,Wright StreetDeck Electroliner
LV74TKC,metroline-travel,WDE3118,134,Wright StreetDeck Electroliner
LV74TKD,metroline-travel,WDE3119,134,Wright StreetDeck Electroliner
LV74TKE,metroline-travel,WDE3120,263,Wright StreetDeck Electroliner
LV74TKF,metroline-travel,WDE3121,134,Wright StreetDeck Electroliner
LV74TKJ,metroline-travel,WDE3122,263,Wright StreetDeck Electroliner
LV74TKK,metroline-travel,WDE3123,317,Wright StreetDeck Electroliner
LV74TKN,metroline-travel,WDE3124,317,Wright StreetDeck Electroliner
LV74TKO,metroline-travel,WDE3125,263,Wright StreetDeck Electroliner
LV74TKT,metroline-travel,WDE3126,98,Wright StreetDeck Electroliner
LV74TKU,metroline-travel,WDE3127,98,Wright StreetDeck Electroliner
LV74TKX,metroline-travel,WDE3128,6,Wright StreetDeck Electroliner
LY74NXX,metroline-travel,WDE3139,266,Wright StreetDeck Electroliner
LY74NXZ,metroline-travel,WDE3140,266,Wright StreetDeck Electroliner
LY74NYB,metroline-travel,WDE3141,266,Wright StreetDeck Electroliner
LY74NYC,metroline-travel,WDE3142,266,Wright StreetDeck Electroliner
LY74NYD,metroline-travel,WDE3143,16,Wright StreetDeck Electroliner
LY74NYF,metroline-travel,WDE3144,16,Wright StreetDeck Electroliner
LY74NYG,metroline-travel,WDE3145,266,Wright StreetDeck Electroliner
LY74NYH,metroline-travel,WDE3146,266,Wright StreetDeck Electroliner
LY74NYK,metroline-travel,WDE3147,16,Wright StreetDeck Electroliner
LY74NYL,metroline-travel,WDE3148,266,Wright StreetDeck Electroliner
LY74NYM,metroline-travel,WDE3149,266,Wright StreetDeck Electroliner
LV25CLO,metroline-travel,WDE3150,16,Wright StreetDeck Electroliner
LV25CLU,metroline-travel,WDE3151,266,Wright StreetDeck Electroliner
LV25CLX,metroline-travel,WDE3152,16,Wright StreetDeck Electroliner
LV25CLY,metroline-travel,WDE3153,266,Wright StreetDeck Electroliner
LV25CLZ,metroline-travel,WDE3154,16,Wright StreetDeck Electroliner
LV25CME,metroline-travel,WDE3155,266,Wright StreetDeck Electroliner
LV25CMF,metroline-travel,WDE3156,266,Wright StreetDeck Electroliner
LV25CMK,metroline-travel,WDE3157,266,Wright StreetDeck Electroliner
LV25CMO,metroline-travel,WDE3158,266,Wright StreetDeck Electroliner
LV25CMU,metroline-travel,WDE3159,266,Wright StreetDeck Electroliner
LV25CMX,metroline-travel,WDE3160,266,Wright StreetDeck Electroliner
LV25CMY,metroline-travel,WDE3161,16,Wright StreetDeck Electroliner
LV25CMZ,metroline-travel,WDE3162,266,Wright StreetDeck Electroliner
LV25CNA,metroline-travel,WDE3163,266,Wright StreetDeck Electroliner
LV25XXK,metroline-travel,WDE3211,317,Wright StreetDeck Electroliner
LV25XXL,metroline-travel,WDE3212,134,Wright StreetDeck Electroliner
LV25XXM,metroline-travel,WDE3213,134,Wright StreetDeck Electroliner
LV25XXN,metroline-travel,WDE3214,134,Wright StreetDeck Electroliner
LV25XXO,metroline-travel,WDE3215,317,Wright StreetDeck Electroliner
LV25XXP,metroline-travel,WDE3216,263,Wright StreetDeck Electroliner
LV25XXR,metroline-travel,WDE3217,134,Wright StreetDeck Electroliner
LV25XXS,metroline-travel,WDE3218,263,Wright StreetDeck Electroliner
LV25XXT,metroline-travel,WDE3219,263,Wright StreetDeck Electroliner
LV25XXU,metroline-travel,WDE3220,263,Wright StreetDeck Electroliner
LV25XXW,metroline-travel,WDE3221,134,Wright StreetDeck Electroliner
LV25XXY,metroline-travel,WDE3222,263,Wright StreetDeck Electroliner
LV25XXZ,metroline-travel,WDE3223,134,Wright StreetDeck Electroliner
LV25XYA,metroline-travel,WDE3224,263,Wright StreetDeck Electroliner
LV25XYB,metroline-travel,WDE3225,263,Wright StreetDeck Electroliner
LV25XYC,metroline-travel,WDE3226,134,Wright StreetDeck Electroliner
LV25XYD,metroline-travel,WDE3227,134,Wright StreetDeck Electroliner
LV25XYE,metroline-travel,WDE3228,263,Wright StreetDeck Electroliner
LV25XYF,metroline-travel,WDE3229,263,Wright StreetDeck Electroliner
LV25XYG,metroline-travel,WDE3230,134,Wright StreetDeck Electroliner
LV25XYH,metroline-travel,WDE3231,134,Wright StreetDeck Electroliner
LV25XYU,metroline-travel,WDE3232,134,Wright StreetDeck Electroliner
LK70AYX,metroline-travel,WHD2708,245,Wright StreetDeck Hydroliner
LK70AYY,metroline-travel,WHD2709,245,Wright StreetDeck Hydroliner
LK70AYZ,metroline-travel,WHD2710,7,Wright StreetDeck Hydroliner
LK70AZA,metroline-travel,WHD2711,7,Wright StreetDeck Hydroliner
LK70AZB,metroline-travel,WHD2712,7,Wright StreetDeck Hydroliner
LK70AZC,metroline-travel,WHD2713,7,Wright StreetDeck Hydroliner
LK70AZD,metroline-travel,WHD2714,7,Wright StreetDeck Hydroliner
LK70AZF,metroline-travel,WHD2715,7,Wright StreetDeck Hydroliner
LK70AZG,metroline-travel,WHD2716,7,Wright StreetDeck Hydroliner
LK70AZJ,metroline-travel,WHD2717,7,Wright StreetDeck Hydroliner
LK70AZL,metroline-travel,WHD2718,245,Wright StreetDeck Hydroliner
LK70AZN,metroline-travel,WHD2719,7,Wright StreetDeck Hydroliner
LK70AZO,metroline-travel,WHD2720,7,Wright StreetDeck Hydroliner
LK70AZP,metroline-travel,WHD2721,7,Wright StreetDeck Hydroliner
LK70AZR,metroline-travel,WHD2722,7,Wright StreetDeck Hydroliner
LK70AZT,metroline-travel,WHD2723,7,Wright StreetDeck Hydroliner
LK70AZU,metroline-travel,WHD2724,245,Wright StreetDeck Hydroliner
LK70AZV,metroline-travel,WHD2725,7,Wright StreetDeck Hydroliner
LK70AZW,metroline-travel,WHD2726,7,Wright StreetDeck Hydroliner
LK70AZZ,metroline-travel,WHD2727,7,Wright StreetDeck Hydroliner
LV74CBO,metroline-travel,WSE2929,268,Wright GB Kite Electroliner
LV74CBU,metroline-travel,WSE2930,143,Wright GB Kite Electroliner
LV74CBX,metroline-travel,WSE2931,143,Wright GB Kite Electroliner
LV74CBY,metroline-travel,WSE2932,112,Wright GB Kite Electroliner
LV74CCA,metroline-travel,WSE2933,143,Wright GB Kite Electroliner
LV74CCD,metroline-travel,WSE2934,143,Wright GB Kite Electroliner
LV74CCE,metroline-travel,WSE2935,268,Wright GB Kite Electroliner
LV74CCF,metroline-travel,WSE2936,112,Wright GB Kite Electroliner
LV74CCJ,metroline-travel,WSE2937,143,Wright GB Kite Electroliner
LV74CCK,metroline-travel,WSE2938,143,Wright GB Kite Electroliner
LV74CCN,metroline-travel,WSE2939,143,Wright GB Kite Electroliner
LV74CCO,metroline-travel,WSE2940,143,Wright GB Kite Electroliner
LV74CCU,metroline-travel,WSE2941,143,Wright GB Kite Electroliner
LV74CCX,metroline-travel,WSE2942,143,Wright GB Kite Electroliner
LV74CCY,metroline-travel,WSE2943,268,Wright GB Kite Electroliner
LV74CCZ,metroline-travel,WSE2944,143,Wright GB Kite Electroliner
LV74CFA,metroline-travel,WSE2945,C11,Wright GB Kite Electroliner
LV74CFD,metroline-travel,WSE2946,C11,Wright GB Kite Electroliner
LV74CFE,metroline-travel,WSE2947,C11,Wright GB Kite Electroliner
LV74CFF,metroline-travel,WSE2948,C11,Wright GB Kite Electroliner
LV74CFG,metroline-travel,WSE2949,C11,Wright GB Kite Electroliner
LV74CFJ,metroline-travel,WSE2950,C11,Wright GB Kite Electroliner
LV74CFK,metroline-travel,WSE2951,C11,Wright GB Kite Electroliner
LV74CFL,metroline-travel,WSE2952,C11,Wright GB Kite Electroliner
LV74CFM,metroline-travel,WSE2953,C11,Wright GB Kite Electroliner
LV74CFN,metroline-travel,WSE2954,C11,Wright GB Kite Electroliner
LV74CFO,metroline-travel,WSE2955,C11,Wright GB Kite Electroliner
LV74CFP,metroline-travel,WSE2956,C11,Wright GB Kite Electroliner
LV74CFU,metroline-travel,WSE2957,C11,Wright GB Kite Electroliner
LV74CFX,metroline-travel,WSE2958,C11,Wright GB Kite Electroliner
LV74CFY,metroline-travel,WSE2959,C11,Wright GB Kite Electroliner
LV74CFZ,metroline-travel,WSE2960,C11,Wright GB Kite Electroliner
LV74CGE,metroline-travel,WSE2961,C11,Wright GB Kite Electroliner
LV74CGF,metroline-travel,WSE2962,C11,Wright GB Kite Electroliner
LV74YVF,metroline-travel,WSEL3129,153,Wright GB Kite Electroliner
LV74YVG,metroline-travel,WSEL3130,153,Wright GB Kite Electroliner
LV74YVH,metroline-travel,WSEL3131,46,Wright GB Kite Electroliner
LV74YVJ,metroline-travel,WSEL3132,153,Wright GB Kite Electroliner
LV74YVK,metroline-travel,WSEL3133,46,Wright GB Kite Electroliner
LV74YVL,metroline-travel,WSEL3134,153,Wright GB Kite Electroliner
LV74YVM,metroline-travel,WSEL3135,153,Wright GB Kite Electroliner
LV74YVN,metroline-travel,WSEL3136,153,Wright GB Kite Electroliner
LV74YVO,metroline-travel,WSEL3137,153,Wright GB Kite Electroliner
MJ74JTV,metroline-travel,WSEL3138,153,Wright GB Kite Electroliner
WLT516,go-ahead-london,DRM2516,,
SN06BND,go-ahead-london,E3,669,ADL Enviro400
SN06BNX,go-ahead-london,E12,668,ADL Enviro400
SN60BZA,go-ahead-london,E129,668,ADL Enviro400
YX12FPN,go-ahead-london,E255,,ADL Enviro400
YX12FPO,go-ahead-london,E256,618,ADL Enviro400
YX12FPP,go-ahead-london,E257,668,ADL Enviro400
YX12FPT,go-ahead-london,E258,668,ADL Enviro400
YX12FPU,go-ahead-london,E259,669,ADL Enviro400
YX14RTV,go-ahead-london,E281,669,ADL Enviro400
YX14RTZ,go-ahead-london,E282,849,ADL Enviro400
YX14RUA,go-ahead-london,E283,668,ADL Enviro400
SN58CDY,go-ahead-london,EN1,668,ADL Enviro400
SN58CDZ,go-ahead-london,EN2,618,ADL Enviro400
SN58CEA,go-ahead-london,EN3,,ADL Enviro400
SN58CEX,go-ahead-london,EN10,845,ADL Enviro400
SN58CEY,go-ahead-london,EN11,849,ADL Enviro400
SN58CFA,go-ahead-london,EN12,668,ADL Enviro400
SN58CFD,go-ahead-london,EN13,618,ADL Enviro400
SN58CFE,go-ahead-london,EN14,618,ADL Enviro400
SN58CFF,go-ahead-london,EN15,618,ADL Enviro400
MEC14,go-ahead-london,,,Mercedes-Benz Citaro O530
VLT9,go-ahead-london,RM9,,
CUV305C,go-ahead-london,RML2305,,
CUV318C,go-ahead-london,RML2318,,
NML604E,go-ahead-london,RML2604,,
SN57DWO,go-ahead-london,SE26,,ADL Enviro200
YX11CPE,go-ahead-london,SE85,615,ADL Enviro200
YX11CPF,go-ahead-london,SE86,,ADL Enviro200
YX11CPK,go-ahead-london,SE87,,ADL Enviro200
YX11CPU,go-ahead-london,SE90,615,ADL Enviro200
YX11CPV,go-ahead-london,SE91,,ADL Enviro200
SEE37,go-ahead-london,,,BYD D9UR ADL Enviro200EV
SEE38,go-ahead-london,,,BYD D9UR ADL Enviro200EV
SEE39,go-ahead-london,,,BYD D9UR ADL Enviro200EV
SEE40,go-ahead-london,,,BYD D9UR ADL Enviro200EV
VWL48,go-ahead-london,,747,Volvo B7RLE Wright Eclipse Urban
WVL296,go-ahead-london,,51,Volvo B9TL Wright Eclipse Gemini 2
WVL333,go-ahead-london,,51,Volvo B9TL Wright Eclipse Gemini 2
YX60FTZ,london-central,154,162,ADL Enviro200
YX60FUV,london-central,155,162,ADL Enviro200
YX60FUW,london-central,156,352,ADL Enviro200
YX60FVA,london-central,158,162,ADL Enviro200
YX60FVB,london-central,159,162,ADL Enviro200
YX60FVC,london-central,160,162,ADL Enviro200
YX60FVD,london-central,161,162,ADL Enviro200
YX60FVE,london-central,162,162,ADL Enviro200
YX62DYN,london-central,180,162,ADL Enviro200
YX62DYS,london-central,181,162,ADL Enviro200
YX62DZE,london-central,182,162,ADL Enviro200
YX62DZN,london-central,183,162,ADL Enviro200
YX62DZU,london-central,184,354,ADL Enviro200
YX13AJO,london-central,185,162,ADL Enviro200
YX13AFY,london-central,747,B12,ADL Enviro200
YX13AFZ,london-central,748,B11,ADL Enviro200
YX13AGO,london-central,749,B16,ADL Enviro200
YX13AGU,london-central,750,B11,ADL Enviro200
YX13AGV,london-central,751,126,ADL Enviro200
YX13AGY,london-central,752,126,ADL Enviro200
YX13AGZ,london-central,753,126,ADL Enviro200
YX13AHA,london-central,754,126,ADL Enviro200
YX13AHC,london-central,755,126,ADL Enviro200
YX13AHD,london-central,756,126,ADL Enviro200
YX13AHE,london-central,757,126,ADL Enviro200
YX13AHF,london-central,758,126,ADL Enviro200
YX13AHJ,london-central,760,227,ADL Enviro200
YX13AHK,london-central,761,126,ADL Enviro200
YX13AHL,london-central,762,126,ADL Enviro200
DEL30,london-central,,401,Wright StreetDeck Electroliner
DEL32,london-central,,99,Wright StreetDeck Electroliner
DEL33,london-central,,269,Wright StreetDeck Electroliner
DEL35,london-central,,99,Wright StreetDeck Electroliner
DEL36,london-central,,99,Wright StreetDeck Electroliner
DEL37,london-central,,172,Wright StreetDeck Electroliner
DEL38,london-central,,99,Wright StreetDeck Electroliner
DEL41,london-central,,269,Wright StreetDeck Electroliner
DEL42,london-central,,99,Wright StreetDeck Electroliner
DEL43,london-central,,99,Wright StreetDeck Electroliner
DEL44,london-central,,401,Wright StreetDeck Electroliner
DEL45,london-central,,99,Wright StreetDeck Electroliner
DEL46,london-central,,99,Wright StreetDeck Electroliner
DEL47,london-central,,269,Wright StreetDeck Electroliner
DEL48,london-central,,99,Wright StreetDeck Electroliner
DEL49,london-central,,269,Wright StreetDeck Electroliner
DEL50,london-central,,401,Wright StreetDeck Electroliner
DEL51,london-central,,269,Wright StreetDeck Electroliner
DEL54,london-central,,401,Wright StreetDeck Electroliner
DEL56,london-central,,401,Wright StreetDeck Electroliner
DEL61,london-central,,269,Wright StreetDeck Electroliner
DEL62,london-central,,269,Wright StreetDeck Electroliner
DEL63,london-central,,99,Wright StreetDeck Electroliner
DEL68,london-central,,89,Wright StreetDeck Electroliner
DEL71,london-central,,172,Wright StreetDeck Electroliner
DEL73,london-central,,172,Wright StreetDeck Electroliner
DEL80,london-central,,36,Wright StreetDeck Electroliner
DEL86,london-central,,172,Wright StreetDeck Electroliner
DEL96,london-central,,269,Wright StreetDeck Electroliner
DEL98,london-central,,99,Wright StreetDeck Electroliner
DEL100,london-central,,99,Wright StreetDeck Electroliner
DEL105,london-central,,99,Wright StreetDeck Electroliner
DEL106,london-central,,401,Wright StreetDeck Electroliner
DEL107,london-central,,486,Wright StreetDeck Electroliner
DEL108,london-central,,401,Wright StreetDeck Electroliner
DEL109,london-central,,269,Wright StreetDeck Electroliner
DEL110,london-central,,269,Wright StreetDeck Electroliner
DEL111,london-central,,269,Wright StreetDeck Electroliner
DEL112,london-central,,99,Wright StreetDeck Electroliner
DEL113,london-central,,99,Wright StreetDeck Electroliner
DEL114,london-central,,89,Wright StreetDeck Electroliner
DEL115,london-central,,401,Wright StreetDeck Electroliner
DEL117,london-central,,172,Wright StreetDeck Electroliner
DEL118,london-central,,269,Wright StreetDeck Electroliner
DEL119,london-central,,401,Wright StreetDeck Electroliner
DEL120,london-central,,172,Wright StreetDeck Electroliner
DEL121,london-central,,172,Wright StreetDeck Electroliner
DEL122,london-central,,172,Wright StreetDeck Electroliner
DEL123,london-central,,172,Wright StreetDeck Electroliner
DEL124,london-central,,172,Wright StreetDeck Electroliner
DEL127,london-central,,172,Wright StreetDeck Electroliner
DEL128,london-central,,172,Wright StreetDeck Electroliner
DEL129,london-central,,172,Wright StreetDeck Electroliner
DEL131,london-central,,172,Wright StreetDeck Electroliner
DEL133,london-central,,269,Wright StreetDeck Electroliner
LX09FBE,london-central,E114,89,ADL Enviro400
LX09FBU,london-central,E121,601,ADL Enviro400
SN61BKK,london-central,E203,36,ADL Enviro400
SN61BKL,london-central,E204,291,ADL Enviro400
SN61DCV,london-central,E205,244,ADL Enviro400
SN61DCX,london-central,E206,36,ADL Enviro400
SN61DCZ,london-central,E208,244,ADL Enviro400
SN61DDA,london-central,E209,178,ADL Enviro400
SN61DDE,london-central,E210,244,ADL Enviro400
SN61DFE,london-central,E225,244,ADL Enviro400
SN61DFG,london-central,E227,244,ADL Enviro400
YX61DSE,london-central,E229,486,ADL Enviro400
YX61DSO,london-central,E230,486,ADL Enviro400
YX61DSU,london-central,E231,486,ADL Enviro400
YX61DSV,london-central,E232,89,ADL Enviro400
YX61DSY,london-central,E233,89,ADL Enviro400
YX61DSZ,london-central,E234,486,ADL Enviro400
YX61DTF,london-central,E235,486,ADL Enviro400
YX61DTK,london-central,E236,89,ADL Enviro400
YX61DTN,london-central,E237,89,ADL Enviro400
YX61DPF,london-central,E238,89,ADL Enviro400
YX61DPK,london-central,E239,486,ADL Enviro400
YX61DPN,london-central,E240,486,ADL Enviro400
YX61DPO,london-central,E241,486,ADL Enviro400
YX61DPU,london-central,E242,486,ADL Enviro400
YX61DPV,london-central,E243,486,ADL Enviro400
YX61DPY,london-central,E244,89,ADL Enviro400
YX61DPZ,london-central,E245,89,ADL Enviro400
YX12FPA,london-central,E246,291,ADL Enviro400
YX12FPF,london-central,E247,244,ADL Enviro400
YX12FPC,london-central,E248,178,ADL Enviro400
YX12FPD,london-central,E249,178,ADL Enviro400
YX12FPE,london-central,E250,36,ADL Enviro400
YX12FPG,london-central,E251,36,ADL Enviro400
YX12FPJ,london-central,E252,36,ADL Enviro400
YX12FPK,london-central,E253,291,ADL Enviro400
YX12FPL,london-central,E254,36,ADL Enviro400
YX12FPV,london-central,E260,244,ADL Enviro400
SN62DDE,london-central,E261,291,ADL Enviro400
SN62DDO,london-central,E262,244,ADL Enviro400
SN62DDX,london-central,E263,244,ADL Enviro400
SN62DFL,london-central,E264,244,ADL Enviro400
SN62DFX,london-central,E265,178,ADL Enviro400
SN62DGF,london-central,E266,244,ADL Enviro400
SN62DGU,london-central,E267,178,ADL Enviro400
SN62DHA,london-central,E268,244,ADL Enviro400
SN62DHK,london-central,E269,244,ADL Enviro400
SN62DHZ,london-central,E270,178,ADL Enviro400
SN62DJO,london-central,E271,244,ADL Enviro400
SN62DLY,london-central,E273,178,ADL Enviro400
SN62DLZ,london-central,E274,178,ADL Enviro400
SN62DMV,london-central,E275,291,ADL Enviro400
EBD1,london-central,,321,BYD BD11
EBD2,london-central,,321,BYD BD11
EBD3,london-central,,321,BYD BD11
EBD4,london-central,,321,BYD BD11
EBD5,london-central,,321,BYD BD11
EBD6,london-central,,321,BYD BD11
EBD7,london-central,,171,BYD BD11
EBD8,london-central,,321,BYD BD11
EBD9,london-central,,321,BYD BD11
EBD10,london-central,,321,BYD BD11
EBD11,london-central,,321,BYD BD11
EBD12,london-central,,321,BYD BD11
EBD13,london-central,,321,BYD BD11
EBD14,london-central,,321,BYD BD11
EBD15,london-central,,321,BYD BD11
EBD16,london-central,,321,BYD BD11
EBD17,london-central,,171,BYD BD11
EBD18,london-central,,321,BYD BD11
EBD55,london-central,,188,BYD BD11
EBD100,london-central,,321,BYD BD11
EBD101,london-central,,172,BYD BD11
EBD102,london-central,,172,BYD BD11
EBD114,london-central,,188,BYD BD11
EBD115,london-central,,188,BYD BD11
EBD116,london-central,,1,BYD BD11
EBD117,london-central,,188,BYD BD11
EBD118,london-central,,188,BYD BD11
EBD119,london-central,,188,BYD BD11
EBD120,london-central,,188,BYD BD11
EBD121,london-central,,40,BYD BD11
EBD122,london-central,,188,BYD BD11
EBD123,london-central,,188,BYD BD11
EBD124,london-central,,188,BYD BD11
EBD125,london-central,,185,BYD BD11
EBD126,london-central,,188,BYD BD11
EBD127,london-central,,188,BYD BD11
EBD128,london-central,,188,BYD BD11
EBD129,london-central,,188,BYD BD11
EBD130,london-central,,188,BYD BD11
EBD131,london-central,,188,BYD BD11
EBD132,london-central,,188,BYD BD11
EBD133,london-central,,188,BYD BD11
EBD134,london-central,,188,BYD BD11
EBD135,london-central,,188,BYD BD11
EBD136,london-central,,188,BYD BD11
EBD137,london-central,,188,BYD BD11
EBD138,london-central,,188,BYD BD11
SN61DAA,london-central,EH9,36,ADL Enviro400H
YX16OBT,london-central,EH39,42,ADL Enviro400H MMC
YX16OBU,london-central,EH40,35,ADL Enviro400H MMC
YX16OBV,london-central,EH41,1,ADL Enviro400H MMC
YX16OBW,london-central,EH42,1,ADL Enviro400H MMC
YX16OBY,london-central,EH43,35,ADL Enviro400H MMC
YX16OBZ,london-central,EH44,35,ADL Enviro400H MMC
YX16OCA,london-central,EH45,35,ADL Enviro400H MMC
YX16OCB,london-central,EH46,176,ADL Enviro400H MMC
YX16OCC,london-central,EH47,35,ADL Enviro400H MMC
YX16OCD,london-central,EH48,42,ADL Enviro400H MMC
YX16OCE,london-central,EH49,42,ADL Enviro400H MMC
YX16OCF,london-central,EH50,35,ADL Enviro400H MMC
YX16OCG,london-central,EH51,35,ADL Enviro400H MMC
YX16OCH,london-central,EH52,42,ADL Enviro400H MMC
YX16OCJ,london-central,EH53,35,ADL Enviro400H MMC
YX16OCL,london-central,EH54,42,ADL Enviro400H MMC
YX16OCM,london-central,EH55,35,ADL Enviro400H MMC
YX16OCN,london-central,EH56,35,ADL Enviro400H MMC
YX16OCO,london-central,EH57,42,ADL Enviro400H MMC
YX16OCP,london-central,EH58,35,ADL Enviro400H MMC
YX16OCR,london-central,EH59,42,ADL Enviro400H MMC
YX16OCS,london-central,EH60,1,ADL Enviro400H MMC
YX66WHC,london-central,EH61,37,ADL Enviro400H MMC
YX66WHD,london-central,EH62,197,ADL Enviro400H MMC
YX66WHE,london-central,EH63,37,ADL Enviro400H MMC
YX66WHF,london-central,EH64,78,ADL Enviro400H MMC
YX66WHG,london-central,EH65,78,ADL Enviro400H MMC
YX66WHH,london-central,EH66,78,ADL Enviro400H MMC
YX66WHJ,london-central,EH67,78,ADL Enviro400H MMC
YX66WHK,london-central,EH68,197,ADL Enviro400H MMC
YX66WHL,london-central,EH69,78,ADL Enviro400H MMC
YX66WHM,london-central,EH70,197,ADL Enviro400H MMC
YX66WHN,london-central,EH71,78,ADL Enviro400H MMC
YX66WHP,london-central,EH72,78,ADL Enviro400H MMC
YX66WHR,london-central,EH73,78,ADL Enviro400H MMC
YY66OYK,london-central,EH81,197,ADL Enviro400H MMC
YY66OYL,london-central,EH82,1,ADL Enviro400H MMC
YY66OYM,london-central,EH83,35,ADL Enviro400H MMC
YY66OYO,london-central,EH85,36,ADL Enviro400H MMC
YY66OYR,london-central,EH87,12,ADL Enviro400H MMC
YY66OYS,london-central,EH88,35,ADL Enviro400H MMC
YY66OYT,london-central,EH89,N1,ADL Enviro400H MMC
SN66WNY,london-central,EH113,436,ADL Enviro400H MMC
SN66WNZ,london-central,EH114,176,ADL Enviro400H MMC
SN66WOA,london-central,EH115,35,ADL Enviro400H MMC
SN66WOB,london-central,EH116,35,ADL Enviro400H MMC
SN66WOC,london-central,EH117,42,ADL Enviro400H MMC
SN66WOD,london-central,EH118,1,ADL Enviro400H MMC
SN66WOH,london-central,EH119,176,ADL Enviro400H MMC
SN66WOJ,london-central,EH120,35,ADL Enviro400H MMC
SN66WOM,london-central,EH121,1,ADL Enviro400H MMC
SN66WOR,london-central,EH122,35,ADL Enviro400H MMC
SN66WOU,london-central,EH123,35,ADL Enviro400H MMC
SN66WOV,london-central,EH124,35,ADL Enviro400H MMC
SN66WOX,london-central,EH125,185,ADL Enviro400H MMC
SN66WOY,london-central,EH126,1,ADL Enviro400H MMC
SN66WPA,london-central,EH127,42,ADL Enviro400H MMC
SN66WPD,london-central,EH128,35,ADL Enviro400H MMC
SN66WPE,london-central,EH129,35,ADL Enviro400H MMC
SN66WPF,london-central,EH130,176,ADL Enviro400H MMC
YW17JTZ,london-central,EH134,171,ADL Enviro400H MMC
YW17JUA,london-central,EH135,343,ADL Enviro400H MMC
YW17JUC,london-central,EH136,343,ADL Enviro400H MMC
YW17JUE,london-central,EH137,436,ADL Enviro400H MMC
YW17JUH,london-central,EH139,436,ADL Enviro400H MMC
YW17JUK,london-central,EH141,171,ADL Enviro400H MMC
YX67VFG,london-central,EH162,436,ADL Enviro400H MMC
YX67VFH,london-central,EH163,436,ADL Enviro400H MMC
YX67VFJ,london-central,EH164,171,ADL Enviro400H MMC
YX67VFK,london-central,EH165,343,ADL Enviro400H MMC
YX67VFL,london-central,EH166,343,ADL Enviro400H MMC
YX67VFM,london-central,EH167,343,ADL Enviro400H MMC
YX67VFN,london-central,EH168,343,ADL Enviro400H MMC
YX67VFO,london-central,EH169,343,ADL Enviro400H MMC
YX67VFP,london-central,EH170,36,ADL Enviro400H MMC
YY67UPX,london-central,EH171,171,ADL Enviro400H MMC
YY67UPZ,london-central,EH172,343,ADL Enviro400H MMC
YY67URA,london-central,EH173,171,ADL Enviro400H MMC
YY67URB,london-central,EH174,36,ADL Enviro400H MMC
YY67URC,london-central,EH175,36,ADL Enviro400H MMC
YY67URE,london-central,EH176,171,ADL Enviro400H MMC
YY67URF,london-central,EH177,36,ADL Enviro400H MMC
YY67URG,london-central,EH178,21,ADL Enviro400H MMC
YY67URH,london-central,EH179,36,ADL Enviro400H MMC
YY67URJ,london-central,EH180,36,ADL Enviro400H MMC
YY67URK,london-central,EH181,171,ADL Enviro400H MMC
YY67URL,london-central,EH182,436,ADL Enviro400H MMC
YY67URM,london-central,EH183,436,ADL Enviro400H MMC
YY67URN,london-central,EH184,343,ADL Enviro400H MMC
YY67URO,london-central,EH185,436,ADL Enviro400H MMC
YY67URP,london-central,EH186,171,ADL Enviro400H MMC
YY67URR,london-central,EH187,343,ADL Enviro400H MMC
YY67URS,london-central,EH188,36,ADL Enviro400H MMC
YY67URT,london-central,EH189,171,ADL Enviro400H MMC
YY67URU,london-central,EH190,171,ADL Enviro400H MMC
YY67URV,london-central,EH191,343,ADL Enviro400H MMC
YY67URW,london-central,EH192,171,ADL Enviro400H MMC
YY67URX,london-central,EH193,436,ADL Enviro400H MMC
YY67URZ,london-central,EH194,436,ADL Enviro400H MMC
YY67USS,london-central,EH195,1,ADL Enviro400H MMC
YY67UTC,london-central,EH204,21,ADL Enviro400H MMC
YY67UTE,london-central,EH205,36,ADL Enviro400H MMC
YY67UTF,london-central,EH206,436,ADL Enviro400H MMC
YY67UTG,london-central,EH207,21,ADL Enviro400H MMC
YY67UTH,london-central,EH208,36,ADL Enviro400H MMC
YY67UTJ,london-central,EH209,171,ADL Enviro400H MMC
YY67UTK,london-central,EH210,343,ADL Enviro400H MMC
YY67UTL,london-central,EH211,343,ADL Enviro400H MMC
YY67UTM,london-central,EH212,36,ADL Enviro400H MMC
YX18KPR,london-central,EH226,12,ADL Enviro400H MMC
YX18KPT,london-central,EH227,78,ADL Enviro400H MMC
YX18KPU,london-central,EH228,37,ADL Enviro400H MMC
YX18KPV,london-central,EH229,78,ADL Enviro400H MMC
YX18KPY,london-central,EH230,78,ADL Enviro400H MMC
YX18KPZ,london-central,EH231,78,ADL Enviro400H MMC
YX18KRD,london-central,EH232,78,ADL Enviro400H MMC
YX18KRE,london-central,EH233,78,ADL Enviro400H MMC
YX18KRF,london-central,EH234,78,ADL Enviro400H MMC
YX18KRG,london-central,EH235,37,ADL Enviro400H MMC
YX18KRJ,london-central,EH236,78,ADL Enviro400H MMC
YX18KRK,london-central,EH237,37,ADL Enviro400H MMC
YX18KRN,london-central,EH238,78,ADL Enviro400H MMC
YX18KRO,london-central,EH239,343,ADL Enviro400H MMC
YX18KRU,london-central,EH240,36,ADL Enviro400H MMC
YX18KRV,london-central,EH241,343,ADL Enviro400H MMC
YX18KRZ,london-central,EH242,36,ADL Enviro400H MMC
YX18KSE,london-central,EH243,343,ADL Enviro400H MMC
YX18KSF,london-central,EH244,36,ADL Enviro400H MMC
YX18KSJ,london-central,EH245,436,ADL Enviro400H MMC
YX18KSK,london-central,EH246,36,ADL Enviro400H MMC
YX18KSN,london-central,EH247,21,ADL Enviro400H MMC
YX18KSO,london-central,EH248,21,ADL Enviro400H MMC
YX18KSU,london-central,EH249,36,ADL Enviro400H MMC
YX18KSV,london-central,EH250,343,ADL Enviro400H MMC
YX18KSY,london-central,EH251,343,ADL Enviro400H MMC
YX18KSZ,london-central,EH252,21,ADL Enviro400H MMC
YX18KTA,london-central,EH253,436,ADL Enviro400H MMC
YX18KTC,london-central,EH254,36,ADL Enviro400H MMC
YX18KTD,london-central,EH255,36,ADL Enviro400H MMC
YX18KTE,london-central,EH256,343,ADL Enviro400H MMC
YX18KTF,london-central,EH257,343,ADL Enviro400H MMC
YX18KTG,london-central,EH258,436,ADL Enviro400H MMC
YX18KTJ,london-central,EH259,36,ADL Enviro400H MMC
YX18KTK,london-central,EH260,171,ADL Enviro400H MMC
YX18KTL,london-central,EH261,172,ADL Enviro400H MMC
YX18KTN,london-central,EH262,171,ADL Enviro400H MMC
YX18KTO,london-central,EH263,36,ADL Enviro400H MMC
SN18KLU,london-central,EH264,21,ADL Enviro400H MMC
SN18KLV,london-central,EH265,343,ADL Enviro400H MMC
SN18KLX,london-central,EH266,171,ADL Enviro400H MMC
SN18KLZ,london-central,EH267,343,ADL Enviro400H MMC
SN18KMA,london-central,EH268,21,ADL Enviro400H MMC
SN18KMK,london-central,EH273,343,ADL Enviro400H MMC
SN18KMM,london-central,EH274,343,ADL Enviro400H MMC
SN18KMO,london-central,EH275,36,ADL Enviro400H MMC
SN18KMU,london-central,EH276,36,ADL Enviro400H MMC
SN18KMV,london-central,EH277,343,ADL Enviro400H MMC
SN18KMX,london-central,EH278,343,ADL Enviro400H MMC
SN18KMY,london-central,EH279,343,ADL Enviro400H MMC
SN18KMZ,london-central,EH280,436,ADL Enviro400H MMC
SN18KNA,london-central,EH281,436,ADL Enviro400H MMC
SN18KNB,london-central,EH282,343,ADL Enviro400H MMC
SN18KNC,london-central,EH283,436,ADL Enviro400H MMC
SN18KND,london-central,EH284,343,ADL Enviro400H MMC
YW19VVA,london-central,EH328,197,ADL Enviro400H MMC
YW19VVB,london-central,EH329,197,ADL Enviro400H MMC
YW19VVC,london-central,EH330,197,ADL Enviro400H MMC
YW19VVD,london-central,EH331,197,ADL Enviro400H MMC
YW19VVE,london-central,EH332,37,ADL Enviro400H MMC
YW19VVF,london-central,EH333,197,ADL Enviro400H MMC
YW19VVG,london-central,EH334,37,ADL Enviro400H MMC
YW19VVH,london-central,EH335,197,ADL Enviro400H MMC
YW19VVJ,london-central,EH336,197,ADL Enviro400H MMC
YW19VVK,london-central,EH337,197,ADL Enviro400H MMC
YW19VVL,london-central,EH338,197,ADL Enviro400H MMC
YW19VVM,london-central,EH339,197,ADL Enviro400H MMC
YW19VVN,london-central,EH340,37,ADL Enviro400H MMC
YW19VVO,london-central,EH341,197,ADL Enviro400H MMC
YW19VVP,london-central,EH342,78,ADL Enviro400H MMC
YW19VVR,london-central,EH343,197,ADL Enviro400H MMC
SN11BNB,london-central,EN29,51,ADL Enviro400
SN11BNF,london-central,EN30,51,ADL Enviro400
SN11BNK,london-central,EN31,51,ADL Enviro400
SN11BNO,london-central,EN32,51,ADL Enviro400
SN11BNZ,london-central,EN34,51,ADL Enviro400
SN11BOF,london-central,EN35,51,ADL Enviro400
SN11BOH,london-central,EN36,51,ADL Enviro400
SN11BOV,london-central,EN38,51,ADL Enviro400
SN11BPE,london-central,EN39,51,ADL Enviro400
SN11BOU,london-central,EN40,51,ADL Enviro400
SN12AOT,london-central,EN42,51,ADL Enviro400
SN12AOU,london-central,EN43,244,ADL Enviro400
SN12AOV,london-central,EN44,291,ADL Enviro400
SN12APV,london-central,EN46,244,ADL Enviro400
SN12APX,london-central,EN47,291,ADL Enviro400
SN12AUO,london-central,EN48,51,ADL Enviro400
LG71DZH,london-central,EP1,132,BYD D8UR-DD ADL Enviro400EV
LG71DZJ,london-central,EP2,132,BYD D8UR-DD ADL Enviro400EV
LG71DZK,london-central,EP3,132,BYD D8UR-DD ADL Enviro400EV
LG71DZL,london-central,EP4,132,BYD D8UR-DD ADL Enviro400EV
LG71DZM,london-central,EP5,132,BYD D8UR-DD ADL Enviro400EV
LG71DZN,london-central,EP6,132,BYD D8UR-DD ADL Enviro400EV
LG71DZO,london-central,EP7,132,BYD D8UR-DD ADL Enviro400EV
LG71DZP,london-central,EP8,132,BYD D8UR-DD ADL Enviro400EV
LG71DZR,london-central,EP9,132,BYD D8UR-DD ADL Enviro400EV
LG71DZS,london-central,EP10,132,BYD D8UR-DD ADL Enviro400EV
LG71DZT,london-central,EP11,132,BYD D8UR-DD ADL Enviro400EV
LG71DZU,london-central,EP12,132,BYD D8UR-DD ADL Enviro400EV
LG71DZV,london-central,EP13,132,BYD D8UR-DD ADL Enviro400EV
LG71DZW,london-central,EP14,132,BYD D8UR-DD ADL Enviro400EV
LG71DZX,london-central,EP15,132,BYD D8UR-DD ADL Enviro400EV
LG71DZY,london-central,EP16,132,BYD D8UR-DD ADL Enviro400EV
LG71DZZ,london-central,EP17,132,BYD D8UR-DD ADL Enviro400EV
LG71EAA,london-central,EP18,132,BYD D8UR-DD ADL Enviro400EV
LB23PFU,london-central,Ee187,40,BYD D8UR-DD ADL Enviro400EV
LB23PFV,london-central,Ee188,35,BYD D8UR-DD ADL Enviro400EV
LB23PFX,london-central,Ee189,185,BYD D8UR-DD ADL Enviro400EV
LB23PFY,london-central,Ee190,185,BYD D8UR-DD ADL Enviro400EV
LB23PFZ,london-central,Ee191,40,BYD D8UR-DD ADL Enviro400EV
LB23PGE,london-central,Ee192,185,BYD D8UR-DD ADL Enviro400EV
LB23PGF,london-central,Ee193,185,BYD D8UR-DD ADL Enviro400EV
LB23PGK,london-central,Ee194,185,BYD D8UR-DD ADL Enviro400EV
LB23PGO,london-central,Ee195,40,BYD D8UR-DD ADL Enviro400EV
LB23PGU,london-central,Ee196,185,BYD D8UR-DD ADL Enviro400EV
LB23PGV,london-central,Ee197,40,BYD D8UR-DD ADL Enviro400EV
LB23PGX,london-central,Ee198,185,BYD D8UR-DD ADL Enviro400EV
LB23PGY,london-central,Ee199,35,BYD D8UR-DD ADL Enviro400EV
LB23PGZ,london-central,Ee200,185,BYD D8UR-DD ADL Enviro400EV
LG73FTJ,london-central,Ee201,40,BYD D8UR-DD ADL Enviro400EV
LG73FTK,london-central,Ee202,40,BYD D8UR-DD ADL Enviro400EV
LG73FTN,london-central,Ee203,40,BYD D8UR-DD ADL Enviro400EV
LG73FTO,london-central,Ee204,40,BYD D8UR-DD ADL Enviro400EV
LG73FPV,london-central,Ee218,185,BYD D8UR-DD ADL Enviro400EV
LG73FPX,london-central,Ee219,40,BYD D8UR-DD ADL Enviro400EV
LG73FPY,london-central,Ee220,185,BYD D8UR-DD ADL Enviro400EV
LG73FPZ,london-central,Ee221,185,BYD D8UR-DD ADL Enviro400EV
LG73FRC,london-central,Ee222,40,BYD D8UR-DD ADL Enviro400EV
LG73FRD,london-central,Ee223,40,BYD D8UR-DD ADL Enviro400EV
LG73FRF,london-central,Ee224,40,BYD D8UR-DD ADL Enviro400EV
LG73FRJ,london-central,Ee225,185,BYD D8UR-DD ADL Enviro400EV
LG73FRK,london-central,Ee226,185,BYD D8UR-DD ADL Enviro400EV
LG73FRL,london-central,Ee227,185,BYD D8UR-DD ADL Enviro400EV
LG73FRN,london-central,Ee228,40,BYD D8UR-DD ADL Enviro400EV
LG73FRO,london-central,Ee229,185,BYD D8UR-DD ADL Enviro400EV
LG73FRP,london-central,Ee230,185,BYD D8UR-DD ADL Enviro400EV
LG73FRR,london-central,Ee231,185,BYD D8UR-DD ADL Enviro400EV
LG73FRU,london-central,Ee232,185,BYD D8UR-DD ADL Enviro400EV
LG73FRV,london-central,Ee233,185,BYD D8UR-DD ADL Enviro400EV
LG73FRX,london-central,Ee234,35,BYD D8UR-DD ADL Enviro400EV
LG73FRZ,london-central,Ee235,185,BYD D8UR-DD ADL Enviro400EV
LG73FSA,london-central,Ee236,185,BYD D8UR-DD ADL Enviro400EV
LG73FSC,london-central,Ee237,40,BYD D8UR-DD ADL Enviro400EV
LG73FSD,london-central,Ee238,1,BYD D8UR-DD ADL Enviro400EV
LG73FSE,london-central,Ee239,40,BYD D8UR-DD ADL Enviro400EV
LG73FSF,london-central,Ee240,185,BYD D8UR-DD ADL Enviro400EV
LG73FSJ,london-central,Ee241,185,BYD D8UR-DD ADL Enviro400EV
LG73FSK,london-central,Ee242,40,BYD D8UR-DD ADL Enviro400EV
MHV19,london-central,,1,Volvo B5LH MCV EvoSeti
MHV21,london-central,,37,Volvo B5LH MCV EvoSeti
MHV22,london-central,,37,Volvo B5LH MCV EvoSeti
MHV23,london-central,,37,Volvo B5LH MCV EvoSeti
MHV24,london-central,,37,Volvo B5LH MCV EvoSeti
MHV25,london-central,,37,Volvo B5LH MCV EvoSeti
MHV26,london-central,,37,Volvo B5LH MCV EvoSeti
MHV27,london-central,,37,Volvo B5LH MCV EvoSeti
MHV28,london-central,,37,Volvo B5LH MCV EvoSeti
MHV29,london-central,,37,Volvo B5LH MCV EvoSeti
MHV50,london-central,,37,Volvo B5LH MCV EvoSeti
MHV51,london-central,,37,Volvo B5LH MCV EvoSeti
MHV52,london-central,,37,Volvo B5LH MCV EvoSeti
MHV83,london-central,,1,Volvo B5LH MCV EvoSeti
MHV84,london-central,,1,Volvo B5LH MCV EvoSeti
MHV85,london-central,,35,Volvo B5LH MCV EvoSeti
YX60DXT,london-central,SE55,386,ADL Enviro200
YX60FSN,london-central,SE56,386,ADL Enviro200
YX60DXU,london-central,SE57,386,ADL Enviro200
YX60FSO,london-central,SE58,386,ADL Enviro200
YX60FSP,london-central,SE59,126,ADL Enviro200
YX60FSS,london-central,SE60,286,ADL Enviro200
YX60DXW,london-central,SE61,386,ADL Enviro200
YX60EPO,london-central,SE62,469,ADL Enviro200
YX60FSU,london-central,SE63,469,ADL Enviro200
YX60EPU,london-central,SE65,286,ADL Enviro200
YX60EOP,london-central,SE66,469,ADL Enviro200
YX60FCZ,london-central,SE67,286,ADL Enviro200
YX60FDA,london-central,SE68,B11,ADL Enviro200
YX60FCA,london-central,SE72,B11,ADL Enviro200
YX60FCC,london-central,SE73,B12,ADL Enviro200
YX60FCD,london-central,SE74,360,ADL Enviro200
YX11CPN,london-central,SE88,286,ADL Enviro200
YX11CPY,london-central,SE92,386,ADL Enviro200
YX61BWW,london-central,SE122,126,ADL Enviro200
YX61BWZ,london-central,SE124,B11,ADL Enviro200
YX61DTZ,london-central,SE152,469,ADL Enviro200
YX61DVA,london-central,SE153,P12,ADL Enviro200
YX61DVC,london-central,SE155,P12,ADL Enviro200
YX61DVF,london-central,SE156,P12,ADL Enviro200
YX61DVG,london-central,SE157,P12,ADL Enviro200
YX61DVH,london-central,SE158,P12,ADL Enviro200
YX61DVJ,london-central,SE159,P12,ADL Enviro200
YX61DVK,london-central,SE160,P12,ADL Enviro200
YX61DVL,london-central,SE161,P12,ADL Enviro200
YX61DVM,london-central,SE162,P12,ADL Enviro200
YX61DVN,london-central,SE163,386,ADL Enviro200
YX61DVO,london-central,SE164,P12,ADL Enviro200
YX61EKM,london-central,SE173,B16,ADL Enviro200
YX61EKN,london-central,SE174,B11,ADL Enviro200
SN12AVO,london-central,SE176,B12,ADL Enviro200
SN12AUP,london-central,SE177,B12,ADL Enviro200
SN12AUR,london-central,SE178,B16,ADL Enviro200
SN12AVD,london-central,SE187,227,ADL Enviro200
SN12AVF,london-central,SE189,469,ADL Enviro200
SN12AVG,london-central,SE190,469,ADL Enviro200
SN12AVJ,london-central,SE191,B11,ADL Enviro200
SN12AVK,london-central,SE192,B11,ADL Enviro200
SN12AVL,london-central,SE193,B12,ADL Enviro200
YY14WDT,london-central,SE198,469,ADL Enviro200
YY14WDX,london-central,SE202,469,ADL Enviro200
YY14WDZ,london-central,SE203,B15,ADL Enviro200
YY14WEA,london-central,SE204,B15,ADL Enviro200
YY14WEC,london-central,SE205,B11,ADL Enviro200
YY14WEF,london-central,SE206,B15,ADL Enviro200
YY14WEH,london-central,SE207,B15,ADL Enviro200
YY14WEJ,london-central,SE208,B12,ADL Enviro200
YY14WEK,london-central,SE209,B15,ADL Enviro200
YY14WEO,london-central,SE210,B15,ADL Enviro200
YY14WEP,london-central,SE211,B16,ADL Enviro200
YY14WEU,london-central,SE212,B15,ADL Enviro200
YY64GXD,london-central,SE217,386,ADL Enviro200
YY64GXE,london-central,SE218,386,ADL Enviro200
YY64GXF,london-central,SE219,386,ADL Enviro200
YY64GXH,london-central,SE220,386,ADL Enviro200
YY15CNV,london-central,SE241,354,ADL Enviro200
YX65RJV,london-central,SE261,354,ADL Enviro200
YX65RJY,london-central,SE262,354,ADL Enviro200
YX65RJZ,london-central,SE263,162,ADL Enviro200
YX65RKA,london-central,SE264,354,ADL Enviro200
YX65RKE,london-central,SE265,354,ADL Enviro200
YX65RKF,london-central,SE266,354,ADL Enviro200
YX65RKJ,london-central,SE267,354,ADL Enviro200
SN16OLP,london-central,SE288,352,ADL Enviro200
SN16OLR,london-central,SE289,352,ADL Enviro200
SN16OLT,london-central,SE290,162,ADL Enviro200
SEL1,london-central,,B16,Wright GB Kite Electroliner
SEL2,london-central,,B15,Wright GB Kite Electroliner
SEL3,london-central,,B11,Wright GB Kite Electroliner
SEL4,london-central,,B15,Wright GB Kite Electroliner
SEL5,london-central,,B16,Wright GB Kite Electroliner
SEL6,london-central,,B16,Wright GB Kite Electroliner
SEL7,london-central,,B16,Wright GB Kite Electroliner
SEL8,london-central,,B16,Wright GB Kite Electroliner
SEL9,london-central,,B15,Wright GB Kite Electroliner
SEL10,london-central,,B16,Wright GB Kite Electroliner
SEL11,london-central,,B16,Wright GB Kite Electroliner
SEL13,london-central,,355,Wright GB Kite Electroliner
SEL14,london-central,,355,Wright GB Kite Electroliner
SEL15,london-central,,355,Wright GB Kite Electroliner
SEL16,london-central,,360,Wright GB Kite Electroliner
SEL17,london-central,,355,Wright GB Kite Electroliner
SEL18,london-central,,355,Wright GB Kite Electroliner
SEL19,london-central,,355,Wright GB Kite Electroliner
SEL20,london-central,,360,Wright GB Kite Electroliner
SEL21,london-central,,355,Wright GB Kite Electroliner
SEL22,london-central,,360,Wright GB Kite Electroliner
SEL23,london-central,,1,Wright GB Kite Electroliner
SEL24,london-central,,360,Wright GB Kite Electroliner
SEL25,london-central,,355,Wright GB Kite Electroliner
SEL26,london-central,,355,Wright GB Kite Electroliner
SEL27,london-central,,355,Wright GB Kite Electroliner
SEL28,london-central,,355,Wright GB Kite Electroliner
SEL29,london-central,,360,Wright GB Kite Electroliner
SEL32,london-central,,360,Wright GB Kite Electroliner
SEL38,london-central,,355,Wright GB Kite Electroliner
SEN15,london-central,,286,ADL Enviro200
SEN17,london-central,,386,ADL Enviro200
SEN18,london-central,,386,ADL Enviro200
SEN20,london-central,,386,ADL Enviro200
SEN44,london-central,,B11,ADL Enviro200 MMC
SEN45,london-central,,B11,ADL Enviro200 MMC
SEN46,london-central,,B12,ADL Enviro200 MMC
SEN47,london-central,,B12,ADL Enviro200 MMC
SEN48,london-central,,469,ADL Enviro200 MMC
SEN49,london-central,,469,ADL Enviro200 MMC
SEN50,london-central,,469,ADL Enviro200 MMC
SEN51,london-central,,469,ADL Enviro200 MMC
SEN52,london-central,,469,ADL Enviro200 MMC
SEN53,london-central,,469,ADL Enviro200 MMC
SEN54,london-central,,469,ADL Enviro200 MMC
SEN55,london-central,,469,ADL Enviro200 MMC
SEN56,london-central,,469,ADL Enviro200 MMC
SEN57,london-central,,469,ADL Enviro200 MMC
SEO33,london-central,,322,ADL Enviro100EV
SEO34,london-central,,322,ADL Enviro100EV
SEO35,london-central,,322,ADL Enviro100EV
SEO36,london-central,,322,ADL Enviro100EV
SEO37,london-central,,322,ADL Enviro100EV
SEO38,london-central,,322,ADL Enviro100EV
SEO39,london-central,,322,ADL Enviro100EV
SEO40,london-central,,322,ADL Enviro100EV
SEO41,london-central,,322,ADL Enviro100EV
SEO42,london-central,,162,ADL Enviro100EV
SEO43,london-central,,162,ADL Enviro100EV
SEO44,london-central,,322,ADL Enviro100EV
SEO45,london-central,,322,ADL Enviro100EV
SEO46,london-central,,322,ADL Enviro100EV
SEO47,london-central,,322,ADL Enviro100EV
SEE1,london-central,,360,BYD D9UR ADL Enviro200EV
SEE2,london-central,,360,BYD D9UR ADL Enviro200EV
SEE4,london-central,,108,BYD D9UR ADL Enviro200EV
SEE7,london-central,,108,BYD D9UR ADL Enviro200EV
SEE9,london-central,,108,BYD D9UR ADL Enviro200EV
SEE10,london-central,,108,BYD D9UR ADL Enviro200EV
SEE11,london-central,,108,BYD D9UR ADL Enviro200EV
SEE12,london-central,,108,BYD D9UR ADL Enviro200EV
SEE13,london-central,,108,BYD D9UR ADL Enviro200EV
SEE14,london-central,,108,BYD D9UR ADL Enviro200EV
SEE15,london-central,,108,BYD D9UR ADL Enviro200EV
SEE16,london-central,,108,BYD D9UR ADL Enviro200EV
SEE17,london-central,,108,BYD D9UR ADL Enviro200EV
SEE18,london-central,,108,BYD D9UR ADL Enviro200EV
SEE19,london-central,,108,BYD D9UR ADL Enviro200EV
SEE20,london-central,,108,BYD D9UR ADL Enviro200EV
SEE21,london-central,,108,BYD D9UR ADL Enviro200EV
SEE22,london-central,,108,BYD D9UR ADL Enviro200EV
SEE23,london-central,,108,BYD D9UR ADL Enviro200EV
SEE24,london-central,,108,BYD D9UR ADL Enviro200EV
SEE25,london-central,,108,BYD D9UR ADL Enviro200EV
SEE26,london-central,,108,BYD D9UR ADL Enviro200EV
SEE27,london-central,,108,BYD D9UR ADL Enviro200EV
SEE28,london-central,,108,BYD D9UR ADL Enviro200EV
SEE29,london-central,,108,BYD D9UR ADL Enviro200EV
SEE31,london-central,,108,BYD D9UR ADL Enviro200EV
SEE36,london-central,,108,BYD D9UR ADL Enviro200EV
SEE41,london-central,,108,BYD D9UR ADL Enviro200EV
SEE42,london-central,,108,BYD D9UR ADL Enviro200EV
SEE43,london-central,,360,BYD D9UR ADL Enviro200EV
SEE45,london-central,,360,BYD D9UR ADL Enviro200EV
SEE48,london-central,,360,BYD D9UR ADL Enviro200EV
SEE49,london-central,,360,BYD D9UR ADL Enviro200EV
SEE50,london-central,,360,BYD D9UR ADL Enviro200EV
SEE99,london-central,,100,BYD D8UR ADL Enviro200EV
SEE100,london-central,,100,BYD D8UR ADL Enviro200EV
SEE102,london-central,,484,BYD D8UR ADL Enviro200EV
SEE103,london-central,,100,BYD D8UR ADL Enviro200EV
SEE104,london-central,,360,BYD D8UR ADL Enviro200EV
SEE106,london-central,,100,BYD D8UR ADL Enviro200EV
SEE107,london-central,,100,BYD D8UR ADL Enviro200EV
SEE108,london-central,,214,BYD D8UR ADL Enviro200EV
SEE109,london-central,,360,BYD D8UR ADL Enviro200EV
SEE144,london-central,,484,BYD D8UR ADL Enviro200EV
SEE145,london-central,,12,BYD D8UR ADL Enviro200EV
SEE146,london-central,,484,BYD D8UR ADL Enviro200EV
SEE147,london-central,,484,BYD D8UR ADL Enviro200EV
SEE148,london-central,,484,BYD D8UR ADL Enviro200EV
SEE149,london-central,,484,BYD D8UR ADL Enviro200EV
SEE150,london-central,,100,BYD D8UR ADL Enviro200EV
SEE151,london-central,,484,BYD D8UR ADL Enviro200EV
SEE152,london-central,,484,BYD D8UR ADL Enviro200EV
SEE153,london-central,,484,BYD D8UR ADL Enviro200EV
SEE154,london-central,,484,BYD D8UR ADL Enviro200EV
SEE155,london-central,,484,BYD D8UR ADL Enviro200EV
SEE168,london-central,,B13,BYD D8UR ADL Enviro200EV
SEE169,london-central,,B13,BYD D8UR ADL Enviro200EV
SEE170,london-central,,B13,BYD D8UR ADL Enviro200EV
SEE171,london-central,,B13,BYD D8UR ADL Enviro200EV
SEE172,london-central,,B13,BYD D8UR ADL Enviro200EV
SEE260,london-central,,P12,BYD D8UR ADL Enviro200EV
SEE263,london-central,,P12,BYD D8UR ADL Enviro200EV
SEE264,london-central,,100,BYD D8UR ADL Enviro200EV
SEE265,london-central,,100,BYD D8UR ADL Enviro200EV
SEE266,london-central,,100,BYD D8UR ADL Enviro200EV
SEE268,london-central,,P12,BYD D8UR ADL Enviro200EV
SEE269,london-central,,P12,BYD D8UR ADL Enviro200EV
SEE270,london-central,,360,BYD D8UR ADL Enviro200EV
SEE271,london-central,,360,BYD D8UR ADL Enviro200EV
WHV51,london-central,,35,Volvo B5LH Wright Eclipse Gemini 3
WHV52,london-central,,42,Volvo B5LH Wright Eclipse Gemini 3
WHV53,london-central,,176,Volvo B5LH Wright Eclipse Gemini 3
WHV56,london-central,,35,Volvo B5LH Wright Eclipse Gemini 3
WHV111,london-central,,176,Volvo B5LH Wright Eclipse Gemini 3
WHV143,london-central,,1,Volvo B5LH Wright Eclipse Gemini 3
WHV144,london-central,,176,Volvo B5LH Wright Eclipse Gemini 3
WHV145,london-central,,1,Volvo B5LH Wright Eclipse Gemini 3
WHV146,london-central,,1,Volvo B5LH Wright Eclipse Gemini 3
WHV147,london-central,,1,Volvo B5LH Wright Eclipse Gemini 3
WHV148,london-central,,1,Volvo B5LH Wright Eclipse Gemini 3
WHV149,london-central,,1,Volvo B5LH Wright Eclipse Gemini 3
WHV150,london-central,,1,Volvo B5LH Wright Eclipse Gemini 3
WHV151,london-central,,1,Volvo B5LH Wright Eclipse Gemini 3
WHV152,london-central,,1,Volvo B5LH Wright Eclipse Gemini 3
WHV153,london-central,,1,Volvo B5LH Wright Eclipse Gemini 3
WHV154,london-central,,1,Volvo B5LH Wright Eclipse Gemini 3
WHV155,london-central,,1,Volvo B5LH Wright Eclipse Gemini 3
WHV164,london-central,,1,Volvo B5LH Wright Eclipse Gemini 3
SM15HWG,london-central,WS51,352,Wright StreetLite WF
SM15HWH,london-central,WS52,352,Wright StreetLite WF
SM15HWJ,london-central,WS53,352,Wright StreetLite WF
SM15HWK,london-central,WS54,352,Wright StreetLite WF
SM15VKA,london-central,WS56,352,Wright StreetLite WF
SL16YPK,london-central,WS65,286,Wright StreetLite DF
SK66HSE,london-central,WS67,P4,Wright StreetLite DF
SK66HSF,london-central,WS68,P4,Wright StreetLite DF
SK66HSG,london-central,WS69,P4,Wright StreetLite DF
SK66HSJ,london-central,WS70,P4,Wright StreetLite DF
SK66HSL,london-central,WS71,P4,Wright StreetLite DF
SK66HSN,london-central,WS72,P4,Wright StreetLite DF
SK66HSO,london-central,WS73,P4,Wright StreetLite DF
SK66HSU,london-central,WS74,P4,Wright StreetLite DF
SK17HFU,london-central,WS75,P4,Wright StreetLite DF
SK17HFV,london-central,WS76,P4,Wright StreetLite DF
SK17HFW,london-central,WS77,P4,Wright StreetLite DF
SK17HFX,london-central,WS78,P4,Wright StreetLite DF
SK17HKG,london-central,WS87,P4,Wright StreetLite DF
SK17HKH,london-central,WS88,P4,Wright StreetLite DF
SK17HKJ,london-central,WS89,P4,Wright StreetLite DF
SK17HKL,london-central,WS90,P4,Wright StreetLite DF
SK67FKA,london-central,WS91,P4,Wright StreetLite DF
SK67FKB,london-central,WS92,355,Wright StreetLite DF
SK67FKE,london-central,WS93,1,Wright StreetLite DF
SK67FKF,london-central,WS94,355,Wright StreetLite DF
SK67FKG,london-central,WS95,355,Wright StreetLite DF
SK67FKH,london-central,WS96,355,Wright StreetLite DF
SK67FKJ,london-central,WS97,355,Wright StreetLite DF
SK67FKL,london-central,WS98,355,Wright StreetLite DF
SK67FKN,london-central,WS100,355,Wright StreetLite DF
SK67FMA,london-central,WS104,286,Wright StreetLite DF
SK67FMC,london-central,WS105,286,Wright StreetLite DF
SK67FMD,london-central,WS106,286,Wright StreetLite DF
SK67FME,london-central,WS107,286,Wright StreetLite DF
SK67FMF,london-central,WS108,286,Wright StreetLite DF
SK67FMJ,london-central,WS109,286,Wright StreetLite DF
SK67FML,london-central,WS110,286,Wright StreetLite DF
SK67FMM,london-central,WS111,286,Wright StreetLite DF
SK67FMO,london-central,WS112,286,Wright StreetLite DF
SK67FMP,london-central,WS113,286,Wright StreetLite DF
SK67FMU,london-central,WS114,286,Wright StreetLite DF
SK67FMV,london-central,WS115,286,Wright StreetLite DF
SK67FMX,london-central,WS116,286,Wright StreetLite DF
SN18XZV,london-central,WS117,286,Wright StreetLite DF HEV
SK19FBO,london-central,WS118,227,Wright StreetLite DF
SK19FBN,london-central,WS119,227,Wright StreetLite DF
SK19FBL,london-central,WS120,227,Wright StreetLite DF
SK19FBJ,london-central,WS121,227,Wright StreetLite DF
SK19FBG,london-central,WS122,227,Wright StreetLite DF
SK19FBF,london-central,WS123,227,Wright StreetLite DF
SK19FBE,london-central,WS124,227,Wright StreetLite DF
SK19FBD,london-central,WS125,227,Wright StreetLite DF
SK19FBC,london-central,WS126,227,Wright StreetLite DF
SK19FBB,london-central,WS127,227,Wright StreetLite DF
SK19FBA,london-central,WS128,227,Wright StreetLite DF
SK19FAU,london-central,WS129,352,Wright StreetLite DF
SK19FAO,london-central,WS130,227,Wright StreetLite DF
WVL274,london-central,,486,Volvo B9TL Wright Eclipse Gemini 2
WVL413,london-central,,51,Volvo B9TL Wright Eclipse Gemini 2
WVL414,london-central,,291,Volvo B9TL Wright Eclipse Gemini 2
WVL415,london-central,,51,Volvo B9TL Wright Eclipse Gemini 2
WVL416,london-central,,51,Volvo B9TL Wright Eclipse Gemini 2
WVL417,london-central,,291,Volvo B9TL Wright Eclipse Gemini 2
WVL418,london-central,,286,Volvo B9TL Wright Eclipse Gemini 2
WVL419,london-central,,51,Volvo B9TL Wright Eclipse Gemini 2
WVL420,london-central,,625,Volvo B9TL Wright Eclipse Gemini 2
WVL421,london-central,,51,Volvo B9TL Wright Eclipse Gemini 2
WVL423,london-central,,601,Volvo B9TL Wright Eclipse Gemini 2
WVL424,london-central,,291,Volvo B9TL Wright Eclipse Gemini 2
WVL426,london-central,,601,Volvo B9TL Wright Eclipse Gemini 2
WVL427,london-central,,624,Volvo B9TL Wright Eclipse Gemini 2
WVL428,london-central,,601,Volvo B9TL Wright Eclipse Gemini 2
WVL432,london-central,,51,Volvo B9TL Wright Eclipse Gemini 2
WVL433,london-central,,658,Volvo B9TL Wright Eclipse Gemini 2
WVL436,london-central,,51,Volvo B9TL Wright Eclipse Gemini 2
WVL437,london-central,,51,Volvo B9TL Wright Eclipse Gemini 2
WVL438,london-central,,51,Volvo B9TL Wright Eclipse Gemini 2
WVL439,london-central,,625,Volvo B9TL Wright Eclipse Gemini 2
WVL455,london-central,,178,Volvo B9TL Wright Eclipse Gemini 2
WVL456,london-central,,51,Volvo B9TL Wright Eclipse Gemini 2
WVL457,london-central,,486,Volvo B9TL Wright Eclipse Gemini 2
WVL458,london-central,,89,Volvo B9TL Wright Eclipse Gemini 2
WVL459,london-central,,89,Volvo B9TL Wright Eclipse Gemini 2
WVL460,london-central,,486,Volvo B9TL Wright Eclipse Gemini 2
WVL461,london-central,,89,Volvo B9TL Wright Eclipse Gemini 2
WVL462,london-central,,486,Volvo B9TL Wright Eclipse Gemini 2
WVL463,london-central,,89,Volvo B9TL Wright Eclipse Gemini 2
WVL464,london-central,,89,Volvo B9TL Wright Eclipse Gemini 2
WVL465,london-central,,486,Volvo B9TL Wright Eclipse Gemini 2
WVL466,london-central,,89,Volvo B9TL Wright Eclipse Gemini 2
WVL467,london-central,,486,Volvo B9TL Wright Eclipse Gemini 2
WVL481,london-central,,,Volvo B9TL Wright Eclipse Gemini 2
WVN2,london-central,,601,Volvo B9TL Wright Eclipse Gemini 2
WVN27,london-central,,,Volvo B9TL Wright Eclipse Gemini 2
WVN29,london-central,,,Volvo B9TL Wright Eclipse Gemini 2
WVN37,london-central,,,Volvo B9TL Wright Eclipse Gemini 2
WVN38,london-central,,,Volvo B9TL Wright Eclipse Gemini 2
WVN46,london-central,,486,Volvo B9TL Wright Eclipse Gemini 2
WVN47,london-central,,486,Volvo B9TL Wright Eclipse Gemini 2
WVN48,london-central,,89,Volvo B9TL Wright Eclipse Gemini 2
WVN49,london-central,,486,Volvo B9TL Wright Eclipse Gemini 2
LX75ZGG,london-central,,172,
YX13AJU,london-general,186,424,ADL Enviro200
YX13AJV,london-general,187,424,ADL Enviro200
YX13AJY,london-general,188,424,ADL Enviro200
YY13VKO,london-general,189,424,ADL Enviro200
YY13VKR,london-general,191,424,ADL Enviro200
DEL1,london-general,,151,Wright StreetDeck Electroliner
DEL2,london-general,,151,Wright StreetDeck Electroliner
DEL3,london-general,,151,Wright StreetDeck Electroliner
DEL4,london-general,,151,Wright StreetDeck Electroliner
DEL5,london-general,,151,Wright StreetDeck Electroliner
DEL6,london-general,,151,Wright StreetDeck Electroliner
DEL7,london-general,,151,Wright StreetDeck Electroliner
DEL8,london-general,,151,Wright StreetDeck Electroliner
DEL9,london-general,,151,Wright StreetDeck Electroliner
DEL10,london-general,,151,Wright StreetDeck Electroliner
DEL11,london-general,,151,Wright StreetDeck Electroliner
DEL12,london-general,,151,Wright StreetDeck Electroliner
DEL13,london-general,,151,Wright StreetDeck Electroliner
DEL14,london-general,,151,Wright StreetDeck Electroliner
DEL15,london-general,,151,Wright StreetDeck Electroliner
DEL16,london-general,,151,Wright StreetDeck Electroliner
DEL17,london-general,,230,Wright StreetDeck Electroliner
DEL18,london-general,,230,Wright StreetDeck Electroliner
DEL19,london-general,,230,Wright StreetDeck Electroliner
DEL20,london-general,,230,Wright StreetDeck Electroliner
DEL21,london-general,,131,Wright StreetDeck Electroliner
DEL22,london-general,,230,Wright StreetDeck Electroliner
DEL23,london-general,,230,Wright StreetDeck Electroliner
DEL24,london-general,,131,Wright StreetDeck Electroliner
DEL25,london-general,,131,Wright StreetDeck Electroliner
DEL26,london-general,,131,Wright StreetDeck Electroliner
DEL27,london-general,,131,Wright StreetDeck Electroliner
DEL28,london-general,,230,Wright StreetDeck Electroliner
DEL29,london-general,,230,Wright StreetDeck Electroliner
DEL31,london-general,,131,Wright StreetDeck Electroliner
DEL34,london-general,,131,Wright StreetDeck Electroliner
DEL39,london-general,,22,Wright StreetDeck Electroliner
DEL40,london-general,,22,Wright StreetDeck Electroliner
DEL52,london-general,,131,Wright StreetDeck Electroliner
DEL53,london-general,,22,Wright StreetDeck Electroliner
DEL55,london-general,,131,Wright StreetDeck Electroliner
DEL57,london-general,,131,Wright StreetDeck Electroliner
DEL58,london-general,,131,Wright StreetDeck Electroliner
DEL59,london-general,,200,Wright StreetDeck Electroliner
DEL60,london-general,,131,Wright StreetDeck Electroliner
DEL64,london-general,,131,Wright StreetDeck Electroliner
DEL65,london-general,,22,Wright StreetDeck Electroliner
DEL66,london-general,,131,Wright StreetDeck Electroliner
DEL67,london-general,,131,Wright StreetDeck Electroliner
DEL69,london-general,,131,Wright StreetDeck Electroliner
DEL70,london-general,,131,Wright StreetDeck Electroliner
DEL72,london-general,,131,Wright StreetDeck Electroliner
DEL74,london-general,,131,Wright StreetDeck Electroliner
DEL75,london-general,,131,Wright StreetDeck Electroliner
DEL76,london-general,,131,Wright StreetDeck Electroliner
DEL78,london-general,,22,Wright StreetDeck Electroliner
DEL79,london-general,,22,Wright StreetDeck Electroliner
DEL81,london-general,,22,Wright StreetDeck Electroliner
DEL82,london-general,,22,Wright StreetDeck Electroliner
DEL83,london-general,,22,Wright StreetDeck Electroliner
DEL84,london-general,,22,Wright StreetDeck Electroliner
DEL85,london-general,,131,Wright StreetDeck Electroliner
DEL87,london-general,,131,Wright StreetDeck Electroliner
DEL88,london-general,,22,Wright StreetDeck Electroliner
DEL89,london-general,,22,Wright StreetDeck Electroliner
DEL90,london-general,,172,Wright StreetDeck Electroliner
DEL91,london-general,,22,Wright StreetDeck Electroliner
DEL92,london-general,,22,Wright StreetDeck Electroliner
DEL93,london-general,,22,Wright StreetDeck Electroliner
DEL94,london-general,,22,Wright StreetDeck Electroliner
DEL95,london-general,,22,Wright StreetDeck Electroliner
DEL97,london-general,,22,Wright StreetDeck Electroliner
DEL99,london-general,,22,Wright StreetDeck Electroliner
DEL101,london-general,,230,Wright StreetDeck Electroliner
DEL102,london-general,,230,Wright StreetDeck Electroliner
DEL103,london-general,,230,Wright StreetDeck Electroliner
DEL104,london-general,,184,Wright StreetDeck Electroliner
DEL116,london-general,,22,Wright StreetDeck Electroliner
SN61BLJ,london-general,EH6,88,ADL Enviro400H
SN61DBU,london-general,EH13,88,ADL Enviro400H
SN61DBV,london-general,EH14,88,ADL Enviro400H
SN61DBX,london-general,EH15,88,ADL Enviro400H
YX13BKD,london-general,EH31,88,ADL Enviro400H
YX13BKF,london-general,EH33,88,ADL Enviro400H
YX13BKG,london-general,EH34,88,ADL Enviro400H
YX13BKJ,london-general,EH35,88,ADL Enviro400H
YX13BKK,london-general,EH36,88,ADL Enviro400H
YX13BKL,london-general,EH37,88,ADL Enviro400H
YX13BKN,london-general,EH38,88,ADL Enviro400H
YY66OYC,london-general,EH75,77,ADL Enviro400H MMC
YY66OYE,london-general,EH76,88,ADL Enviro400H MMC
YY66OYF,london-general,EH77,88,ADL Enviro400H MMC
YY66OYG,london-general,EH78,88,ADL Enviro400H MMC
YY66OYH,london-general,EH79,88,ADL Enviro400H MMC
YY66OYJ,london-general,EH80,77,ADL Enviro400H MMC
YY66OYU,london-general,EH90,14,ADL Enviro400H MMC
YY66OYV,london-general,EH91,14,ADL Enviro400H MMC
YY66OYW,london-general,EH92,74,ADL Enviro400H MMC
YY66OYX,london-general,EH93,14,ADL Enviro400H MMC
YY66OYZ,london-general,EH94,14,ADL Enviro400H MMC
YY66OZA,london-general,EH95,14,ADL Enviro400H MMC
YY66OZB,london-general,EH96,14,ADL Enviro400H MMC
YY66OZC,london-general,EH97,74,ADL Enviro400H MMC
YY66OZD,london-general,EH98,430,ADL Enviro400H MMC
YY66OZE,london-general,EH99,74,ADL Enviro400H MMC
YY66OZF,london-general,EH100,14,ADL Enviro400H MMC
YY66OZG,london-general,EH101,N97,ADL Enviro400H MMC
YY66OZH,london-general,EH102,74,ADL Enviro400H MMC
YY66OZJ,london-general,EH103,14,ADL Enviro400H MMC
YY66OZK,london-general,EH104,14,ADL Enviro400H MMC
YY66OZL,london-general,EH105,74,ADL Enviro400H MMC
YY66OZM,london-general,EH106,430,ADL Enviro400H MMC
YY66OZO,london-general,EH107,22,ADL Enviro400H MMC
YY66OZP,london-general,EH108,14,ADL Enviro400H MMC
YY66OZR,london-general,EH109,74,ADL Enviro400H MMC
YY66OZS,london-general,EH110,14,ADL Enviro400H MMC
YY66OZT,london-general,EH111,74,ADL Enviro400H MMC
YY66OZU,london-general,EH112,74,ADL Enviro400H MMC
YY67UST,london-general,EH196,123,ADL Enviro400H MMC
YY67USU,london-general,EH197,144,ADL Enviro400H MMC
YY67USV,london-general,EH198,144,ADL Enviro400H MMC
YY67USW,london-general,EH199,123,ADL Enviro400H MMC
YY67USX,london-general,EH200,123,ADL Enviro400H MMC
YY67USZ,london-general,EH201,123,ADL Enviro400H MMC
YY67UTA,london-general,EH202,123,ADL Enviro400H MMC
YY67UTB,london-general,EH203,123,ADL Enviro400H MMC
YY67UTN,london-general,EH213,44,ADL Enviro400H MMC
YY67UTO,london-general,EH214,88,ADL Enviro400H MMC
YX18KPA,london-general,EH215,44,ADL Enviro400H MMC
YX18KPE,london-general,EH216,44,ADL Enviro400H MMC
YX18KPF,london-general,EH217,44,ADL Enviro400H MMC
YX18KPG,london-general,EH218,44,ADL Enviro400H MMC
YX18KPJ,london-general,EH219,44,ADL Enviro400H MMC
YX18KPK,london-general,EH220,44,ADL Enviro400H MMC
YX18KPL,london-general,EH221,77,ADL Enviro400H MMC
YX18KPN,london-general,EH222,44,ADL Enviro400H MMC
YX18KPO,london-general,EH223,44,ADL Enviro400H MMC
YX18KPP,london-general,EH224,44,ADL Enviro400H MMC
YX18KWW,london-general,EH285,77,ADL Enviro400H MMC
YX18KWY,london-general,EH286,77,ADL Enviro400H MMC
YX18KWZ,london-general,EH287,77,ADL Enviro400H MMC
YX18KXA,london-general,EH288,77,ADL Enviro400H MMC
YX18KXB,london-general,EH289,77,ADL Enviro400H MMC
YX18KXC,london-general,EH290,88,ADL Enviro400H MMC
YX18KXD,london-general,EH291,155,ADL Enviro400H MMC
YX18KXE,london-general,EH292,77,ADL Enviro400H MMC
YX18KXF,london-general,EH293,77,ADL Enviro400H MMC
YX18KXG,london-general,EH294,77,ADL Enviro400H MMC
YX18KXH,london-general,EH295,77,ADL Enviro400H MMC
YX18KXJ,london-general,EH296,77,ADL Enviro400H MMC
YX18KXK,london-general,EH297,77,ADL Enviro400H MMC
YX18KXL,london-general,EH298,77,ADL Enviro400H MMC
YX18KXM,london-general,EH299,77,ADL Enviro400H MMC
YX18KXN,london-general,EH300,88,ADL Enviro400H MMC
YX18KXO,london-general,EH301,155,ADL Enviro400H MMC
YX18KXP,london-general,EH302,88,ADL Enviro400H MMC
YX18KXR,london-general,EH303,155,ADL Enviro400H MMC
YX18KXS,london-general,EH304,88,ADL Enviro400H MMC
YX18KXT,london-general,EH305,77,ADL Enviro400H MMC
YX18KXU,london-general,EH306,88,ADL Enviro400H MMC
YX18KXV,london-general,EH307,77,ADL Enviro400H MMC
YX18KXW,london-general,EH308,88,ADL Enviro400H MMC
YX18KXY,london-general,EH309,77,ADL Enviro400H MMC
YX18KXZ,london-general,EH310,77,ADL Enviro400H MMC
EHV1,london-general,,476,Volvo B5LH ADL Enviro400 MMC
EHV2,london-general,,91,Volvo B5LH ADL Enviro400 MMC
EHV3,london-general,,91,Volvo B5LH ADL Enviro400 MMC
EHV4,london-general,,91,Volvo B5LH ADL Enviro400 MMC
EHV5,london-general,,91,Volvo B5LH ADL Enviro400 MMC
EHV6,london-general,,91,Volvo B5LH ADL Enviro400 MMC
EHV7,london-general,,123,Volvo B5LH ADL Enviro400 MMC
EHV8,london-general,,N91,Volvo B5LH ADL Enviro400 MMC
EHV9,london-general,,476,Volvo B5LH ADL Enviro400 MMC
EHV10,london-general,,476,Volvo B5LH ADL Enviro400 MMC
EHV11,london-general,,91,Volvo B5LH ADL Enviro400 MMC
EHV12,london-general,,91,Volvo B5LH ADL Enviro400 MMC
EHV13,london-general,,91,Volvo B5LH ADL Enviro400 MMC
EHV14,london-general,,144,Volvo B5LH ADL Enviro400 MMC
EHV15,london-general,,677,Volvo B5LH ADL Enviro400 MMC
EHV16,london-general,,476,Volvo B5LH ADL Enviro400 MMC
LY71GHZ,london-general,EL1,200,Wright StreetDeck Electroliner
SK25AKX,london-general,EO1,106,ADL Enviro400EV
LF20XLA,london-general,Ee1,106,BYD D8UR-DD ADL Enviro400EV
LF20XLB,london-general,Ee2,106,BYD D8UR-DD ADL Enviro400EV
LF20XLC,london-general,Ee3,357,BYD D8UR-DD ADL Enviro400EV
LF20XLD,london-general,Ee4,212,BYD D8UR-DD ADL Enviro400EV
LF20XLE,london-general,Ee5,106,BYD D8UR-DD ADL Enviro400EV
LF20XLG,london-general,Ee6,357,BYD D8UR-DD ADL Enviro400EV
LF20XLH,london-general,Ee7,106,BYD D8UR-DD ADL Enviro400EV
LF20XLJ,london-general,Ee8,357,BYD D8UR-DD ADL Enviro400EV
LF20XLK,london-general,Ee9,357,BYD D8UR-DD ADL Enviro400EV
LF20XLL,london-general,Ee10,106,BYD D8UR-DD ADL Enviro400EV
LF20XLM,london-general,Ee11,106,BYD D8UR-DD ADL Enviro400EV
LF20XLN,london-general,Ee12,212,BYD D8UR-DD ADL Enviro400EV
LF20XLO,london-general,Ee13,212,BYD D8UR-DD ADL Enviro400EV
LF20XLP,london-general,Ee14,106,BYD D8UR-DD ADL Enviro400EV
LF20XLR,london-general,Ee15,106,BYD D8UR-DD ADL Enviro400EV
LF20XLS,london-general,Ee16,212,BYD D8UR-DD ADL Enviro400EV
LF20XLT,london-general,Ee17,357,BYD D8UR-DD ADL Enviro400EV
LF20XLU,london-general,Ee18,677,BYD D8UR-DD ADL Enviro400EV
LF20XLV,london-general,Ee19,212,BYD D8UR-DD ADL Enviro400EV
LF20XLW,london-general,Ee20,357,BYD D8UR-DD ADL Enviro400EV
LF20XLX,london-general,Ee21,357,BYD D8UR-DD ADL Enviro400EV
LF20XLY,london-general,Ee22,212,BYD D8UR-DD ADL Enviro400EV
LF20XLZ,london-general,Ee23,212,BYD D8UR-DD ADL Enviro400EV
LF20XMA,london-general,Ee24,357,BYD D8UR-DD ADL Enviro400EV
LF20XMB,london-general,Ee25,212,BYD D8UR-DD ADL Enviro400EV
LF20XMC,london-general,Ee26,106,BYD D8UR-DD ADL Enviro400EV
LF20XMD,london-general,Ee27,106,BYD D8UR-DD ADL Enviro400EV
LF20XME,london-general,Ee28,106,BYD D8UR-DD ADL Enviro400EV
LF20XMG,london-general,Ee29,212,BYD D8UR-DD ADL Enviro400EV
LF20XMH,london-general,Ee30,106,BYD D8UR-DD ADL Enviro400EV
LF20XMJ,london-general,Ee31,106,BYD D8UR-DD ADL Enviro400EV
LF20XMK,london-general,Ee32,106,BYD D8UR-DD ADL Enviro400EV
LF20XML,london-general,Ee33,106,BYD D8UR-DD ADL Enviro400EV
LF20XMM,london-general,Ee34,106,BYD D8UR-DD ADL Enviro400EV
LF20XMO,london-general,Ee35,184,BYD D8UR-DD ADL Enviro400EV
LF20XMP,london-general,Ee36,106,BYD D8UR-DD ADL Enviro400EV
LF20XMR,london-general,Ee37,212,BYD D8UR-DD ADL Enviro400EV
LF20XNG,london-general,Ee38,,BYD D8UR-DD ADL Enviro400EV
LF20XNJ,london-general,Ee39,,BYD D8UR-DD ADL Enviro400EV
LF20XNK,london-general,Ee40,,BYD D8UR-DD ADL Enviro400EV
LF20XNL,london-general,Ee41,,BYD D8UR-DD ADL Enviro400EV
LF20XNM,london-general,Ee42,,BYD D8UR-DD ADL Enviro400EV
LF20XNN,london-general,Ee43,,BYD D8UR-DD ADL Enviro400EV
LF20XNO,london-general,Ee44,,BYD D8UR-DD ADL Enviro400EV
LF20XNP,london-general,Ee45,,BYD D8UR-DD ADL Enviro400EV
LF20XNR,london-general,Ee46,,BYD D8UR-DD ADL Enviro400EV
LF20XNS,london-general,Ee47,,BYD D8UR-DD ADL Enviro400EV
LF20XNT,london-general,Ee48,,BYD D8UR-DD ADL Enviro400EV
LF20XNU,london-general,Ee49,,BYD D8UR-DD ADL Enviro400EV
LG21JJE,london-general,Ee69,212,BYD D8UR-DD ADL Enviro400EV
LG23FJD,london-general,Ee94,80,BYD D8UR-DD ADL Enviro400EV
LG23FJE,london-general,Ee95,93,BYD D8UR-DD ADL Enviro400EV
LG23FJF,london-general,Ee96,93,BYD D8UR-DD ADL Enviro400EV
LG23FJJ,london-general,Ee97,80,BYD D8UR-DD ADL Enviro400EV
LG23FJK,london-general,Ee98,80,BYD D8UR-DD ADL Enviro400EV
LG23FJN,london-general,Ee99,57,BYD D8UR-DD ADL Enviro400EV
LG73FVY,london-general,Ee100,157,BYD D8UR-DD ADL Enviro400EV
LD72XZT,london-general,Ee101,154,BYD D8UR-DD ADL Enviro400EV
LD72XZU,london-general,Ee102,93,BYD D8UR-DD ADL Enviro400EV
LD72YAH,london-general,Ee112,93,BYD D8UR-DD ADL Enviro400EV
LG23FFV,london-general,Ee113,93,BYD D8UR-DD ADL Enviro400EV
LG23FFW,london-general,Ee114,213,BYD D8UR-DD ADL Enviro400EV
LG23FFX,london-general,Ee115,80,BYD D8UR-DD ADL Enviro400EV
LG23FFY,london-general,Ee116,154,BYD D8UR-DD ADL Enviro400EV
LG23FFZ,london-general,Ee117,93,BYD D8UR-DD ADL Enviro400EV
LG23FGA,london-general,Ee118,93,BYD D8UR-DD ADL Enviro400EV
LG23FGC,london-general,Ee119,213,BYD D8UR-DD ADL Enviro400EV
LG23FGD,london-general,Ee120,213,BYD D8UR-DD ADL Enviro400EV
LG23FGE,london-general,Ee121,93,BYD D8UR-DD ADL Enviro400EV
LG23FGF,london-general,Ee122,80,BYD D8UR-DD ADL Enviro400EV
LG23FGJ,london-general,Ee123,213,BYD D8UR-DD ADL Enviro400EV
LG23FGK,london-general,Ee124,154,BYD D8UR-DD ADL Enviro400EV
LG23FGM,london-general,Ee125,93,BYD D8UR-DD ADL Enviro400EV
LG23FGN,london-general,Ee126,93,BYD D8UR-DD ADL Enviro400EV
LG23FGO,london-general,Ee127,93,BYD D8UR-DD ADL Enviro400EV
LG23FGP,london-general,Ee128,213,BYD D8UR-DD ADL Enviro400EV
LG23FAA,london-general,Ee129,213,BYD D8UR-DD ADL Enviro400EV
LG23FAF,london-general,Ee130,213,BYD D8UR-DD ADL Enviro400EV
LG23FAJ,london-general,Ee131,93,BYD D8UR-DD ADL Enviro400EV
LG23FAK,london-general,Ee132,93,BYD D8UR-DD ADL Enviro400EV
LG23FAM,london-general,Ee133,154,BYD D8UR-DD ADL Enviro400EV
LG23FAO,london-general,Ee134,213,BYD D8UR-DD ADL Enviro400EV
LG23FAU,london-general,Ee135,154,BYD D8UR-DD ADL Enviro400EV
LG23FBA,london-general,Ee136,154,BYD D8UR-DD ADL Enviro400EV
LG23FBB,london-general,Ee137,80,BYD D8UR-DD ADL Enviro400EV
LG23FBC,london-general,Ee138,93,BYD D8UR-DD ADL Enviro400EV
LG23FBD,london-general,Ee139,93,BYD D8UR-DD ADL Enviro400EV
LG23FBE,london-general,Ee140,213,BYD D8UR-DD ADL Enviro400EV
LG23FBF,london-general,Ee141,154,BYD D8UR-DD ADL Enviro400EV
LG23FBJ,london-general,Ee142,93,BYD D8UR-DD ADL Enviro400EV
LG23FBK,london-general,Ee143,80,BYD D8UR-DD ADL Enviro400EV
LG23FBL,london-general,Ee144,154,BYD D8UR-DD ADL Enviro400EV
LD72UHT,london-general,Ee145,154,BYD D8UR-DD ADL Enviro400EV
LD72UHU,london-general,Ee146,213,BYD D8UR-DD ADL Enviro400EV
LD72UHV,london-general,Ee147,213,BYD D8UR-DD ADL Enviro400EV
LD72UHW,london-general,Ee148,154,BYD D8UR-DD ADL Enviro400EV
LD72UHX,london-general,Ee149,93,BYD D8UR-DD ADL Enviro400EV
LD72UHY,london-general,Ee150,93,BYD D8UR-DD ADL Enviro400EV
LG23FGU,london-general,Ee151,154,BYD D8UR-DD ADL Enviro400EV
LG23FGV,london-general,Ee152,213,BYD D8UR-DD ADL Enviro400EV
LG23FGX,london-general,Ee153,154,BYD D8UR-DD ADL Enviro400EV
LG23FGZ,london-general,Ee154,213,BYD D8UR-DD ADL Enviro400EV
LG23FHA,london-general,Ee155,93,BYD D8UR-DD ADL Enviro400EV
LG23FHB,london-general,Ee156,154,BYD D8UR-DD ADL Enviro400EV
LG23FHC,london-general,Ee157,213,BYD D8UR-DD ADL Enviro400EV
LG23FHD,london-general,Ee158,80,BYD D8UR-DD ADL Enviro400EV
LG23FHE,london-general,Ee159,154,BYD D8UR-DD ADL Enviro400EV
LG23FHF,london-general,Ee160,93,BYD D8UR-DD ADL Enviro400EV
LG23FHH,london-general,Ee161,93,BYD D8UR-DD ADL Enviro400EV
LG23FHJ,london-general,Ee162,93,BYD D8UR-DD ADL Enviro400EV
LG23EZH,london-general,Ee163,93,BYD D8UR-DD ADL Enviro400EV
LG23EZJ,london-general,Ee164,93,BYD D8UR-DD ADL Enviro400EV
LG23EZK,london-general,Ee165,93,BYD D8UR-DD ADL Enviro400EV
LG23EZL,london-general,Ee166,93,BYD D8UR-DD ADL Enviro400EV
LG23EZM,london-general,Ee167,213,BYD D8UR-DD ADL Enviro400EV
LG23EZN,london-general,Ee168,93,BYD D8UR-DD ADL Enviro400EV
LG23EZO,london-general,Ee169,93,BYD D8UR-DD ADL Enviro400EV
LG23EZP,london-general,Ee170,93,BYD D8UR-DD ADL Enviro400EV
LG23EZR,london-general,Ee171,93,BYD D8UR-DD ADL Enviro400EV
LG23EUN,london-general,Ee172,157,BYD D8UR-DD ADL Enviro400EV
LG23EUO,london-general,Ee173,57,BYD D8UR-DD ADL Enviro400EV
LG23EUP,london-general,Ee174,157,BYD D8UR-DD ADL Enviro400EV
LG23EUR,london-general,Ee175,57,BYD D8UR-DD ADL Enviro400EV
LG23EUT,london-general,Ee176,157,BYD D8UR-DD ADL Enviro400EV
LG23EUU,london-general,Ee177,213,BYD D8UR-DD ADL Enviro400EV
LG23EUV,london-general,Ee178,154,BYD D8UR-DD ADL Enviro400EV
LG23EUW,london-general,Ee179,157,BYD D8UR-DD ADL Enviro400EV
LG23EUX,london-general,Ee180,57,BYD D8UR-DD ADL Enviro400EV
LG23EUY,london-general,Ee181,57,BYD D8UR-DD ADL Enviro400EV
LG23EUZ,london-general,Ee182,57,BYD D8UR-DD ADL Enviro400EV
LG23EVB,london-general,Ee183,57,BYD D8UR-DD ADL Enviro400EV
LG23EVC,london-general,Ee184,57,BYD D8UR-DD ADL Enviro400EV
LG23EVD,london-general,Ee185,57,BYD D8UR-DD ADL Enviro400EV
LG23EVF,london-general,Ee186,157,BYD D8UR-DD ADL Enviro400EV
LF24ZJV,london-general,Ee205,212,BYD D8UR-DD ADL Enviro400EV
LF24ZJX,london-general,Ee206,106,BYD D8UR-DD ADL Enviro400EV
LF24ZJY,london-general,Ee207,106,BYD D8UR-DD ADL Enviro400EV
LF24ZJZ,london-general,Ee208,212,BYD D8UR-DD ADL Enviro400EV
LF24ZKA,london-general,Ee209,106,BYD D8UR-DD ADL Enviro400EV
LF24ZKB,london-general,Ee210,57,BYD D8UR-DD ADL Enviro400EV
LF24ZKC,london-general,Ee211,157,BYD D8UR-DD ADL Enviro400EV
LF24ZKD,london-general,Ee212,57,BYD D8UR-DD ADL Enviro400EV
LF24ZKE,london-general,Ee213,57,BYD D8UR-DD ADL Enviro400EV
LF24ZKG,london-general,Ee214,157,BYD D8UR-DD ADL Enviro400EV
LF24ZKH,london-general,Ee215,57,BYD D8UR-DD ADL Enviro400EV
LF24ZKJ,london-general,Ee216,57,BYD D8UR-DD ADL Enviro400EV
LF24ZKK,london-general,Ee217,157,BYD D8UR-DD ADL Enviro400EV
LF24ZGC,london-general,Ee243,157,BYD D8UR-DD ADL Enviro400EV
LF24ZGD,london-general,Ee244,157,BYD D8UR-DD ADL Enviro400EV
LF24ZGE,london-general,Ee245,157,BYD D8UR-DD ADL Enviro400EV
LF24ZGG,london-general,Ee246,57,BYD D8UR-DD ADL Enviro400EV
LF24ZGH,london-general,Ee247,57,BYD D8UR-DD ADL Enviro400EV
LF24ZGJ,london-general,Ee248,157,BYD D8UR-DD ADL Enviro400EV
LF24ZGK,london-general,Ee249,157,BYD D8UR-DD ADL Enviro400EV
LF24ZGL,london-general,Ee250,57,BYD D8UR-DD ADL Enviro400EV
LF24ZGM,london-general,Ee251,57,BYD D8UR-DD ADL Enviro400EV
LF24ZGN,london-general,Ee252,57,BYD D8UR-DD ADL Enviro400EV
LF24ZGO,london-general,Ee253,57,BYD D8UR-DD ADL Enviro400EV
LF24ZGP,london-general,Ee254,157,BYD D8UR-DD ADL Enviro400EV
LF24ZGR,london-general,Ee255,157,BYD D8UR-DD ADL Enviro400EV
LF24ZGS,london-general,Ee256,157,BYD D8UR-DD ADL Enviro400EV
LF24ZGT,london-general,Ee257,157,BYD D8UR-DD ADL Enviro400EV
LF24ZGU,london-general,Ee258,157,BYD D8UR-DD ADL Enviro400EV
LF24ZGV,london-general,Ee259,57,BYD D8UR-DD ADL Enviro400EV
LF24ZGW,london-general,Ee260,57,BYD D8UR-DD ADL Enviro400EV
LF24ZGX,london-general,Ee261,57,BYD D8UR-DD ADL Enviro400EV
LF24ZGY,london-general,Ee262,57,BYD D8UR-DD ADL Enviro400EV
MHV11,london-general,,144,Volvo B5LH MCV EvoSeti
MHV12,london-general,,144,Volvo B5LH MCV EvoSeti
MHV13,london-general,,123,Volvo B5LH MCV EvoSeti
MHV14,london-general,,91,Volvo B5LH MCV EvoSeti
MHV15,london-general,,476,Volvo B5LH MCV EvoSeti
MHV16,london-general,,144,Volvo B5LH MCV EvoSeti
MHV17,london-general,,144,Volvo B5LH MCV EvoSeti
MHV18,london-general,,476,Volvo B5LH MCV EvoSeti
MHV20,london-general,,91,Volvo B5LH MCV EvoSeti
MHV53,london-general,,144,Volvo B5LH MCV EvoSeti
MHV54,london-general,,333,Volvo B5LH MCV EvoSeti
MHV56,london-general,,91,Volvo B5LH MCV EvoSeti
MHV57,london-general,,476,Volvo B5LH MCV EvoSeti
MHV58,london-general,,144,Volvo B5LH MCV EvoSeti
MHV59,london-general,,91,Volvo B5LH MCV EvoSeti
MHV60,london-general,,144,Volvo B5LH MCV EvoSeti
MHV61,london-general,,144,Volvo B5LH MCV EvoSeti
MHV62,london-general,,144,Volvo B5LH MCV EvoSeti
MHV63,london-general,,123,Volvo B5LH MCV EvoSeti
MHV64,london-general,,476,Volvo B5LH MCV EvoSeti
MHV65,london-general,,123,Volvo B5LH MCV EvoSeti
MHV66,london-general,,123,Volvo B5LH MCV EvoSeti
MHV67,london-general,,91,Volvo B5LH MCV EvoSeti
MHV68,london-general,,123,Volvo B5LH MCV EvoSeti
MHV69,london-general,,123,Volvo B5LH MCV EvoSeti
MHV70,london-general,,333,Volvo B5LH MCV EvoSeti
MHV71,london-general,,44,Volvo B5LH MCV EvoSeti
MHV72,london-general,,333,Volvo B5LH MCV EvoSeti
MHV73,london-general,,44,Volvo B5LH MCV EvoSeti
MHV74,london-general,,333,Volvo B5LH MCV EvoSeti
MHV75,london-general,,333,Volvo B5LH MCV EvoSeti
MHV76,london-general,,333,Volvo B5LH MCV EvoSeti
MHV77,london-general,,333,Volvo B5LH MCV EvoSeti
MHV78,london-general,,333,Volvo B5LH MCV EvoSeti
MHV79,london-general,,333,Volvo B5LH MCV EvoSeti
MHV80,london-general,,333,Volvo B5LH MCV EvoSeti
MHV81,london-general,,333,Volvo B5LH MCV EvoSeti
MHV82,london-general,,333,Volvo B5LH MCV EvoSeti
MHV86,london-general,,333,Volvo B5LH MCV EvoSeti
MHV87,london-general,,333,Volvo B5LH MCV EvoSeti
MHV88,london-general,,333,Volvo B5LH MCV EvoSeti
MHV89,london-general,,333,Volvo B5LH MCV EvoSeti
MHV90,london-general,,123,Volvo B5LH MCV EvoSeti
MHV91,london-general,,123,Volvo B5LH MCV EvoSeti
MHV92,london-general,,476,Volvo B5LH MCV EvoSeti
MHV93,london-general,,476,Volvo B5LH MCV EvoSeti
MHV94,london-general,,476,Volvo B5LH MCV EvoSeti
MHV95,london-general,,91,Volvo B5LH MCV EvoSeti
MHV96,london-general,,144,Volvo B5LH MCV EvoSeti
MHV97,london-general,,123,Volvo B5LH MCV EvoSeti
MHV98,london-general,,123,Volvo B5LH MCV EvoSeti
MHV99,london-general,,144,Volvo B5LH MCV EvoSeti
YJ21EYA,london-general,Me1,200,Optare MetroDecker EV
YJ21EYB,london-general,Me2,200,Optare MetroDecker EV
YJ21EYC,london-general,Me3,200,Optare MetroDecker EV
YJ21EYD,london-general,Me4,200,Optare MetroDecker EV
YJ21EYF,london-general,Me5,200,Optare MetroDecker EV
YJ21EYG,london-general,Me6,200,Optare MetroDecker EV
YJ21EYH,london-general,Me7,200,Optare MetroDecker EV
YJ21EYK,london-general,Me8,200,Optare MetroDecker EV
YJ21EYL,london-general,Me9,200,Optare MetroDecker EV
YJ21EYM,london-general,Me10,200,Optare MetroDecker EV
YJ21EYO,london-general,Me11,200,Optare MetroDecker EV
YJ21EYR,london-general,Me13,200,Optare MetroDecker EV
YJ21EYT,london-general,Me14,200,Optare MetroDecker EV
YJ21EYU,london-general,Me15,200,Optare MetroDecker EV
YJ21EYV,london-general,Me16,200,Optare MetroDecker EV
YJ21EYW,london-general,Me17,200,Optare MetroDecker EV
YX60EOL,london-general,SE53,164,ADL Enviro200
YX61BXV,london-general,SE115,164,ADL Enviro200
YX61BXO,london-general,SE146,299,ADL Enviro200
YX61DTO,london-general,SE148,299,ADL Enviro200
YX61DTU,london-general,SE149,299,ADL Enviro200
YX61DTV,london-general,SE150,399,ADL Enviro200
YX61DVB,london-general,SE154,299,ADL Enviro200
YX61EKF,london-general,SE167,299,ADL Enviro200
YX61EKG,london-general,SE168,299,ADL Enviro200
YX61EKH,london-general,SE169,299,ADL Enviro200
YX61EKK,london-general,SE171,299,ADL Enviro200
YX61EKL,london-general,SE172,299,ADL Enviro200
SN12AUT,london-general,SE179,493,ADL Enviro200
SN12AUU,london-general,SE180,493,ADL Enviro200
SN12AUV,london-general,SE181,163,ADL Enviro200
SN12AUW,london-general,SE182,163,ADL Enviro200
SN12AUX,london-general,SE183,163,ADL Enviro200
SN12AUY,london-general,SE184,152,ADL Enviro200
SN12AVB,london-general,SE185,164,ADL Enviro200
SN12AVC,london-general,SE186,163,ADL Enviro200
SN12AVE,london-general,SE188,219,ADL Enviro200
YY15CNU,london-general,SE235,470,ADL Enviro200
YY15CNJ,london-general,SE236,470,ADL Enviro200
YY15CNK,london-general,SE237,470,ADL Enviro200
YY15CNN,london-general,SE238,470,ADL Enviro200
YY15CNO,london-general,SE239,470,ADL Enviro200
YY15EYT,london-general,SE246,318,ADL Enviro200
YY15EYU,london-general,SE247,318,ADL Enviro200
YY15EYV,london-general,SE248,318,ADL Enviro200
YY15EYW,london-general,SE249,318,ADL Enviro200
YY15HKA,london-general,SE250,318,ADL Enviro200
YY15HKB,london-general,SE251,318,ADL Enviro200
YY15HKC,london-general,SE252,318,ADL Enviro200
YY15HKD,london-general,SE253,318,ADL Enviro200
YY15HKE,london-general,SE254,318,ADL Enviro200
YY15HKF,london-general,SE255,318,ADL Enviro200
YX65RNY,london-general,SE268,170,ADL Enviro200
YX65RNZ,london-general,SE269,170,ADL Enviro200
YX65ROH,london-general,SE270,170,ADL Enviro200
YX65ROU,london-general,SE271,378,ADL Enviro200
YX65RPO,london-general,SE272,170,ADL Enviro200
YX65RPU,london-general,SE273,170,ADL Enviro200
YX65RPV,london-general,SE274,170,ADL Enviro200
YX65RPY,london-general,SE275,170,ADL Enviro200
YX65RPZ,london-general,SE276,170,ADL Enviro200
YX65RRO,london-general,SE277,170,ADL Enviro200
YX65RRU,london-general,SE278,170,ADL Enviro200
YX65RRV,london-general,SE279,170,ADL Enviro200
YX65RRY,london-general,SE280,170,ADL Enviro200
YX65RRZ,london-general,SE281,170,ADL Enviro200
YX65RSO,london-general,SE282,170,ADL Enviro200
YX65RSU,london-general,SE283,170,ADL Enviro200
YX65RSV,london-general,SE284,170,ADL Enviro200
YX65RSY,london-general,SE285,170,ADL Enviro200
YX65RSZ,london-general,SE286,170,ADL Enviro200
YX65RTO,london-general,SE287,170,ADL Enviro200
YW19VSG,london-general,SE293,209,ADL Enviro200 MMC
YW19VSJ,london-general,SE294,533,ADL Enviro200 MMC
YW19VSK,london-general,SE295,378,ADL Enviro200 MMC
YW19VSL,london-general,SE296,533,ADL Enviro200 MMC
YW19VSM,london-general,SE297,209,ADL Enviro200 MMC
YW19VSN,london-general,SE298,209,ADL Enviro200 MMC
YW19VSO,london-general,SE299,533,ADL Enviro200 MMC
YW19VSP,london-general,SE300,533,ADL Enviro200 MMC
YW19VST,london-general,SE301,378,ADL Enviro200 MMC
YW19VSU,london-general,SE302,378,ADL Enviro200 MMC
YW19VSV,london-general,SE303,533,ADL Enviro200 MMC
SEL41,london-general,,444,Wright GB Kite Electroliner
SEL42,london-general,,444,Wright GB Kite Electroliner
SEL43,london-general,,444,Wright GB Kite Electroliner
SEL44,london-general,,444,Wright GB Kite Electroliner
SEL45,london-general,,444,Wright GB Kite Electroliner
SEL46,london-general,,444,Wright GB Kite Electroliner
SEL47,london-general,,444,Wright GB Kite Electroliner
SEL48,london-general,,444,Wright GB Kite Electroliner
SEL49,london-general,,444,Wright GB Kite Electroliner
SEL50,london-general,,444,Wright GB Kite Electroliner
SEL51,london-general,,444,Wright GB Kite Electroliner
SEL52,london-general,,444,Wright GB Kite Electroliner
SEL53,london-general,,444,Wright GB Kite Electroliner
SEL54,london-general,,219,Wright GB Kite Electroliner
SEN13,london-general,,456,ADL Enviro200
SEN14,london-general,,232,ADL Enviro200
SEE3,london-general,,444,BYD D9UR ADL Enviro200EV
SEE5,london-general,,444,BYD D9UR ADL Enviro200EV
SEE6,london-general,,444,BYD D9UR ADL Enviro200EV
SEE8,london-general,,401,BYD D9UR ADL Enviro200EV
SEE30,london-general,,444,BYD D9UR ADL Enviro200EV
SEE32,london-general,,444,BYD D9UR ADL Enviro200EV
SEE33,london-general,,444,BYD D9UR ADL Enviro200EV
SEE34,london-general,,444,BYD D9UR ADL Enviro200EV
SEE35,london-general,,444,BYD D9UR ADL Enviro200EV
SEE44,london-general,,444,BYD D9UR ADL Enviro200EV
SEE46,london-general,,444,BYD D9UR ADL Enviro200EV
SEE47,london-general,,444,BYD D9UR ADL Enviro200EV
SEE51,london-general,,444,BYD D9UR ADL Enviro200EV
SEE52,london-general,,413,BYD D8UR ADL Enviro200EV
SEE53,london-general,,163,BYD D8UR ADL Enviro200EV
SEE54,london-general,,164,BYD D8UR ADL Enviro200EV
SEE55,london-general,,219,BYD D8UR ADL Enviro200EV
SEE56,london-general,,413,BYD D8UR ADL Enviro200EV
SEE57,london-general,,163,BYD D8UR ADL Enviro200EV
SEE58,london-general,,219,BYD D8UR ADL Enviro200EV
SEE59,london-general,,164,BYD D8UR ADL Enviro200EV
SEE60,london-general,,164,BYD D8UR ADL Enviro200EV
SEE61,london-general,,184,BYD D8UR ADL Enviro200EV
SEE62,london-general,,W15,BYD D8UR ADL Enviro200EV
SEE63,london-general,,184,BYD D8UR ADL Enviro200EV
SEE64,london-general,,184,BYD D8UR ADL Enviro200EV
SEE65,london-general,,164,BYD D8UR ADL Enviro200EV
SEE66,london-general,,163,BYD D8UR ADL Enviro200EV
SEE67,london-general,,163,BYD D8UR ADL Enviro200EV
SEE68,london-general,,W15,BYD D8UR ADL Enviro200EV
SEE69,london-general,,219,BYD D8UR ADL Enviro200EV
SEE70,london-general,,219,BYD D8UR ADL Enviro200EV
SEE71,london-general,,219,BYD D8UR ADL Enviro200EV
SEE72,london-general,,413,BYD D8UR ADL Enviro200EV
SEE73,london-general,,164,BYD D8UR ADL Enviro200EV
SEE74,london-general,,163,BYD D8UR ADL Enviro200EV
SEE75,london-general,,219,BYD D8UR ADL Enviro200EV
SEE76,london-general,,219,BYD D8UR ADL Enviro200EV
SEE77,london-general,,214,BYD D8UR ADL Enviro200EV
SEE78,london-general,,214,BYD D8UR ADL Enviro200EV
SEE79,london-general,,214,BYD D8UR ADL Enviro200EV
SEE80,london-general,,214,BYD D8UR ADL Enviro200EV
SEE81,london-general,,214,BYD D8UR ADL Enviro200EV
SEE82,london-general,,214,BYD D8UR ADL Enviro200EV
SEE83,london-general,,214,BYD D8UR ADL Enviro200EV
SEE84,london-general,,214,BYD D8UR ADL Enviro200EV
SEE85,london-general,,214,BYD D8UR ADL Enviro200EV
SEE86,london-general,,214,BYD D8UR ADL Enviro200EV
SEE87,london-general,,214,BYD D8UR ADL Enviro200EV
SEE88,london-general,,214,BYD D8UR ADL Enviro200EV
SEE89,london-general,,214,BYD D8UR ADL Enviro200EV
SEE90,london-general,,214,BYD D8UR ADL Enviro200EV
SEE91,london-general,,214,BYD D8UR ADL Enviro200EV
SEE92,london-general,,214,BYD D8UR ADL Enviro200EV
SEE93,london-general,,214,BYD D8UR ADL Enviro200EV
SEE94,london-general,,214,BYD D8UR ADL Enviro200EV
SEE95,london-general,,214,BYD D8UR ADL Enviro200EV
SEE96,london-general,,214,BYD D8UR ADL Enviro200EV
SEE97,london-general,,214,BYD D8UR ADL Enviro200EV
SEE98,london-general,,214,BYD D8UR ADL Enviro200EV
SEE101,london-general,,214,BYD D8UR ADL Enviro200EV
SEE105,london-general,,100,BYD D8UR ADL Enviro200EV
SEE110,london-general,,W15,BYD D8UR ADL Enviro200EV
SEE111,london-general,,W15,BYD D8UR ADL Enviro200EV
SEE112,london-general,,W15,BYD D8UR ADL Enviro200EV
SEE113,london-general,,184,BYD D8UR ADL Enviro200EV
SEE114,london-general,,W15,BYD D8UR ADL Enviro200EV
SEE115,london-general,,W15,BYD D8UR ADL Enviro200EV
SEE116,london-general,,184,BYD D8UR ADL Enviro200EV
SEE123,london-general,,W15,BYD D8UR ADL Enviro200EV
SEE124,london-general,,184,BYD D8UR ADL Enviro200EV
SEE125,london-general,,184,BYD D8UR ADL Enviro200EV
SEE126,london-general,,W15,BYD D8UR ADL Enviro200EV
SEE127,london-general,,W15,BYD D8UR ADL Enviro200EV
SEE128,london-general,,184,BYD D8UR ADL Enviro200EV
SEE129,london-general,,W15,BYD D8UR ADL Enviro200EV
SEE130,london-general,,W15,BYD D8UR ADL Enviro200EV
SEE131,london-general,,184,BYD D8UR ADL Enviro200EV
SEE132,london-general,,W15,BYD D8UR ADL Enviro200EV
SEE133,london-general,,184,BYD D8UR ADL Enviro200EV
SEE134,london-general,,W15,BYD D8UR ADL Enviro200EV
SEE135,london-general,,W15,BYD D8UR ADL Enviro200EV
SEE136,london-general,,W15,BYD D8UR ADL Enviro200EV
SEE137,london-general,,W15,BYD D8UR ADL Enviro200EV
SEE138,london-general,,184,BYD D8UR ADL Enviro200EV
SEE139,london-general,,W15,BYD D8UR ADL Enviro200EV
SEE140,london-general,,184,BYD D8UR ADL Enviro200EV
SEE142,london-general,,W15,BYD D8UR ADL Enviro200EV
SEE143,london-general,,184,BYD D8UR ADL Enviro200EV
SEE156,london-general,,W15,BYD D8UR ADL Enviro200EV
SEE157,london-general,,184,BYD D8UR ADL Enviro200EV
SEE158,london-general,,184,BYD D8UR ADL Enviro200EV
SEE159,london-general,,184,BYD D8UR ADL Enviro200EV
SEE160,london-general,,W15,BYD D8UR ADL Enviro200EV
SEE161,london-general,,184,BYD D8UR ADL Enviro200EV
SEE162,london-general,,184,BYD D8UR ADL Enviro200EV
SEE163,london-general,,184,BYD D8UR ADL Enviro200EV
SEE164,london-general,,184,BYD D8UR ADL Enviro200EV
SEE165,london-general,,184,BYD D8UR ADL Enviro200EV
SEE173,london-general,,164,BYD D8UR ADL Enviro200EV
SEE174,london-general,,413,BYD D8UR ADL Enviro200EV
SEE175,london-general,,164,BYD D8UR ADL Enviro200EV
SEE176,london-general,,219,BYD D8UR ADL Enviro200EV
SEE177,london-general,,413,BYD D8UR ADL Enviro200EV
SEE178,london-general,,164,BYD D8UR ADL Enviro200EV
SEE179,london-general,,164,BYD D8UR ADL Enviro200EV
SEE180,london-general,,163,BYD D8UR ADL Enviro200EV
SEE181,london-general,,163,BYD D8UR ADL Enviro200EV
SEE182,london-general,,219,BYD D8UR ADL Enviro200EV
SEE183,london-general,,413,BYD D8UR ADL Enviro200EV
SEE184,london-general,,164,BYD D8UR ADL Enviro200EV
SEE185,london-general,,219,BYD D8UR ADL Enviro200EV
SEE186,london-general,,164,BYD D8UR ADL Enviro200EV
SEE187,london-general,,163,BYD D8UR ADL Enviro200EV
SEE188,london-general,,219,BYD D8UR ADL Enviro200EV
SEE189,london-general,,163,BYD D8UR ADL Enviro200EV
SEE190,london-general,,163,BYD D8UR ADL Enviro200EV
SEE191,london-general,,152,BYD D8UR ADL Enviro200EV
SEE192,london-general,,152,BYD D8UR ADL Enviro200EV
SEE193,london-general,,163,BYD D8UR ADL Enviro200EV
SEE194,london-general,,163,BYD D8UR ADL Enviro200EV
SEE195,london-general,,219,BYD D8UR ADL Enviro200EV
SEE196,london-general,,164,BYD D8UR ADL Enviro200EV
SEE197,london-general,,413,BYD D8UR ADL Enviro200EV
SEE198,london-general,,413,BYD D8UR ADL Enviro200EV
SEE199,london-general,,39,BYD D8UR ADL Enviro200EV
SEE220,london-general,,39,BYD D8UR ADL Enviro200EV
SEE221,london-general,,39,BYD D8UR ADL Enviro200EV
SEE222,london-general,,39,BYD D8UR ADL Enviro200EV
SEE223,london-general,,39,BYD D8UR ADL Enviro200EV
SEE224,london-general,,39,BYD D8UR ADL Enviro200EV
SEE225,london-general,,265,BYD D8UR ADL Enviro200EV
SEE226,london-general,,39,BYD D8UR ADL Enviro200EV
SEE227,london-general,,39,BYD D8UR ADL Enviro200EV
SEE228,london-general,,265,BYD D8UR ADL Enviro200EV
SEE229,london-general,,39,BYD D8UR ADL Enviro200EV
SEE230,london-general,,265,BYD D8UR ADL Enviro200EV
SEE231,london-general,,39,BYD D8UR ADL Enviro200EV
SEE267,london-general,,265,BYD D8UR ADL Enviro200EV
SEE276,london-general,,152,BYD D8UR ADL Enviro200EV
SEE277,london-general,,152,BYD D8UR ADL Enviro200EV
SEE278,london-general,,152,BYD D8UR ADL Enviro200EV
SEE279,london-general,,152,BYD D8UR ADL Enviro200EV
SEE280,london-general,,152,BYD D8UR ADL Enviro200EV
SEE281,london-general,,152,BYD D8UR ADL Enviro200EV
SEE282,london-general,,152,BYD D8UR ADL Enviro200EV
SEE283,london-general,,152,BYD D8UR ADL Enviro200EV
SEE284,london-general,,152,BYD D8UR ADL Enviro200EV
SEE285,london-general,,152,BYD D8UR ADL Enviro200EV
SEE286,london-general,,152,BYD D8UR ADL Enviro200EV
SEE287,london-general,,152,BYD D8UR ADL Enviro200EV
SEE288,london-general,,152,BYD D8UR ADL Enviro200EV
SEE289,london-general,,152,BYD D8UR ADL Enviro200EV
SEE290,london-general,,152,BYD D8UR ADL Enviro200EV
SEE304,london-general,,S2,BYD D8UR ADL Enviro200EV
SEE305,london-general,,S2,BYD D8UR ADL Enviro200EV
SEE306,london-general,,S2,BYD D8UR ADL Enviro200EV
SEE307,london-general,,S2,BYD D8UR ADL Enviro200EV
SEE308,london-general,,S2,BYD D8UR ADL Enviro200EV
SEE309,london-general,,S2,BYD D8UR ADL Enviro200EV
SEE310,london-general,,S2,BYD D8UR ADL Enviro200EV
SEE311,london-general,,S2,BYD D8UR ADL Enviro200EV
SEE312,london-general,,S2,BYD D8UR ADL Enviro200EV
SEE313,london-general,,265,BYD D8UR ADL Enviro200EV
SEE314,london-general,,265,BYD D8UR ADL Enviro200EV
SEE315,london-general,,39,BYD D8UR ADL Enviro200EV
SEE316,london-general,,265,BYD D8UR ADL Enviro200EV
SEE317,london-general,,265,BYD D8UR ADL Enviro200EV
SEE318,london-general,,265,BYD D8UR ADL Enviro200EV
SEE319,london-general,,39,BYD D8UR ADL Enviro200EV
SEE320,london-general,,39,BYD D8UR ADL Enviro200EV
SEE321,london-general,,265,BYD D8UR ADL Enviro200EV
SEE322,london-general,,39,BYD D8UR ADL Enviro200EV
SEE323,london-general,,39,BYD D8UR ADL Enviro200EV
SEE324,london-general,,265,BYD D8UR ADL Enviro200EV
SEE325,london-general,,39,BYD D8UR ADL Enviro200EV
SEE326,london-general,,39,BYD D8UR ADL Enviro200EV
SEE327,london-general,,265,BYD D8UR ADL Enviro200EV
SEE328,london-general,,265,BYD D8UR ADL Enviro200EV
WHV2,london-general,,430,Volvo B5LH Wright Eclipse Gemini 2
WHV3,london-general,,430,Volvo B5LH Wright Eclipse Gemini 2
WHV4,london-general,,430,Volvo B5LH Wright Eclipse Gemini 2
WHV6,london-general,,74,Volvo B5LH Wright Eclipse Gemini 2
WHV9,london-general,,14,Volvo B5LH Wright Eclipse Gemini 2
WHV10,london-general,,430,Volvo B5LH Wright Eclipse Gemini 2
WHV11,london-general,,74,Volvo B5LH Wright Eclipse Gemini 2
WHV12,london-general,,14,Volvo B5LH Wright Eclipse Gemini 2
WHV16,london-general,,430,Volvo B5LH Wright Eclipse Gemini 2
WHV17,london-general,,430,Volvo B5LH Wright Eclipse Gemini 2
WHV18,london-general,,22,Volvo B5LH Wright Eclipse Gemini 2
WHV19,london-general,,144,Volvo B5LH Wright Eclipse Gemini 2
WHV20,london-general,,280,Volvo B5LH Wright Eclipse Gemini 2
WHV21,london-general,,280,Volvo B5LH Wright Eclipse Gemini 2
WHV22,london-general,,280,Volvo B5LH Wright Eclipse Gemini 2
WHV23,london-general,,280,Volvo B5LH Wright Eclipse Gemini 2
WHV24,london-general,,280,Volvo B5LH Wright Eclipse Gemini 2
WHV25,london-general,,280,Volvo B5LH Wright Eclipse Gemini 2
WHV26,london-general,,280,Volvo B5LH Wright Eclipse Gemini 2
WHV27,london-general,,131,Volvo B5LH Wright Eclipse Gemini 2
WHV28,london-general,,280,Volvo B5LH Wright Eclipse Gemini 2
WHV29,london-general,,280,Volvo B5LH Wright Eclipse Gemini 2
WHV30,london-general,,280,Volvo B5LH Wright Eclipse Gemini 2
WHV31,london-general,,57,Volvo B5LH Wright Eclipse Gemini 2
WHV32,london-general,,14,Volvo B5LH Wright Eclipse Gemini 2
WHV33,london-general,,22,Volvo B5LH Wright Eclipse Gemini 2
WHV34,london-general,,N74,Volvo B5LH Wright Eclipse Gemini 2
WHV35,london-general,,14,Volvo B5LH Wright Eclipse Gemini 2
WHV36,london-general,,14,Volvo B5LH Wright Eclipse Gemini 2
WHV37,london-general,,430,Volvo B5LH Wright Eclipse Gemini 2
WHV38,london-general,,14,Volvo B5LH Wright Eclipse Gemini 2
WHV39,london-general,,74,Volvo B5LH Wright Eclipse Gemini 2
WHV40,london-general,,14,Volvo B5LH Wright Eclipse Gemini 2
WHV41,london-general,,14,Volvo B5LH Wright Eclipse Gemini 2
WHV42,london-general,,280,Volvo B5LH Wright Eclipse Gemini 3
WHV43,london-general,,280,Volvo B5LH Wright Eclipse Gemini 3
WHV44,london-general,,280,Volvo B5LH Wright Eclipse Gemini 3
WHV50,london-general,,144,Volvo B5LH Wright Eclipse Gemini 3
WHV57,london-general,,155,Volvo B5LH Wright Eclipse Gemini 3
WHV59,london-general,,88,Volvo B5LH Wright Eclipse Gemini 3
WHV60,london-general,,123,Volvo B5LH Wright Eclipse Gemini 3
WHV61,london-general,,476,Volvo B5LH Wright Eclipse Gemini 3
WHV62,london-general,,144,Volvo B5LH Wright Eclipse Gemini 3
WHV63,london-general,,476,Volvo B5LH Wright Eclipse Gemini 3
WHV64,london-general,,123,Volvo B5LH Wright Eclipse Gemini 3
WHV65,london-general,,123,Volvo B5LH Wright Eclipse Gemini 3
WHV66,london-general,,476,Volvo B5LH Wright Eclipse Gemini 3
WHV67,london-general,,476,Volvo B5LH Wright Eclipse Gemini 3
WHV68,london-general,,144,Volvo B5LH Wright Eclipse Gemini 3
WHV69,london-general,,144,Volvo B5LH Wright Eclipse Gemini 3
WHV71,london-general,,80,Volvo B5LH Wright Eclipse Gemini 3
WHV72,london-general,,80,Volvo B5LH Wright Eclipse Gemini 3
WHV73,london-general,,80,Volvo B5LH Wright Eclipse Gemini 3
WHV74,london-general,,80,Volvo B5LH Wright Eclipse Gemini 3
WHV75,london-general,,80,Volvo B5LH Wright Eclipse Gemini 3
WHV76,london-general,,80,Volvo B5LH Wright Eclipse Gemini 3
WHV77,london-general,,80,Volvo B5LH Wright Eclipse Gemini 3
WHV78,london-general,,80,Volvo B5LH Wright Eclipse Gemini 3
WHV79,london-general,,80,Volvo B5LH Wright Eclipse Gemini 3
WHV81,london-general,,280,Volvo B5LH Wright Eclipse Gemini 3
WHV82,london-general,,690,Volvo B5LH Wright Eclipse Gemini 3
WHV83,london-general,,44,Volvo B5LH Wright Eclipse Gemini 3
WHV84,london-general,,155,Volvo B5LH Wright Eclipse Gemini 3
WHV85,london-general,,155,Volvo B5LH Wright Eclipse Gemini 3
WHV86,london-general,,155,Volvo B5LH Wright Eclipse Gemini 3
WHV87,london-general,,155,Volvo B5LH Wright Eclipse Gemini 3
WHV88,london-general,,155,Volvo B5LH Wright Eclipse Gemini 3
WHV89,london-general,,88,Volvo B5LH Wright Eclipse Gemini 3
WHV90,london-general,,88,Volvo B5LH Wright Eclipse Gemini 3
WHV91,london-general,,155,Volvo B5LH Wright Eclipse Gemini 3
WHV92,london-general,,155,Volvo B5LH Wright Eclipse Gemini 3
WHV93,london-general,,155,Volvo B5LH Wright Eclipse Gemini 3
WHV94,london-general,,88,Volvo B5LH Wright Eclipse Gemini 3
WHV95,london-general,,155,Volvo B5LH Wright Eclipse Gemini 3
WHV96,london-general,,155,Volvo B5LH Wright Eclipse Gemini 3
WHV97,london-general,,155,Volvo B5LH Wright Eclipse Gemini 3
WHV98,london-general,,155,Volvo B5LH Wright Eclipse Gemini 3
WHV99,london-general,,88,Volvo B5LH Wright Eclipse Gemini 3
WHV100,london-general,,88,Volvo B5LH Wright Eclipse Gemini 3
WHV104,london-general,,280,Volvo B5LH Wright Eclipse Gemini 3
WHV107,london-general,,57,Volvo B5LH Wright Eclipse Gemini 3
WHV108,london-general,,280,Volvo B5LH Wright Eclipse Gemini 3
WHV115,london-general,,14,Volvo B5LH Wright Eclipse Gemini 3
WHV116,london-general,,N22,Volvo B5LH Wright Eclipse Gemini 3
WHV117,london-general,,74,Volvo B5LH Wright Eclipse Gemini 3
WHV118,london-general,,74,Volvo B5LH Wright Eclipse Gemini 3
WHV119,london-general,,14,Volvo B5LH Wright Eclipse Gemini 3
WHV120,london-general,,430,Volvo B5LH Wright Eclipse Gemini 3
WHV121,london-general,,14,Volvo B5LH Wright Eclipse Gemini 3
WHV122,london-general,,14,Volvo B5LH Wright Eclipse Gemini 3
WHV123,london-general,,14,Volvo B5LH Wright Eclipse Gemini 3
WHV124,london-general,,74,Volvo B5LH Wright Eclipse Gemini 3
WHV125,london-general,,74,Volvo B5LH Wright Eclipse Gemini 3
WHV126,london-general,,74,Volvo B5LH Wright Eclipse Gemini 3
WHV127,london-general,,430,Volvo B5LH Wright Eclipse Gemini 3
WHV128,london-general,,430,Volvo B5LH Wright Eclipse Gemini 3
WHV129,london-general,,14,Volvo B5LH Wright Eclipse Gemini 3
WHV130,london-general,,430,Volvo B5LH Wright Eclipse Gemini 3
WHV132,london-general,,14,Volvo B5LH Wright Eclipse Gemini 3
WHV133,london-general,,22,Volvo B5LH Wright Eclipse Gemini 3
WHV134,london-general,,14,Volvo B5LH Wright Eclipse Gemini 3
WHV135,london-general,,14,Volvo B5LH Wright Eclipse Gemini 3
WHV136,london-general,,14,Volvo B5LH Wright Eclipse Gemini 3
WHV137,london-general,,74,Volvo B5LH Wright Eclipse Gemini 3
WHV138,london-general,,N22,Volvo B5LH Wright Eclipse Gemini 3
WHV139,london-general,,74,Volvo B5LH Wright Eclipse Gemini 3
WHV140,london-general,,14,Volvo B5LH Wright Eclipse Gemini 3
WHV141,london-general,,430,Volvo B5LH Wright Eclipse Gemini 3
WHV142,london-general,,74,Volvo B5LH Wright Eclipse Gemini 3
WHV156,london-general,,155,Volvo B5LH Wright Eclipse Gemini 3
WHV157,london-general,,690,Volvo B5LH Wright Eclipse Gemini 3
WHV158,london-general,,74,Volvo B5LH Wright Eclipse Gemini 3
WHV159,london-general,,14,Volvo B5LH Wright Eclipse Gemini 3
WHV160,london-general,,14,Volvo B5LH Wright Eclipse Gemini 3
WHV161,london-general,,74,Volvo B5LH Wright Eclipse Gemini 3
WHV162,london-general,,14,Volvo B5LH Wright Eclipse Gemini 3
WHV163,london-general,,22,Volvo B5LH Wright Eclipse Gemini 3
WHV165,london-general,,280,Volvo B5LH Wright Eclipse Gemini 3
WHV166,london-general,,200,Volvo B5LH Wright Eclipse Gemini 3
WHV168,london-general,,N155,Volvo B5LH Wright Eclipse Gemini 3
WHV169,london-general,,155,Volvo B5LH Wright Eclipse Gemini 3
WHV170,london-general,,155,Volvo B5LH Wright Eclipse Gemini 3
WHV171,london-general,,88,Volvo B5LH Wright Eclipse Gemini 3
WHV172,london-general,,88,Volvo B5LH Wright Eclipse Gemini 3
WHV189,london-general,,155,Volvo B5LH Wright Eclipse Gemini 3
WHV190,london-general,,155,Volvo B5LH Wright Eclipse Gemini 3
WHV191,london-general,,155,Volvo B5LH Wright Eclipse Gemini 3
LJ12CGZ,london-general,WS9,424,Wright StreetLite WF
SM15HWE,london-general,WS49,456,Wright StreetLite WF
SM15HWF,london-general,WS50,456,Wright StreetLite WF
SM15WCK,london-general,WS61,456,Wright StreetLite WF
SM15WCL,london-general,WS62,456,Wright StreetLite WF
SM15WCN,london-general,WS63,456,Wright StreetLite WF
SM15WCO,london-general,WS64,456,Wright StreetLite WF
SK66HSC,london-general,WS66,232,Wright StreetLite DF
SK17HKA,london-general,WS81,424,Wright StreetLite WF
SK17HKB,london-general,WS82,424,Wright StreetLite WF
SK17HKC,london-general,WS83,424,Wright StreetLite WF
SK17HKF,london-general,WS86,424,Wright StreetLite WF
SK67FKM,london-general,WS99,232,Wright StreetLite DF
SM19KKN,london-general,WS131,232,Wright StreetLite DF
SM19KKL,london-general,WS132,232,Wright StreetLite DF
SM19KKJ,london-general,WS133,232,Wright StreetLite DF
SM19KKH,london-general,WS134,232,Wright StreetLite DF
SM19KKG,london-general,WS135,232,Wright StreetLite DF
SM19KKF,london-general,WS136,232,Wright StreetLite DF
SM19KKE,london-general,WS137,232,Wright StreetLite DF
SM19KKD,london-general,WS138,232,Wright StreetLite DF
SM19KKC,london-general,WS139,232,Wright StreetLite DF
SM19KKB,london-general,WS140,232,Wright StreetLite DF
SM19KKA,london-general,WS141,232,Wright StreetLite DF
SM19KJZ,london-general,WS142,232,Wright StreetLite DF
SM19KJY,london-general,WS143,232,Wright StreetLite DF
SM19KJX,london-general,WS144,232,Wright StreetLite DF
SM19KJV,london-general,WS145,232,Wright StreetLite DF
SM19KJU,london-general,WS146,232,Wright StreetLite DF
SM19KJO,london-general,WS147,232,Wright StreetLite DF
SM19KJN,london-general,WS148,232,Wright StreetLite DF
WSD13,london-general,,44,Wright StreetDeck HEV
WSD15,london-general,,44,Wright StreetDeck HEV
WSD17,london-general,,44,Wright StreetDeck HEV
WSD18,london-general,,44,Wright StreetDeck HEV
WSD20,london-general,,44,Wright StreetDeck HEV
WVL434,london-general,,280,Volvo B9TL Wright Eclipse Gemini 2
WVL482,london-general,,123,Volvo B9TL Wright Eclipse Gemini 2
WVL483,london-general,,144,Volvo B9TL Wright Eclipse Gemini 2
WVN23,london-general,,123,Volvo B9TL Wright Eclipse Gemini 2
WVN26,london-general,,476,Volvo B9TL Wright Eclipse Gemini 2
WVN28,london-general,,123,Volvo B9TL Wright Eclipse Gemini 2
WVN32,london-general,,123,Volvo B9TL Wright Eclipse Gemini 2
WVN34,london-general,,123,Volvo B9TL Wright Eclipse Gemini 2
WVN35,london-general,,677,Volvo B9TL Wright Eclipse Gemini 2
WVN36,london-general,,123,Volvo B9TL Wright Eclipse Gemini 2
WVN39,london-general,,123,Volvo B9TL Wright Eclipse Gemini 2
WVN40,london-general,,123,Volvo B9TL Wright Eclipse Gemini 2
WVN41,london-general,,217,Volvo B9TL Wright Eclipse Gemini 2
YX61ENC,metrobus-operated-by-go-ahead-london,163,R1,ADL Enviro200
YX61ENE,metrobus-operated-by-go-ahead-london,164,R4,ADL Enviro200
YX61ENF,metrobus-operated-by-go-ahead-london,165,R11,ADL Enviro200
YX61ENH,metrobus-operated-by-go-ahead-london,166,R4,ADL Enviro200
YX61ENJ,metrobus-operated-by-go-ahead-london,167,R4,ADL Enviro200
YX61ENK,metrobus-operated-by-go-ahead-london,168,R11,ADL Enviro200
YX61ENL,metrobus-operated-by-go-ahead-london,169,R7,ADL Enviro200
YX61ENN,metrobus-operated-by-go-ahead-london,171,R5,ADL Enviro200
YX61ENO,metrobus-operated-by-go-ahead-london,172,R4,ADL Enviro200
YX61ENP,metrobus-operated-by-go-ahead-london,173,R11,ADL Enviro200
YX61ENR,metrobus-operated-by-go-ahead-london,174,R1,ADL Enviro200
YX61ENT,metrobus-operated-by-go-ahead-london,175,R11,ADL Enviro200
YX61ENU,metrobus-operated-by-go-ahead-london,176,R4,ADL Enviro200
YX61ENV,metrobus-operated-by-go-ahead-london,177,R7,ADL Enviro200
YX61ENW,metrobus-operated-by-go-ahead-london,178,S4,ADL Enviro200
YX62DYH,metrobus-operated-by-go-ahead-london,179,R5,ADL Enviro200
YY13VKP,metrobus-operated-by-go-ahead-london,190,434,ADL Enviro200
YY13VKS,metrobus-operated-by-go-ahead-london,192,434,ADL Enviro200
YX11CTE,metrobus-operated-by-go-ahead-london,731,233,ADL Enviro200
YX11CTF,metrobus-operated-by-go-ahead-london,732,R9,ADL Enviro200
YX11CTK,metrobus-operated-by-go-ahead-london,733,358,ADL Enviro200
SN61BJX,metrobus-operated-by-go-ahead-london,E194,127,ADL Enviro400
SN61BJY,metrobus-operated-by-go-ahead-london,E195,403,ADL Enviro400
SN61BJZ,metrobus-operated-by-go-ahead-london,E196,127,ADL Enviro400
SN61BKA,metrobus-operated-by-go-ahead-london,E197,127,ADL Enviro400
SN61BKD,metrobus-operated-by-go-ahead-london,E198,127,ADL Enviro400
SN61BKE,metrobus-operated-by-go-ahead-london,E199,403,ADL Enviro400
SN61BKF,metrobus-operated-by-go-ahead-london,E200,127,ADL Enviro400
SN61BKG,metrobus-operated-by-go-ahead-london,E201,127,ADL Enviro400
SN61DDO,metrobus-operated-by-go-ahead-london,E215,119,ADL Enviro400
SN61DDU,metrobus-operated-by-go-ahead-london,E216,127,ADL Enviro400
SN61DDV,metrobus-operated-by-go-ahead-london,E217,127,ADL Enviro400
SN61DDX,metrobus-operated-by-go-ahead-london,E218,127,ADL Enviro400
SN61DDY,metrobus-operated-by-go-ahead-london,E219,127,ADL Enviro400
SN61DDZ,metrobus-operated-by-go-ahead-london,E220,127,ADL Enviro400
SN61DEU,metrobus-operated-by-go-ahead-london,E221,127,ADL Enviro400
SN61DFC,metrobus-operated-by-go-ahead-london,E223,127,ADL Enviro400
SN61DFF,metrobus-operated-by-go-ahead-london,E226,119,ADL Enviro400
EBD19,metrobus-operated-by-go-ahead-london,,320,BYD BD11
EBD20,metrobus-operated-by-go-ahead-london,,320,BYD BD11
EBD21,metrobus-operated-by-go-ahead-london,,320,BYD BD11
EBD22,metrobus-operated-by-go-ahead-london,,320,BYD BD11
EBD23,metrobus-operated-by-go-ahead-london,,320,BYD BD11
EBD24,metrobus-operated-by-go-ahead-london,,320,BYD BD11
EBD25,metrobus-operated-by-go-ahead-london,,320,BYD BD11
EBD26,metrobus-operated-by-go-ahead-london,,R1,BYD BD11
EBD27,metrobus-operated-by-go-ahead-london,,320,BYD BD11
EBD28,metrobus-operated-by-go-ahead-london,,320,BYD BD11
EBD29,metrobus-operated-by-go-ahead-london,,320,BYD BD11
EBD30,metrobus-operated-by-go-ahead-london,,320,BYD BD11
EBD31,metrobus-operated-by-go-ahead-london,,320,BYD BD11
EBD32,metrobus-operated-by-go-ahead-london,,320,BYD BD11
EBD33,metrobus-operated-by-go-ahead-london,,320,BYD BD11
EBD34,metrobus-operated-by-go-ahead-london,,320,BYD BD11
EBD168,metrobus-operated-by-go-ahead-london,,36,BYD BD11
YY66OYN,metrobus-operated-by-go-ahead-london,EH84,208,ADL Enviro400H MMC
YY66OYP,metrobus-operated-by-go-ahead-london,EH86,208,ADL Enviro400H MMC
YW19VPC,metrobus-operated-by-go-ahead-london,EH311,208,ADL Enviro400H MMC
YW19VPD,metrobus-operated-by-go-ahead-london,EH312,208,ADL Enviro400H MMC
YW19VPE,metrobus-operated-by-go-ahead-london,EH313,208,ADL Enviro400H MMC
YW19VPF,metrobus-operated-by-go-ahead-london,EH314,353,ADL Enviro400H MMC
YW19VPG,metrobus-operated-by-go-ahead-london,EH315,208,ADL Enviro400H MMC
YW19VPJ,metrobus-operated-by-go-ahead-london,EH316,208,ADL Enviro400H MMC
YW19VPK,metrobus-operated-by-go-ahead-london,EH317,208,ADL Enviro400H MMC
YW19VPL,metrobus-operated-by-go-ahead-london,EH318,208,ADL Enviro400H MMC
YW19VPM,metrobus-operated-by-go-ahead-london,EH319,664,ADL Enviro400H MMC
YW19VPN,metrobus-operated-by-go-ahead-london,EH320,208,ADL Enviro400H MMC
YW19VPO,metrobus-operated-by-go-ahead-london,EH321,208,ADL Enviro400H MMC
YW19VPP,metrobus-operated-by-go-ahead-london,EH322,208,ADL Enviro400H MMC
YW19VPR,metrobus-operated-by-go-ahead-london,EH323,208,ADL Enviro400H MMC
YW19VPT,metrobus-operated-by-go-ahead-london,EH324,208,ADL Enviro400H MMC
YW19VPU,metrobus-operated-by-go-ahead-london,EH325,208,ADL Enviro400H MMC
YW19VPV,metrobus-operated-by-go-ahead-london,EH326,208,ADL Enviro400H MMC
YW19VPX,metrobus-operated-by-go-ahead-london,EH327,208,ADL Enviro400H MMC
SN11BMY,metrobus-operated-by-go-ahead-london,EN28,208,ADL Enviro400
LG72DNO,metrobus-operated-by-go-ahead-london,Ee70,264,BYD D8UR-DD ADL Enviro400EV
LG72DNU,metrobus-operated-by-go-ahead-london,Ee71,264,BYD D8UR-DD ADL Enviro400EV
LG72DNV,metrobus-operated-by-go-ahead-london,Ee72,264,BYD D8UR-DD ADL Enviro400EV
LG72DNX,metrobus-operated-by-go-ahead-london,Ee73,264,BYD D8UR-DD ADL Enviro400EV
LG72DNY,metrobus-operated-by-go-ahead-london,Ee74,264,BYD D8UR-DD ADL Enviro400EV
LG72DOA,metrobus-operated-by-go-ahead-london,Ee75,119,BYD D8UR-DD ADL Enviro400EV
LG72DOH,metrobus-operated-by-go-ahead-london,Ee76,264,BYD D8UR-DD ADL Enviro400EV
LG72DOJ,metrobus-operated-by-go-ahead-london,Ee77,264,BYD D8UR-DD ADL Enviro400EV
LG72DOU,metrobus-operated-by-go-ahead-london,Ee78,119,BYD D8UR-DD ADL Enviro400EV
LG72DPE,metrobus-operated-by-go-ahead-london,Ee79,119,BYD D8UR-DD ADL Enviro400EV
LG72DPF,metrobus-operated-by-go-ahead-london,Ee80,264,BYD D8UR-DD ADL Enviro400EV
LG72DPK,metrobus-operated-by-go-ahead-london,Ee81,119,BYD D8UR-DD ADL Enviro400EV
LG72DPN,metrobus-operated-by-go-ahead-london,Ee82,264,BYD D8UR-DD ADL Enviro400EV
LG72DPO,metrobus-operated-by-go-ahead-london,Ee83,119,BYD D8UR-DD ADL Enviro400EV
LG72DPU,metrobus-operated-by-go-ahead-london,Ee84,264,BYD D8UR-DD ADL Enviro400EV
LG72DPV,metrobus-operated-by-go-ahead-london,Ee85,119,BYD D8UR-DD ADL Enviro400EV
LG72DPX,metrobus-operated-by-go-ahead-london,Ee86,264,BYD D8UR-DD ADL Enviro400EV
LG72DPY,metrobus-operated-by-go-ahead-london,Ee87,119,BYD D8UR-DD ADL Enviro400EV
LG72DPZ,metrobus-operated-by-go-ahead-london,Ee88,264,BYD D8UR-DD ADL Enviro400EV
LG72DRO,metrobus-operated-by-go-ahead-london,Ee89,264,BYD D8UR-DD ADL Enviro400EV
LG72DRV,metrobus-operated-by-go-ahead-london,Ee90,264,BYD D8UR-DD ADL Enviro400EV
LG72DRX,metrobus-operated-by-go-ahead-london,Ee91,119,BYD D8UR-DD ADL Enviro400EV
LG72DRZ,metrobus-operated-by-go-ahead-london,Ee92,119,BYD D8UR-DD ADL Enviro400EV
LG72DSE,metrobus-operated-by-go-ahead-london,Ee93,119,BYD D8UR-DD ADL Enviro400EV
LD72XZV,metrobus-operated-by-go-ahead-london,Ee103,353,BYD D8UR-DD ADL Enviro400EV
LD72XZW,metrobus-operated-by-go-ahead-london,Ee104,353,BYD D8UR-DD ADL Enviro400EV
LD72XZX,metrobus-operated-by-go-ahead-london,Ee105,353,BYD D8UR-DD ADL Enviro400EV
LD72XZY,metrobus-operated-by-go-ahead-london,Ee106,353,BYD D8UR-DD ADL Enviro400EV
LD72XZZ,metrobus-operated-by-go-ahead-london,Ee107,353,BYD D8UR-DD ADL Enviro400EV
LD72YAA,metrobus-operated-by-go-ahead-london,Ee108,353,BYD D8UR-DD ADL Enviro400EV
LD72YAE,metrobus-operated-by-go-ahead-london,Ee109,353,BYD D8UR-DD ADL Enviro400EV
LD72YAF,metrobus-operated-by-go-ahead-london,Ee110,353,BYD D8UR-DD ADL Enviro400EV
LD72YAG,metrobus-operated-by-go-ahead-london,Ee111,208,BYD D8UR-DD ADL Enviro400EV
LJ23FHW,metrobus-operated-by-go-ahead-london,IE1,358,
LX23BKA,metrobus-operated-by-go-ahead-london,IE2,358,
LJ23FHT,metrobus-operated-by-go-ahead-london,IE3,358,
LJ23FHV,metrobus-operated-by-go-ahead-london,IE4,358,
LJ73CHX,metrobus-operated-by-go-ahead-london,IE5,358,
LJ73CHV,metrobus-operated-by-go-ahead-london,IE6,358,
LJ23FHU,metrobus-operated-by-go-ahead-london,IE7,358,
LJ23FHS,metrobus-operated-by-go-ahead-london,IE8,358,
LJ74BSY,metrobus-operated-by-go-ahead-london,IE9,358,
LJ74BSZ,metrobus-operated-by-go-ahead-london,IE10,358,
LJ74BRX,metrobus-operated-by-go-ahead-london,IE11,358,
LJ74BRZ,metrobus-operated-by-go-ahead-london,IE12,358,
LJ74BRV,metrobus-operated-by-go-ahead-london,IE13,358,
LJ74BRF,metrobus-operated-by-go-ahead-london,IE14,358,
LJ74BPZ,metrobus-operated-by-go-ahead-london,IE15,358,
LJ74BPY,metrobus-operated-by-go-ahead-london,IE16,358,
LJ74CZO,metrobus-operated-by-go-ahead-london,IE17,358,
LJ74CZP,metrobus-operated-by-go-ahead-london,IE18,358,
LJ74BTV,metrobus-operated-by-go-ahead-london,IE19,358,
LJ74CZN,metrobus-operated-by-go-ahead-london,IE20,358,
YX11CPO,metrobus-operated-by-go-ahead-london,SE89,R11,ADL Enviro200
YX61BXE,metrobus-operated-by-go-ahead-london,SE129,358,ADL Enviro200
YX61DTY,metrobus-operated-by-go-ahead-london,SE151,358,ADL Enviro200
YY64GWZ,metrobus-operated-by-go-ahead-london,SE213,R2,ADL Enviro200
YY64GXA,metrobus-operated-by-go-ahead-london,SE214,R2,ADL Enviro200
YY64GXB,metrobus-operated-by-go-ahead-london,SE215,R2,ADL Enviro200
YY64GXC,metrobus-operated-by-go-ahead-london,SE216,R2,ADL Enviro200
YY15CNF,metrobus-operated-by-go-ahead-london,SE240,R1,ADL Enviro200
YY15CNX,metrobus-operated-by-go-ahead-london,SE242,R4,ADL Enviro200
YY15EYP,metrobus-operated-by-go-ahead-london,SE243,R11,ADL Enviro200
YY15EYR,metrobus-operated-by-go-ahead-london,SE244,R11,ADL Enviro200
YY15EYS,metrobus-operated-by-go-ahead-london,SE245,R2,ADL Enviro200
YY15HKG,metrobus-operated-by-go-ahead-london,SE256,463,ADL Enviro200
YY15HKH,metrobus-operated-by-go-ahead-london,SE257,463,ADL Enviro200
YY15HKJ,metrobus-operated-by-go-ahead-london,SE258,463,ADL Enviro200
YY15GDF,metrobus-operated-by-go-ahead-london,SE259,S4,ADL Enviro200
YY15GDJ,metrobus-operated-by-go-ahead-london,SE260,S4,ADL Enviro200
SEN22,metrobus-operated-by-go-ahead-london,,358,ADL Enviro200
SEN23,metrobus-operated-by-go-ahead-london,,R11,ADL Enviro200
SEN24,metrobus-operated-by-go-ahead-london,,358,ADL Enviro200
SEN25,metrobus-operated-by-go-ahead-london,,R11,ADL Enviro200
SEN26,metrobus-operated-by-go-ahead-london,,R9,ADL Enviro200
SEN27,metrobus-operated-by-go-ahead-london,,R9,ADL Enviro200
SEN28,metrobus-operated-by-go-ahead-london,,R11,ADL Enviro200
SEN29,metrobus-operated-by-go-ahead-london,,R11,ADL Enviro200
SEO1,metrobus-operated-by-go-ahead-london,,R1,ADL Enviro100EV
SEO2,metrobus-operated-by-go-ahead-london,,233,ADL Enviro100EV
SEO3,metrobus-operated-by-go-ahead-london,,233,ADL Enviro100EV
SEO4,metrobus-operated-by-go-ahead-london,,R3,ADL Enviro100EV
SEO5,metrobus-operated-by-go-ahead-london,,R3,ADL Enviro100EV
SEO6,metrobus-operated-by-go-ahead-london,,R1,ADL Enviro100EV
SEO7,metrobus-operated-by-go-ahead-london,,R1,ADL Enviro100EV
SEO8,metrobus-operated-by-go-ahead-london,,233,ADL Enviro100EV
SEO9,metrobus-operated-by-go-ahead-london,,233,ADL Enviro100EV
SEO11,metrobus-operated-by-go-ahead-london,,R1,ADL Enviro100EV
SEO12,metrobus-operated-by-go-ahead-london,,R8,ADL Enviro100EV
SEO13,metrobus-operated-by-go-ahead-london,,R11,ADL Enviro100EV
SEO15,metrobus-operated-by-go-ahead-london,,R3,ADL Enviro100EV
SEO17,metrobus-operated-by-go-ahead-london,,R3,ADL Enviro100EV
SEO19,metrobus-operated-by-go-ahead-london,,233,ADL Enviro100EV
SEO21,metrobus-operated-by-go-ahead-london,,233,ADL Enviro100EV
SEO22,metrobus-operated-by-go-ahead-london,,R8,ADL Enviro100EV
SEO23,metrobus-operated-by-go-ahead-london,,R3,ADL Enviro100EV
SEO24,metrobus-operated-by-go-ahead-london,,233,ADL Enviro100EV
SEO28,metrobus-operated-by-go-ahead-london,,233,ADL Enviro100EV
SEO29,metrobus-operated-by-go-ahead-london,,R4,ADL Enviro100EV
SEE166,metrobus-operated-by-go-ahead-london,,359,BYD D8UR ADL Enviro200EV
SEE167,metrobus-operated-by-go-ahead-london,,359,BYD D8UR ADL Enviro200EV
SEE243,metrobus-operated-by-go-ahead-london,,S4,BYD D8UR ADL Enviro200EV
SEE244,metrobus-operated-by-go-ahead-london,,450,BYD D8UR ADL Enviro200EV
SEE245,metrobus-operated-by-go-ahead-london,,450,BYD D8UR ADL Enviro200EV
SEE246,metrobus-operated-by-go-ahead-london,,450,BYD D8UR ADL Enviro200EV
SEE247,metrobus-operated-by-go-ahead-london,,450,BYD D8UR ADL Enviro200EV
SEE248,metrobus-operated-by-go-ahead-london,,S4,BYD D8UR ADL Enviro200EV
SEE249,metrobus-operated-by-go-ahead-london,,450,BYD D8UR ADL Enviro200EV
SEE250,metrobus-operated-by-go-ahead-london,,439,BYD D8UR ADL Enviro200EV
SEE251,metrobus-operated-by-go-ahead-london,,450,BYD D8UR ADL Enviro200EV
SEE252,metrobus-operated-by-go-ahead-london,,450,BYD D8UR ADL Enviro200EV
SEE253,metrobus-operated-by-go-ahead-london,,S4,BYD D8UR ADL Enviro200EV
SEE254,metrobus-operated-by-go-ahead-london,,450,BYD D8UR ADL Enviro200EV
SEE255,metrobus-operated-by-go-ahead-london,,439,BYD D8UR ADL Enviro200EV
SEE256,metrobus-operated-by-go-ahead-london,,450,BYD D8UR ADL Enviro200EV
SEE257,metrobus-operated-by-go-ahead-london,,450,BYD D8UR ADL Enviro200EV
SEE258,metrobus-operated-by-go-ahead-london,,450,BYD D8UR ADL Enviro200EV
SEE259,metrobus-operated-by-go-ahead-london,,439,BYD D8UR ADL Enviro200EV
SEE261,metrobus-operated-by-go-ahead-london,,450,BYD D8UR ADL Enviro200EV
SEE262,metrobus-operated-by-go-ahead-london,,450,BYD D8UR ADL Enviro200EV
SEE329,metrobus-operated-by-go-ahead-london,,450,BYD D8UR ADL Enviro200EV
SEE330,metrobus-operated-by-go-ahead-london,,S4,BYD D8UR ADL Enviro200EV
SEE331,metrobus-operated-by-go-ahead-london,,450,BYD D8UR ADL Enviro200EV
SVM19,metrobus-operated-by-go-ahead-london,,36,Volvo BZL
SVM23,metrobus-operated-by-go-ahead-london,,36,Volvo BZL
WHV45,metrobus-operated-by-go-ahead-london,,127,Volvo B5LH Wright Eclipse Gemini 3
WHV46,metrobus-operated-by-go-ahead-london,,119,Volvo B5LH Wright Eclipse Gemini 3
WHV47,metrobus-operated-by-go-ahead-london,,119,Volvo B5LH Wright Eclipse Gemini 3
WHV48,metrobus-operated-by-go-ahead-london,,119,Volvo B5LH Wright Eclipse Gemini 3
WHV49,metrobus-operated-by-go-ahead-london,,127,Volvo B5LH Wright Eclipse Gemini 3
LJ12CGG,metrobus-operated-by-go-ahead-london,WS2,R7,Wright StreetLite WF
LJ12CGO,metrobus-operated-by-go-ahead-london,WS4,W6,Wright StreetLite WF
LJ12CGU,metrobus-operated-by-go-ahead-london,WS5,R7,Wright StreetLite WF
LJ12CGV,metrobus-operated-by-go-ahead-london,WS6,R7,Wright StreetLite WF
LJ12CGX,metrobus-operated-by-go-ahead-london,WS7,R7,Wright StreetLite WF
SN64CTZ,metrobus-operated-by-go-ahead-london,WS33,463,Wright StreetLite WF
SN64CUA,metrobus-operated-by-go-ahead-london,WS34,434,Wright StreetLite WF
SN64CUH,metrobus-operated-by-go-ahead-london,WS37,463,Wright StreetLite WF
SN64CUK,metrobus-operated-by-go-ahead-london,WS39,463,Wright StreetLite WF
SN64CUU,metrobus-operated-by-go-ahead-london,WS41,463,Wright StreetLite WF
SN64CUV,metrobus-operated-by-go-ahead-london,WS42,434,Wright StreetLite WF
SN64CUW,metrobus-operated-by-go-ahead-london,WS43,463,Wright StreetLite WF
SN64CUY,metrobus-operated-by-go-ahead-london,WS45,463,Wright StreetLite WF
SN64CVB,metrobus-operated-by-go-ahead-london,WS47,463,Wright StreetLite WF
SN64CVC,metrobus-operated-by-go-ahead-london,WS48,S4,Wright StreetLite WF
SM15VJZ,metrobus-operated-by-go-ahead-london,WS55,R7,Wright StreetLite WF
SM15VKB,metrobus-operated-by-go-ahead-london,WS57,434,Wright StreetLite WF
SM15VKC,metrobus-operated-by-go-ahead-london,WS58,434,Wright StreetLite WF
SM15VKD,metrobus-operated-by-go-ahead-london,WS59,463,Wright StreetLite WF
SM15VKE,metrobus-operated-by-go-ahead-london,WS60,434,Wright StreetLite WF
SK17HKD,metrobus-operated-by-go-ahead-london,WS84,463,Wright StreetLite WF
SK17HKE,metrobus-operated-by-go-ahead-london,WS85,S4,Wright StreetLite WF
SK67FKO,metrobus-operated-by-go-ahead-london,WS101,W6,Wright StreetLite DF
SK67FKP,metrobus-operated-by-go-ahead-london,WS102,355,Wright StreetLite DF
SK67FKS,metrobus-operated-by-go-ahead-london,WS103,355,Wright StreetLite DF
WVL334,metrobus-operated-by-go-ahead-london,,,Volvo B9TL Wright Eclipse Gemini 2
WVL335,metrobus-operated-by-go-ahead-london,,,Volvo B9TL Wright Eclipse Gemini 2
WVL336,metrobus-operated-by-go-ahead-london,,,Volvo B9TL Wright Eclipse Gemini 2
WVL337,metrobus-operated-by-go-ahead-london,,,Volvo B9TL Wright Eclipse Gemini 2
WVL338,metrobus-operated-by-go-ahead-london,,,Volvo B9TL Wright Eclipse Gemini 2
WVL339,metrobus-operated-by-go-ahead-london,,,Volvo B9TL Wright Eclipse Gemini 2
WVL340,metrobus-operated-by-go-ahead-london,,,Volvo B9TL Wright Eclipse Gemini 2
WVL341,metrobus-operated-by-go-ahead-london,,,Volvo B9TL Wright Eclipse Gemini 2
WVL342,metrobus-operated-by-go-ahead-london,,,Volvo B9TL Wright Eclipse Gemini 2
WVL343,metrobus-operated-by-go-ahead-london,,,Volvo B9TL Wright Eclipse Gemini 2
WVL344,metrobus-operated-by-go-ahead-london,,,Volvo B9TL Wright Eclipse Gemini 2
WVL366,metrobus-operated-by-go-ahead-london,,127,Volvo B9TL Wright Eclipse Gemini 2
WVL448,metrobus-operated-by-go-ahead-london,,403,Volvo B9TL Wright Eclipse Gemini 2
WVL449,metrobus-operated-by-go-ahead-london,,127,Volvo B9TL Wright Eclipse Gemini 2
WVL450,metrobus-operated-by-go-ahead-london,,403,Volvo B9TL Wright Eclipse Gemini 2
WVL454,metrobus-operated-by-go-ahead-london,,,Volvo B9TL Wright Eclipse Gemini 2
WVL484,metrobus-operated-by-go-ahead-london,,,Volvo B9TL Wright Eclipse Gemini 2
WVL485,metrobus-operated-by-go-ahead-london,,,Volvo B9TL Wright Eclipse Gemini 2
WVL486,metrobus-operated-by-go-ahead-london,,,Volvo B9TL Wright Eclipse Gemini 2
WVL487,metrobus-operated-by-go-ahead-london,,,Volvo B9TL Wright Eclipse Gemini 2
WVL488,metrobus-operated-by-go-ahead-london,,,Volvo B9TL Wright Eclipse Gemini 2
WVL489,metrobus-operated-by-go-ahead-london,,,Volvo B9TL Wright Eclipse Gemini 2
WVL490,metrobus-operated-by-go-ahead-london,,,Volvo B9TL Wright Eclipse Gemini 2
WVL491,metrobus-operated-by-go-ahead-london,,,Volvo B9TL Wright Eclipse Gemini 2
WVL492,metrobus-operated-by-go-ahead-london,,,Volvo B9TL Wright Eclipse Gemini 2
WVL493,metrobus-operated-by-go-ahead-london,,,Volvo B9TL Wright Eclipse Gemini 2
WVL494,metrobus-operated-by-go-ahead-london,,,Volvo B9TL Wright Eclipse Gemini 2
WVL495,metrobus-operated-by-go-ahead-london,,,Volvo B9TL Wright Eclipse Gemini 2
WVL509,metrobus-operated-by-go-ahead-london,,119,Volvo B5TL Wright Eclipse Gemini 3
WVL510,metrobus-operated-by-go-ahead-london,,127,Volvo B5TL Wright Eclipse Gemini 3
WVN20,metrobus-operated-by-go-ahead-london,,403,Volvo B9TL Wright Eclipse Gemini 2
WVN22,metrobus-operated-by-go-ahead-london,,127,Volvo B9TL Wright Eclipse Gemini 2
WVN50,metrobus-operated-by-go-ahead-london,,403,Volvo B9TL Wright Eclipse Gemini 2
WVN51,metrobus-operated-by-go-ahead-london,,403,Volvo B9TL Wright Eclipse Gemini 2
WVN52,metrobus-operated-by-go-ahead-london,,403,Volvo B9TL Wright Eclipse Gemini 2
YX61BWA,docklands-buses,SE104,300,ADL Enviro200
YX61BWB,docklands-buses,SE105,376,ADL Enviro200
YX61BWC,docklands-buses,SE106,300,ADL Enviro200
YX61BWD,docklands-buses,SE107,376,ADL Enviro200
YX61BWE,docklands-buses,SE108,300,ADL Enviro200
YX61BYD,docklands-buses,SE109,300,ADL Enviro200
YX61BYF,docklands-buses,SE110,300,ADL Enviro200
YX61BYG,docklands-buses,SE111,300,ADL Enviro200
YX61BXR,docklands-buses,SE112,300,ADL Enviro200
YX61BXS,docklands-buses,SE113,300,ADL Enviro200
YX61BXU,docklands-buses,SE114,300,ADL Enviro200
YX61BWM,docklands-buses,SE136,300,ADL Enviro200
YJ22AXH,abellio-london,1001,E5,Switch MetroCity EV
YJ22AXK,abellio-london,1002,322,Switch MetroCity EV
YJ22AXM,abellio-london,1003,G1,Switch MetroCity EV
YJ22AXN,abellio-london,1004,322,Switch MetroCity EV
YJ22AXO,abellio-london,1005,E5,Switch MetroCity EV
YJ22AXP,abellio-london,1006,322,Switch MetroCity EV
YJ22AXR,abellio-london,1007,322,Switch MetroCity EV
YJ22AXS,abellio-london,1008,322,Switch MetroCity EV
YJ22AXT,abellio-london,1009,G1,Switch MetroCity EV
YJ22AXU,abellio-london,1010,E5,Switch MetroCity EV
YJ22AXV,abellio-london,1011,E5,Switch MetroCity EV
YJ73BWA,abellio-london,1012,E5,Switch MetroCity EV
YJ73BWB,abellio-london,1013,E5,Switch MetroCity EV
YJ73BWC,abellio-london,1014,E5,Switch MetroCity EV
YJ73BWD,abellio-london,1015,E5,Switch MetroCity EV
YJ73BWE,abellio-london,1016,E5,Switch MetroCity EV
YJ73BWF,abellio-london,1017,E5,Switch MetroCity EV
YJ73BWG,abellio-london,1018,E5,Switch MetroCity EV
YJ73BWH,abellio-london,1019,E5,Switch MetroCity EV
YJ73BWK,abellio-london,1020,E5,Switch MetroCity EV
YJ73BWL,abellio-london,1021,E5,Switch MetroCity EV
YJ73BWM,abellio-london,1022,E5,Switch MetroCity EV
YJ73BWN,abellio-london,1023,E5,Switch MetroCity EV
YJ73BWO,abellio-london,1024,E5,Switch MetroCity EV
YX25ODE,abellio-london,1051,G1,ADL Enviro100EV
YX25ODF,abellio-london,1052,G1,ADL Enviro100EV
YX25ODG,abellio-london,1053,G1,ADL Enviro100EV
YX25ODH,abellio-london,1054,G1,ADL Enviro100EV
YX25ODJ,abellio-london,1055,G1,ADL Enviro100EV
YX25ODK,abellio-london,1056,G1,ADL Enviro100EV
YX25ODL,abellio-london,1057,G1,ADL Enviro100EV
YX25ODM,abellio-london,1058,G1,ADL Enviro100EV
YX25ODN,abellio-london,1059,G1,ADL Enviro100EV
YX25ODP,abellio-london,1060,G1,ADL Enviro100EV
YX25ODR,abellio-london,1061,G1,ADL Enviro100EV
YX25ODS,abellio-london,1062,G1,ADL Enviro100EV
YX25ODT,abellio-london,1063,G1,ADL Enviro100EV
LV25XYY,abellio-london,1301,485,Wright GB Kite Electroliner
LV25XYZ,abellio-london,1302,485,Wright GB Kite Electroliner
LV25XZA,abellio-london,1303,485,Wright GB Kite Electroliner
LV25XZB,abellio-london,1304,485,Wright GB Kite Electroliner
LV25XZC,abellio-london,1305,485,Wright GB Kite Electroliner
LV75HHG,abellio-london,1306,S1,Wright GB Kite Electroliner
LV75HHJ,abellio-london,1307,S1,Wright GB Kite Electroliner
LV75HHK,abellio-london,1308,S1,Wright GB Kite Electroliner
LV75HHL,abellio-london,1309,S1,Wright GB Kite Electroliner
LV75HHM,abellio-london,1310,S1,Wright GB Kite Electroliner
LV75HHN,abellio-london,1311,S1,Wright GB Kite Electroliner
LV75HHO,abellio-london,1312,S1,Wright GB Kite Electroliner
LV75HHP,abellio-london,1313,S1,Wright GB Kite Electroliner
LV75HHR,abellio-london,1314,433,Wright GB Kite Electroliner
LV75HHS,abellio-london,1315,S1,Wright GB Kite Electroliner
LV75HHT,abellio-london,1316,S1,Wright GB Kite Electroliner
LV75HHU,abellio-london,1317,S1,Wright GB Kite Electroliner
LV75HHW,abellio-london,1318,S1,Wright GB Kite Electroliner
LV75HHX,abellio-london,1319,S1,Wright GB Kite Electroliner
LV75HHY,abellio-london,1320,S1,Wright GB Kite Electroliner
BV69KTP,abellio-london,1500,C10,Caetano e.City Gold
BV20GOC,abellio-london,1508,P5,Caetano e.City Gold
BV20GRF,abellio-london,1509,P5,Caetano e.City Gold
BV20GOE,abellio-london,1510,P5,Caetano e.City Gold
BV20GOH,abellio-london,1511,C10,Caetano e.City Gold
BV20GOJ,abellio-london,1512,C10,Caetano e.City Gold
BV20GRK,abellio-london,1513,C10,Caetano e.City Gold
BV20GOK,abellio-london,1514,C10,Caetano e.City Gold
BV20GRX,abellio-london,1516,407,Caetano e.City Gold
BV20GRZ,abellio-london,1517,P5,Caetano e.City Gold
BV20GSO,abellio-london,1518,P5,Caetano e.City Gold
BV20GSU,abellio-london,1519,C10,Caetano e.City Gold
BV20GSY,abellio-london,1520,P5,Caetano e.City Gold
BV20GSZ,abellio-london,1521,P5,Caetano e.City Gold
BV20GTF,abellio-london,1522,C10,Caetano e.City Gold
BV20GTU,abellio-london,1523,433,Caetano e.City Gold
BV20GTZ,abellio-london,1525,S1,Caetano e.City Gold
BV20GUA,abellio-london,1526,P5,Caetano e.City Gold
BV20GUC,abellio-london,1527,S1,Caetano e.City Gold
BV20GUD,abellio-london,1528,P5,Caetano e.City Gold
BV20GUF,abellio-london,1529,P5,Caetano e.City Gold
BV20GUG,abellio-london,1530,433,Caetano e.City Gold
BV20GUH,abellio-london,1531,485,Caetano e.City Gold
BV20GUJ,abellio-london,1532,C10,Caetano e.City Gold
BV20GUK,abellio-london,1533,433,Caetano e.City Gold
BV20GUO,abellio-london,1534,433,Caetano e.City Gold
BV23ZYX,abellio-london,1535,P5,Caetano e.City Gold
BV23ZYY,abellio-london,1536,P5,Caetano e.City Gold
BV23ZYZ,abellio-london,1537,P5,Caetano e.City Gold
BV23ZZB,abellio-london,1538,P5,Caetano e.City Gold
BV23ZZC,abellio-london,1539,P5,Caetano e.City Gold
BV23ZZD,abellio-london,1540,P5,Caetano e.City Gold
BV23ZZE,abellio-london,1541,P5,Caetano e.City Gold
BV23ZZF,abellio-london,1542,P5,Caetano e.City Gold
BV23ZZG,abellio-london,1543,P5,Caetano e.City Gold
LV73FGU,abellio-london,1701,E7,Wright GB Kite Electroliner
LV73FGX,abellio-london,1702,E7,Wright GB Kite Electroliner
LV73FGZ,abellio-london,1703,E7,Wright GB Kite Electroliner
LV73FHA,abellio-london,1704,E7,Wright GB Kite Electroliner
LV73FHB,abellio-london,1705,E7,Wright GB Kite Electroliner
LV73FHC,abellio-london,1706,E7,Wright GB Kite Electroliner
LV73FHD,abellio-london,1707,E7,Wright GB Kite Electroliner
LV73FHE,abellio-london,1708,E7,Wright GB Kite Electroliner
LV73FHF,abellio-london,1709,E7,Wright GB Kite Electroliner
LV73FHG,abellio-london,1710,E7,Wright GB Kite Electroliner
LV73FHH,abellio-london,1711,E7,Wright GB Kite Electroliner
LV73FHJ,abellio-london,1712,E7,Wright GB Kite Electroliner
LV24EWZ,abellio-london,1713,E6,Wright GB Kite Electroliner
LV24EXA,abellio-london,1714,E6,Wright GB Kite Electroliner
LV24EXB,abellio-london,1715,E6,Wright GB Kite Electroliner
LV24EXC,abellio-london,1716,E6,Wright GB Kite Electroliner
LV24EXD,abellio-london,1717,E6,Wright GB Kite Electroliner
LV24EXE,abellio-london,1718,E6,Wright GB Kite Electroliner
LV24EXF,abellio-london,1719,E6,Wright GB Kite Electroliner
LV24EXG,abellio-london,1720,E6,Wright GB Kite Electroliner
LV24EXH,abellio-london,1721,E6,Wright GB Kite Electroliner
LV24EXJ,abellio-london,1722,E6,Wright GB Kite Electroliner
LV24EXK,abellio-london,1723,E6,Wright GB Kite Electroliner
LV24EXL,abellio-london,1724,E6,Wright GB Kite Electroliner
LV24VRK,abellio-london,1725,R70,Wright GB Kite Electroliner
LV24VRL,abellio-london,1726,R70,Wright GB Kite Electroliner
LV24VRM,abellio-london,1727,R70,Wright GB Kite Electroliner
LV24VRN,abellio-london,1728,R70,Wright GB Kite Electroliner
LV24VRO,abellio-london,1729,R70,Wright GB Kite Electroliner
LV24VRP,abellio-london,1730,R70,Wright GB Kite Electroliner
LV24VRR,abellio-london,1731,R70,Wright GB Kite Electroliner
LV24VRT,abellio-london,1732,R70,Wright GB Kite Electroliner
LV24VRU,abellio-london,1733,R70,Wright GB Kite Electroliner
LV24VRW,abellio-london,1734,R70,Wright GB Kite Electroliner
LV24VRX,abellio-london,1735,R70,Wright GB Kite Electroliner
LV24VRY,abellio-london,1736,R70,Wright GB Kite Electroliner
MJ74JTX,abellio-london,1737,433,Wright GB Kite Electroliner
LV25WYC,abellio-london,1738,433,Wright GB Kite Electroliner
LV25WYD,abellio-london,1739,433,Wright GB Kite Electroliner
LV25WYF,abellio-london,1740,433,Wright GB Kite Electroliner
LV25WYG,abellio-london,1741,433,Wright GB Kite Electroliner
LV25WYH,abellio-london,1742,433,Wright GB Kite Electroliner
LV25XZD,abellio-london,1743,433,Wright GB Kite Electroliner
LV25XZE,abellio-london,1744,433,Wright GB Kite Electroliner
LV25XZF,abellio-london,1745,433,Wright GB Kite Electroliner
LV25XZG,abellio-london,1746,C10,Wright GB Kite Electroliner
LV25XZH,abellio-london,1747,C10,Wright GB Kite Electroliner
LV25XZJ,abellio-london,1748,C10,Wright GB Kite Electroliner
LV25XZK,abellio-london,1749,C10,Wright GB Kite Electroliner
LV25XZL,abellio-london,1750,C10,Wright GB Kite Electroliner
LV25XZM,abellio-london,1751,C10,Wright GB Kite Electroliner
LV25XZN,abellio-london,1752,C10,Wright GB Kite Electroliner
LV25XZO,abellio-london,1753,C10,Wright GB Kite Electroliner
LV25XZP,abellio-london,1754,C10,Wright GB Kite Electroliner
LV25XZR,abellio-london,1755,C10,Wright GB Kite Electroliner
LV25XZS,abellio-london,1756,P5,Wright GB Kite Electroliner
LV25XZZ,abellio-london,1757,C10,Wright GB Kite Electroliner
LV25ZBC,abellio-london,1758,C10,Wright GB Kite Electroliner
LV25ZBD,abellio-london,1759,P5,Wright GB Kite Electroliner
LV25ZBE,abellio-london,1760,C10,Wright GB Kite Electroliner
LV25ZBF,abellio-london,1761,C10,Wright GB Kite Electroliner
LY25OYG,abellio-london,1762,C10,Wright GB Kite Electroliner
LY25OYH,abellio-london,1763,C10,Wright GB Kite Electroliner
LX75ZFT,abellio-london,1764,C10,Wright GB Kite Electroliner
LX75ZFU,abellio-london,1765,C10,Wright GB Kite Electroliner
LX75ZFV,abellio-london,1766,C10,Wright GB Kite Electroliner
LX75ZFW,abellio-london,1767,C10,Wright GB Kite Electroliner
LX75ZFY,abellio-london,1768,P5,Wright GB Kite Electroliner
LX75ZFZ,abellio-london,1769,C10,Wright GB Kite Electroliner
LX75ZGA,abellio-london,1770,C10,Wright GB Kite Electroliner
LX75ZGB,abellio-london,1771,C10,Wright GB Kite Electroliner
LX75ZGC,abellio-london,1772,C10,Wright GB Kite Electroliner
LX26ZFB,abellio-london,1773,493,Wright GB Kite Electroliner
LX26ZFC,abellio-london,1774,493,Wright GB Kite Electroliner
LX26ZFD,abellio-london,1775,493,Wright GB Kite Electroliner
LX26ZFE,abellio-london,1776,493,Wright GB Kite Electroliner
LX26ZFF,abellio-london,1777,493,Wright GB Kite Electroliner
LX26ZFG,abellio-london,1778,493,Wright GB Kite Electroliner
LX26ZFH,abellio-london,1779,493,Wright GB Kite Electroliner
LX26ZFJ,abellio-london,1780,493,Wright GB Kite Electroliner
LX26ZFK,abellio-london,1781,493,Wright GB Kite Electroliner
LX26ZFL,abellio-london,1782,493,Wright GB Kite Electroliner
LX26ZFW,abellio-london,1783,493,Wright GB Kite Electroliner
LX26ZFY,abellio-london,1784,433,Wright GB Kite Electroliner
LX26ZFZ,abellio-london,1785,493,Wright GB Kite Electroliner
LX26ZGA,abellio-london,1786,493,Wright GB Kite Electroliner
LX26ZGB,abellio-london,1787,493,Wright GB Kite Electroliner
LX26ZGC,abellio-london,1788,493,Wright GB Kite Electroliner
LX26ZGD,abellio-london,1789,493,Wright GB Kite Electroliner
LX26ZGE,abellio-london,1790,493,Wright GB Kite Electroliner
LX26ZGF,abellio-london,1791,493,Wright GB Kite Electroliner
LX26ZGG,abellio-london,1792,24,Wright GB Kite Electroliner
YX19ORG,abellio-london,2001,618,ADL Enviro400 MMC
YX19ORH,abellio-london,2002,207,ADL Enviro400 MMC
YX19ORJ,abellio-london,2003,207,ADL Enviro400 MMC
YX19ORK,abellio-london,2004,207,ADL Enviro400 MMC
YX19ORL,abellio-london,2005,207,ADL Enviro400 MMC
SN69ZRL,abellio-london,2006,278,ADL Enviro400 MMC
SN69ZRO,abellio-london,2007,U5,ADL Enviro400 MMC
SN69ZRP,abellio-london,2008,278,ADL Enviro400 MMC
SN69ZRR,abellio-london,2009,278,ADL Enviro400 MMC
SN69ZRT,abellio-london,2010,278,ADL Enviro400 MMC
SN69ZRU,abellio-london,2011,278,ADL Enviro400 MMC
SN69ZRV,abellio-london,2012,278,ADL Enviro400 MMC
YX20OBU,abellio-london,2013,482,ADL Enviro400 MMC
YX20OBV,abellio-london,2014,482,ADL Enviro400 MMC
YX20OBW,abellio-london,2015,482,ADL Enviro400 MMC
YX20OBY,abellio-london,2016,482,ADL Enviro400 MMC
YX20OBZ,abellio-london,2017,482,ADL Enviro400 MMC
YX20OCA,abellio-london,2018,482,ADL Enviro400 MMC
YX20OCB,abellio-london,2019,482,ADL Enviro400 MMC
YX20OCC,abellio-london,2020,482,ADL Enviro400 MMC
YX20OCD,abellio-london,2021,482,ADL Enviro400 MMC
SK20AZL,abellio-london,2022,109,ADL Enviro400 MMC
SK20AZN,abellio-london,2023,109,ADL Enviro400 MMC
SK20AZO,abellio-london,2024,N109,ADL Enviro400 MMC
SK20AZP,abellio-london,2025,109,ADL Enviro400 MMC
SK20AZR,abellio-london,2026,415,ADL Enviro400 MMC
SK20AZT,abellio-london,2027,415,ADL Enviro400 MMC
SK20AZU,abellio-london,2028,363,ADL Enviro400 MMC
SK20AZV,abellio-london,2029,278,ADL Enviro400 MMC
SK20AZW,abellio-london,2030,415,ADL Enviro400 MMC
SK20AZX,abellio-london,2031,278,ADL Enviro400 MMC
SK20AZZ,abellio-london,2032,278,ADL Enviro400 MMC
SK20BAA,abellio-london,2033,482,ADL Enviro400 MMC
SK20BAO,abellio-london,2034,207,ADL Enviro400 MMC
SK20BAU,abellio-london,2035,207,ADL Enviro400 MMC
SK20BAV,abellio-london,2036,285,ADL Enviro400 MMC
SK20BDZ,abellio-london,2037,285,ADL Enviro400 MMC
SK20BEJ,abellio-london,2038,285,ADL Enviro400 MMC
SK20BEO,abellio-london,2039,285,ADL Enviro400 MMC
SK20BEU,abellio-london,2040,285,ADL Enviro400 MMC
SK20BEY,abellio-london,2041,285,ADL Enviro400 MMC
SK20BFA,abellio-london,2042,285,ADL Enviro400 MMC
SK20BFE,abellio-london,2043,285,ADL Enviro400 MMC
SK20BFF,abellio-london,2044,285,ADL Enviro400 MMC
SK20BFJ,abellio-london,2045,285,ADL Enviro400 MMC
SK20BFL,abellio-london,2046,285,ADL Enviro400 MMC
SK20BFM,abellio-london,2047,111,ADL Enviro400 MMC
SK20BFN,abellio-london,2048,285,ADL Enviro400 MMC
SK20BFO,abellio-london,2049,285,ADL Enviro400 MMC
SK20BFP,abellio-london,2050,285,ADL Enviro400 MMC
SK20BFU,abellio-london,2051,111,ADL Enviro400 MMC
SK20BFV,abellio-london,2052,285,ADL Enviro400 MMC
SK20BFX,abellio-london,2053,285,ADL Enviro400 MMC
SN61DFL,abellio-london,2401,407,ADL Enviro400H
SN61DFO,abellio-london,2402,109,ADL Enviro400H
SN61DFP,abellio-london,2403,407,ADL Enviro400H
SN61DFU,abellio-london,2404,407,ADL Enviro400H
SN61DFV,abellio-london,2405,407,ADL Enviro400H
SN61DFX,abellio-london,2406,109,ADL Enviro400H
SN61DFY,abellio-london,2407,407,ADL Enviro400H
SN61DFZ,abellio-london,2408,407,ADL Enviro400H
SN61DGE,abellio-london,2409,407,ADL Enviro400H
SN61DGF,abellio-london,2410,278,ADL Enviro400H
SN61DGO,abellio-london,2411,278,ADL Enviro400H
SN61DGU,abellio-london,2412,278,ADL Enviro400H
SN61DGV,abellio-london,2413,278,ADL Enviro400H
SN61DGX,abellio-london,2414,278,ADL Enviro400H
SN61DGY,abellio-london,2415,207,ADL Enviro400H
SN61DGZ,abellio-london,2416,207,ADL Enviro400H
SN61DHA,abellio-london,2417,618,ADL Enviro400H
SN61CXX,abellio-london,2418,207,ADL Enviro400H
SN61CXY,abellio-london,2419,427,ADL Enviro400H
SN61CXZ,abellio-london,2420,407,ADL Enviro400H
SN61CYA,abellio-london,2421,207,ADL Enviro400H
SN61CYC,abellio-london,2422,207,ADL Enviro400H
SN61CYE,abellio-london,2423,407,ADL Enviro400H
SN61CYF,abellio-london,2424,407,ADL Enviro400H
SN61CYH,abellio-london,2426,407,ADL Enviro400H
SN61CYJ,abellio-london,2427,363,ADL Enviro400H
SN61CYK,abellio-london,2428,363,ADL Enviro400H
SN61CYL,abellio-london,2429,345,ADL Enviro400H
SN61CYO,abellio-london,2430,156,ADL Enviro400H
SN61CYP,abellio-london,2431,407,ADL Enviro400H
SN61CYS,abellio-london,2432,407,ADL Enviro400H
SN61CYT,abellio-london,2433,156,ADL Enviro400H
SN61CYU,abellio-london,2434,344,ADL Enviro400H
SN61CYV,abellio-london,2435,345,ADL Enviro400H
SN61CYW,abellio-london,2436,207,ADL Enviro400H
SN61CYX,abellio-london,2437,207,ADL Enviro400H
SN12AUE,abellio-london,2438,207,ADL Enviro400H
SN12AUF,abellio-london,2439,639,ADL Enviro400H
SN12AUH,abellio-london,2440,670,ADL Enviro400H
SN12AUK,abellio-london,2442,407,ADL Enviro400H
SN12AUL,abellio-london,2443,363,ADL Enviro400H
SK14CTZ,abellio-london,2444,344,ADL Enviro400H
SK14CUA,abellio-london,2445,344,ADL Enviro400H
SK14CUC,abellio-london,2446,345,ADL Enviro400H
SK14CUG,abellio-london,2447,344,ADL Enviro400H
SK14CUH,abellio-london,2448,344,ADL Enviro400H
SK14SYY,abellio-london,2449,156,ADL Enviro400H
SK14SYZ,abellio-london,2450,156,ADL Enviro400H
SK14SZC,abellio-london,2451,345,ADL Enviro400H
SL14DDF,abellio-london,2452,345,ADL Enviro400H
SL14DDJ,abellio-london,2453,345,ADL Enviro400H
SL14DDK,abellio-london,2454,344,ADL Enviro400H
SL14DDN,abellio-london,2455,156,ADL Enviro400H
SL14DDO,abellio-london,2456,344,ADL Enviro400H
SL14DDU,abellio-london,2457,345,ADL Enviro400H
SL14DDV,abellio-london,2458,345,ADL Enviro400H
SL14DDX,abellio-london,2459,345,ADL Enviro400H
SL14DDY,abellio-london,2460,344,ADL Enviro400H
SL14DDZ,abellio-london,2461,427,ADL Enviro400H
SL14DEU,abellio-london,2462,278,ADL Enviro400H
SL14DFA,abellio-london,2463,344,ADL Enviro400H
SL14DFC,abellio-london,2464,345,ADL Enviro400H
SL14LOA,abellio-london,2465,156,ADL Enviro400H
SL14LOD,abellio-london,2466,345,ADL Enviro400H
SN64OER,abellio-london,2467,344,ADL Enviro400H
SN64OES,abellio-london,2468,345,ADL Enviro400H
SN64OET,abellio-london,2469,344,ADL Enviro400H
SN64OEU,abellio-london,2470,156,ADL Enviro400H
SN64OEV,abellio-london,2471,156,ADL Enviro400H
SN64OEW,abellio-london,2472,345,ADL Enviro400H
SN64OEX,abellio-london,2473,344,ADL Enviro400H
SN64OEY,abellio-london,2474,345,ADL Enviro400H
SN64OEZ,abellio-london,2475,345,ADL Enviro400H
SN64OFA,abellio-london,2476,156,ADL Enviro400H
SN64OFB,abellio-london,2477,156,ADL Enviro400H
SN64OFC,abellio-london,2478,344,ADL Enviro400H
SN64OFD,abellio-london,2479,344,ADL Enviro400H
SN64OFE,abellio-london,2480,156,ADL Enviro400H
SN64OFG,abellio-london,2481,156,ADL Enviro400H
SN64OFH,abellio-london,2482,345,ADL Enviro400H
SN64OFJ,abellio-london,2483,344,ADL Enviro400H
SN64OFK,abellio-london,2484,345,ADL Enviro400H
SN64OFL,abellio-london,2485,344,ADL Enviro400H
YY64TYD,abellio-london,2487,109,ADL Enviro400H MMC
YY64TYF,abellio-london,2488,109,ADL Enviro400H MMC
YY64TYG,abellio-london,2489,109,ADL Enviro400H MMC
YY64TYH,abellio-london,2490,109,ADL Enviro400H MMC
YY64TYK,abellio-london,2491,109,ADL Enviro400H MMC
YY64TYO,abellio-london,2492,109,ADL Enviro400H MMC
YY64TYP,abellio-london,2493,109,ADL Enviro400H MMC
YY64TYS,abellio-london,2494,109,ADL Enviro400H MMC
YY64TYT,abellio-london,2495,N109,ADL Enviro400H MMC
YY64TYU,abellio-london,2496,109,ADL Enviro400H MMC
YY64TYV,abellio-london,2497,109,ADL Enviro400H MMC
YY64TYW,abellio-london,2498,109,ADL Enviro400H MMC
YY64TYX,abellio-london,2499,109,ADL Enviro400H MMC
YY64TYZ,abellio-london,2500,109,ADL Enviro400H MMC
YY64TZA,abellio-london,2501,109,ADL Enviro400H MMC
YY64TZB,abellio-london,2502,109,ADL Enviro400H MMC
YY64TZC,abellio-london,2503,N109,ADL Enviro400H MMC
YY64TZD,abellio-london,2504,407,ADL Enviro400H MMC
YY64TZE,abellio-london,2505,109,ADL Enviro400H MMC
YY64TZF,abellio-london,2506,109,ADL Enviro400H MMC
YY64TZG,abellio-london,2507,109,ADL Enviro400H MMC
YY64TZH,abellio-london,2508,109,ADL Enviro400H MMC
YY64TZJ,abellio-london,2509,109,ADL Enviro400H MMC
YY64TZK,abellio-london,2510,109,ADL Enviro400H MMC
YY64TZL,abellio-london,2511,109,ADL Enviro400H MMC
YY64TZM,abellio-london,2512,109,ADL Enviro400H MMC
YY64TZN,abellio-london,2513,109,ADL Enviro400H MMC
YY64TZO,abellio-london,2514,109,ADL Enviro400H MMC
YX15OWD,abellio-london,2515,207,ADL Enviro400H MMC
YX15OWE,abellio-london,2516,427,ADL Enviro400H MMC
YX15OWF,abellio-london,2517,207,ADL Enviro400H MMC
YX15OWG,abellio-london,2518,207,ADL Enviro400H MMC
YX15OWH,abellio-london,2519,45,ADL Enviro400H MMC
YX15OWJ,abellio-london,2520,45,ADL Enviro400H MMC
YX15OWK,abellio-london,2521,45,ADL Enviro400H MMC
YX15OWM,abellio-london,2522,45,ADL Enviro400H MMC
YX15OWO,abellio-london,2523,345,ADL Enviro400H MMC
YX15OWP,abellio-london,2524,344,ADL Enviro400H MMC
YX15OWR,abellio-london,2525,156,ADL Enviro400H MMC
YX15OWU,abellio-london,2526,345,ADL Enviro400H MMC
YX15OWV,abellio-london,2527,344,ADL Enviro400H MMC
YX15OWW,abellio-london,2528,345,ADL Enviro400H MMC
YX15OWY,abellio-london,2529,345,ADL Enviro400H MMC
YX15OWZ,abellio-london,2530,344,ADL Enviro400H MMC
YX15OXA,abellio-london,2531,207,ADL Enviro400H MMC
YX15OXB,abellio-london,2532,U5,ADL Enviro400H MMC
YX15OXC,abellio-london,2533,278,ADL Enviro400H MMC
YY16YKA,abellio-london,2534,345,ADL Enviro400H MMC
YY16YKB,abellio-london,2535,344,ADL Enviro400H MMC
YY16YKC,abellio-london,2536,345,ADL Enviro400H MMC
YY16YKD,abellio-london,2537,156,ADL Enviro400H MMC
YY16YKE,abellio-london,2538,156,ADL Enviro400H MMC
YY16YKF,abellio-london,2539,156,ADL Enviro400H MMC
YY16YKG,abellio-london,2540,345,ADL Enviro400H MMC
YY16YKM,abellio-london,2541,345,ADL Enviro400H MMC
YY16YKK,abellio-london,2542,344,ADL Enviro400H MMC
YY16YKL,abellio-london,2543,344,ADL Enviro400H MMC
YY16YKH,abellio-london,2544,344,ADL Enviro400H MMC
YY16YKJ,abellio-london,2545,133,ADL Enviro400H MMC
YY16YKN,abellio-london,2546,345,ADL Enviro400H MMC
YY16YKO,abellio-london,2547,345,ADL Enviro400H MMC
YY16YKP,abellio-london,2548,345,ADL Enviro400H MMC
YY16YKR,abellio-london,2549,345,ADL Enviro400H MMC
YY16YKS,abellio-london,2550,344,ADL Enviro400H MMC
YY16YKT,abellio-london,2551,345,ADL Enviro400H MMC
YX17NUW,abellio-london,2552,427,ADL Enviro400H MMC
YX17NUY,abellio-london,2553,427,ADL Enviro400H MMC
YX17NVA,abellio-london,2554,427,ADL Enviro400H MMC
YX17NVB,abellio-london,2555,427,ADL Enviro400H MMC
YX17NVC,abellio-london,2556,207,ADL Enviro400H MMC
YX17NVD,abellio-london,2557,207,ADL Enviro400H MMC
YX17NVE,abellio-london,2558,427,ADL Enviro400H MMC
YX17NVF,abellio-london,2559,207,ADL Enviro400H MMC
YX17NVG,abellio-london,2560,427,ADL Enviro400H MMC
YX17NVH,abellio-london,2561,427,ADL Enviro400H MMC
YX17NVJ,abellio-london,2562,427,ADL Enviro400H MMC
YX17NVK,abellio-london,2563,427,ADL Enviro400H MMC
YX17NVL,abellio-london,2564,427,ADL Enviro400H MMC
YX17NVM,abellio-london,2565,427,ADL Enviro400H MMC
YX17NVN,abellio-london,2566,427,ADL Enviro400H MMC
YX17NVP,abellio-london,2568,427,ADL Enviro400H MMC
YX17NVR,abellio-london,2569,363,ADL Enviro400H MMC
YX17NVS,abellio-london,2570,363,ADL Enviro400H MMC
YX17NVT,abellio-london,2571,45,ADL Enviro400H MMC
YX17NVU,abellio-london,2572,363,ADL Enviro400H MMC
YX17NVV,abellio-london,2573,45,ADL Enviro400H MMC
YX17NVW,abellio-london,2574,45,ADL Enviro400H MMC
YX17NVY,abellio-london,2575,363,ADL Enviro400H MMC
YX17NVZ,abellio-london,2576,45,ADL Enviro400H MMC
YX17NPP,abellio-london,2577,156,ADL Enviro400H MMC
YX17NPU,abellio-london,2578,285,ADL Enviro400H MMC
YX17NPV,abellio-london,2579,285,ADL Enviro400H MMC
YY67GZA,abellio-london,2580,407,ADL Enviro400H MMC
YY67GZB,abellio-london,2581,407,ADL Enviro400H MMC
YY67GZC,abellio-london,2582,407,ADL Enviro400H MMC
YY67GZD,abellio-london,2583,407,ADL Enviro400H MMC
YY67GZE,abellio-london,2584,407,ADL Enviro400H MMC
YY67GZF,abellio-london,2585,407,ADL Enviro400H MMC
YY67GZG,abellio-london,2586,407,ADL Enviro400H MMC
YY67GZH,abellio-london,2587,109,ADL Enviro400H MMC
YY67GZJ,abellio-london,2588,363,ADL Enviro400H MMC
YY67GZK,abellio-london,2589,N381,ADL Enviro400H MMC
YY67GZL,abellio-london,2590,45,ADL Enviro400H MMC
YY67GZM,abellio-london,2591,45,ADL Enviro400H MMC
YY67GZN,abellio-london,2592,45,ADL Enviro400H MMC
YY67GZO,abellio-london,2593,45,ADL Enviro400H MMC
YY67GZP,abellio-london,2594,45,ADL Enviro400H MMC
YY67GZR,abellio-london,2595,363,ADL Enviro400H MMC
YY67GZS,abellio-london,2596,45,ADL Enviro400H MMC
YY67GZT,abellio-london,2597,45,ADL Enviro400H MMC
YY67GZU,abellio-london,2598,363,ADL Enviro400H MMC
YY67GZV,abellio-london,2599,45,ADL Enviro400H MMC
YY67GZW,abellio-london,2600,45,ADL Enviro400H MMC
YY67GZX,abellio-london,2601,N63,ADL Enviro400H MMC
YY67GZZ,abellio-london,2602,363,ADL Enviro400H MMC
SN18KKR,abellio-london,2603,207,ADL Enviro400H MMC
SN18KKS,abellio-london,2604,207,ADL Enviro400H MMC
SN18KKU,abellio-london,2605,427,ADL Enviro400H MMC
SN18KKV,abellio-london,2606,427,ADL Enviro400H MMC
SN18KKW,abellio-london,2607,207,ADL Enviro400H MMC
SN18KKX,abellio-london,2608,427,ADL Enviro400H MMC
SN18KKY,abellio-london,2609,207,ADL Enviro400H MMC
SN18KKZ,abellio-london,2610,207,ADL Enviro400H MMC
SN18KLA,abellio-london,2611,427,ADL Enviro400H MMC
SN18KLC,abellio-london,2612,207,ADL Enviro400H MMC
SN18KLD,abellio-london,2613,207,ADL Enviro400H MMC
SN18KLE,abellio-london,2614,345,ADL Enviro400H MMC
SN18KLF,abellio-london,2615,207,ADL Enviro400H MMC
SN18KLJ,abellio-london,2616,207,ADL Enviro400H MMC
SN18KLK,abellio-london,2617,207,ADL Enviro400H MMC
SN18KLL,abellio-london,2618,285,ADL Enviro400H MMC
LV72BYT,abellio-london,3001,111,Wright StreetDeck Electroliner
LV72BYU,abellio-london,3002,111,Wright StreetDeck Electroliner
LV72BYW,abellio-london,3003,111,Wright StreetDeck Electroliner
LV72BYX,abellio-london,3004,111,Wright StreetDeck Electroliner
LV72BYY,abellio-london,3005,111,Wright StreetDeck Electroliner
LV72BYZ,abellio-london,3006,111,Wright StreetDeck Electroliner
LV72BZA,abellio-london,3007,111,Wright StreetDeck Electroliner
LV72BZB,abellio-london,3008,111,Wright StreetDeck Electroliner
LV72BZC,abellio-london,3009,111,Wright StreetDeck Electroliner
LV72BZD,abellio-london,3010,111,Wright StreetDeck Electroliner
LV72BZE,abellio-london,3011,111,Wright StreetDeck Electroliner
LV72BZF,abellio-london,3012,111,Wright StreetDeck Electroliner
LV72BZG,abellio-london,3013,111,Wright StreetDeck Electroliner
LV72BZH,abellio-london,3014,111,Wright StreetDeck Electroliner
LV72BZJ,abellio-london,3015,111,Wright StreetDeck Electroliner
LV72BZK,abellio-london,3016,111,Wright StreetDeck Electroliner
LV72BZL,abellio-london,3017,111,Wright StreetDeck Electroliner
LV72BZM,abellio-london,3018,111,Wright StreetDeck Electroliner
LV72BZN,abellio-london,3019,111,Wright StreetDeck Electroliner
LV72BZO,abellio-london,3020,111,Wright StreetDeck Electroliner
LV72BZP,abellio-london,3021,111,Wright StreetDeck Electroliner
LV72BZR,abellio-london,3022,111,Wright StreetDeck Electroliner
LV72BZS,abellio-london,3023,111,Wright StreetDeck Electroliner
LV72BZT,abellio-london,3024,111,Wright StreetDeck Electroliner
LV72BZU,abellio-london,3025,111,Wright StreetDeck Electroliner
LV72BZW,abellio-london,3026,111,Wright StreetDeck Electroliner
LV72BZX,abellio-london,3027,111,Wright StreetDeck Electroliner
LV72BZY,abellio-london,3028,111,Wright StreetDeck Electroliner
LV72CAA,abellio-london,3029,111,Wright StreetDeck Electroliner
LV72CAE,abellio-london,3030,111,Wright StreetDeck Electroliner
LV73FDK,abellio-london,3031,381,Wright StreetDeck Electroliner
LV73FDL,abellio-london,3032,381,Wright StreetDeck Electroliner
LV73FDM,abellio-london,3033,63,Wright StreetDeck Electroliner
LV73FDN,abellio-london,3034,381,Wright StreetDeck Electroliner
LV73FDO,abellio-london,3035,45,Wright StreetDeck Electroliner
LV73FDP,abellio-london,3036,63,Wright StreetDeck Electroliner
LV73FDU,abellio-london,3037,63,Wright StreetDeck Electroliner
LV73FHK,abellio-london,3038,337,Wright StreetDeck Electroliner
LV73FHL,abellio-london,3039,133,Wright StreetDeck Electroliner
LV73FHM,abellio-london,3040,306,Wright StreetDeck Electroliner
LV73FHN,abellio-london,3041,306,Wright StreetDeck Electroliner
LV73FHO,abellio-london,3042,C3,Wright StreetDeck Electroliner
LV73FHP,abellio-london,3043,C3,Wright StreetDeck Electroliner
LV73FHR,abellio-london,3044,133,Wright StreetDeck Electroliner
LV73FHS,abellio-london,3045,337,Wright StreetDeck Electroliner
LV73FHT,abellio-london,3046,133,Wright StreetDeck Electroliner
LV73FHU,abellio-london,3047,337,Wright StreetDeck Electroliner
LV24EUF,abellio-london,3048,133,Wright StreetDeck Electroliner
LV24EUH,abellio-london,3049,133,Wright StreetDeck Electroliner
LV24EUJ,abellio-london,3050,306,Wright StreetDeck Electroliner
LV24EUK,abellio-london,3051,133,Wright StreetDeck Electroliner
LV24EUL,abellio-london,3052,306,Wright StreetDeck Electroliner
LV24EUM,abellio-london,3053,337,Wright StreetDeck Electroliner
LV24EUN,abellio-london,3054,C3,Wright StreetDeck Electroliner
LV24EUO,abellio-london,3055,337,Wright StreetDeck Electroliner
LV24EUP,abellio-london,3056,306,Wright StreetDeck Electroliner
LV24EUR,abellio-london,3057,133,Wright StreetDeck Electroliner
LV24EUT,abellio-london,3058,337,Wright StreetDeck Electroliner
LV24EVR,abellio-london,3059,133,Wright StreetDeck Electroliner
LV24EVT,abellio-london,3060,133,Wright StreetDeck Electroliner
LV24EVU,abellio-london,3061,306,Wright StreetDeck Electroliner
LV24EVW,abellio-london,3062,133,Wright StreetDeck Electroliner
LV24EVX,abellio-london,3063,C3,Wright StreetDeck Electroliner
LV24EWA,abellio-london,3064,133,Wright StreetDeck Electroliner
LV24EWB,abellio-london,3065,133,Wright StreetDeck Electroliner
LV24EWC,abellio-london,3066,337,Wright StreetDeck Electroliner
LV24EWD,abellio-london,3067,C3,Wright StreetDeck Electroliner
LV24EWE,abellio-london,3068,133,Wright StreetDeck Electroliner
LV24EWF,abellio-london,3069,133,Wright StreetDeck Electroliner
LV24EWG,abellio-london,3070,133,Wright StreetDeck Electroliner
LV24EWH,abellio-london,3071,306,Wright StreetDeck Electroliner
LV24EWJ,abellio-london,3072,337,Wright StreetDeck Electroliner
LV24EWK,abellio-london,3073,133,Wright StreetDeck Electroliner
LV24EWL,abellio-london,3074,133,Wright StreetDeck Electroliner
LV24EWM,abellio-london,3075,337,Wright StreetDeck Electroliner
LV24EWN,abellio-london,3076,133,Wright StreetDeck Electroliner
LV24EWO,abellio-london,3077,133,Wright StreetDeck Electroliner
LV24EWP,abellio-london,3078,133,Wright StreetDeck Electroliner
LV24EWR,abellio-london,3079,133,Wright StreetDeck Electroliner
LV24EWS,abellio-london,3080,337,Wright StreetDeck Electroliner
LV24EWT,abellio-london,3081,133,Wright StreetDeck Electroliner
LV24EWU,abellio-london,3082,133,Wright StreetDeck Electroliner
LV24EWW,abellio-london,3083,C3,Wright StreetDeck Electroliner
LV24EWX,abellio-london,3084,133,Wright StreetDeck Electroliner
LV24EWY,abellio-london,3085,306,Wright StreetDeck Electroliner
LV24VNO,abellio-london,3086,381,Wright StreetDeck Electroliner
LV24VNP,abellio-london,3087,63,Wright StreetDeck Electroliner
LV24VNR,abellio-london,3088,381,Wright StreetDeck Electroliner
LV24VNS,abellio-london,3089,45,Wright StreetDeck Electroliner
LV24VNT,abellio-london,3090,381,Wright StreetDeck Electroliner
LV24VNU,abellio-london,3091,363,Wright StreetDeck Electroliner
LV24VNW,abellio-london,3092,45,Wright StreetDeck Electroliner
LV24VNX,abellio-london,3093,381,Wright StreetDeck Electroliner
LV24VNY,abellio-london,3094,363,Wright StreetDeck Electroliner
LV24VNZ,abellio-london,3095,381,Wright StreetDeck Electroliner
LV24VOA,abellio-london,3096,381,Wright StreetDeck Electroliner
LV24VOB,abellio-london,3097,381,Wright StreetDeck Electroliner
LV24VOC,abellio-london,3098,381,Wright StreetDeck Electroliner
LV24VOD,abellio-london,3099,63,Wright StreetDeck Electroliner
LV24VOF,abellio-london,3100,381,Wright StreetDeck Electroliner
LV24VOG,abellio-london,3101,381,Wright StreetDeck Electroliner
LV24VOH,abellio-london,3102,381,Wright StreetDeck Electroliner
LV24EUU,abellio-london,3103,111,Wright StreetDeck Electroliner
LV25VOO,abellio-london,3104,C3,Wright StreetDeck Electroliner
LV25VOP,abellio-london,3105,C3,Wright StreetDeck Electroliner
LV25VOT,abellio-london,3106,133,Wright StreetDeck Electroliner
LV25VOU,abellio-london,3107,306,Wright StreetDeck Electroliner
LV25VOY,abellio-london,3108,133,Wright StreetDeck Electroliner
LV25VPA,abellio-london,3109,306,Wright StreetDeck Electroliner
LV25VPC,abellio-london,3110,133,Wright StreetDeck Electroliner
LV25VPD,abellio-london,3111,C3,Wright StreetDeck Electroliner
LV25VPE,abellio-london,3112,C3,Wright StreetDeck Electroliner
LV25VPF,abellio-london,3113,337,Wright StreetDeck Electroliner
LV25VTK,abellio-london,3114,306,Wright StreetDeck Electroliner
LV25WXH,abellio-london,3115,337,Wright StreetDeck Electroliner
LV25CUW,abellio-london,3116,270,Wright StreetDeck Electroliner
LV25CUX,abellio-london,3117,270,Wright StreetDeck Electroliner
LV25CUY,abellio-london,3118,270,Wright StreetDeck Electroliner
LV25CVA,abellio-london,3119,270,Wright StreetDeck Electroliner
LV25CVB,abellio-london,3120,270,Wright StreetDeck Electroliner
LV25CVC,abellio-london,3121,270,Wright StreetDeck Electroliner
LV25CVD,abellio-london,3122,270,Wright StreetDeck Electroliner
LV25CVE,abellio-london,3123,270,Wright StreetDeck Electroliner
LV25CVF,abellio-london,3124,270,Wright StreetDeck Electroliner
LV25CVG,abellio-london,3125,270,Wright StreetDeck Electroliner
LV25CVH,abellio-london,3126,270,Wright StreetDeck Electroliner
LV25CVJ,abellio-london,3127,270,Wright StreetDeck Electroliner
LV25CVK,abellio-london,3128,270,Wright StreetDeck Electroliner
LV25CVL,abellio-london,3129,270,Wright StreetDeck Electroliner
LV25CVM,abellio-london,3130,270,Wright StreetDeck Electroliner
LV25CVN,abellio-london,3131,270,Wright StreetDeck Electroliner
LV25CVO,abellio-london,3132,270,Wright StreetDeck Electroliner
LC71KWJ,abellio-london,3401,63,BYD D8UR-DD ADL Enviro400EV
LC71KWK,abellio-london,3402,63,BYD D8UR-DD ADL Enviro400EV
LC71KWL,abellio-london,3403,63,BYD D8UR-DD ADL Enviro400EV
LC71KWM,abellio-london,3404,63,BYD D8UR-DD ADL Enviro400EV
LC71KWN,abellio-london,3405,63,BYD D8UR-DD ADL Enviro400EV
LC71KWO,abellio-london,3406,63,BYD D8UR-DD ADL Enviro400EV
LC71KWP,abellio-london,3407,63,BYD D8UR-DD ADL Enviro400EV
LC71KWR,abellio-london,3408,68,BYD D8UR-DD ADL Enviro400EV
LC71KWS,abellio-london,3409,63,BYD D8UR-DD ADL Enviro400EV
LC71KWT,abellio-london,3410,381,BYD D8UR-DD ADL Enviro400EV
LC71KWU,abellio-london,3411,63,BYD D8UR-DD ADL Enviro400EV
LC71KWV,abellio-london,3412,63,BYD D8UR-DD ADL Enviro400EV
LC71KWW,abellio-london,3413,63,BYD D8UR-DD ADL Enviro400EV
LC71KWX,abellio-london,3414,63,BYD D8UR-DD ADL Enviro400EV
LC71KWY,abellio-london,3415,63,BYD D8UR-DD ADL Enviro400EV
LC71KWZ,abellio-london,3416,68,BYD D8UR-DD ADL Enviro400EV
LC71KXA,abellio-london,3417,45,BYD D8UR-DD ADL Enviro400EV
LC71KXB,abellio-london,3418,63,BYD D8UR-DD ADL Enviro400EV
LC71KXD,abellio-london,3419,63,BYD D8UR-DD ADL Enviro400EV
LC71KXE,abellio-london,3420,45,BYD D8UR-DD ADL Enviro400EV
LC71KXF,abellio-london,3421,63,BYD D8UR-DD ADL Enviro400EV
LC71KXG,abellio-london,3422,63,BYD D8UR-DD ADL Enviro400EV
LC71KXH,abellio-london,3423,63,BYD D8UR-DD ADL Enviro400EV
LC71KXJ,abellio-london,3424,63,BYD D8UR-DD ADL Enviro400EV
LC71KXK,abellio-london,3425,63,BYD D8UR-DD ADL Enviro400EV
LC71KXL,abellio-london,3426,68,BYD D8UR-DD ADL Enviro400EV
LC71KXM,abellio-london,3427,63,BYD D8UR-DD ADL Enviro400EV
LC71KXN,abellio-london,3428,63,BYD D8UR-DD ADL Enviro400EV
LC71KXO,abellio-london,3429,63,BYD D8UR-DD ADL Enviro400EV
LG22APK,abellio-london,3430,U5,BYD D8UR-DD ADL Enviro400EV
LG22APO,abellio-london,3431,U5,BYD D8UR-DD ADL Enviro400EV
LG22APU,abellio-london,3432,U5,BYD D8UR-DD ADL Enviro400EV
LG22APV,abellio-london,3433,U5,BYD D8UR-DD ADL Enviro400EV
LG22APX,abellio-london,3434,U5,BYD D8UR-DD ADL Enviro400EV
LG22APY,abellio-london,3435,U5,BYD D8UR-DD ADL Enviro400EV
LG22APZ,abellio-london,3436,U5,BYD D8UR-DD ADL Enviro400EV
LG22ARF,abellio-london,3437,U5,BYD D8UR-DD ADL Enviro400EV
LG22ARO,abellio-london,3438,U5,BYD D8UR-DD ADL Enviro400EV
LG22ARU,abellio-london,3439,U5,BYD D8UR-DD ADL Enviro400EV
LG22ARX,abellio-london,3440,U5,BYD D8UR-DD ADL Enviro400EV
LG22ARZ,abellio-london,3441,U5,BYD D8UR-DD ADL Enviro400EV
YX13EHJ,abellio-london,8122,969,ADL Enviro200
YX13EHK,abellio-london,8123,315,ADL Enviro200
YX13EHL,abellio-london,8124,315,ADL Enviro200
YX13EHM,abellio-london,8125,350,ADL Enviro200
YX13EHN,abellio-london,8126,315,ADL Enviro200
YX13EHO,abellio-london,8127,315,ADL Enviro200
YX16ODK,abellio-london,8142,E10,ADL Enviro200 MMC
YX16ODL,abellio-london,8143,R68,ADL Enviro200 MMC
YX16ODM,abellio-london,8144,315,ADL Enviro200 MMC
YX16ODN,abellio-london,8145,S3,ADL Enviro200 MMC
YX16ODP,abellio-london,8146,S3,ADL Enviro200 MMC
YX16ODR,abellio-london,8147,S3,ADL Enviro200 MMC
YX16ODS,abellio-london,8148,367,ADL Enviro200 MMC
YX16ODT,abellio-london,8149,S3,ADL Enviro200 MMC
YX16ODU,abellio-london,8150,S3,ADL Enviro200 MMC
YX16ODV,abellio-london,8151,S3,ADL Enviro200 MMC
YX16ODW,abellio-london,8152,S3,ADL Enviro200 MMC
YX16OFA,abellio-london,8153,367,ADL Enviro200 MMC
YX16OFB,abellio-london,8154,U9,ADL Enviro200 MMC
SN66WLC,abellio-london,8155,H20,ADL Enviro200 MMC
SN66WLE,abellio-london,8157,H20,ADL Enviro200 MMC
SN66WLF,abellio-london,8158,H26,ADL Enviro200 MMC
SN66WLG,abellio-london,8159,H26,ADL Enviro200 MMC
SN66WLH,abellio-london,8160,H20,ADL Enviro200 MMC
SN66WLJ,abellio-london,8161,H20,ADL Enviro200 MMC
SN66WNO,abellio-london,8162,U9,ADL Enviro200 MMC
SN66WNP,abellio-london,8163,367,ADL Enviro200 MMC
SN66WNR,abellio-london,8164,U9,ADL Enviro200 MMC
SN66WNS,abellio-london,8165,E6,ADL Enviro200 MMC
SN66WNT,abellio-london,8166,H20,ADL Enviro200 MMC
SN66WNU,abellio-london,8167,H26,ADL Enviro200 MMC
SN66WNV,abellio-london,8168,H20,ADL Enviro200 MMC
SN66WNW,abellio-london,8169,H26,ADL Enviro200 MMC
SN66WNX,abellio-london,8170,H26,ADL Enviro200 MMC
SN17MRX,abellio-london,8171,S3,ADL Enviro200 MMC
SN17MRY,abellio-london,8172,464,ADL Enviro200 MMC
SN17MSO,abellio-london,8173,464,ADL Enviro200 MMC
SN17MVW,abellio-london,8174,490,ADL Enviro200 MMC
SN17MVX,abellio-london,8175,R68,ADL Enviro200 MMC
SN17MVY,abellio-london,8176,R68,ADL Enviro200 MMC
SN17MVZ,abellio-london,8177,R68,ADL Enviro200 MMC
SN17MWA,abellio-london,8178,R68,ADL Enviro200 MMC
SN17MWC,abellio-london,8179,R68,ADL Enviro200 MMC
SN17MWD,abellio-london,8180,465,ADL Enviro200 MMC
SN17MWE,abellio-london,8181,465,ADL Enviro200 MMC
SN17MWF,abellio-london,8182,490,ADL Enviro200 MMC
SN17MWG,abellio-london,8183,465,ADL Enviro200 MMC
SN17MWJ,abellio-london,8184,R68,ADL Enviro200 MMC
SN17MWK,abellio-london,8185,130,ADL Enviro200 MMC
SN17MWL,abellio-london,8186,130,ADL Enviro200 MMC
SN17MWM,abellio-london,8187,130,ADL Enviro200 MMC
SN17MWO,abellio-london,8188,130,ADL Enviro200 MMC
SN17MWP,abellio-london,8189,130,ADL Enviro200 MMC
SN17MWU,abellio-london,8190,130,ADL Enviro200 MMC
SN17MWV,abellio-london,8191,130,ADL Enviro200 MMC
SN17MWW,abellio-london,8192,130,ADL Enviro200 MMC
SN17MWX,abellio-london,8193,130,ADL Enviro200 MMC
SN17MWY,abellio-london,8194,201,ADL Enviro200 MMC
SN17MWZ,abellio-london,8195,130,ADL Enviro200 MMC
SN17MXA,abellio-london,8196,130,ADL Enviro200 MMC
YY64GVP,abellio-london,8201,322,ADL Enviro200
YY64GVR,abellio-london,8202,E5,ADL Enviro200
YY64GVT,abellio-london,8203,27,ADL Enviro200
YY64GVU,abellio-london,8204,322,ADL Enviro200
YY64GVV,abellio-london,8205,E5,ADL Enviro200
YY64GVW,abellio-london,8206,367,ADL Enviro200
YY64GVX,abellio-london,8207,367,ADL Enviro200
YX16OAW,abellio-london,8210,367,ADL Enviro200 MMC
YX16OAY,abellio-london,8211,404,ADL Enviro200 MMC
YX16OAZ,abellio-london,8212,367,ADL Enviro200 MMC
YX16OBA,abellio-london,8213,367,ADL Enviro200 MMC
YX16OBC,abellio-london,8214,404,ADL Enviro200 MMC
YX16OBD,abellio-london,8215,404,ADL Enviro200 MMC
YX16OBE,abellio-london,8216,367,ADL Enviro200 MMC
YX16OBF,abellio-london,8217,367,ADL Enviro200 MMC
YX16OBG,abellio-london,8218,464,ADL Enviro200 MMC
YX16OBH,abellio-london,8219,S3,ADL Enviro200 MMC
YX67VDY,abellio-london,8220,H28,ADL Enviro200 MMC
YX67VDZ,abellio-london,8221,H28,ADL Enviro200 MMC
YX67VEA,abellio-london,8222,H28,ADL Enviro200 MMC
YX67VEB,abellio-london,8223,195,ADL Enviro200 MMC
YX67VEF,abellio-london,8224,H28,ADL Enviro200 MMC
YX67VEH,abellio-london,8225,490,ADL Enviro200 MMC
YX67VEK,abellio-london,8226,H28,ADL Enviro200 MMC
YX67VEL,abellio-london,8227,H28,ADL Enviro200 MMC
YX67VEM,abellio-london,8228,H28,ADL Enviro200 MMC
YX67VEO,abellio-london,8229,195,ADL Enviro200 MMC
YX67VEP,abellio-london,8230,H28,ADL Enviro200 MMC
YX67VEU,abellio-london,8231,H28,ADL Enviro200 MMC
YX19OPM,abellio-london,8232,E10,ADL Enviro200 MMC
YX19OPN,abellio-london,8233,E10,ADL Enviro200 MMC
YX19OPO,abellio-london,8234,E10,ADL Enviro200 MMC
YX19OPP,abellio-london,8235,E10,ADL Enviro200 MMC
YX19OPR,abellio-london,8236,E10,ADL Enviro200 MMC
YX19OPS,abellio-london,8237,E10,ADL Enviro200 MMC
YX19OPT,abellio-london,8238,E10,ADL Enviro200 MMC
YX19OPU,abellio-london,8239,E10,ADL Enviro200 MMC
YX19OPV,abellio-london,8240,E10,ADL Enviro200 MMC
YX19OOA,abellio-london,8241,E11,ADL Enviro200 MMC
YX19OOB,abellio-london,8242,E11,ADL Enviro200 MMC
YX19OOC,abellio-london,8243,E11,ADL Enviro200 MMC
YX19OOD,abellio-london,8244,E11,ADL Enviro200 MMC
YX19OOE,abellio-london,8245,E11,ADL Enviro200 MMC
YX19OOG,abellio-london,8246,E11,ADL Enviro200 MMC
YY64TXB,abellio-london,8251,195,ADL Enviro200
YY64TXC,abellio-london,8252,367,ADL Enviro200
YY64TXD,abellio-london,8253,367,ADL Enviro200
YY64TXE,abellio-london,8254,367,ADL Enviro200
YY64TXF,abellio-london,8255,315,ADL Enviro200
YX14RYU,abellio-london,8256,367,ADL Enviro200
YX14RYV,abellio-london,8257,E10,ADL Enviro200
YX14RYW,abellio-london,8258,E5,ADL Enviro200
YX10EBA,abellio-london,8321,201,ADL Enviro200
YX10EBC,abellio-london,8322,H28,ADL Enviro200
YX10EBD,abellio-london,8323,201,ADL Enviro200
YX10EBF,abellio-london,8324,201,ADL Enviro200
YX10EBG,abellio-london,8325,367,ADL Enviro200
YX10EBJ,abellio-london,8326,U7,ADL Enviro200
YX10EBL,abellio-london,8328,H28,ADL Enviro200
YX10EBM,abellio-london,8329,350,ADL Enviro200
YX11AHA,abellio-london,8330,201,ADL Enviro200
YX11AHC,abellio-london,8331,P13,ADL Enviro200
YX11AHD,abellio-london,8332,367,ADL Enviro200
YX11AHE,abellio-london,8333,P13,ADL Enviro200
YX11AHF,abellio-london,8334,P13,ADL Enviro200
YX11AHG,abellio-london,8335,P13,ADL Enviro200
YX11AHJ,abellio-london,8336,P13,ADL Enviro200
YX11AHK,abellio-london,8337,P13,ADL Enviro200
YX11AHL,abellio-london,8338,P13,ADL Enviro200
YX11AHN,abellio-london,8339,P13,ADL Enviro200
YX11AHO,abellio-london,8340,P13,ADL Enviro200
YX11AHP,abellio-london,8341,P13,ADL Enviro200
YX11AHU,abellio-london,8342,P13,ADL Enviro200
YX66WFD,abellio-london,8343,P13,ADL Enviro200 MMC
YX66WFE,abellio-london,8344,P13,ADL Enviro200 MMC
YX66WFG,abellio-london,8346,P13,ADL Enviro200 MMC
YX66WFH,abellio-london,8347,P13,ADL Enviro200 MMC
YX11HPA,abellio-london,8567,H28,ADL Enviro200
YX11HPC,abellio-london,8568,201,ADL Enviro200
YX11HPE,abellio-london,8569,H25,ADL Enviro200
YX11HPF,abellio-london,8570,130,ADL Enviro200
YX62DAU,abellio-london,8583,201,ADL Enviro200
YX62DBU,abellio-london,8584,493,ADL Enviro200
YX62DFE,abellio-london,8587,493,ADL Enviro200
YX62DFO,abellio-london,8588,130,ADL Enviro200
YX62DVC,abellio-london,8590,493,ADL Enviro200
YX62DVG,abellio-london,8591,493,ADL Enviro200
YX12DLJ,abellio-london,8780,H25,ADL Enviro200
YX12DLK,abellio-london,8781,H25,ADL Enviro200
YX12DLN,abellio-london,8782,273,ADL Enviro200
YX12DLU,abellio-london,8784,433,ADL Enviro200
YX12DLV,abellio-london,8785,417,ADL Enviro200
YX12DLY,abellio-london,8786,H25,ADL Enviro200
YX12DLZ,abellio-london,8787,H25,ADL Enviro200
YX12GHA,abellio-london,8788,490,ADL Enviro200
YX12GHB,abellio-london,8789,H25,ADL Enviro200
YX12GHD,abellio-london,8790,490,ADL Enviro200
YX12GHF,abellio-london,8791,490,ADL Enviro200
YX12GHG,abellio-london,8792,490,ADL Enviro200
YX12GHH,abellio-london,8793,R68,ADL Enviro200
YX13EFM,abellio-london,8806,H25,ADL Enviro200
YX13EFN,abellio-london,8807,490,ADL Enviro200
YX13EFO,abellio-london,8808,R70,ADL Enviro200
YX13EFP,abellio-london,8809,H25,ADL Enviro200
YX13EFR,abellio-london,8810,H25,ADL Enviro200
YX13EFS,abellio-london,8811,490,ADL Enviro200
YX13EFT,abellio-london,8812,H25,ADL Enviro200
YX13EFU,abellio-london,8813,H25,ADL Enviro200
YX13EFV,abellio-london,8814,H25,ADL Enviro200
YX13EFW,abellio-london,8815,H25,ADL Enviro200
YY64TZP,abellio-london,8820,130,ADL Enviro200
YY64TZR,abellio-london,8821,201,ADL Enviro200
YY64TZS,abellio-london,8822,201,ADL Enviro200
YY64TZT,abellio-london,8823,201,ADL Enviro200
YY64TZU,abellio-london,8824,201,ADL Enviro200
YY64TZV,abellio-london,8825,201,ADL Enviro200
YY64YJH,abellio-london,8826,201,ADL Enviro200
YY64YJJ,abellio-london,8827,201,ADL Enviro200
YY64YJK,abellio-london,8828,201,ADL Enviro200
YY64YJL,abellio-london,8829,201,ADL Enviro200
YY64YJM,abellio-london,8830,201,ADL Enviro200
YY64YJN,abellio-london,8831,490,ADL Enviro200
YY64YJO,abellio-london,8832,490,ADL Enviro200
YY64YJP,abellio-london,8833,490,ADL Enviro200
YY64YJR,abellio-london,8834,490,ADL Enviro200
YY64YJS,abellio-london,8835,490,ADL Enviro200
YY64YJT,abellio-london,8836,490,ADL Enviro200
YY64YJV,abellio-london,8838,490,ADL Enviro200
YY64YJW,abellio-london,8839,490,ADL Enviro200
YY64YJX,abellio-london,8840,490,ADL Enviro200
YY64YJZ,abellio-london,8841,490,ADL Enviro200
YY64YKA,abellio-london,8842,490,ADL Enviro200
YY64YKB,abellio-london,8843,201,ADL Enviro200
YX16NZT,abellio-london,8845,U7,ADL Enviro200 MMC
YX16NZV,abellio-london,8847,465,ADL Enviro200 MMC
YX16OAO,abellio-london,8860,130,ADL Enviro200 MMC
YX16OAU,abellio-london,8863,U7,ADL Enviro200 MMC
YX16OFR,abellio-london,8865,U7,ADL Enviro200 MMC
YX16OFS,abellio-london,8866,U7,ADL Enviro200 MMC
YX16OFT,abellio-london,8867,465,ADL Enviro200 MMC
YX16OFU,abellio-london,8868,R68,ADL Enviro200 MMC
YX16OFV,abellio-london,8869,490,ADL Enviro200 MMC
YX16OFW,abellio-london,8870,H25,ADL Enviro200 MMC
YX16OFY,abellio-london,8871,R68,ADL Enviro200 MMC
YX16OFZ,abellio-london,8872,490,ADL Enviro200 MMC
YX16OGA,abellio-london,8873,465,ADL Enviro200 MMC
YX16OGB,abellio-london,8874,465,ADL Enviro200 MMC
YX16OGC,abellio-london,8875,195,ADL Enviro200 MMC
SN17MMV,abellio-london,8876,195,ADL Enviro200 MMC
SN17MMX,abellio-london,8877,195,ADL Enviro200 MMC
SN17MOA,abellio-london,8878,195,ADL Enviro200 MMC
SN17MOF,abellio-london,8879,195,ADL Enviro200 MMC
SN17MOU,abellio-london,8880,195,ADL Enviro200 MMC
SN17MOV,abellio-london,8881,195,ADL Enviro200 MMC
SN17MPE,abellio-london,8882,195,ADL Enviro200 MMC
SN17MPF,abellio-london,8883,195,ADL Enviro200 MMC
SN17MPO,abellio-london,8884,195,ADL Enviro200 MMC
SN17MPU,abellio-london,8885,195,ADL Enviro200 MMC
SN17MPV,abellio-london,8886,195,ADL Enviro200 MMC
SN17MPX,abellio-london,8887,195,ADL Enviro200 MMC
SN17MPY,abellio-london,8888,195,ADL Enviro200 MMC
SN17MPZ,abellio-london,8889,195,ADL Enviro200 MMC
SN17MRO,abellio-london,8890,195,ADL Enviro200 MMC
SN17MRU,abellio-london,8891,195,ADL Enviro200 MMC
SN17MRV,abellio-london,8892,195,ADL Enviro200 MMC
SN17MSU,abellio-london,8893,350,ADL Enviro200 MMC
SN17MSV,abellio-london,8894,350,ADL Enviro200 MMC
SN17MSX,abellio-london,8895,350,ADL Enviro200 MMC
SN17MSY,abellio-london,8896,350,ADL Enviro200 MMC
SN17MTE,abellio-london,8897,350,ADL Enviro200 MMC
SN17MTF,abellio-london,8898,350,ADL Enviro200 MMC
SN64CVA,uno,WS46,383,Wright StreetLite WF
SK68TNL,uno,56,C10,Wright StreetLite DF
SK68TNN,uno,57,C5,Wright StreetLite DF
SK68TNO,uno,58,C10,Wright StreetLite DF
SK68TNU,uno,59,C1,Wright StreetLite DF
SK68TNV,uno,60,C10,Wright StreetLite DF
C16UNO,uno,116,C1,Dennis Dart SLF Plaxton Pointer 2
BU74YRF,uno,201,614,Volvo B8L MCV EvoSeti
BV24LUO,uno,202,614,Volvo B8L MCV EvoSeti
BU74YRG,uno,203,614,Volvo B8L MCV EvoSeti
BU74YRJ,uno,204,644,Volvo B8L MCV EvoSeti
BU74YRK,uno,205,614,Volvo B8L MCV EvoSeti
YX17NPZ,uno,250,614,ADL Enviro400 City
YX17NPY,uno,251,243,ADL Enviro400 City
YX17NRE,uno,252,635,ADL Enviro400 City
YX17NRF,uno,253,242,ADL Enviro400 City
YX17NRJ,uno,254,243,ADL Enviro400 City
YX17NRK,uno,255,242,ADL Enviro400 City
YX67VFW,uno,256,614,ADL Enviro400 MMC
YX67VFY,uno,257,243,ADL Enviro400 MMC
YX67VFR,uno,258,C1,ADL Enviro400 MMC
YX67VFS,uno,259,614,ADL Enviro400 MMC
YX67VFT,uno,260,242,ADL Enviro400 MMC
YX67VFU,uno,261,242,ADL Enviro400 MMC
YX67VFV,uno,262,614,ADL Enviro400 MMC
SK72CWE,uno,263,C1,ADL Enviro400 MMC
SK72CWF,uno,264,C1,ADL Enviro400 MMC
SK72CWG,uno,265,C1,ADL Enviro400 MMC
BX56VSM,uno,304,602,Mercedes-Benz Citaro O530
BX56VSN,uno,305,C1,Mercedes-Benz Citaro O530
BV57VHF,uno,307,602,Mercedes-Benz Citaro O530
BV57VHJ,uno,310,653,Mercedes-Benz Citaro O530
BN58BJO,uno,313,635,Mercedes-Benz Citaro O530
BF59NHV,uno,314,653,Mercedes-Benz Citaro O530
BF59NHX,uno,315,653,Mercedes-Benz Citaro O530
BF59NHY,uno,316,602,Mercedes-Benz Citaro O530
BF59NHZ,uno,317,602,Mercedes-Benz Citaro O530
BF59NJJ,uno,319,653,Mercedes-Benz Citaro O530
BF59NJK,uno,320,602,Mercedes-Benz Citaro O530
BF59NJN,uno,321,602,Mercedes-Benz Citaro O530
BF59NJO,uno,322,602,Mercedes-Benz Citaro O530
BV21ONO,uno,358,610,Volvo B8RLE MCV Evora
BV21ONU,uno,359,602,Volvo B8RLE MCV Evora
LF18AWH,uno,360,610,Volvo B8RLE MCV Evora
LF18AWJ,uno,361,653,Volvo B8RLE MCV Evora
LF18AWM,uno,362,602,Volvo B8RLE MCV Evora
LF18AWN,uno,363,610,Volvo B8RLE MCV Evora
LF18AWR,uno,364,610,Volvo B8RLE MCV Evora
LF18AWP,uno,365,610,Volvo B8RLE MCV Evora
BG14OOH,uno,366,602,Volvo B7RLE Wright Eclipse 2
BG14OOX,uno,367,610,Volvo B7RLE Wright Eclipse 2
BG14OOY,uno,368,602,Volvo B7RLE Wright Eclipse 2
BG14OPA,uno,369,602,Volvo B7RLE Wright Eclipse 2
BG14OPC,uno,370,653,Volvo B7RLE Wright Eclipse 2
BG14OPD,uno,371,C1,Volvo B7RLE Wright Eclipse 2
BG14OPF,uno,372,653,Volvo B7RLE Wright Eclipse 2
BD14KXR,uno,373,653,Volvo B7RLE Wright Eclipse 2
BD14KXS,uno,374,602,Volvo B7RLE Wright Eclipse 2
BD14KXT,uno,375,653,Volvo B7RLE Wright Eclipse 2
BD14KXV,uno,376,653,Volvo B7RLE Wright Eclipse 2
BD14KXW,uno,377,635,Volvo B7RLE Wright Eclipse 2
LF25SYY,uno,401,602,BYD B12
LF25SZC,uno,402,242,BYD B12
LF25SYZ,uno,403,625,BYD B12
LF25SYX,uno,404,602,BYD B12
LF25SYW,uno,405,602,BYD B12
C17UNO,uno,509,602,ADL Enviro200
LK10BYC,uno,510,602,ADL Enviro200
LK10BYB,uno,511,641,ADL Enviro200
LK10BYS,uno,512,,ADL Enviro200
SN65ZGU,uno,513,641,ADL Enviro200
SN65ZGV,uno,514,653,ADL Enviro200
SN65ZGW,uno,515,602,ADL Enviro200
SN65ZGX,uno,516,,ADL Enviro200
SN65ZGY,uno,517,341,ADL Enviro200
YY15NKA,uno,601,383,ADL Enviro200
YY15NKC,uno,602,383,ADL Enviro200
YY15NKD,uno,603,383,ADL Enviro200
YY15NKE,uno,604,383,ADL Enviro200
LJ12BYW,uno,606,383,ADL Enviro200
LF70YUN,uno,1460,292,BYD D8UR-DD ADL Enviro400EV
LF70YUR,uno,1461,699,BYD D8UR-DD ADL Enviro400EV
LF70YUS,uno,1462,292,BYD D8UR-DD ADL Enviro400EV
LF70YVA,uno,1463,699,BYD D8UR-DD ADL Enviro400EV
LF74UHY,uno,1466,292,BYD BD11
LF25TPY,uno,1467,292,BYD BD11
LD72XZS,uno,1468,292,BYD D8UR-DD ADL Enviro400EV
LF69UXJ,uno,1469,292,BYD D8UR-DD ADL Enviro400EV
LJ16EZN,uno,BYD1472,699,BYD K8SR
LJ16EZP,uno,BYD1474,699,BYD K8SR
SN12ARU,uno,1476,298,ADL Enviro400H
SN12ASO,uno,1477,643,ADL Enviro400H
SN65ZGO,uno,1478,643,ADL Enviro400H MMC
YY64GXG,uno,1479,699,ADL Enviro400 MMC
YX62BUA,uno,1481,298,ADL Enviro400
YX62BUE,uno,1482,653,ADL Enviro400
YX62BHD,uno,1483,298,ADL Enviro400
YX62BHW,uno,1484,298,ADL Enviro400
YX62BJF,uno,1485,683,ADL Enviro400
YX62BJU,uno,1486,653,ADL Enviro400
LK60AFY,uno,1487,683,ADL Enviro400
LK60AGY,uno,1488,653,ADL Enviro400
YX12FNW,uno,1489,699,ADL Enviro400
YX12FNY,uno,1490,688,ADL Enviro400
YX12FOC,uno,1491,292,ADL Enviro400
YX12FOD,uno,1492,298,ADL Enviro400
YX12FON,uno,1493,298,ADL Enviro400
SN12AWC,uno,1494,298,ADL Enviro400
SN12EHB,uno,1495,688,ADL Enviro400
YX62BVN,uno,1496,298,ADL Enviro400
YX62BXR,uno,1497,298,ADL Enviro400
YR10FFX,uno,1501,688,Scania CN230UD OmniCity
YR10FGC,uno,1502,688,Scania CN230UD OmniCity
YR10FGF,uno,1503,683,Scania CN230UD OmniCity
YR10FGM,uno,1504,688,Scania CN230UD OmniCity
YX12FNH,uno,1505,292,ADL Enviro400
YX12FNJ,uno,1506,298,ADL Enviro400
YX12FNK,uno,1507,292,ADL Enviro400
YX12FNL,uno,1508,688,ADL Enviro400
YX12FNN,uno,1509,298,ADL Enviro400
NH11SUL,sullivan-buses,AE4,950,ADL Enviro200
AH11SUL,sullivan-buses,AE5,358,ADL Enviro200
LX10AUT,sullivan-buses,AE6,398,ADL Enviro200
LX10AUU,sullivan-buses,AE7,306,ADL Enviro200
LX10AUY,sullivan-buses,AE8,950,ADL Enviro200
LX10AVB,sullivan-buses,AE9,84,ADL Enviro200
LX10AVD,sullivan-buses,AE10,833,ADL Enviro200
DS61SUL,sullivan-buses,AE12,84,ADL Enviro200
KS61SUL,sullivan-buses,AE14,306,ADL Enviro200
TW61SUL,sullivan-buses,AE15,398,ADL Enviro200
SB61SUL,sullivan-buses,AE16,306,ADL Enviro200
DB66SUL,sullivan-buses,AE27,84,ADL Enviro200 MMC
YX09HJN,sullivan-buses,AE28,950,ADL Enviro200
YX09HKL,sullivan-buses,AE29,84,ADL Enviro200
YX09HKT,sullivan-buses,AE30,950,ADL Enviro200
DEL1,sullivan-buses,,346,Dennis Trident East Lancs Myllennium Lolyne
SN59AWG,sullivan-buses,E35,356,ADL Enviro400
SN59AWH,sullivan-buses,E36,84,ADL Enviro400
SN59AVR,sullivan-buses,E37,398,ADL Enviro400
SN12AVX,sullivan-buses,E48,306A,ADL Enviro400
SN12AOX,sullivan-buses,E49,306,ADL Enviro400
SN12AOY,sullivan-buses,E50,84,ADL Enviro400
SN12AOZ,sullivan-buses,E51,950,ADL Enviro400
LK56FHM,sullivan-buses,E54,84,ADL Enviro400
LK56FHN,sullivan-buses,E55,832,ADL Enviro400
LK08DXW,sullivan-buses,E59,303,ADL Enviro400
LK08DXX,sullivan-buses,E60,306,ADL Enviro400
LK08NVH,sullivan-buses,E62,355,ADL Enviro400
AD17SUL,sullivan-buses,E70,833,ADL Enviro400 MMC
RC17SUL,sullivan-buses,E76,306,ADL Enviro400 MMC
RS17SUL,sullivan-buses,E78,84,ADL Enviro400 MMC
ELV1,sullivan-buses,,331,Volvo B7TL East Lancs Myllennium Vyking
WVL1,sullivan-buses,,346,Volvo B7TL Wright Eclipse Gemini
WVL3,sullivan-buses,,84,Volvo B9TL Wright Eclipse Gemini
WVL4,sullivan-buses,,355,Volvo B9TL Wright Eclipse Gemini
WVL8,sullivan-buses,,398,Volvo B7TL Wright Eclipse Gemini
SN11BVG,first-in-london,ADE40303,,ADL Enviro400
SN11BVH,first-in-london,ADE40304,,ADL Enviro400
YX61FYR,first-in-london,ADE40305,H98,ADL Enviro400
SL14LND,first-in-london,ADE40306,H98,ADL Enviro400
SL14LNE,first-in-london,ADE40307,94,ADL Enviro400
SL14LNG,first-in-london,ADE40309,H98,ADL Enviro400
SL14LNH,first-in-london,ADE40310,H98,ADL Enviro400
SN13CHC,first-in-london,ADE40491,418,ADL Enviro400
SN13CHD,first-in-london,ADE40492,662,ADL Enviro400
SN13CHH,first-in-london,ADE40493,418,ADL Enviro400
SN13CHK,first-in-london,ADE40494,E3,ADL Enviro400
YX62FAU,first-in-london,ADH45023,220,ADL Enviro400H
YX62FCM,first-in-london,ADH45024,E3,ADL Enviro400H
YX62FDD,first-in-london,ADH45025,220,ADL Enviro400H
YX62FDY,first-in-london,ADH45026,E3,ADL Enviro400H
YX62FFB,first-in-london,ADH45027,79,ADL Enviro400H
YX62FFG,first-in-london,ADH45028,H14,ADL Enviro400H
YX62FHA,first-in-london,ADH45029,H14,ADL Enviro400H
YX62FHO,first-in-london,ADH45030,220,ADL Enviro400H
YX62FJV,first-in-london,ADH45032,203,ADL Enviro400H
YX62FME,first-in-london,ADH45036,E3,ADL Enviro400H
YX62FMG,first-in-london,ADH45037,E3,ADL Enviro400H
YX62FPC,first-in-london,ADH45041,695,ADL Enviro400H
YX62FPF,first-in-london,ADH45042,E3,ADL Enviro400H
YX62FSE,first-in-london,ADH45044,220,ADL Enviro400H
YX62FTD,first-in-london,ADH45046,E3,ADL Enviro400H
YX62FTF,first-in-london,ADH45047,220,ADL Enviro400H
YX62FTP,first-in-london,ADH45048,220,ADL Enviro400H
YX62FTZ,first-in-london,ADH45049,E3,ADL Enviro400H
YX62FUT,first-in-london,ADH45050,220,ADL Enviro400H
YX62FUU,first-in-london,ADH45051,220,ADL Enviro400H
SN12APY,first-in-london,ADH45061,13,ADL Enviro400H
SN12ARF,first-in-london,ADH45062,E3,ADL Enviro400H
SN12ARO,first-in-london,ADH45063,340,ADL Enviro400H
SN12ARX,first-in-london,ADH45064,H14,ADL Enviro400H
SN12ARZ,first-in-london,ADH45065,220,ADL Enviro400H
SN12ASU,first-in-london,ADH45066,H12,ADL Enviro400H
SN12ASV,first-in-london,ADH45067,H12,ADL Enviro400H
SN12ASX,first-in-london,ADH45068,13,ADL Enviro400H
SN12ASZ,first-in-london,ADH45069,467,ADL Enviro400H
SN12ATF,first-in-london,ADH45070,94,ADL Enviro400H
SN12ATK,first-in-london,ADH45071,H98,ADL Enviro400H
SN12ATU,first-in-london,ADH45072,H98,ADL Enviro400H
SN12ATV,first-in-london,ADH45073,13,ADL Enviro400H
SN12ATX,first-in-london,ADH45074,H98,ADL Enviro400H
SN12ATY,first-in-london,ADH45075,13,ADL Enviro400H
SN12ATZ,first-in-london,ADH45076,94,ADL Enviro400H
SN12AUA,first-in-london,ADH45077,467,ADL Enviro400H
SN12AUC,first-in-london,ADH45078,79,ADL Enviro400H
YY67UUO,first-in-london,ADH45258,H12,ADL Enviro400H MMC
YY67UUP,first-in-london,ADH45259,H12,ADL Enviro400H MMC
YY67UUR,first-in-london,ADH45260,79,ADL Enviro400H MMC
YY67UUS,first-in-london,ADH45261,340,ADL Enviro400H MMC
YX68UNH,first-in-london,ADH45278,79,ADL Enviro400H MMC
YX68UNJ,first-in-london,ADH45279,79,ADL Enviro400H MMC
YX68UNK,first-in-london,ADH45280,79,ADL Enviro400H MMC
YX68UNL,first-in-london,ADH45281,340,ADL Enviro400H MMC
YX68UNM,first-in-london,ADH45282,340,ADL Enviro400H MMC
YX68UNN,first-in-london,ADH45283,79,ADL Enviro400H MMC
YX68UNP,first-in-london,ADH45284,340,ADL Enviro400H MMC
YX68UNS,first-in-london,ADH45285,H12,ADL Enviro400H MMC
YX68UNU,first-in-london,ADH45286,H12,ADL Enviro400H MMC
YX68UNV,first-in-london,ADH45287,340,ADL Enviro400H MMC
YX68UNW,first-in-london,ADH45288,340,ADL Enviro400H MMC
YX68UOJ,first-in-london,ADH45289,N5,ADL Enviro400H MMC
YX68UOK,first-in-london,ADH45290,H14,ADL Enviro400H MMC
YX68UOL,first-in-london,ADH45291,183,ADL Enviro400H MMC
YX68UOM,first-in-london,ADH45292,H14,ADL Enviro400H MMC
YX68UON,first-in-london,ADH45293,H14,ADL Enviro400H MMC
YX68UOO,first-in-london,ADH45294,H14,ADL Enviro400H MMC
YX68UOP,first-in-london,ADH45295,H14,ADL Enviro400H MMC
YX68UOR,first-in-london,ADH45296,H14,ADL Enviro400H MMC
YX68UOS,first-in-london,ADH45297,H14,ADL Enviro400H MMC
LB69JNJ,first-in-london,BCE47001,94,BYD D8UR-DD ADL Enviro400EV
LB69JNK,first-in-london,BCE47002,94,BYD D8UR-DD ADL Enviro400EV
LB69JNL,first-in-london,BCE47003,49,BYD D8UR-DD ADL Enviro400EV
LB69JNN,first-in-london,BCE47004,49,BYD D8UR-DD ADL Enviro400EV
LB69JNO,first-in-london,BCE47005,94,BYD D8UR-DD ADL Enviro400EV
LB69JNU,first-in-london,BCE47006,94,BYD D8UR-DD ADL Enviro400EV
LB69JNV,first-in-london,BCE47007,49,BYD D8UR-DD ADL Enviro400EV
LB69JNX,first-in-london,BCE47008,94,BYD D8UR-DD ADL Enviro400EV
LB69JNZ,first-in-london,BCE47009,94,BYD D8UR-DD ADL Enviro400EV
LB69JOA,first-in-london,BCE47010,94,BYD D8UR-DD ADL Enviro400EV
LB69JOH,first-in-london,BCE47011,49,BYD D8UR-DD ADL Enviro400EV
LB69JOJ,first-in-london,BCE47012,49,BYD D8UR-DD ADL Enviro400EV
LB69JOU,first-in-london,BCE47013,94,BYD D8UR-DD ADL Enviro400EV
LB69JOV,first-in-london,BCE47014,148,BYD D8UR-DD ADL Enviro400EV
LB69JPF,first-in-london,BCE47015,148,BYD D8UR-DD ADL Enviro400EV
LB69JPJ,first-in-london,BCE47016,94,BYD D8UR-DD ADL Enviro400EV
LB69JPO,first-in-london,BCE47017,49,BYD D8UR-DD ADL Enviro400EV
LB69JPU,first-in-london,BCE47018,49,BYD D8UR-DD ADL Enviro400EV
LB69JPV,first-in-london,BCE47019,49,BYD D8UR-DD ADL Enviro400EV
LB69JPX,first-in-london,BCE47020,94,BYD D8UR-DD ADL Enviro400EV
LB69JPY,first-in-london,BCE47021,49,BYD D8UR-DD ADL Enviro400EV
LB69JRO,first-in-london,BCE47022,94,BYD D8UR-DD ADL Enviro400EV
LB69JRU,first-in-london,BCE47023,49,BYD D8UR-DD ADL Enviro400EV
LB69JRV,first-in-london,BCE47024,49,BYD D8UR-DD ADL Enviro400EV
LB69JRX,first-in-london,BCE47025,94,BYD D8UR-DD ADL Enviro400EV
LB69JRZ,first-in-london,BCE47026,94,BYD D8UR-DD ADL Enviro400EV
LB69JSU,first-in-london,BCE47027,49,BYD D8UR-DD ADL Enviro400EV
LB69JSV,first-in-london,BCE47028,49,BYD D8UR-DD ADL Enviro400EV
LB69JSX,first-in-london,BCE47029,94,BYD D8UR-DD ADL Enviro400EV
LG71DVM,first-in-london,BCE47030,65,BYD D8UR-DD ADL Enviro400EV
LE21FRV,first-in-london,BCE47031,281,BYD D8UR-DD ADL Enviro400EV
LE21FRX,first-in-london,BCE47032,281,BYD D8UR-DD ADL Enviro400EV
LE21FRZ,first-in-london,BCE47033,65,BYD D8UR-DD ADL Enviro400EV
LE21FSA,first-in-london,BCE47034,65,BYD D8UR-DD ADL Enviro400EV
LG71DVN,first-in-london,BCE47035,65,BYD D8UR-DD ADL Enviro400EV
LE21FSD,first-in-london,BCE47036,281,BYD D8UR-DD ADL Enviro400EV
LE21FSF,first-in-london,BCE47037,65,BYD D8UR-DD ADL Enviro400EV
LE21FSG,first-in-london,BCE47038,281,BYD D8UR-DD ADL Enviro400EV
LE21FSJ,first-in-london,BCE47039,281,BYD D8UR-DD ADL Enviro400EV
LE21FSK,first-in-london,BCE47040,65,BYD D8UR-DD ADL Enviro400EV
LG71DVO,first-in-london,BCE47041,65,BYD D8UR-DD ADL Enviro400EV
LG71DVP,first-in-london,BCE47042,371,BYD D8UR-DD ADL Enviro400EV
LG71DVR,first-in-london,BCE47043,281,BYD D8UR-DD ADL Enviro400EV
LE21FSP,first-in-london,BCE47044,65,BYD D8UR-DD ADL Enviro400EV
LG71DVT,first-in-london,BCE47045,65,BYD D8UR-DD ADL Enviro400EV
LG71DVU,first-in-london,BCE47046,371,BYD D8UR-DD ADL Enviro400EV
LG71DVV,first-in-london,BCE47047,65,BYD D8UR-DD ADL Enviro400EV
LG71DVW,first-in-london,BCE47048,65,BYD D8UR-DD ADL Enviro400EV
LG71DVX,first-in-london,BCE47049,49,BYD D8UR-DD ADL Enviro400EV
LG71DVY,first-in-london,BCE47050,281,BYD D8UR-DD ADL Enviro400EV
LG71DVZ,first-in-london,BCE47051,65,BYD D8UR-DD ADL Enviro400EV
LG71DSX,first-in-london,BCE47052,65,BYD D8UR-DD ADL Enviro400EV
LG71DSY,first-in-london,BCE47053,65,BYD D8UR-DD ADL Enviro400EV
LG71DWO,first-in-london,BCE47054,94,BYD D8UR-DD ADL Enviro400EV
LG71DXT,first-in-london,BCE47055,281,BYD D8UR-DD ADL Enviro400EV
LG71DXU,first-in-london,BCE47056,33,BYD D8UR-DD ADL Enviro400EV
LG71DXV,first-in-london,BCE47057,371,BYD D8UR-DD ADL Enviro400EV
LG71DXW,first-in-london,BCE47058,65,BYD D8UR-DD ADL Enviro400EV
LG71DXX,first-in-london,BCE47059,65,BYD D8UR-DD ADL Enviro400EV
LG71DXY,first-in-london,BCE47060,65,BYD D8UR-DD ADL Enviro400EV
LG71DXZ,first-in-london,BCE47061,65,BYD D8UR-DD ADL Enviro400EV
LG71DYA,first-in-london,BCE47062,65,BYD D8UR-DD ADL Enviro400EV
LG71DYB,first-in-london,BCE47063,281,BYD D8UR-DD ADL Enviro400EV
LG71DYC,first-in-london,BCE47064,65,BYD D8UR-DD ADL Enviro400EV
LG71DYD,first-in-london,BCE47065,281,BYD D8UR-DD ADL Enviro400EV
LG71DYF,first-in-london,BCE47066,65,BYD D8UR-DD ADL Enviro400EV
LG71DYH,first-in-london,BCE47067,65,BYD D8UR-DD ADL Enviro400EV
LG71DYJ,first-in-london,BCE47068,281,BYD D8UR-DD ADL Enviro400EV
LG71DYM,first-in-london,BCE47069,281,BYD D8UR-DD ADL Enviro400EV
LG71DYN,first-in-london,BCE47070,281,BYD D8UR-DD ADL Enviro400EV
LG71DYO,first-in-london,BCE47071,65,BYD D8UR-DD ADL Enviro400EV
LG71DYP,first-in-london,BCE47072,281,BYD D8UR-DD ADL Enviro400EV
LG71DYT,first-in-london,BCE47073,281,BYD D8UR-DD ADL Enviro400EV
LG71DYU,first-in-london,BCE47074,281,BYD D8UR-DD ADL Enviro400EV
LG71DYV,first-in-london,BCE47075,65,BYD D8UR-DD ADL Enviro400EV
LG71DYW,first-in-london,BCE47076,281,BYD D8UR-DD ADL Enviro400EV
LG71DYX,first-in-london,BCE47077,65,BYD D8UR-DD ADL Enviro400EV
LG71DYY,first-in-london,BCE47078,65,BYD D8UR-DD ADL Enviro400EV
LG71DZA,first-in-london,BCE47079,281,BYD D8UR-DD ADL Enviro400EV
LG71DZB,first-in-london,BCE47080,281,BYD D8UR-DD ADL Enviro400EV
LG71DZC,first-in-london,BCE47081,281,BYD D8UR-DD ADL Enviro400EV
LG71DZE,first-in-london,BCE47082,281,BYD D8UR-DD ADL Enviro400EV
LG71DZF,first-in-london,BCE47083,281,BYD D8UR-DD ADL Enviro400EV
LE21FTF,first-in-london,BCE47084,,BYD D8UR-DD ADL Enviro400EV
LE21FTJ,first-in-london,BCE47085,,BYD D8UR-DD ADL Enviro400EV
LE21FTK,first-in-london,BCE47086,,BYD D8UR-DD ADL Enviro400EV
LG71DWA,first-in-london,BCE47087,,BYD D8UR-DD ADL Enviro400EV
LG71DWC,first-in-london,BCE47088,,BYD D8UR-DD ADL Enviro400EV
LG71DWD,first-in-london,BCE47089,,BYD D8UR-DD ADL Enviro400EV
LG71DWE,first-in-london,BCE47090,,BYD D8UR-DD ADL Enviro400EV
LG71DWF,first-in-london,BCE47091,183,BYD D8UR-DD ADL Enviro400EV
LG71DWJ,first-in-london,BCE47092,,BYD D8UR-DD ADL Enviro400EV
LG71DWK,first-in-london,BCE47093,49,BYD D8UR-DD ADL Enviro400EV
LG71DWL,first-in-london,BCE47094,148,BYD D8UR-DD ADL Enviro400EV
LG71DWM,first-in-london,BCE47095,49,BYD D8UR-DD ADL Enviro400EV
LG71DWN,first-in-london,BCE47096,49,BYD D8UR-DD ADL Enviro400EV
LG71DXS,first-in-london,BCE47097,94,BYD D8UR-DD ADL Enviro400EV
LG71DWP,first-in-london,BCE47098,94,BYD D8UR-DD ADL Enviro400EV
LG71DWU,first-in-london,BCE47099,94,BYD D8UR-DD ADL Enviro400EV
LG71DUU,first-in-london,BCE47100,,BYD D8UR-DD ADL Enviro400EV
LG71DUV,first-in-london,BCE47101,,BYD D8UR-DD ADL Enviro400EV
LG71DUY,first-in-london,BCE47102,,BYD D8UR-DD ADL Enviro400EV
LG71DVA,first-in-london,BCE47103,,BYD D8UR-DD ADL Enviro400EV
LG71DVB,first-in-london,BCE47104,,BYD D8UR-DD ADL Enviro400EV
LG71DVC,first-in-london,BCE47105,,BYD D8UR-DD ADL Enviro400EV
LG71DVF,first-in-london,BCE47106,,BYD D8UR-DD ADL Enviro400EV
LG71DVH,first-in-london,BCE47107,,BYD D8UR-DD ADL Enviro400EV
LG71DVJ,first-in-london,BCE47108,,BYD D8UR-DD ADL Enviro400EV
LG71DVK,first-in-london,BCE47109,,BYD D8UR-DD ADL Enviro400EV
LG71DVL,first-in-london,BCE47110,,BYD D8UR-DD ADL Enviro400EV
LG22ATX,first-in-london,BCE47111,,BYD D8UR-DD ADL Enviro400EV
LG22ATY,first-in-london,BCE47112,,BYD D8UR-DD ADL Enviro400EV
LG22ATZ,first-in-london,BCE47113,,BYD D8UR-DD ADL Enviro400EV
LG22AUA,first-in-london,BCE47114,,BYD D8UR-DD ADL Enviro400EV
LG22AUC,first-in-london,BCE47115,,BYD D8UR-DD ADL Enviro400EV
LG22AUE,first-in-london,BCE47116,,BYD D8UR-DD ADL Enviro400EV
LG22AUF,first-in-london,BCE47117,,BYD D8UR-DD ADL Enviro400EV
LG22AUH,first-in-london,BCE47118,,BYD D8UR-DD ADL Enviro400EV
LG22AUJ,first-in-london,BCE47119,,BYD D8UR-DD ADL Enviro400EV
LG22AUK,first-in-london,BCE47120,183,BYD D8UR-DD ADL Enviro400EV
LG22AUL,first-in-london,BCE47121,,BYD D8UR-DD ADL Enviro400EV
LG22AUM,first-in-london,BCE47122,183,BYD D8UR-DD ADL Enviro400EV
LG22AUN,first-in-london,BCE47123,183,BYD D8UR-DD ADL Enviro400EV
LG22AUO,first-in-london,BCE47124,183,BYD D8UR-DD ADL Enviro400EV
LG22AUP,first-in-london,BCE47125,183,BYD D8UR-DD ADL Enviro400EV
LG22AUR,first-in-london,BCE47126,183,BYD D8UR-DD ADL Enviro400EV
LG22AUT,first-in-london,BCE47127,183,BYD D8UR-DD ADL Enviro400EV
LG22AUU,first-in-london,BCE47128,183,BYD D8UR-DD ADL Enviro400EV
LG22AUV,first-in-london,BCE47129,183,BYD D8UR-DD ADL Enviro400EV
LG22AUW,first-in-london,BCE47130,183,BYD D8UR-DD ADL Enviro400EV
LG22AUX,first-in-london,BCE47131,183,BYD D8UR-DD ADL Enviro400EV
LG22AUY,first-in-london,BCE47132,183,BYD D8UR-DD ADL Enviro400EV
LG22AVB,first-in-london,BCE47133,183,BYD D8UR-DD ADL Enviro400EV
LG22AVC,first-in-london,BCE47134,183,BYD D8UR-DD ADL Enviro400EV
LG22AVD,first-in-london,BCE47135,183,BYD D8UR-DD ADL Enviro400EV
LG22AVE,first-in-london,BCE47136,183,BYD D8UR-DD ADL Enviro400EV
LG22AVF,first-in-london,BCE47137,183,BYD D8UR-DD ADL Enviro400EV
LG71DWV,first-in-london,BCE47138,125,BYD D8UR-DD ADL Enviro400EV
LG71DWW,first-in-london,BCE47139,125,BYD D8UR-DD ADL Enviro400EV
LG71DWX,first-in-london,BCE47140,183,BYD D8UR-DD ADL Enviro400EV
LG71DWY,first-in-london,BCE47141,125,BYD D8UR-DD ADL Enviro400EV
LG71DXA,first-in-london,BCE47142,125,BYD D8UR-DD ADL Enviro400EV
LG71DWZ,first-in-london,BCE47143,125,BYD D8UR-DD ADL Enviro400EV
LG71DXB,first-in-london,BCE47144,125,BYD D8UR-DD ADL Enviro400EV
LG71DXC,first-in-london,BCE47145,125,BYD D8UR-DD ADL Enviro400EV
LG71DXD,first-in-london,BCE47146,125,BYD D8UR-DD ADL Enviro400EV
LG71DXE,first-in-london,BCE47147,125,BYD D8UR-DD ADL Enviro400EV
LG71DXF,first-in-london,BCE47148,125,BYD D8UR-DD ADL Enviro400EV
LG71DXH,first-in-london,BCE47149,125,BYD D8UR-DD ADL Enviro400EV
LG71DXJ,first-in-london,BCE47150,125,BYD D8UR-DD ADL Enviro400EV
LG71DXK,first-in-london,BCE47151,125,BYD D8UR-DD ADL Enviro400EV
LG71DXL,first-in-london,BCE47152,125,BYD D8UR-DD ADL Enviro400EV
LG71DXM,first-in-london,BCE47153,125,BYD D8UR-DD ADL Enviro400EV
LG71DXO,first-in-london,BCE47154,125,BYD D8UR-DD ADL Enviro400EV
LG71DXP,first-in-london,BCE47155,125,BYD D8UR-DD ADL Enviro400EV
LG71DXR,first-in-london,BCE47156,125,BYD D8UR-DD ADL Enviro400EV
LG72EEA,first-in-london,BCE47157,183,BYD D8UR-DD ADL Enviro400EV
LG72EEB,first-in-london,BCE47158,183,BYD D8UR-DD ADL Enviro400EV
LG72EEF,first-in-london,BCE47159,49,BYD D8UR-DD ADL Enviro400EV
LD72UFV,first-in-london,BCE47160,125,BYD D8UR-DD ADL Enviro400EV
LD72UFW,first-in-london,BCE47161,295,BYD D8UR-DD ADL Enviro400EV
LD72UFX,first-in-london,BCE47162,295,BYD D8UR-DD ADL Enviro400EV
LD72UFY,first-in-london,BCE47163,295,BYD D8UR-DD ADL Enviro400EV
LD72UFZ,first-in-london,BCE47164,295,BYD D8UR-DD ADL Enviro400EV
LD72UGA,first-in-london,BCE47165,295,BYD D8UR-DD ADL Enviro400EV
LD72UGB,first-in-london,BCE47166,295,BYD D8UR-DD ADL Enviro400EV
LD72UGC,first-in-london,BCE47167,295,BYD D8UR-DD ADL Enviro400EV
LD72UGE,first-in-london,BCE47168,295,BYD D8UR-DD ADL Enviro400EV
LD72UGF,first-in-london,BCE47169,295,BYD D8UR-DD ADL Enviro400EV
LD72UGG,first-in-london,BCE47170,295,BYD D8UR-DD ADL Enviro400EV
LD72UGJ,first-in-london,BCE47171,295,BYD D8UR-DD ADL Enviro400EV
LD72UGK,first-in-london,BCE47172,295,BYD D8UR-DD ADL Enviro400EV
LD72UGL,first-in-london,BCE47173,295,BYD D8UR-DD ADL Enviro400EV
LD72UGM,first-in-london,BCE47174,295,BYD D8UR-DD ADL Enviro400EV
LD72UGN,first-in-london,BCE47175,295,BYD D8UR-DD ADL Enviro400EV
LD72UGO,first-in-london,BCE47176,295,BYD D8UR-DD ADL Enviro400EV
LD72UGP,first-in-london,BCE47177,295,BYD D8UR-DD ADL Enviro400EV
LF75ONC,first-in-london,BDE47178,18,BYD BD11
LF75OND,first-in-london,BDE47179,18,BYD BD11
LF75ONG,first-in-london,BDE47180,N18,BYD BD11
LF75ONH,first-in-london,BDE47181,18,BYD BD11
LF75ONJ,first-in-london,BDE47182,31,BYD BD11
LF75ONK,first-in-london,BDE47183,18,BYD BD11
LF75ONL,first-in-london,BDE47184,18,BYD BD11
LF75ONM,first-in-london,BDE47185,N118,BYD BD11
LF75ONN,first-in-london,BDE47186,31,BYD BD11
LF75ONO,first-in-london,BDE47187,31,BYD BD11
LF75ONP,first-in-london,BDE47188,18,BYD BD11
LF75ONR,first-in-london,BDE47189,31,BYD BD11
LF75ONT,first-in-london,BDE47190,18,BYD BD11
LF75ONU,first-in-london,BDE47191,18,BYD BD11
LF75ONV,first-in-london,BDE47192,18,BYD BD11
LF75ONW,first-in-london,BDE47193,18,BYD BD11
LF75ONX,first-in-london,BDE47194,18,BYD BD11
LF75ONZ,first-in-london,BDE47195,18,BYD BD11
LF75OOA,first-in-london,BDE47196,18,BYD BD11
LF75OOB,first-in-london,BDE47197,31,BYD BD11
LF75OOD,first-in-london,BDE47198,18,BYD BD11
LF75OOE,first-in-london,BDE47199,18,BYD BD11
LF75OOG,first-in-london,BDE47200,31,BYD BD11
LF75OOH,first-in-london,BDE47201,31,BYD BD11
LF75OOJ,first-in-london,BDE47202,18,BYD BD11
LF75OOU,first-in-london,BDE47203,31,BYD BD11
LF75OOV,first-in-london,BDE47204,18,BYD BD11
LF75OOW,first-in-london,BDE47205,18,BYD BD11
LF75OOX,first-in-london,BDE47206,18,BYD BD11
LF75OOY,first-in-london,BDE47207,31,BYD BD11
LF75OPA,first-in-london,BDE47208,18,BYD BD11
LF75OPB,first-in-london,BDE47209,31,BYD BD11
LF75OPC,first-in-london,BDE47210,31,BYD BD11
LF75OPD,first-in-london,BDE47211,18,BYD BD11
LF75OPE,first-in-london,BDE47212,18,BYD BD11
LF75OPG,first-in-london,BDE47213,18,BYD BD11
LF75OPJ,first-in-london,BDE47214,18,BYD BD11
LF75OPK,first-in-london,BDE47215,18,BYD BD11
LF75OPL,first-in-london,BDE47216,18,BYD BD11
LF75OPM,first-in-london,BDE47217,18,BYD BD11
LF75OPN,first-in-london,BDE47218,18,BYD BD11
LF75OPO,first-in-london,BDE47219,18,BYD BD11
LF75OPP,first-in-london,BDE47220,18,BYD BD11
LF75OPR,first-in-london,BDE47221,18,BYD BD11
LF75OPS,first-in-london,BDE47222,31,BYD BD11
LF75OPT,first-in-london,BDE47223,31,BYD BD11
LF75OPU,first-in-london,BDE47224,31,BYD BD11
LF75OPV,first-in-london,BDE47225,18,BYD BD11
LF75OPW,first-in-london,BDE47226,18,BYD BD11
LF75OPX,first-in-london,BDE47227,18,BYD BD11
LF75OPY,first-in-london,BDE47228,18,BYD BD11
LF75OPZ,first-in-london,BDE47229,18,BYD BD11
LF75ORA,first-in-london,BDE47230,18,BYD BD11
LF75ORC,first-in-london,BDE47231,18,BYD BD11
LF75ORG,first-in-london,BDE47232,18,BYD BD11
LF75ORH,first-in-london,BDE47233,31,BYD BD11
LF75ORJ,first-in-london,BDE47234,31,BYD BD11
LF75ORK,first-in-london,BDE47235,18,BYD BD11
LF75ORL,first-in-london,BDE47236,18,BYD BD11
LJ18FJC,first-in-london,BE37005,C1,BYD D8UR ADL Enviro200EV
LJ18FJD,first-in-london,BE37006,70,BYD D8UR ADL Enviro200EV
LJ18FJE,first-in-london,BE37007,49,BYD D8UR ADL Enviro200EV
LJ18FJF,first-in-london,BE37008,70,BYD D8UR ADL Enviro200EV
LJ18FJK,first-in-london,BE37009,70,BYD D8UR ADL Enviro200EV
LJ18FJN,first-in-london,BE37010,C1,BYD D8UR ADL Enviro200EV
LJ18FJO,first-in-london,BE37011,70,BYD D8UR ADL Enviro200EV
LJ18FJP,first-in-london,BE37012,C1,BYD D8UR ADL Enviro200EV
LJ18FJU,first-in-london,BE37013,C1,BYD D8UR ADL Enviro200EV
LJ18FJV,first-in-london,BE37014,70,BYD D8UR ADL Enviro200EV
LJ18FJX,first-in-london,BE37015,70,BYD D8UR ADL Enviro200EV
LJ18FJY,first-in-london,BE37016,70,BYD D8UR ADL Enviro200EV
LJ18FJZ,first-in-london,BE37017,70,BYD D8UR ADL Enviro200EV
LJ18FKA,first-in-london,BE37018,70,BYD D8UR ADL Enviro200EV
LJ18FKB,first-in-london,BE37019,C1,BYD D8UR ADL Enviro200EV
LJ18FKE,first-in-london,BE37020,70,BYD D8UR ADL Enviro200EV
LJ18FKF,first-in-london,BE37021,C1,BYD D8UR ADL Enviro200EV
LJ18FKG,first-in-london,BE37022,70,BYD D8UR ADL Enviro200EV
LJ18FKH,first-in-london,BE37023,C1,BYD D8UR ADL Enviro200EV
LJ18FKL,first-in-london,BE37024,70,BYD D8UR ADL Enviro200EV
LJ18FKM,first-in-london,BE37025,70,BYD D8UR ADL Enviro200EV
LJ18FKN,first-in-london,BE37026,70,BYD D8UR ADL Enviro200EV
LJ18FKO,first-in-london,BE37027,C1,BYD D8UR ADL Enviro200EV
LJ18FKP,first-in-london,BE37028,C1,BYD D8UR ADL Enviro200EV
LJ18FKS,first-in-london,BE37029,70,BYD D8UR ADL Enviro200EV
LJ18FKT,first-in-london,BE37030,C1,BYD D8UR ADL Enviro200EV
LJ18FKU,first-in-london,BE37031,C1,BYD D8UR ADL Enviro200EV
LJ18FKV,first-in-london,BE37032,70,BYD D8UR ADL Enviro200EV
LJ18FKW,first-in-london,BE37033,70,BYD D8UR ADL Enviro200EV
LJ18FKX,first-in-london,BE37034,C1,BYD D8UR ADL Enviro200EV
LJ18FKY,first-in-london,BE37035,C1,BYD D8UR ADL Enviro200EV
LJ18FKZ,first-in-london,BE37036,70,BYD D8UR ADL Enviro200EV
LJ18FLA,first-in-london,BE37037,C1,BYD D8UR ADL Enviro200EV
LJ18FLB,first-in-london,BE37038,C1,BYD D8UR ADL Enviro200EV
LJ18FLC,first-in-london,BE37039,70,BYD D8UR ADL Enviro200EV
LJ18FLD,first-in-london,BE37040,C1,BYD D8UR ADL Enviro200EV
LG71DSZ,first-in-london,BE37041,33,BYD D8UR ADL Enviro200EV
LG71DTF,first-in-london,BE37042,290,BYD D8UR ADL Enviro200EV
LG71DTK,first-in-london,BE37043,371,BYD D8UR ADL Enviro200EV
LG71DTN,first-in-london,BE37044,33,BYD D8UR ADL Enviro200EV
LG71DTO,first-in-london,BE37045,290,BYD D8UR ADL Enviro200EV
LG71DTU,first-in-london,BE37046,33,BYD D8UR ADL Enviro200EV
LG71DTV,first-in-london,BE37047,371,BYD D8UR ADL Enviro200EV
LG71DTX,first-in-london,BE37048,33,BYD D8UR ADL Enviro200EV
LG71DTZ,first-in-london,BE37049,290,BYD D8UR ADL Enviro200EV
LG71DTY,first-in-london,BE37050,371,BYD D8UR ADL Enviro200EV
LG71DUA,first-in-london,BE37051,33,BYD D8UR ADL Enviro200EV
LG71DUH,first-in-london,BE37052,371,BYD D8UR ADL Enviro200EV
LG71DUJ,first-in-london,BE37053,290,BYD D8UR ADL Enviro200EV
LD71YLO,first-in-london,BE37054,226,BYD D8UR ADL Enviro200EV
LD71YLP,first-in-london,BE37055,33,BYD D8UR ADL Enviro200EV
LD71YLR,first-in-london,BE37056,290,BYD D8UR ADL Enviro200EV
LD71YLS,first-in-london,BE37057,290,BYD D8UR ADL Enviro200EV
LD71YLT,first-in-london,BE37058,371,BYD D8UR ADL Enviro200EV
LD71YLU,first-in-london,BE37059,290,BYD D8UR ADL Enviro200EV
LD71YLV,first-in-london,BE37060,371,BYD D8UR ADL Enviro200EV
LD71YLW,first-in-london,BE37061,290,BYD D8UR ADL Enviro200EV
LB71NZM,first-in-london,BE37062,235,BYD D8UR ADL Enviro200EV
LB71NZN,first-in-london,BE37063,235,BYD D8UR ADL Enviro200EV
LB71NZO,first-in-london,BE37064,235,BYD D8UR ADL Enviro200EV
LB71NZP,first-in-london,BE37065,235,BYD D8UR ADL Enviro200EV
LB71NZR,first-in-london,BE37066,235,BYD D8UR ADL Enviro200EV
LB71NZS,first-in-london,BE37067,235,BYD D8UR ADL Enviro200EV
LB71NZT,first-in-london,BE37068,235,BYD D8UR ADL Enviro200EV
LB71NZU,first-in-london,BE37069,235,BYD D8UR ADL Enviro200EV
LB71NZV,first-in-london,BE37070,235,BYD D8UR ADL Enviro200EV
LB71NZW,first-in-london,BE37071,235,BYD D8UR ADL Enviro200EV
LB71NZX,first-in-london,BE37072,235,BYD D8UR ADL Enviro200EV
LB71NZY,first-in-london,BE37073,235,BYD D8UR ADL Enviro200EV
LB71NZZ,first-in-london,BE37074,235,BYD D8UR ADL Enviro200EV
LB71OAA,first-in-london,BE37075,235,BYD D8UR ADL Enviro200EV
LB71OAC,first-in-london,BE37076,235,BYD D8UR ADL Enviro200EV
LB71OAD,first-in-london,BE37077,235,BYD D8UR ADL Enviro200EV
LB71OAE,first-in-london,BE37078,235,BYD D8UR ADL Enviro200EV
LB71OAG,first-in-london,BE37079,235,BYD D8UR ADL Enviro200EV
LB71OAH,first-in-london,BE37080,235,BYD D8UR ADL Enviro200EV
LB71OAJ,first-in-london,BE37081,235,BYD D8UR ADL Enviro200EV
LB71OAL,first-in-london,BE37082,235,BYD D8UR ADL Enviro200EV
LB71OAM,first-in-london,BE37083,235,BYD D8UR ADL Enviro200EV
LB71OAN,first-in-london,BE37084,235,BYD D8UR ADL Enviro200EV
LG72ECT,first-in-london,BE37085,226,BYD D8UR ADL Enviro200EV
LG72ECV,first-in-london,BE37086,226,BYD D8UR ADL Enviro200EV
LG72ECW,first-in-london,BE37087,226,BYD D8UR ADL Enviro200EV
LG72ECX,first-in-london,BE37088,226,BYD D8UR ADL Enviro200EV
LG72ECY,first-in-london,BE37089,226,BYD D8UR ADL Enviro200EV
LG72ECZ,first-in-london,BE37090,226,BYD D8UR ADL Enviro200EV
LG72EDC,first-in-london,BE37091,226,BYD D8UR ADL Enviro200EV
LG72EDF,first-in-london,BE37092,226,BYD D8UR ADL Enviro200EV
LG72EDJ,first-in-london,BE37093,226,BYD D8UR ADL Enviro200EV
LG72EDK,first-in-london,BE37094,226,BYD D8UR ADL Enviro200EV
LG72EDL,first-in-london,BE37095,226,BYD D8UR ADL Enviro200EV
LG72EDO,first-in-london,BE37096,226,BYD D8UR ADL Enviro200EV
LG72EDP,first-in-london,BE37097,226,BYD D8UR ADL Enviro200EV
LG72EDR,first-in-london,BE37098,226,BYD D8UR ADL Enviro200EV
LG72EDU,first-in-london,BE37099,226,BYD D8UR ADL Enviro200EV
LG72EDV,first-in-london,BE37100,226,BYD D8UR ADL Enviro200EV
LG72EDX,first-in-london,BE37101,226,BYD D8UR ADL Enviro200EV
LG71EAC,first-in-london,BME27001,H9,BYD D8UR ADL Enviro200EV
LG71EAE,first-in-london,BME27002,398,BYD D8UR ADL Enviro200EV
LG71EAF,first-in-london,BME27003,H9,BYD D8UR ADL Enviro200EV
LG71EAJ,first-in-london,BME27004,H10,BYD D8UR ADL Enviro200EV
LC71KTV,first-in-london,BME27005,H10,BYD D8UR ADL Enviro200EV
LC71KTX,first-in-london,BME27006,H9,BYD D8UR ADL Enviro200EV
LC71KUA,first-in-london,BME27007,H10,BYD D8UR ADL Enviro200EV
LC71KUB,first-in-london,BME27008,H9,BYD D8UR ADL Enviro200EV
LC71KUD,first-in-london,BME27009,398,BYD D8UR ADL Enviro200EV
LC71KUE,first-in-london,BME27010,H9,BYD D8UR ADL Enviro200EV
LC71KUF,first-in-london,BME27011,H10,BYD D8UR ADL Enviro200EV
LC71KUG,first-in-london,BME27012,H10,BYD D8UR ADL Enviro200EV
LC71KUH,first-in-london,BME27013,H9,BYD D8UR ADL Enviro200EV
LC71KUJ,first-in-london,BME27014,398,BYD D8UR ADL Enviro200EV
LC71KUK,first-in-london,BME27015,H9,BYD D8UR ADL Enviro200EV
LC71KUN,first-in-london,BME27016,H10,BYD D8UR ADL Enviro200EV
LC71KUO,first-in-london,BME27017,H10,BYD D8UR ADL Enviro200EV
LC71KUP,first-in-london,BME27018,H9,BYD D8UR ADL Enviro200EV
LC71KUR,first-in-london,BME27019,398,BYD D8UR ADL Enviro200EV
LC71KUS,first-in-london,BME27020,H10,BYD D8UR ADL Enviro200EV
LC71KUT,first-in-london,BME27021,H10,BYD D8UR ADL Enviro200EV
LC71KUU,first-in-london,BME27022,H9,BYD D8UR ADL Enviro200EV
LC71KUV,first-in-london,BME27023,H10,BYD D8UR ADL Enviro200EV
LC71KUW,first-in-london,BME27024,H9,BYD D8UR ADL Enviro200EV
YY67UUF,first-in-london,DDE20287,H9,ADL Enviro200 MMC
YY67UUG,first-in-london,DDE20288,395,ADL Enviro200 MMC
YY67UUH,first-in-london,DDE20289,H10,ADL Enviro200 MMC
YY67UUJ,first-in-london,DDE20290,395,ADL Enviro200 MMC
YY67UUK,first-in-london,DDE20291,395,ADL Enviro200 MMC
YY67UUL,first-in-london,DDE20292,395,ADL Enviro200 MMC
YY67UUM,first-in-london,DDE20293,395,ADL Enviro200 MMC
SN10CBU,first-in-london,DE20097,117,ADL Enviro200
YX60CAU,first-in-london,DE20112,72,ADL Enviro200
YX60CBF,first-in-london,DE20114,H98,ADL Enviro200
YX11AEV,first-in-london,DE20151,72,ADL Enviro200
YX11FZC,first-in-london,DE20176,218,ADL Enviro200
YX11FZS,first-in-london,DE20190,110,ADL Enviro200
YX11FZV,first-in-london,DE20193,E3,ADL Enviro200
YX11FZW,first-in-london,DE20194,303,ADL Enviro200
YX11FZY,first-in-london,DE20195,117,ADL Enviro200
YX11FZZ,first-in-london,DE20196,395,ADL Enviro200
YX11COH,first-in-london,DE20197,H22,ADL Enviro200
YX11COJ,first-in-london,DE20198,117,ADL Enviro200
YX11CNJ,first-in-london,DE20199,H22,ADL Enviro200
SN60EBU,first-in-london,DLE30014,216,ADL Enviro200
LK64CZZ,first-in-london,DLE30026,411,ADL Enviro200
YX17NHF,first-in-london,DLE30041,110,ADL Enviro200 MMC
YX17NHG,first-in-london,DLE30042,H22,ADL Enviro200 MMC
YX17NHH,first-in-london,DLE30043,419,ADL Enviro200 MMC
YX17NHJ,first-in-london,DLE30044,H22,ADL Enviro200 MMC
YX17NHK,first-in-london,DLE30045,H22,ADL Enviro200 MMC
YX17NHL,first-in-london,DLE30046,110,ADL Enviro200 MMC
YX17NHN,first-in-london,DLE30047,419,ADL Enviro200 MMC
YX17NHO,first-in-london,DLE30048,H22,ADL Enviro200 MMC
SN17MUP,first-in-london,DLE30049,K2,ADL Enviro200 MMC
SN17MUU,first-in-london,DLE30050,216,ADL Enviro200 MMC
SN17MUV,first-in-london,DLE30051,110,ADL Enviro200 MMC
SN17MUW,first-in-london,DLE30052,110,ADL Enviro200 MMC
SN17MUY,first-in-london,DLE30053,419,ADL Enviro200 MMC
SN17MVA,first-in-london,DLE30054,110,ADL Enviro200 MMC
SN17MVD,first-in-london,DLE30055,117,ADL Enviro200 MMC
SN17MVE,first-in-london,DLE30056,419,ADL Enviro200 MMC
SN17MVF,first-in-london,DLE30057,419,ADL Enviro200 MMC
SN17MVG,first-in-london,DLE30058,H22,ADL Enviro200 MMC
SN17MVH,first-in-london,DLE30059,H22,ADL Enviro200 MMC
SN17MVJ,first-in-london,DLE30060,110,ADL Enviro200 MMC
SN17MVK,first-in-london,DLE30061,117,ADL Enviro200 MMC
SN17MVL,first-in-london,DLE30062,411,ADL Enviro200 MMC
SN17MVM,first-in-london,DLE30063,K2,ADL Enviro200 MMC
SN17MVO,first-in-london,DLE30064,K2,ADL Enviro200 MMC
SN17MVP,first-in-london,DLE30065,K2,ADL Enviro200 MMC
SN17MVR,first-in-london,DLE30066,665,ADL Enviro200 MMC
SN17MVS,first-in-london,DLE30067,411,ADL Enviro200 MMC
SN17MVT,first-in-london,DLE30068,110,ADL Enviro200 MMC
SN17MVU,first-in-london,DLE30069,H22,ADL Enviro200 MMC
SN17MVC,first-in-london,DLE30070,H22,ADL Enviro200 MMC
LJ16EXL,first-in-london,DLE30129,72,ADL Enviro200 MMC
LJ16EXM,first-in-london,DLE30130,72,ADL Enviro200 MMC
LJ16EXN,first-in-london,DLE30131,419,ADL Enviro200 MMC
LJ16EXO,first-in-london,DLE30132,72,ADL Enviro200 MMC
LJ16EXP,first-in-london,DLE30133,72,ADL Enviro200 MMC
LJ16EXR,first-in-london,DLE30134,72,ADL Enviro200 MMC
LJ16EXS,first-in-london,DLE30135,72,ADL Enviro200 MMC
LJ16EXT,first-in-london,DLE30136,110,ADL Enviro200 MMC
LJ16EXU,first-in-london,DLE30137,72,ADL Enviro200 MMC
LJ16EXV,first-in-london,DLE30138,72,ADL Enviro200 MMC
LJ16EXW,first-in-london,DLE30139,72,ADL Enviro200 MMC
LJ16EXX,first-in-london,DLE30140,272,ADL Enviro200 MMC
LJ16EXZ,first-in-london,DLE30141,440,ADL Enviro200 MMC
LJ16EYA,first-in-london,DLE30142,K3,ADL Enviro200 MMC
YX18KVE,first-in-london,DLE30217,K3,ADL Enviro200 MMC
YX18KVF,first-in-london,DLE30218,216,ADL Enviro200 MMC
YX18KVG,first-in-london,DLE30219,216,ADL Enviro200 MMC
YX18KVH,first-in-london,DLE30220,K3,ADL Enviro200 MMC
YX18KVJ,first-in-london,DLE30221,K3,ADL Enviro200 MMC
YX18KVK,first-in-london,DLE30222,216,ADL Enviro200 MMC
YX18KVL,first-in-london,DLE30223,216,ADL Enviro200 MMC
YX18KVM,first-in-london,DLE30224,33,ADL Enviro200 MMC
YX18KVO,first-in-london,DLE30225,K3,ADL Enviro200 MMC
YX18KVP,first-in-london,DLE30226,K3,ADL Enviro200 MMC
SN18KPF,first-in-london,DLE30227,K2,ADL Enviro200 MMC
SN18KPG,first-in-london,DLE30228,K2,ADL Enviro200 MMC
SN18KPJ,first-in-london,DLE30229,K2,ADL Enviro200 MMC
SN18KPK,first-in-london,DLE30230,K2,ADL Enviro200 MMC
SN18KPL,first-in-london,DLE30231,K2,ADL Enviro200 MMC
SN18KPO,first-in-london,DLE30232,K2,ADL Enviro200 MMC
SN18KPP,first-in-london,DLE30233,411,ADL Enviro200 MMC
SN18KPR,first-in-london,DLE30234,K2,ADL Enviro200 MMC
SN18KPT,first-in-london,DLE30235,K2,ADL Enviro200 MMC
SN18KPU,first-in-london,DLE30236,411,ADL Enviro200 MMC
SN18KPV,first-in-london,DLE30237,K2,ADL Enviro200 MMC
SN18KPX,first-in-london,DLE30238,216,ADL Enviro200 MMC
SN18KPY,first-in-london,DLE30239,216,ADL Enviro200 MMC
SN18KPZ,first-in-london,DLE30240,K3,ADL Enviro200 MMC
SN18KRD,first-in-london,DLE30241,216,ADL Enviro200 MMC
SN18KRE,first-in-london,DLE30242,K3,ADL Enviro200 MMC
SN18KRF,first-in-london,DLE30243,K3,ADL Enviro200 MMC
SN18KRG,first-in-london,DLE30244,K3,ADL Enviro200 MMC
SN18KRJ,first-in-london,DLE30245,K3,ADL Enviro200 MMC
SN18KRK,first-in-london,DLE30246,K3,ADL Enviro200 MMC
SN18KRO,first-in-london,DLE30247,216,ADL Enviro200 MMC
SN18KRU,first-in-london,DLE30248,K3,ADL Enviro200 MMC
SN18KRV,first-in-london,DLE30249,K3,ADL Enviro200 MMC
SN18KVZ,first-in-london,DLE30250,326,ADL Enviro200 MMC
SN18KWA,first-in-london,DLE30251,H11,ADL Enviro200 MMC
SN18KWB,first-in-london,DLE30252,326,ADL Enviro200 MMC
SN18KWC,first-in-london,DLE30253,303,ADL Enviro200 MMC
SN18KWD,first-in-london,DLE30254,288,ADL Enviro200 MMC
SN18KWE,first-in-london,DLE30255,H11,ADL Enviro200 MMC
SN18KWF,first-in-london,DLE30256,H11,ADL Enviro200 MMC
SN18KWG,first-in-london,DLE30257,288,ADL Enviro200 MMC
SK68LTT,first-in-london,DLE30258,326,ADL Enviro200 MMC
SK68LTU,first-in-london,DLE30259,326,ADL Enviro200 MMC
SK68LTV,first-in-london,DLE30260,326,ADL Enviro200 MMC
SK68LTX,first-in-london,DLE30261,H11,ADL Enviro200 MMC
SK68LTY,first-in-london,DLE30262,288,ADL Enviro200 MMC
SK68LTZ,first-in-london,DLE30263,288,ADL Enviro200 MMC
SK68LUA,first-in-london,DLE30264,303,ADL Enviro200 MMC
SK68LUB,first-in-london,DLE30265,326,ADL Enviro200 MMC
SK68LUD,first-in-london,DLE30266,288,ADL Enviro200 MMC
YX68UOA,first-in-london,DLE30267,326,ADL Enviro200 MMC
YX68UOB,first-in-london,DLE30268,326,ADL Enviro200 MMC
YX68UOC,first-in-london,DLE30269,H11,ADL Enviro200 MMC
YX68UOD,first-in-london,DLE30270,326,ADL Enviro200 MMC
YX68UOE,first-in-london,DLE30271,303,ADL Enviro200 MMC
YX68UOF,first-in-london,DLE30272,326,ADL Enviro200 MMC
YX68UOG,first-in-london,DLE30273,288,ADL Enviro200 MMC
YX68UOH,first-in-london,DLE30274,226,ADL Enviro200 MMC
SN18KWH,first-in-london,DLE30275,H18,ADL Enviro200 MMC
SN18KWJ,first-in-london,DLE30276,H19,ADL Enviro200 MMC
SN18KWK,first-in-london,DLE30277,H19,ADL Enviro200 MMC
SN18KWL,first-in-london,DLE30278,H19,ADL Enviro200 MMC
SK68LTE,first-in-london,DLE30279,H18,ADL Enviro200 MMC
SK68LTF,first-in-london,DLE30280,H18,ADL Enviro200 MMC
SK68LTJ,first-in-london,DLE30281,H18,ADL Enviro200 MMC
SK68LTN,first-in-london,DLE30282,H18,ADL Enviro200 MMC
SK68LTO,first-in-london,DLE30283,H19,ADL Enviro200 MMC
YX68UOT,first-in-london,DLE30291,110,ADL Enviro200 MMC
YX68UOU,first-in-london,DLE30292,110,ADL Enviro200 MMC
YX68UOV,first-in-london,DLE30293,H22,ADL Enviro200 MMC
YX68UOY,first-in-london,DLE30294,419,ADL Enviro200 MMC
YX68UOW,first-in-london,DLE30295,117,ADL Enviro200 MMC
YX68UPA,first-in-london,DLE30296,117,ADL Enviro200 MMC
YX68UPB,first-in-london,DLE30297,H22,ADL Enviro200 MMC
YX68URN,first-in-london,DLE30308,H11,ADL Enviro200 MMC
YX68URO,first-in-london,DLE30309,326,ADL Enviro200 MMC
YX68URP,first-in-london,DLE30310,326,ADL Enviro200 MMC
YX68URR,first-in-london,DLE30311,303,ADL Enviro200 MMC
YX68URS,first-in-london,DLE30312,326,ADL Enviro200 MMC
YX68URU,first-in-london,DLE30313,H11,ADL Enviro200 MMC
YX68URV,first-in-london,DLE30314,326,ADL Enviro200 MMC
YX68URW,first-in-london,DLE30315,H11,ADL Enviro200 MMC
YX68UVA,first-in-london,DLE30316,72,ADL Enviro200 MMC
YX68UVB,first-in-london,DLE30317,72,ADL Enviro200 MMC
YX68UVC,first-in-london,DLE30318,72,ADL Enviro200 MMC
YX68UVD,first-in-london,DLE30319,72,ADL Enviro200 MMC
YX68UVE,first-in-london,DLE30320,419,ADL Enviro200 MMC
YX68UVG,first-in-london,DLE30321,216,ADL Enviro200 MMC
YX68UVH,first-in-london,DLE30322,72,ADL Enviro200 MMC
YX68UVJ,first-in-london,DLE30323,72,ADL Enviro200 MMC
YX68UVK,first-in-london,DLE30324,235,ADL Enviro200 MMC
YX68UVL,first-in-london,DLE30325,216,ADL Enviro200 MMC
YX68UVM,first-in-london,DLE30326,216,ADL Enviro200 MMC
YX68UVN,first-in-london,DLE30327,117,ADL Enviro200 MMC
YX68UVO,first-in-london,DLE30328,H22,ADL Enviro200 MMC
YX68UVP,first-in-london,DLE30329,419,ADL Enviro200 MMC
YX68UVR,first-in-london,DLE30330,H22,ADL Enviro200 MMC
YX68UVS,first-in-london,DLE30331,K2,ADL Enviro200 MMC
YX68UVT,first-in-london,DLE30332,H22,ADL Enviro200 MMC
YX68UVU,first-in-london,DLE30333,110,ADL Enviro200 MMC
YX68UVV,first-in-london,DLE30334,419,ADL Enviro200 MMC
YX68UVW,first-in-london,DLE30335,419,ADL Enviro200 MMC
YX68UVY,first-in-london,DLE30336,H22,ADL Enviro200 MMC
YX68UVZ,first-in-london,DLE30337,419,ADL Enviro200 MMC
YX68UWA,first-in-london,DLE30338,419,ADL Enviro200 MMC
YX68UWB,first-in-london,DLE30339,272,ADL Enviro200 MMC
YX68UWD,first-in-london,DLE30340,272,ADL Enviro200 MMC
YX68UWF,first-in-london,DLE30341,440,ADL Enviro200 MMC
YX68UWG,first-in-london,DLE30342,440,ADL Enviro200 MMC
YX68UWH,first-in-london,DLE30343,272,ADL Enviro200 MMC
YX68UWJ,first-in-london,DLE30344,272,ADL Enviro200 MMC
YX68UWK,first-in-london,DLE30345,440,ADL Enviro200 MMC
YX68UWL,first-in-london,DLE30346,272,ADL Enviro200 MMC
YX68UWM,first-in-london,DLE30347,440,ADL Enviro200 MMC
YX19OMU,first-in-london,DME30361,440,ADL Enviro200 MMC
YX19OMV,first-in-london,DME30362,440,ADL Enviro200 MMC
YX19OMW,first-in-london,DME30363,440,ADL Enviro200 MMC
YX19OMY,first-in-london,DME30364,440,ADL Enviro200 MMC
YX19ONA,first-in-london,DME30365,272,ADL Enviro200 MMC
YX19ONB,first-in-london,DME30366,440,ADL Enviro200 MMC
YX19ONC,first-in-london,DME30367,440,ADL Enviro200 MMC
YX19OND,first-in-london,DME30368,272,ADL Enviro200 MMC
YX19ONF,first-in-london,DME30369,440,ADL Enviro200 MMC
YX19ONG,first-in-london,DME30370,272,ADL Enviro200 MMC
YX19ONH,first-in-london,DME30371,440,ADL Enviro200 MMC
YX19ONJ,first-in-london,DME30372,440,ADL Enviro200 MMC
YX19OMJ,first-in-london,DME30373,303,ADL Enviro200 MMC
YX19OMK,first-in-london,DME30374,H11,ADL Enviro200 MMC
YX19OML,first-in-london,DME30375,303,ADL Enviro200 MMC
YX19OMM,first-in-london,DME30376,303,ADL Enviro200 MMC
YX19OMO,first-in-london,DME30377,303,ADL Enviro200 MMC
YX19OMP,first-in-london,DME30378,326,ADL Enviro200 MMC
YX19OMR,first-in-london,DME30379,326,ADL Enviro200 MMC
YX19OMS,first-in-london,DME30380,326,ADL Enviro200 MMC
YX19OMT,first-in-london,DME30381,288,ADL Enviro200 MMC
SK68LXR,first-in-london,DXE30284,293,ADL Enviro200 MMC
SK68LXS,first-in-london,DXE30285,293,ADL Enviro200 MMC
SK68LXT,first-in-london,DXE30286,293,ADL Enviro200 MMC
SK68LXU,first-in-london,DXE30287,293,ADL Enviro200 MMC
SK68LXV,first-in-london,DXE30288,293,ADL Enviro200 MMC
SK68LXW,first-in-london,DXE30289,293,ADL Enviro200 MMC
SK68LXX,first-in-london,DXE30290,H37,ADL Enviro200 MMC
YX19OLA,first-in-london,DXE30348,H37,ADL Enviro200 MMC
YX19OLB,first-in-london,DXE30349,H37,ADL Enviro200 MMC
YX19OLC,first-in-london,DXE30350,H37,ADL Enviro200 MMC
YX19OLE,first-in-london,DXE30351,H37,ADL Enviro200 MMC
YX19OLG,first-in-london,DXE30352,H37,ADL Enviro200 MMC
YX19OLH,first-in-london,DXE30353,110,ADL Enviro200 MMC
YX19OLJ,first-in-london,DXE30354,H37,ADL Enviro200 MMC
YX19OLK,first-in-london,DXE30355,H37,ADL Enviro200 MMC
YX19OLM,first-in-london,DXE30356,H37,ADL Enviro200 MMC
YX19OLN,first-in-london,DXE30357,H37,ADL Enviro200 MMC
YX19OLO,first-in-london,DXE30358,H37,ADL Enviro200 MMC
YX19OLP,first-in-london,DXE30359,H37,ADL Enviro200 MMC
YX19OLR,first-in-london,DXE30360,H37,ADL Enviro200 MMC
BV66GXY,first-in-london,MCM30084,117,Mercedes-Benz Citaro O295K
BV66GXZ,first-in-london,MCM30085,117,Mercedes-Benz Citaro O295K
BV66GYA,first-in-london,MCM30086,117,Mercedes-Benz Citaro O295K
BV66GYB,first-in-london,MCM30087,117,Mercedes-Benz Citaro O295K
BV66GYC,first-in-london,MCM30088,117,Mercedes-Benz Citaro O295K
BV66GYD,first-in-london,MCM30089,117,Mercedes-Benz Citaro O295K
BV66GYE,first-in-london,MCM30090,117,Mercedes-Benz Citaro O295K
BV66GYF,first-in-london,MCM30091,117,Mercedes-Benz Citaro O295K
BV66GYG,first-in-london,MCM30092,117,Mercedes-Benz Citaro O295K
YJ70EVB,first-in-london,OME46001,23,Optare MetroDecker EV
YJ70EVC,first-in-london,OME46002,23,Optare MetroDecker EV
YJ70EVD,first-in-london,OME46003,295,Optare MetroDecker EV
YJ70EVF,first-in-london,OME46004,23,Optare MetroDecker EV
YJ70EVG,first-in-london,OME46005,295,Optare MetroDecker EV
YJ70EVH,first-in-london,OME46006,23,Optare MetroDecker EV
YJ70EVK,first-in-london,OME46007,295,Optare MetroDecker EV
YJ70EVL,first-in-london,OME46008,23,Optare MetroDecker EV
YJ70EVM,first-in-london,OME46009,23,Optare MetroDecker EV
YJ70EVN,first-in-london,OME46010,452,Optare MetroDecker EV
YJ70EVP,first-in-london,OME46011,452,Optare MetroDecker EV
YJ70EVR,first-in-london,OME46012,23,Optare MetroDecker EV
YJ70EVT,first-in-london,OME46013,452,Optare MetroDecker EV
YJ70EVU,first-in-london,OME46014,295,Optare MetroDecker EV
YJ70EVV,first-in-london,OME46015,23,Optare MetroDecker EV
YJ21EVW,first-in-london,OME46016,23,Optare MetroDecker EV
YJ70EVX,first-in-london,OME46017,23,Optare MetroDecker EV
YJ70EVY,first-in-london,OME46018,31,Optare MetroDecker EV
YJ70EXA,first-in-london,OME46019,452,Optare MetroDecker EV
YJ70EXB,first-in-london,OME46020,452,Optare MetroDecker EV
YJ70EXC,first-in-london,OME46021,23,Optare MetroDecker EV
YJ21EXD,first-in-london,OME46022,452,Optare MetroDecker EV
YJ21EXE,first-in-london,OME46023,23,Optare MetroDecker EV
YJ21EXF,first-in-london,OME46024,23,Optare MetroDecker EV
YJ21EXG,first-in-london,OME46025,23,Optare MetroDecker EV
YJ21EXH,first-in-london,OME46026,23,Optare MetroDecker EV
YJ21EXK,first-in-london,OME46027,23,Optare MetroDecker EV
YJ21EXL,first-in-london,OME46028,452,Optare MetroDecker EV
YJ21EXM,first-in-london,OME46029,31,Optare MetroDecker EV
YJ21EXN,first-in-london,OME46030,452,Optare MetroDecker EV
YJ21EXO,first-in-london,OME46031,31,Optare MetroDecker EV
YJ21EXP,first-in-london,OME46032,23,Optare MetroDecker EV
YJ21EXR,first-in-london,OME46033,23,Optare MetroDecker EV
YJ21EXW,first-in-london,OME46034,452,Optare MetroDecker EV
YJ21EXT,first-in-london,OME46035,23,Optare MetroDecker EV
YJ21EXU,first-in-london,OME46036,295,Optare MetroDecker EV
YJ21EXV,first-in-london,OME46037,452,Optare MetroDecker EV
YX17NXC,first-in-london,SDE20275,K1,ADL Enviro200 MMC
YX17NXD,first-in-london,SDE20276,K5,ADL Enviro200 MMC
YX17NXE,first-in-london,SDE20277,K5,ADL Enviro200 MMC
YX14RYO,first-in-london,SDE20278,K5,ADL Enviro200
YX14RYP,first-in-london,SDE20279,K5,ADL Enviro200
YX14RYR,first-in-london,SDE20280,K5,ADL Enviro200
YX14RYT,first-in-london,SDE20281,K5,ADL Enviro200
YX14RYY,first-in-london,SDE20285,K5,ADL Enviro200
YX14RYZ,first-in-london,SDE20286,K5,ADL Enviro200
LJ12BYX,first-in-london,SDE20296,K5,ADL Enviro200
SN18KRX,first-in-london,SDE20297,K4,ADL Enviro200 MMC
SN18KRZ,first-in-london,SDE20298,K4,ADL Enviro200 MMC
SN18KSE,first-in-london,SDE20299,K4,ADL Enviro200 MMC
SN18KSF,first-in-london,SDE20300,K4,ADL Enviro200 MMC
SN18KSJ,first-in-london,SDE20301,K1,ADL Enviro200 MMC
YX68UKW,first-in-london,SDE20302,K1,ADL Enviro200 MMC
YX20OLA,first-in-london,SDE20303,K1,ADL Enviro200 MMC
YX20OLB,first-in-london,SDE20304,K1,ADL Enviro200 MMC
YX20OLC,first-in-london,SDE20305,K1,ADL Enviro200 MMC
YX20OLE,first-in-london,SDE20306,K1,ADL Enviro200 MMC
YX20OLG,first-in-london,SDE20307,K1,ADL Enviro200 MMC
YX20OLH,first-in-london,SDE20308,K1,ADL Enviro200 MMC
YX20OLJ,first-in-london,SDE20309,K1,ADL Enviro200 MMC
YX20OLK,first-in-london,SDE20310,K1,ADL Enviro200 MMC
YX20OLM,first-in-london,SDE20311,K1,ADL Enviro200 MMC
YX20OLN,first-in-london,SDE20312,K1,ADL Enviro200 MMC
YX20OLO,first-in-london,SDE20313,K1,ADL Enviro200 MMC
YX20OLP,first-in-london,SDE20314,K1,ADL Enviro200 MMC
YX20OLR,first-in-london,SDE20315,K1,ADL Enviro200 MMC
SK07DXZ,first-in-london,TDE90074,,ADL Enviro200
BU16UXC,first-in-london,VH45081,H12,Volvo B5LH Wright Eclipse Gemini 3
BU16UXE,first-in-london,VH45082,H12,Volvo B5LH Wright Eclipse Gemini 3
BU16UXF,first-in-london,VH45083,79,Volvo B5LH Wright Eclipse Gemini 3
BU16UXP,first-in-london,VH45084,79,Volvo B5LH Wright Eclipse Gemini 3
BU16UXN,first-in-london,VH45085,79,Volvo B5LH Wright Eclipse Gemini 3
BU16UXR,first-in-london,VH45086,79,Volvo B5LH Wright Eclipse Gemini 3
BU16UXK,first-in-london,VH45087,H12,Volvo B5LH Wright Eclipse Gemini 3
BU16UYA,first-in-london,VH45088,H12,Volvo B5LH Wright Eclipse Gemini 3
BD13OHU,first-in-london,VH45101,18,Volvo B5LH Wright Eclipse Gemini 2
BD13OHV,first-in-london,VH45102,18,Volvo B5LH Wright Eclipse Gemini 2
BD13OHW,first-in-london,VH45103,E3,Volvo B5LH Wright Eclipse Gemini 2
BD13OHX,first-in-london,VH45104,N18,Volvo B5LH Wright Eclipse Gemini 2
BD13OHY,first-in-london,VH45105,220,Volvo B5LH Wright Eclipse Gemini 2
BD13OHZ,first-in-london,VH45106,N118,Volvo B5LH Wright Eclipse Gemini 2
BD13OJA,first-in-london,VH45107,18,Volvo B5LH Wright Eclipse Gemini 2
BD13OJB,first-in-london,VH45108,220,Volvo B5LH Wright Eclipse Gemini 2
BD13OJC,first-in-london,VH45109,18,Volvo B5LH Wright Eclipse Gemini 2
BD13OJE,first-in-london,VH45110,220,Volvo B5LH Wright Eclipse Gemini 2
BD13OHJ,first-in-london,VH45111,E3,Volvo B5LH Wright Eclipse Gemini 2
BT13YWK,first-in-london,VH45112,E3,Volvo B5LH Wright Eclipse Gemini 2
BT13YWL,first-in-london,VH45113,E3,Volvo B5LH Wright Eclipse Gemini 2
BT13YWN,first-in-london,VH45114,E3,Volvo B5LH Wright Eclipse Gemini 2
BT13YWJ,first-in-london,VH45115,N118,Volvo B5LH Wright Eclipse Gemini 2
BT13YWM,first-in-london,VH45116,220,Volvo B5LH Wright Eclipse Gemini 2
BT13YWP,first-in-london,VH45117,105,Volvo B5LH Wright Eclipse Gemini 2
BT13YWO,first-in-london,VH45118,N118,Volvo B5LH Wright Eclipse Gemini 2
BT13YWS,first-in-london,VH45120,220,Volvo B5LH Wright Eclipse Gemini 2
BT13YWW,first-in-london,VH45121,18,Volvo B5LH Wright Eclipse Gemini 2
BT13YWU,first-in-london,VH45122,N118,Volvo B5LH Wright Eclipse Gemini 2
BT13YWV,first-in-london,VH45123,18,Volvo B5LH Wright Eclipse Gemini 2
LJ15JYY,first-in-london,VH45124,85,Volvo B5LH Wright Eclipse Gemini 3
LJ15JYZ,first-in-london,VH45125,85,Volvo B5LH Wright Eclipse Gemini 3
LJ15JZA,first-in-london,VH45126,85,Volvo B5LH Wright Eclipse Gemini 3
LJ15JZC,first-in-london,VH45127,85,Volvo B5LH Wright Eclipse Gemini 3
LJ15JZD,first-in-london,VH45128,85,Volvo B5LH Wright Eclipse Gemini 3
LJ15JZE,first-in-london,VH45129,85,Volvo B5LH Wright Eclipse Gemini 3
LJ15JZF,first-in-london,VH45130,85,Volvo B5LH Wright Eclipse Gemini 3
LJ15JZG,first-in-london,VH45131,406,Volvo B5LH Wright Eclipse Gemini 3
LJ15JZH,first-in-london,VH45132,65,Volvo B5LH Wright Eclipse Gemini 3
LJ15JZK,first-in-london,VH45133,281,Volvo B5LH Wright Eclipse Gemini 3
LJ15JZL,first-in-london,VH45134,65,Volvo B5LH Wright Eclipse Gemini 3
LJ15JZM,first-in-london,VH45135,71,Volvo B5LH Wright Eclipse Gemini 3
LJ15JZN,first-in-london,VH45136,71,Volvo B5LH Wright Eclipse Gemini 3
LJ15JZO,first-in-london,VH45137,71,Volvo B5LH Wright Eclipse Gemini 3
LJ15JZP,first-in-london,VH45138,281,Volvo B5LH Wright Eclipse Gemini 3
LJ15JZR,first-in-london,VH45139,65,Volvo B5LH Wright Eclipse Gemini 3
LJ15JZT,first-in-london,VH45140,65,Volvo B5LH Wright Eclipse Gemini 3
LJ15JZU,first-in-london,VH45141,71,Volvo B5LH Wright Eclipse Gemini 3
LJ15JZV,first-in-london,VH45142,71,Volvo B5LH Wright Eclipse Gemini 3
LJ15JZW,first-in-london,VH45143,71,Volvo B5LH Wright Eclipse Gemini 3
LJ15LAA,first-in-london,VH45144,71,Volvo B5LH Wright Eclipse Gemini 3
LJ15LAE,first-in-london,VH45145,105,Volvo B5LH Wright Eclipse Gemini 3
LJ15LAO,first-in-london,VH45146,116,Volvo B5LH Wright Eclipse Gemini 3
LJ15LBA,first-in-london,VH45147,105,Volvo B5LH Wright Eclipse Gemini 3
LJ15LBE,first-in-london,VH45148,105,Volvo B5LH Wright Eclipse Gemini 3
LJ15LBF,first-in-london,VH45149,105,Volvo B5LH Wright Eclipse Gemini 3
LJ15LBG,first-in-london,VH45150,423,Volvo B5LH Wright Eclipse Gemini 3
LJ15LBK,first-in-london,VH45151,105,Volvo B5LH Wright Eclipse Gemini 3
LJ15LBL,first-in-london,VH45152,105,Volvo B5LH Wright Eclipse Gemini 3
LJ65FZK,first-in-london,VH45153,203,Volvo B5LH Wright Eclipse Gemini 3
LJ65FZL,first-in-london,VH45154,105,Volvo B5LH Wright Eclipse Gemini 3
LJ65FZM,first-in-london,VH45155,105,Volvo B5LH Wright Eclipse Gemini 3
LJ65FZN,first-in-london,VH45156,220,Volvo B5LH Wright Eclipse Gemini 3
LJ65FZO,first-in-london,VH45157,E3,Volvo B5LH Wright Eclipse Gemini 3
LJ65FZP,first-in-london,VH45158,85,Volvo B5LH Wright Eclipse Gemini 3
LJ65FZR,first-in-london,VH45159,105,Volvo B5LH Wright Eclipse Gemini 3
LJ65FZS,first-in-london,VH45160,E3,Volvo B5LH Wright Eclipse Gemini 3
LJ65FZT,first-in-london,VH45161,105,Volvo B5LH Wright Eclipse Gemini 3
LJ16KLV,first-in-london,VH45162,85,Volvo B5LH Wright Eclipse Gemini 3
LJ16EVD,first-in-london,VH45163,85,Volvo B5LH Wright Eclipse Gemini 3
LJ16EVF,first-in-london,VH45164,203,Volvo B5LH Wright Eclipse Gemini 3
LJ16EVG,first-in-london,VH45165,203,Volvo B5LH Wright Eclipse Gemini 3
LJ16EVH,first-in-london,VH45166,H98,Volvo B5LH Wright Eclipse Gemini 3
LJ16EVK,first-in-london,VH45167,696,Volvo B5LH Wright Eclipse Gemini 3
LJ16EVL,first-in-london,VH45168,203,Volvo B5LH Wright Eclipse Gemini 3
LJ16EVM,first-in-london,VH45169,418,Volvo B5LH Wright Eclipse Gemini 3
LJ16EVN,first-in-london,VH45170,406,Volvo B5LH Wright Eclipse Gemini 3
LJ16EVP,first-in-london,VH45171,85,Volvo B5LH Wright Eclipse Gemini 3
LJ16EVR,first-in-london,VH45172,418,Volvo B5LH Wright Eclipse Gemini 3
LJ16EVT,first-in-london,VH45173,406,Volvo B5LH Wright Eclipse Gemini 3
LJ16EVU,first-in-london,VH45174,85,Volvo B5LH Wright Eclipse Gemini 3
LJ16EVV,first-in-london,VH45175,406,Volvo B5LH Wright Eclipse Gemini 3
LJ16EVW,first-in-london,VH45176,85,Volvo B5LH Wright Eclipse Gemini 3
LJ16EVX,first-in-london,VH45177,85,Volvo B5LH Wright Eclipse Gemini 3
LJ16EVY,first-in-london,VH45178,406,Volvo B5LH Wright Eclipse Gemini 3
LJ16EWA,first-in-london,VH45179,406,Volvo B5LH Wright Eclipse Gemini 3
LJ16EWB,first-in-london,VH45180,85,Volvo B5LH Wright Eclipse Gemini 3
LJ16EWC,first-in-london,VH45181,406,Volvo B5LH Wright Eclipse Gemini 3
LJ16EWD,first-in-london,VH45182,220,Volvo B5LH Wright Eclipse Gemini 3
LJ16EWE,first-in-london,VH45183,220,Volvo B5LH Wright Eclipse Gemini 3
LJ16EWF,first-in-london,VH45184,E3,Volvo B5LH Wright Eclipse Gemini 3
LJ16EWG,first-in-london,VH45185,71,Volvo B5LH Wright Eclipse Gemini 3
LJ16EWH,first-in-london,VH45186,105,Volvo B5LH Wright Eclipse Gemini 3
LJ16EWK,first-in-london,VH45187,220,Volvo B5LH Wright Eclipse Gemini 3
LJ16EWL,first-in-london,VH45188,E3,Volvo B5LH Wright Eclipse Gemini 3
LJ16EWM,first-in-london,VH45189,71,Volvo B5LH Wright Eclipse Gemini 3
LJ16EWN,first-in-london,VH45190,71,Volvo B5LH Wright Eclipse Gemini 3
LJ16EWO,first-in-london,VH45191,65,Volvo B5LH Wright Eclipse Gemini 3
LJ16EWP,first-in-london,VH45192,116,Volvo B5LH Wright Eclipse Gemini 3
LJ16EWR,first-in-london,VH45193,71,Volvo B5LH Wright Eclipse Gemini 3
LJ16EWT,first-in-london,VH45194,71,Volvo B5LH Wright Eclipse Gemini 3
LJ16EWU,first-in-london,VH45195,220,Volvo B5LH Wright Eclipse Gemini 3
LJ16EWV,first-in-london,VH45196,H12,Volvo B5LH Wright Eclipse Gemini 3
LJ16EWW,first-in-london,VH45197,N5,Volvo B5LH Wright Eclipse Gemini 3
LJ16EWX,first-in-london,VH45198,71,Volvo B5LH Wright Eclipse Gemini 3
LJ16EWZ,first-in-london,VH45199,N118,Volvo B5LH Wright Eclipse Gemini 3
LJ66TRZ,first-in-london,VH45200,116,Volvo B5LH Wright Eclipse Gemini 3
LJ66TSO,first-in-london,VH45201,E3,Volvo B5LH Wright Eclipse Gemini 3
LJ66TSU,first-in-london,VH45202,220,Volvo B5LH Wright Eclipse Gemini 3
LJ66TZL,first-in-london,VH45209,,Volvo B5LH Wright Eclipse Gemini 3
LJ66DZS,first-in-london,VH45210,,Volvo B5LH Wright Eclipse Gemini 3
LJ66TZW,first-in-london,VH45211,,Volvo B5LH Wright Eclipse Gemini 3
LJ66TZM,first-in-london,VH45212,,Volvo B5LH Wright Eclipse Gemini 3
BF67GKD,first-in-london,VH45216,71,Volvo B5LH Wright Eclipse Gemini 3
BF67GKE,first-in-london,VH45217,H12,Volvo B5LH Wright Eclipse Gemini 3
BF67GKG,first-in-london,VH45218,N5,Volvo B5LH Wright Eclipse Gemini 3
BF67GKJ,first-in-london,VH45219,79,Volvo B5LH Wright Eclipse Gemini 3
BF67GKK,first-in-london,VH45220,79,Volvo B5LH Wright Eclipse Gemini 3
BF67GKX,first-in-london,VH45221,220,Volvo B5LH Wright Eclipse Gemini 3
BF67GKY,first-in-london,VH45222,220,Volvo B5LH Wright Eclipse Gemini 3
BF67GLZ,first-in-london,VH45223,220,Volvo B5LH Wright Eclipse Gemini 3
BF67GMO,first-in-london,VH45224,220,Volvo B5LH Wright Eclipse Gemini 3
BF67GMY,first-in-london,VH45225,220,Volvo B5LH Wright Eclipse Gemini 3
BF67GKL,first-in-london,VH45226,220,Volvo B5LH Wright Eclipse Gemini 3
BF67GKO,first-in-london,VH45227,E3,Volvo B5LH Wright Eclipse Gemini 3
BF67GKN,first-in-london,VH45228,E3,Volvo B5LH Wright Eclipse Gemini 3
BF67GKP,first-in-london,VH45229,E3,Volvo B5LH Wright Eclipse Gemini 3
BF67GKU,first-in-london,VH45230,E3,Volvo B5LH Wright Eclipse Gemini 3
BF67GKV,first-in-london,VH45231,220,Volvo B5LH Wright Eclipse Gemini 3
BF67GLK,first-in-london,VH45232,220,Volvo B5LH Wright Eclipse Gemini 3
BF67GKZ,first-in-london,VH45233,220,Volvo B5LH Wright Eclipse Gemini 3
BF67GLJ,first-in-london,VH45234,220,Volvo B5LH Wright Eclipse Gemini 3
BF67GLV,first-in-london,VH45235,220,Volvo B5LH Wright Eclipse Gemini 3
BF67GLY,first-in-london,VH45236,220,Volvo B5LH Wright Eclipse Gemini 3
BF67GMG,first-in-london,VH45237,E3,Volvo B5LH Wright Eclipse Gemini 3
BF67GME,first-in-london,VH45238,220,Volvo B5LH Wright Eclipse Gemini 3
BF67GMU,first-in-london,VH45239,E3,Volvo B5LH Wright Eclipse Gemini 3
BF67GMX,first-in-london,VH45240,220,Volvo B5LH Wright Eclipse Gemini 3
BF67GMV,first-in-london,VH45241,E3,Volvo B5LH Wright Eclipse Gemini 3
BF67GMZ,first-in-london,VH45242,220,Volvo B5LH Wright Eclipse Gemini 3
BF67GNK,first-in-london,VH45243,E3,Volvo B5LH Wright Eclipse Gemini 3
BF67GNJ,first-in-london,VH45244,220,Volvo B5LH Wright Eclipse Gemini 3
BF67GNN,first-in-london,VH45245,E3,Volvo B5LH Wright Eclipse Gemini 3
BF67GNU,first-in-london,VH45246,220,Volvo B5LH Wright Eclipse Gemini 3
BF67GNO,first-in-london,VH45247,105,Volvo B5LH Wright Eclipse Gemini 3
BF67GNX,first-in-london,VH45248,423,Volvo B5LH Wright Eclipse Gemini 3
BF67GNV,first-in-london,VH45249,105,Volvo B5LH Wright Eclipse Gemini 3
BF67GUD,first-in-london,VH45250,105,Volvo B5LH Wright Eclipse Gemini 3
BF67GNP,first-in-london,VH45251,105,Volvo B5LH Wright Eclipse Gemini 3
LC67ADU,first-in-london,VH45255,105,Volvo B5LH Wright Eclipse Gemini 3
LC67ADX,first-in-london,VH45256,423,Volvo B5LH Wright Eclipse Gemini 3
LC67ADV,first-in-london,VH45257,423,Volvo B5LH Wright Eclipse Gemini 3
LF18AXB,first-in-london,VH45262,116,Volvo B5LH Wright Eclipse Gemini 3
LF18AXC,first-in-london,VH45263,116,Volvo B5LH Wright Eclipse Gemini 3
LF18AXH,first-in-london,VH45264,105,Volvo B5LH Wright Eclipse Gemini 3
LF18AXD,first-in-london,VH45265,423,Volvo B5LH Wright Eclipse Gemini 3
LF18AXM,first-in-london,VH45266,116,Volvo B5LH Wright Eclipse Gemini 3
LF18AXN,first-in-london,VH45267,105,Volvo B5LH Wright Eclipse Gemini 3
LF18AXK,first-in-london,VH45268,116,Volvo B5LH Wright Eclipse Gemini 3
LF18AWO,first-in-london,VH45269,423,Volvo B5LH Wright Eclipse Gemini 3
LF18AXJ,first-in-london,VH45270,105,Volvo B5LH Wright Eclipse Gemini 3
LF18AXA,first-in-london,VH45271,105,Volvo B5LH Wright Eclipse Gemini 3
LF18AXR,first-in-london,VH45272,423,Volvo B5LH Wright Eclipse Gemini 3
LF18AXS,first-in-london,VH45273,423,Volvo B5LH Wright Eclipse Gemini 3
LF18AXO,first-in-london,VH45274,105,Volvo B5LH Wright Eclipse Gemini 3
LF18AXP,first-in-london,VH45275,423,Volvo B5LH Wright Eclipse Gemini 3
LF18AXU,first-in-london,VH45276,116,Volvo B5LH Wright Eclipse Gemini 3
LF18AXT,first-in-london,VH45277,105,Volvo B5LH Wright Eclipse Gemini 3
LF18AYA,first-in-london,VH45298,696,Volvo B5LH Wright Eclipse Gemini 3
LF18AYB,first-in-london,VH45299,203,Volvo B5LH Wright Eclipse Gemini 3
LF18AYC,first-in-london,VH45300,203,Volvo B5LH Wright Eclipse Gemini 3
LF18AYD,first-in-london,VH45301,203,Volvo B5LH Wright Eclipse Gemini 3
LF18AYE,first-in-london,VH45302,698,Volvo B5LH Wright Eclipse Gemini 3
LF18AYG,first-in-london,VH45303,698,Volvo B5LH Wright Eclipse Gemini 3
LF18AYH,first-in-london,VH45304,340,Volvo B5LH Wright Eclipse Gemini 3
LF18AYJ,first-in-london,VH45305,79,Volvo B5LH Wright Eclipse Gemini 3
LF68PYP,first-in-london,VH45306,79,Volvo B5LH Wright Eclipse Gemini 3
LF68PYS,first-in-london,VH45307,340,Volvo B5LH Wright Eclipse Gemini 3
LF68PYT,first-in-london,VH45308,79,Volvo B5LH Wright Eclipse Gemini 3
LF68PYU,first-in-london,VH45309,79,Volvo B5LH Wright Eclipse Gemini 3
LF19FWA,first-in-london,VH45310,406,Volvo B5LH Wright Eclipse Gemini 3
LF19FWD,first-in-london,VH45311,406,Volvo B5LH Wright Eclipse Gemini 3
LF19FWB,first-in-london,VH45312,418,Volvo B5LH Wright Eclipse Gemini 3
LF19FWE,first-in-london,VH45313,418,Volvo B5LH Wright Eclipse Gemini 3
LF19FWJ,first-in-london,VH45314,85,Volvo B5LH Wright Eclipse Gemini 3
LF19FWG,first-in-london,VH45315,85,Volvo B5LH Wright Eclipse Gemini 3
LF19FWK,first-in-london,VH45316,85,Volvo B5LH Wright Eclipse Gemini 3
LF19FWH,first-in-london,VH45317,418,Volvo B5LH Wright Eclipse Gemini 3
LJ69YYA,first-in-london,VH45318,71,Volvo B5LH Wright Eclipse Gemini 3
LJ69YYB,first-in-london,VH45319,65,Volvo B5LH Wright Eclipse Gemini 3
LJ16MUV,first-in-london,VHR45203,79,Volvo B5LH Wright SRM
LJ66EZO,first-in-london,VHR45204,79,Volvo B5LH Wright SRM
LJ66EZP,first-in-london,VHR45205,340,Volvo B5LH Wright SRM
LJ66EZR,first-in-london,VHR45206,H12,Volvo B5LH Wright SRM
LJ66EZT,first-in-london,VHR45207,H12,Volvo B5LH Wright SRM
LJ66EZU,first-in-london,VHR45208,H12,Volvo B5LH Wright SRM
LJ17WRA,first-in-london,VMH45321,613,Volvo B5LH MCV EvoSeti
LJ17WRC,first-in-london,VMH45322,13,Volvo B5LH MCV EvoSeti
LJ17WRD,first-in-london,VMH45323,13,Volvo B5LH MCV EvoSeti
LJ17WRE,first-in-london,VMH45324,452,Volvo B5LH MCV EvoSeti
LJ17WRG,first-in-london,VMH45325,13,Volvo B5LH MCV EvoSeti
LJ17WRN,first-in-london,VMH45326,13,Volvo B5LH MCV EvoSeti
LJ17WRO,first-in-london,VMH45327,452,Volvo B5LH MCV EvoSeti
LJ17WRP,first-in-london,VMH45328,452,Volvo B5LH MCV EvoSeti
LJ17WRR,first-in-london,VMH45329,452,Volvo B5LH MCV EvoSeti
LJ17WRT,first-in-london,VMH45330,13,Volvo B5LH MCV EvoSeti
LJ17WRU,first-in-london,VMH45331,13,Volvo B5LH MCV EvoSeti
LJ17WRV,first-in-london,VMH45332,13,Volvo B5LH MCV EvoSeti
LJ17WSE,first-in-london,VMH45333,13,Volvo B5LH MCV EvoSeti
LJ17WSF,first-in-london,VMH45334,452,Volvo B5LH MCV EvoSeti
LJ17WSK,first-in-london,VMH45335,452,Volvo B5LH MCV EvoSeti
LJ17WSL,first-in-london,VMH45336,13,Volvo B5LH MCV EvoSeti
LJ17WSW,first-in-london,VMH45337,452,Volvo B5LH MCV EvoSeti
LJ17WSY,first-in-london,VMH45338,452,Volvo B5LH MCV EvoSeti
LJ17WRW,first-in-london,VMH45339,13,Volvo B5LH MCV EvoSeti
LJ17WRX,first-in-london,VMH45340,13,Volvo B5LH MCV EvoSeti
LJ17WSD,first-in-london,VMH45341,13,Volvo B5LH MCV EvoSeti
LJ17WSN,first-in-london,VMH45342,13,Volvo B5LH MCV EvoSeti
LJ17WSO,first-in-london,VMH45343,13,Volvo B5LH MCV EvoSeti
LJ17WSU,first-in-london,VMH45344,452,Volvo B5LH MCV EvoSeti
LJ17WSV,first-in-london,VMH45345,13,Volvo B5LH MCV EvoSeti
LJ17WSX,first-in-london,VMH45346,13,Volvo B5LH MCV EvoSeti
LJ17WSZ,first-in-london,VMH45347,13,Volvo B5LH MCV EvoSeti
LJ17WTA,first-in-london,VMH45348,13,Volvo B5LH MCV EvoSeti
LJ17WTC,first-in-london,VMH45349,452,Volvo B5LH MCV EvoSeti
LJ17WTD,first-in-london,VMH45350,13,Volvo B5LH MCV EvoSeti
LJ17WTE,first-in-london,VMH45351,13,Volvo B5LH MCV EvoSeti
LJ17WTF,first-in-london,VMH45352,13,Volvo B5LH MCV EvoSeti
MF25HFL,first-in-london,WKE37102,218,Wright GB Kite Electroliner
MF25HFM,first-in-london,WKE37103,218,Wright GB Kite Electroliner
MF25HFN,first-in-london,WKE37104,218,Wright GB Kite Electroliner
MF25HFO,first-in-london,WKE37105,218,Wright GB Kite Electroliner
MF25HFP,first-in-london,WKE37106,218,Wright GB Kite Electroliner
MF25HFR,first-in-london,WKE37107,218,Wright GB Kite Electroliner
MF25HFS,first-in-london,WKE37108,218,Wright GB Kite Electroliner
MF25HFT,first-in-london,WKE37109,218,Wright GB Kite Electroliner
MF25HFU,first-in-london,WKE37110,218,Wright GB Kite Electroliner
MF25HFV,first-in-london,WKE37111,218,Wright GB Kite Electroliner
MF25HFW,first-in-london,WKE37112,33,Wright GB Kite Electroliner
MF25HFX,first-in-london,WKE37113,371,Wright GB Kite Electroliner
MF25HFY,first-in-london,WKE37114,33,Wright GB Kite Electroliner
MF25HFZ,first-in-london,WKE37115,33,Wright GB Kite Electroliner
MF25HGA,first-in-london,WKE37116,371,Wright GB Kite Electroliner
MF25HGC,first-in-london,WKE37117,33,Wright GB Kite Electroliner
MF25HGD,first-in-london,WKE37118,33,Wright GB Kite Electroliner
MF25HGE,first-in-london,WKE37119,371,Wright GB Kite Electroliner
MF25HGG,first-in-london,WKE37120,33,Wright GB Kite Electroliner
MF25HGJ,first-in-london,WKE37121,33,Wright GB Kite Electroliner
MF25HGK,first-in-london,WKE37122,371,Wright GB Kite Electroliner
MF25HGL,first-in-london,WKE37123,33,Wright GB Kite Electroliner
MF25HGM,first-in-london,WKE37124,33,Wright GB Kite Electroliner
MF25HGN,first-in-london,WKE37125,371,Wright GB Kite Electroliner
MF25HGO,first-in-london,WKE37126,33,Wright GB Kite Electroliner
MF25HGP,first-in-london,WKE37127,33,Wright GB Kite Electroliner
MF25HGU,first-in-london,WKE37128,371,Wright GB Kite Electroliner
MF25HGX,first-in-london,WKE37129,33,Wright GB Kite Electroliner
MF25HGY,first-in-london,WKE37130,33,Wright GB Kite Electroliner
MF25HGZ,first-in-london,WKE37131,33,Wright GB Kite Electroliner
LX09FBJ,blue-triangle,E117,147,ADL Enviro400
LX09FBN,blue-triangle,E119,147,ADL Enviro400
SN61BHL,blue-triangle,E178,330,ADL Enviro400
SN61BHO,blue-triangle,E179,330,ADL Enviro400
SN61BHP,blue-triangle,E180,330,ADL Enviro400
SN61BHU,blue-triangle,E181,474,ADL Enviro400
SN61BHV,blue-triangle,E182,474,ADL Enviro400
SN61BHW,blue-triangle,E183,330,ADL Enviro400
SN61BHX,blue-triangle,E184,330,ADL Enviro400
SN61BHY,blue-triangle,E185,330,ADL Enviro400
SN61BHZ,blue-triangle,E186,104,ADL Enviro400
SN61BJJ,blue-triangle,E189,679,ADL Enviro400
SN61BJK,blue-triangle,E190,147,ADL Enviro400
SN61BJO,blue-triangle,E191,147,ADL Enviro400
SN61BJU,blue-triangle,E192,104,ADL Enviro400
SN61BJV,blue-triangle,E193,147,ADL Enviro400
SN61DCY,blue-triangle,E207,104,ADL Enviro400
SN61DDJ,blue-triangle,E212,304,ADL Enviro400
SN61DDK,blue-triangle,E213,304,ADL Enviro400
SN61DFJ,blue-triangle,E228,147,ADL Enviro400
SN13CJE,blue-triangle,E276,104,ADL Enviro400
SN13CJF,blue-triangle,E277,656,ADL Enviro400
SN13CJJ,blue-triangle,E278,304,ADL Enviro400
SN13CJO,blue-triangle,E279,608,ADL Enviro400
EBD35,blue-triangle,,101,BYD BD11
EBD36,blue-triangle,,101,BYD BD11
EBD37,blue-triangle,,101,BYD BD11
EBD38,blue-triangle,,101,BYD BD11
EBD39,blue-triangle,,368,BYD BD11
EBD40,blue-triangle,,368,BYD BD11
EBD41,blue-triangle,,686,BYD BD11
EBD42,blue-triangle,,101,BYD BD11
EBD43,blue-triangle,,101,BYD BD11
EBD44,blue-triangle,,608,BYD BD11
EBD45,blue-triangle,,129,BYD BD11
EBD46,blue-triangle,,129,BYD BD11
EBD47,blue-triangle,,473,BYD BD11
EBD48,blue-triangle,,15,BYD BD11
EBD49,blue-triangle,,129,BYD BD11
EBD50,blue-triangle,,473,BYD BD11
EBD51,blue-triangle,,473,BYD BD11
EBD52,blue-triangle,,129,BYD BD11
EBD53,blue-triangle,,129,BYD BD11
EBD54,blue-triangle,,129,BYD BD11
EBD56,blue-triangle,,,BYD BD11
EBD57,blue-triangle,,,BYD BD11
EBD58,blue-triangle,,,BYD BD11
EBD59,blue-triangle,,,BYD BD11
EBD60,blue-triangle,,,BYD BD11
EBD61,blue-triangle,,,BYD BD11
EBD62,blue-triangle,,,BYD BD11
EBD63,blue-triangle,,,BYD BD11
EBD64,blue-triangle,,,BYD BD11
EBD65,blue-triangle,,,BYD BD11
EBD66,blue-triangle,,,BYD BD11
EBD67,blue-triangle,,,BYD BD11
EBD68,blue-triangle,,,BYD BD11
EBD69,blue-triangle,,,BYD BD11
EBD70,blue-triangle,,,BYD BD11
EBD71,blue-triangle,,,BYD BD11
EBD72,blue-triangle,,,BYD BD11
EBD73,blue-triangle,,,BYD BD11
EBD74,blue-triangle,,,BYD BD11
EBD75,blue-triangle,,,BYD BD11
EBD76,blue-triangle,,129,BYD BD11
EBD77,blue-triangle,,129,BYD BD11
EBD78,blue-triangle,,129,BYD BD11
EBD79,blue-triangle,,129,BYD BD11
EBD80,blue-triangle,,473,BYD BD11
EBD81,blue-triangle,,129,BYD BD11
EBD82,blue-triangle,,473,BYD BD11
EBD83,blue-triangle,,129,BYD BD11
EBD84,blue-triangle,,473,BYD BD11
EBD85,blue-triangle,,129,BYD BD11
EBD86,blue-triangle,,129,BYD BD11
EBD87,blue-triangle,,473,BYD BD11
EBD88,blue-triangle,,129,BYD BD11
EBD89,blue-triangle,,129,BYD BD11
EBD90,blue-triangle,,129,BYD BD11
EBD91,blue-triangle,,473,BYD BD11
EBD92,blue-triangle,,129,BYD BD11
EBD93,blue-triangle,,69,BYD BD11
EBD94,blue-triangle,,473,BYD BD11
EBD95,blue-triangle,,129,BYD BD11
EBD96,blue-triangle,,129,BYD BD11
EBD97,blue-triangle,,129,BYD BD11
EBD98,blue-triangle,,129,BYD BD11
EBD99,blue-triangle,,129,BYD BD11
EBD103,blue-triangle,,368,BYD BD11
EBD104,blue-triangle,,101,BYD BD11
EBD105,blue-triangle,,368,BYD BD11
EBD106,blue-triangle,,368,BYD BD11
EBD107,blue-triangle,,101,BYD BD11
EBD108,blue-triangle,,368,BYD BD11
EBD109,blue-triangle,,101,BYD BD11
EBD110,blue-triangle,,368,BYD BD11
EBD111,blue-triangle,,368,BYD BD11
EBD112,blue-triangle,,101,BYD BD11
EBD113,blue-triangle,,101,BYD BD11
SN61DBO,blue-triangle,EH12,304,ADL Enviro400H
SN61DBY,blue-triangle,EH16,652,ADL Enviro400H
SN61DBZ,blue-triangle,EH17,104,ADL Enviro400H
SN61DCO,blue-triangle,EH19,679,ADL Enviro400H
SN61DCU,blue-triangle,EH20,608,ADL Enviro400H
YX13BJE,blue-triangle,EH21,104,ADL Enviro400H
YX13BJF,blue-triangle,EH22,104,ADL Enviro400H
YX13BJJ,blue-triangle,EH23,686,ADL Enviro400H
YX13BJK,blue-triangle,EH24,N15,ADL Enviro400H
YX13BJO,blue-triangle,EH25,104,ADL Enviro400H
YX13BJU,blue-triangle,EH26,304,ADL Enviro400H
YX13BJV,blue-triangle,EH27,104,ADL Enviro400H
YX13BJY,blue-triangle,EH28,104,ADL Enviro400H
YX13BJZ,blue-triangle,EH29,304,ADL Enviro400H
YX13BKA,blue-triangle,EH30,304,ADL Enviro400H
YW17JTV,blue-triangle,EH131,330,ADL Enviro400H MMC
YW17JTX,blue-triangle,EH132,330,ADL Enviro400H MMC
YW17JUF,blue-triangle,EH138,115,ADL Enviro400H MMC
YW17JUJ,blue-triangle,EH140,115,ADL Enviro400H MMC
YW17JUO,blue-triangle,EH142,115,ADL Enviro400H MMC
YW17JUT,blue-triangle,EH143,115,ADL Enviro400H MMC
YW17JUU,blue-triangle,EH144,115,ADL Enviro400H MMC
YW17JUV,blue-triangle,EH145,115,ADL Enviro400H MMC
YW17JUX,blue-triangle,EH146,115,ADL Enviro400H MMC
YW17JUY,blue-triangle,EH147,115,ADL Enviro400H MMC
YW17JVA,blue-triangle,EH148,115,ADL Enviro400H MMC
YW17JVC,blue-triangle,EH149,115,ADL Enviro400H MMC
YW17JVD,blue-triangle,EH150,115,ADL Enviro400H MMC
YW17JVE,blue-triangle,EH151,115,ADL Enviro400H MMC
YW17JVF,blue-triangle,EH152,115,ADL Enviro400H MMC
YW17JVG,blue-triangle,EH153,115,ADL Enviro400H MMC
YW17JVH,blue-triangle,EH154,115,ADL Enviro400H MMC
YW17JVJ,blue-triangle,EH155,115,ADL Enviro400H MMC
YW17JVK,blue-triangle,EH156,115,ADL Enviro400H MMC
YW17JVL,blue-triangle,EH157,115,ADL Enviro400H MMC
YW17JVM,blue-triangle,EH158,115,ADL Enviro400H MMC
YW17JVN,blue-triangle,EH159,115,ADL Enviro400H MMC
YW17JVO,blue-triangle,EH160,115,ADL Enviro400H MMC
YX18KYY,blue-triangle,EH225,330,ADL Enviro400H MMC
SN18KME,blue-triangle,EH269,115,ADL Enviro400H MMC
SN18KMF,blue-triangle,EH270,115,ADL Enviro400H MMC
SN18KMG,blue-triangle,EH271,330,ADL Enviro400H MMC
SN18KMJ,blue-triangle,EH272,330,ADL Enviro400H MMC
LG21JFZ,blue-triangle,Ee50,69,BYD D8UR-DD ADL Enviro400EV
LG21JGF,blue-triangle,Ee51,69,BYD D8UR-DD ADL Enviro400EV
LG21JGO,blue-triangle,Ee52,69,BYD D8UR-DD ADL Enviro400EV
LG21JGU,blue-triangle,Ee53,69,BYD D8UR-DD ADL Enviro400EV
LG21JGV,blue-triangle,Ee54,69,BYD D8UR-DD ADL Enviro400EV
LG21JGX,blue-triangle,Ee55,69,BYD D8UR-DD ADL Enviro400EV
LG21JGZ,blue-triangle,Ee56,69,BYD D8UR-DD ADL Enviro400EV
LG21JHA,blue-triangle,Ee57,69,BYD D8UR-DD ADL Enviro400EV
LG21JHE,blue-triangle,Ee58,69,BYD D8UR-DD ADL Enviro400EV
LG21JHF,blue-triangle,Ee59,69,BYD D8UR-DD ADL Enviro400EV
LG21JHH,blue-triangle,Ee60,69,BYD D8UR-DD ADL Enviro400EV
LG21JHJ,blue-triangle,Ee61,69,BYD D8UR-DD ADL Enviro400EV
LG21JHK,blue-triangle,Ee62,69,BYD D8UR-DD ADL Enviro400EV
LG21JHL,blue-triangle,Ee63,69,BYD D8UR-DD ADL Enviro400EV
LG21JHO,blue-triangle,Ee64,69,BYD D8UR-DD ADL Enviro400EV
LG21JHU,blue-triangle,Ee65,69,BYD D8UR-DD ADL Enviro400EV
LG21JHV,blue-triangle,Ee66,69,BYD D8UR-DD ADL Enviro400EV
LG21JHX,blue-triangle,Ee67,69,BYD D8UR-DD ADL Enviro400EV
LG21JHZ,blue-triangle,Ee68,69,BYD D8UR-DD ADL Enviro400EV
LF24ZNW,blue-triangle,Ee263,262,BYD D8UR-DD ADL Enviro400EV
LF24ZNX,blue-triangle,Ee264,262,BYD D8UR-DD ADL Enviro400EV
LF24ZNY,blue-triangle,Ee265,262,BYD D8UR-DD ADL Enviro400EV
LF24ZNZ,blue-triangle,Ee266,679,BYD D8UR-DD ADL Enviro400EV
LF24ZPB,blue-triangle,Ee267,262,BYD D8UR-DD ADL Enviro400EV
LF24ZPC,blue-triangle,Ee268,262,BYD D8UR-DD ADL Enviro400EV
LF24ZPD,blue-triangle,Ee269,262,BYD D8UR-DD ADL Enviro400EV
LF24ZPE,blue-triangle,Ee270,262,BYD D8UR-DD ADL Enviro400EV
LF24ZPG,blue-triangle,Ee271,262,BYD D8UR-DD ADL Enviro400EV
LF24ZPH,blue-triangle,Ee272,262,BYD D8UR-DD ADL Enviro400EV
LF24ZPJ,blue-triangle,Ee273,262,BYD D8UR-DD ADL Enviro400EV
MHV1,blue-triangle,,147,Volvo B5LH MCV EvoSeti
MHV2,blue-triangle,,147,Volvo B5LH MCV EvoSeti
MHV3,blue-triangle,,147,Volvo B5LH MCV EvoSeti
MHV4,blue-triangle,,147,Volvo B5LH MCV EvoSeti
MHV5,blue-triangle,,147,Volvo B5LH MCV EvoSeti
MHV6,blue-triangle,,679,Volvo B5LH MCV EvoSeti
MHV7,blue-triangle,,147,Volvo B5LH MCV EvoSeti
MHV8,blue-triangle,,147,Volvo B5LH MCV EvoSeti
MHV9,blue-triangle,,147,Volvo B5LH MCV EvoSeti
MHV10,blue-triangle,,147,Volvo B5LH MCV EvoSeti
MHV55,blue-triangle,,147,Volvo B5LH MCV EvoSeti
YX61BXK,blue-triangle,SE142,364,ADL Enviro200
YX69NNH,blue-triangle,SE304,364,ADL Enviro200 MMC
YX69NNJ,blue-triangle,SE305,364,ADL Enviro200 MMC
YX69NNK,blue-triangle,SE306,364,ADL Enviro200 MMC
YX69NNL,blue-triangle,SE307,364,ADL Enviro200 MMC
YX69NNM,blue-triangle,SE308,364,ADL Enviro200 MMC
YX69NNO,blue-triangle,SE309,364,ADL Enviro200 MMC
YX69NNP,blue-triangle,SE310,364,ADL Enviro200 MMC
YX69NNR,blue-triangle,SE311,364,ADL Enviro200 MMC
YX69NNT,blue-triangle,SE312,364,ADL Enviro200 MMC
YX69NNU,blue-triangle,SE313,364,ADL Enviro200 MMC
YX69NNV,blue-triangle,SE314,646,ADL Enviro200 MMC
YX69NNW,blue-triangle,SE315,364,ADL Enviro200 MMC
YX69NNY,blue-triangle,SE316,364,ADL Enviro200 MMC
YX69NNZ,blue-triangle,SE317,364,ADL Enviro200 MMC
YX69NOF,blue-triangle,SE318,364,ADL Enviro200 MMC
YX69NOH,blue-triangle,SE319,364,ADL Enviro200 MMC
SEN30,blue-triangle,,646,ADL Enviro200
SEN31,blue-triangle,,364,ADL Enviro200
SEE117,blue-triangle,,376,BYD D8UR ADL Enviro200EV
SEE118,blue-triangle,,376,BYD D8UR ADL Enviro200EV
SEE119,blue-triangle,,376,BYD D8UR ADL Enviro200EV
SEE120,blue-triangle,,376,BYD D8UR ADL Enviro200EV
SEE121,blue-triangle,,376,BYD D8UR ADL Enviro200EV
SEE122,blue-triangle,,376,BYD D8UR ADL Enviro200EV
SEE141,blue-triangle,,376,BYD D8UR ADL Enviro200EV
SEE200,blue-triangle,,366,BYD D8UR ADL Enviro200EV
SEE201,blue-triangle,,366,BYD D8UR ADL Enviro200EV
SEE202,blue-triangle,,366,BYD D8UR ADL Enviro200EV
SEE203,blue-triangle,,366,BYD D8UR ADL Enviro200EV
SEE204,blue-triangle,,366,BYD D8UR ADL Enviro200EV
SEE205,blue-triangle,,366,BYD D8UR ADL Enviro200EV
SEE206,blue-triangle,,366,BYD D8UR ADL Enviro200EV
SEE207,blue-triangle,,366,BYD D8UR ADL Enviro200EV
SEE208,blue-triangle,,366,BYD D8UR ADL Enviro200EV
SEE209,blue-triangle,,366,BYD D8UR ADL Enviro200EV
SEE210,blue-triangle,,366,BYD D8UR ADL Enviro200EV
SEE211,blue-triangle,,366,BYD D8UR ADL Enviro200EV
SEE212,blue-triangle,,366,BYD D8UR ADL Enviro200EV
SEE213,blue-triangle,,366,BYD D8UR ADL Enviro200EV
SEE214,blue-triangle,,325,BYD D8UR ADL Enviro200EV
SEE215,blue-triangle,,366,BYD D8UR ADL Enviro200EV
SEE216,blue-triangle,,366,BYD D8UR ADL Enviro200EV
SEE217,blue-triangle,,366,BYD D8UR ADL Enviro200EV
SEE218,blue-triangle,,366,BYD D8UR ADL Enviro200EV
SEE219,blue-triangle,,366,BYD D8UR ADL Enviro200EV
SEE233,blue-triangle,,D3,BYD D8UR ADL Enviro200EV
SEE234,blue-triangle,,D3,BYD D8UR ADL Enviro200EV
SEE235,blue-triangle,,D3,BYD D8UR ADL Enviro200EV
SEE236,blue-triangle,,D3,BYD D8UR ADL Enviro200EV
SEE237,blue-triangle,,D3,BYD D8UR ADL Enviro200EV
SEE238,blue-triangle,,D3,BYD D8UR ADL Enviro200EV
SEE239,blue-triangle,,D3,BYD D8UR ADL Enviro200EV
SEE240,blue-triangle,,D3,BYD D8UR ADL Enviro200EV
SEE241,blue-triangle,,D3,BYD D8UR ADL Enviro200EV
SEE242,blue-triangle,,D3,BYD D8UR ADL Enviro200EV
SEE272,blue-triangle,,376,BYD D8UR ADL Enviro200EV
SEE273,blue-triangle,,376,BYD D8UR ADL Enviro200EV
SEE274,blue-triangle,,376,BYD D8UR ADL Enviro200EV
SEE275,blue-triangle,,376,BYD D8UR ADL Enviro200EV
SEE291,blue-triangle,,325,BYD D8UR ADL Enviro200EV
SEE292,blue-triangle,,325,BYD D8UR ADL Enviro200EV
SEE293,blue-triangle,,325,BYD D8UR ADL Enviro200EV
SEE294,blue-triangle,,325,BYD D8UR ADL Enviro200EV
SEE295,blue-triangle,,325,BYD D8UR ADL Enviro200EV
SEE296,blue-triangle,,325,BYD D8UR ADL Enviro200EV
SEE297,blue-triangle,,325,BYD D8UR ADL Enviro200EV
SEE298,blue-triangle,,396,BYD D8UR ADL Enviro200EV
SEE299,blue-triangle,,325,BYD D8UR ADL Enviro200EV
SEE300,blue-triangle,,396,BYD D8UR ADL Enviro200EV
SEE301,blue-triangle,,325,BYD D8UR ADL Enviro200EV
SEE302,blue-triangle,,325,BYD D8UR ADL Enviro200EV
SEE303,blue-triangle,,325,BYD D8UR ADL Enviro200EV
SEE332,blue-triangle,,366,BYD D8UR ADL Enviro200EV
SEE333,blue-triangle,,366,BYD D8UR ADL Enviro200EV
SEE334,blue-triangle,,396,BYD D8UR ADL Enviro200EV
SEE335,blue-triangle,,396,BYD D8UR ADL Enviro200EV
WHV13,blue-triangle,,656,Volvo B5LH Wright Eclipse Gemini 2
WHV54,blue-triangle,,474,Volvo B5LH Wright Eclipse Gemini 3
WHV55,blue-triangle,,474,Volvo B5LH Wright Eclipse Gemini 3
WHV58,blue-triangle,,686,Volvo B5LH Wright Eclipse Gemini 3
WHV70,blue-triangle,,304,Volvo B5LH Wright Eclipse Gemini 3
WHV80,blue-triangle,,147,Volvo B5LH Wright Eclipse Gemini 3
WHV101,blue-triangle,,147,Volvo B5LH Wright Eclipse Gemini 3
WHV102,blue-triangle,,147,Volvo B5LH Wright Eclipse Gemini 3
WHV103,blue-triangle,,147,Volvo B5LH Wright Eclipse Gemini 3
WHV105,blue-triangle,,147,Volvo B5LH Wright Eclipse Gemini 3
WHV106,blue-triangle,,104,Volvo B5LH Wright Eclipse Gemini 3
WHV109,blue-triangle,,104,Volvo B5LH Wright Eclipse Gemini 3
WHV110,blue-triangle,,147,Volvo B5LH Wright Eclipse Gemini 3
WHV112,blue-triangle,,679,Volvo B5LH Wright Eclipse Gemini 3
WHV113,blue-triangle,,304,Volvo B5LH Wright Eclipse Gemini 3
WHV114,blue-triangle,,147,Volvo B5LH Wright Eclipse Gemini 3
WHV167,blue-triangle,,304,Volvo B5LH Wright Eclipse Gemini 3
WHV173,blue-triangle,,474,Volvo B5LH Wright Eclipse Gemini 3
WHV174,blue-triangle,,474,Volvo B5LH Wright Eclipse Gemini 3
WHV175,blue-triangle,,474,Volvo B5LH Wright Eclipse Gemini 3
WHV176,blue-triangle,,330,Volvo B5LH Wright Eclipse Gemini 3
WHV177,blue-triangle,,474,Volvo B5LH Wright Eclipse Gemini 3
WHV178,blue-triangle,,474,Volvo B5LH Wright Eclipse Gemini 3
WHV179,blue-triangle,,474,Volvo B5LH Wright Eclipse Gemini 3
WHV180,blue-triangle,,474,Volvo B5LH Wright Eclipse Gemini 3
WHV181,blue-triangle,,474,Volvo B5LH Wright Eclipse Gemini 3
WHV182,blue-triangle,,474,Volvo B5LH Wright Eclipse Gemini 3
WHV183,blue-triangle,,474,Volvo B5LH Wright Eclipse Gemini 3
WHV184,blue-triangle,,474,Volvo B5LH Wright Eclipse Gemini 3
WHV185,blue-triangle,,15,Volvo B5LH Wright Eclipse Gemini 3
WHV186,blue-triangle,,474,Volvo B5LH Wright Eclipse Gemini 3
WHV187,blue-triangle,,474,Volvo B5LH Wright Eclipse Gemini 3
WHV188,blue-triangle,,474,Volvo B5LH Wright Eclipse Gemini 3
WHV192,blue-triangle,,147,Volvo B5LH Wright Eclipse Gemini 3
WHV193,blue-triangle,,147,Volvo B5LH Wright Eclipse Gemini 3
WHV194,blue-triangle,,147,Volvo B5LH Wright Eclipse Gemini 3
WHV195,blue-triangle,,147,Volvo B5LH Wright Eclipse Gemini 3
WHV196,blue-triangle,,304,Volvo B5LH Wright Eclipse Gemini 3
WVL358,blue-triangle,,656,Volvo B9TL Wright Eclipse Gemini 2
WVL359,blue-triangle,,652,Volvo B9TL Wright Eclipse Gemini 2
WVL422,blue-triangle,,679,Volvo B9TL Wright Eclipse Gemini 2
WVL430,blue-triangle,,474,Volvo B9TL Wright Eclipse Gemini 2
WVL431,blue-triangle,,330,Volvo B9TL Wright Eclipse Gemini 2
