{"type":"FeatureCollection","metadata":{"generatedAt":"2026-07-23T03:19:35.314Z","routeCount":676,"featureCount":1345,"partial":false,"simplificationTolerance":0.0005,"coordinatePrecision":4},"features":[{"type":"Feature","properties":{"routeId":"8","name":"8","direction":"1","routeType":"regular","lengthKm":10,"stops":33},"geometry":{"type":"LineString","coordinates":[[-0.0169,51.5289],[-0.0145,51.5297],[-0.0224,51.5335],[-0.025,51.5324],[-0.028,51.5359],[-0.0308,51.5356],[-0.0341,51.5349],[-0.0323,51.5324],[-0.0509,51.528],[-0.0688,51.5259],[-0.0738,51.524],[-0.0773,51.5237],[-0.0797,51.5183],[-0.0842,51.5134],[-0.0963,51.5144],[-0.1065,51.5176],[-0.113,51.5183],[-0.1224,51.5173],[-0.1273,51.5156]]}},{"type":"Feature","properties":{"routeId":"6","name":"6","direction":"1","routeType":"twentyfour","lengthKm":11.2,"stops":34},"geometry":{"type":"LineString","coordinates":[[-0.2394,51.5471],[-0.2344,51.5429],[-0.2345,51.5422],[-0.2291,51.5413],[-0.2259,51.5419],[-0.2168,51.531],[-0.2042,51.5334],[-0.2017,51.5326],[-0.1929,51.5321],[-0.1966,51.5276],[-0.1869,51.5233],[-0.1861,51.524],[-0.1843,51.5233],[-0.1784,51.5259],[-0.1626,51.5148],[-0.16,51.5132],[-0.1583,51.5132],[-0.1567,51.5103],[-0.151,51.5055],[-0.1509,51.5034],[-0.1498,51.5031],[-0.1513,51.5017],[-0.1471,51.4983],[-0.1439,51.4981],[-0.1452,51.4962],[-0.1441,51.4962]]}},{"type":"Feature","properties":{"routeId":"1","name":"1","direction":"1","routeType":"regular","lengthKm":14.5,"stops":48},"geometry":{"type":"LineString","coordinates":[[-0.1654,51.5541],[-0.1692,51.5532],[-0.1522,51.5437],[-0.1459,51.5418],[-0.1441,51.5429],[-0.1417,51.5427],[-0.1399,51.5405],[-0.1418,51.5395],[-0.1375,51.5349],[-0.1384,51.5343],[-0.121,51.519],[-0.1176,51.5133],[-0.1189,51.5123],[-0.1191,51.5112],[-0.1131,51.5045],[-0.1009,51.4956],[-0.0945,51.4942],[-0.0866,51.4944],[-0.0818,51.4967],[-0.0765,51.495],[-0.0728,51.4927],[-0.061,51.4922],[-0.0577,51.4888],[-0.0519,51.4914],[-0.0471,51.4916],[-0.0486,51.4939],[-0.0524,51.4963],[-0.0497,51.4975],[-0.0499,51.4982]]}},{"type":"Feature","properties":{"routeId":"11","name":"11","direction":"1","routeType":"regular","lengthKm":7.6,"stops":26},"geometry":{"type":"LineString","coordinates":[[-0.1949,51.4793],[-0.1917,51.4771],[-0.1584,51.4922],[-0.1576,51.4924],[-0.157,51.4904],[-0.1558,51.4896],[-0.1498,51.4908],[-0.1453,51.4962],[-0.1341,51.4978],[-0.1277,51.5002],[-0.1273,51.5011],[-0.1141,51.5005],[-0.111,51.5027],[-0.1122,51.5036]]}},{"type":"Feature","properties":{"routeId":"7","name":"7","direction":"1","routeType":"regular","lengthKm":10,"stops":33},"geometry":{"type":"LineString","coordinates":[[-0.2515,51.5199],[-0.2507,51.5195],[-0.2494,51.5152],[-0.2301,51.5166],[-0.2272,51.517],[-0.2281,51.5189],[-0.2198,51.5232],[-0.2174,51.5191],[-0.2146,51.5173],[-0.2105,51.5183],[-0.209,51.516],[-0.1964,51.5191],[-0.1951,51.515],[-0.1884,51.5158],[-0.1804,51.518],[-0.1764,51.5152],[-0.1691,51.5193],[-0.16,51.5132],[-0.1447,51.5149]]}},{"type":"Feature","properties":{"routeId":"9","name":"9","direction":"1","routeType":"regular","lengthKm":8.9,"stops":28},"geometry":{"type":"LineString","coordinates":[[-0.117,51.5133],[-0.1186,51.5127],[-0.1191,51.5113],[-0.1276,51.5072],[-0.1309,51.5077],[-0.1326,51.5071],[-0.1348,51.5098],[-0.1414,51.5075],[-0.1514,51.502],[-0.1528,51.5029],[-0.1608,51.5016],[-0.1812,51.5014],[-0.1888,51.5024],[-0.216,51.4936],[-0.2222,51.4931],[-0.2224,51.4913],[-0.2236,51.4913],[-0.2238,51.4923]]}},{"type":"Feature","properties":{"routeId":"3","name":"3","direction":"1","routeType":"regular","lengthKm":12.7,"stops":43},"geometry":{"type":"LineString","coordinates":[[-0.1438,51.496],[-0.1356,51.4975],[-0.1356,51.4965],[-0.1337,51.4965],[-0.1325,51.4949],[-0.1205,51.4944],[-0.1115,51.4965],[-0.1109,51.4947],[-0.1113,51.4856],[-0.11,51.4845],[-0.1115,51.4825],[-0.1107,51.4813],[-0.1123,51.4777],[-0.1125,51.4685],[-0.1157,51.4609],[-0.114,51.4558],[-0.1113,51.4563],[-0.1077,51.4541],[-0.1014,51.4524],[-0.1008,51.4504],[-0.0951,51.4454],[-0.0911,51.4377],[-0.088,51.4292],[-0.0804,51.4264],[-0.0762,51.4265],[-0.0759,51.4242],[-0.0776,51.4217]]}},{"type":"Feature","properties":{"routeId":"2","name":"2","direction":"1","routeType":"regular","lengthKm":13.5,"stops":42},"geometry":{"type":"LineString","coordinates":[[-0.1626,51.5223],[-0.1619,51.5214],[-0.1576,51.5222],[-0.1538,51.5139],[-0.1583,51.5132],[-0.1567,51.5103],[-0.151,51.5055],[-0.1509,51.5034],[-0.1498,51.5031],[-0.1513,51.5017],[-0.1471,51.4983],[-0.1439,51.4981],[-0.1452,51.4962],[-0.1427,51.4962],[-0.1408,51.4941],[-0.1241,51.4865],[-0.1248,51.4846],[-0.1235,51.4859],[-0.1231,51.4835],[-0.1247,51.481],[-0.1224,51.4735],[-0.1214,51.4733],[-0.1222,51.4724],[-0.1166,51.4659],[-0.1143,51.4646],[-0.1157,51.4609],[-0.1131,51.4537],[-0.113,51.4471],[-0.1092,51.4422],[-0.1063,51.441],[-0.1056,51.4378],[-0.1015,51.43],[-0.1035,51.4297]]}},{"type":"Feature","properties":{"routeId":"5","name":"5","direction":"1","routeType":"regular","lengthKm":17.5,"stops":51},"geometry":{"type":"LineString","coordinates":[[0.1821,51.5806],[0.1845,51.5805],[0.1843,51.5798],[0.1862,51.578],[0.183,51.5767],[0.184,51.5756],[0.1834,51.5752],[0.1841,51.5718],[0.1791,51.5708],[0.1812,51.5685],[0.1839,51.569],[0.1857,51.567],[0.1859,51.5656],[0.1723,51.5653],[0.1573,51.5623],[0.1539,51.5613],[0.1536,51.5605],[0.1486,51.5613],[0.1469,51.5571],[0.1442,51.555],[0.1363,51.5526],[0.1201,51.5511],[0.1077,51.552],[0.1041,51.5497],[0.086,51.5425],[0.0806,51.5388],[0.0783,51.5394],[0.0789,51.5382],[0.0722,51.5376],[0.0641,51.5339],[0.0544,51.5331],[0.036,51.5301],[0.0241,51.5229],[0.0087,51.516],[0.0088,51.5154],[0.0076,51.5151],[0.0081,51.5145]]}},{"type":"Feature","properties":{"routeId":"6","name":"6","direction":"2","routeType":"twentyfour","lengthKm":11.3,"stops":35},"geometry":{"type":"LineString","coordinates":[[-0.1432,51.4959],[-0.1429,51.4966],[-0.1463,51.4972],[-0.152,51.5021],[-0.1523,51.503],[-0.1511,51.5034],[-0.1522,51.5043],[-0.1522,51.5062],[-0.1573,51.5102],[-0.1587,51.5125],[-0.1611,51.5125],[-0.1615,51.5129],[-0.1607,51.5136],[-0.1784,51.5259],[-0.1842,51.5233],[-0.1861,51.524],[-0.1869,51.5233],[-0.1966,51.5276],[-0.1929,51.5321],[-0.2057,51.5329],[-0.2168,51.531],[-0.2259,51.5419],[-0.2291,51.5413],[-0.2345,51.5422],[-0.2344,51.5429],[-0.2401,51.5477]]}},{"type":"Feature","properties":{"routeId":"7","name":"7","direction":"2","routeType":"regular","lengthKm":10.4,"stops":34},"geometry":{"type":"LineString","coordinates":[[-0.1453,51.5148],[-0.1577,51.5135],[-0.1583,51.5127],[-0.1608,51.5124],[-0.1615,51.5129],[-0.1607,51.5136],[-0.1677,51.518],[-0.1713,51.516],[-0.1729,51.5171],[-0.1764,51.5152],[-0.1804,51.5179],[-0.1884,51.5158],[-0.1951,51.515],[-0.1964,51.5191],[-0.209,51.516],[-0.2105,51.5183],[-0.2146,51.5173],[-0.2174,51.5189],[-0.2198,51.5232],[-0.2245,51.5206],[-0.2243,51.5201],[-0.2281,51.5189],[-0.2272,51.517],[-0.2301,51.5166],[-0.2494,51.5152],[-0.2507,51.5195],[-0.2535,51.5199]]}},{"type":"Feature","properties":{"routeId":"4","name":"4","direction":"1","routeType":"regular","lengthKm":15,"stops":44},"geometry":{"type":"LineString","coordinates":[[-0.1353,51.5662],[-0.1371,51.5667],[-0.1411,51.5654],[-0.1406,51.5627],[-0.1411,51.5605],[-0.1384,51.5569],[-0.1204,51.5585],[-0.1194,51.5578],[-0.1057,51.5641],[-0.1055,51.5651],[-0.0986,51.5608],[-0.098,51.557],[-0.099,51.5527],[-0.098,51.557],[-0.0986,51.5608],[-0.1037,51.5643],[-0.1074,51.5633],[-0.1113,51.5584],[-0.1169,51.5561],[-0.1052,51.5473],[-0.1023,51.546],[-0.1034,51.5448],[-0.1024,51.5383],[-0.1063,51.532],[-0.1019,51.5309],[-0.1025,51.5298],[-0.1013,51.529],[-0.0974,51.5219],[-0.0965,51.5176],[-0.0972,51.515],[-0.0957,51.5126],[-0.0968,51.5118],[-0.1029,51.5121]]}},{"type":"Feature","properties":{"routeId":"1","name":"1","direction":"2","routeType":"regular","lengthKm":14.6,"stops":42},"geometry":{"type":"LineString","coordinates":[[-0.0499,51.4978],[-0.0523,51.4963],[-0.0477,51.4935],[-0.0454,51.4938],[-0.0468,51.493],[-0.045,51.4919],[-0.0541,51.4907],[-0.0577,51.4888],[-0.061,51.4922],[-0.0726,51.4926],[-0.0765,51.495],[-0.0818,51.4967],[-0.0855,51.4939],[-0.0947,51.4942],[-0.1009,51.4956],[-0.1123,51.5042],[-0.1141,51.5047],[-0.1192,51.5112],[-0.1177,51.5134],[-0.1211,51.5188],[-0.1415,51.5375],[-0.1424,51.5387],[-0.1421,51.5411],[-0.1443,51.5407],[-0.1469,51.5423],[-0.1532,51.544],[-0.1692,51.5532],[-0.1657,51.5544]]}},{"type":"Feature","properties":{"routeId":"3","name":"3","direction":"2","routeType":"regular","lengthKm":13.1,"stops":46},"geometry":{"type":"LineString","coordinates":[[-0.0781,51.4205],[-0.076,51.4241],[-0.0761,51.4263],[-0.077,51.427],[-0.0805,51.4263],[-0.0882,51.4294],[-0.0911,51.4377],[-0.096,51.4466],[-0.1008,51.4504],[-0.1017,51.4523],[-0.1105,51.4555],[-0.1137,51.4552],[-0.1152,51.459],[-0.1167,51.4594],[-0.1125,51.4685],[-0.1124,51.4773],[-0.1108,51.4811],[-0.1115,51.4825],[-0.1102,51.4843],[-0.1113,51.4857],[-0.1109,51.4947],[-0.1115,51.4965],[-0.1208,51.4941],[-0.1325,51.4949],[-0.1337,51.4965],[-0.1356,51.4965],[-0.1356,51.4975],[-0.1452,51.4962],[-0.1438,51.496]]}},{"type":"Feature","properties":{"routeId":"8","name":"8","direction":"2","routeType":"regular","lengthKm":10.6,"stops":34},"geometry":{"type":"LineString","coordinates":[[-0.1278,51.5168],[-0.1201,51.5194],[-0.1189,51.5178],[-0.1075,51.5178],[-0.0957,51.5144],[-0.0842,51.5134],[-0.0799,51.5181],[-0.0773,51.5237],[-0.0746,51.5237],[-0.0674,51.5261],[-0.0509,51.528],[-0.0323,51.5324],[-0.0341,51.5349],[-0.028,51.5359],[-0.025,51.5324],[-0.0221,51.5339],[-0.0136,51.5296],[-0.0178,51.5283],[-0.0196,51.5286]]}},{"type":"Feature","properties":{"routeId":"9","name":"9","direction":"2","routeType":"regular","lengthKm":8.3,"stops":26},"geometry":{"type":"LineString","coordinates":[[-0.2239,51.4924],[-0.2232,51.4931],[-0.2167,51.4934],[-0.189,51.5024],[-0.1813,51.5014],[-0.1571,51.5023],[-0.15,51.5033],[-0.1346,51.5101],[-0.1334,51.5101],[-0.1311,51.5077],[-0.128,51.5075],[-0.1191,51.5114],[-0.1184,51.5128]]}},{"type":"Feature","properties":{"routeId":"11","name":"11","direction":"2","routeType":"regular","lengthKm":7.5,"stops":24},"geometry":{"type":"LineString","coordinates":[[-0.1135,51.5039],[-0.1147,51.5041],[-0.1164,51.5024],[-0.1169,51.5014],[-0.1158,51.501],[-0.1167,51.5004],[-0.126,51.5009],[-0.1263,51.5002],[-0.1348,51.4976],[-0.1447,51.4966],[-0.1498,51.4908],[-0.1558,51.4896],[-0.157,51.4904],[-0.1576,51.4924],[-0.1584,51.4922],[-0.1917,51.4771],[-0.1945,51.479]]}},{"type":"Feature","properties":{"routeId":"5","name":"5","direction":"2","routeType":"regular","lengthKm":17.4,"stops":50},"geometry":{"type":"LineString","coordinates":[[0.0086,51.5145],[0.0077,51.5159],[0.0238,51.5227],[0.0358,51.53],[0.0637,51.5339],[0.0671,51.5354],[0.0689,51.5371],[0.0788,51.5382],[0.078,51.5393],[0.0806,51.5388],[0.0826,51.541],[0.1049,51.5501],[0.1075,51.5521],[0.1205,51.5511],[0.1362,51.5526],[0.144,51.5549],[0.147,51.5572],[0.1478,51.5612],[0.153,51.5609],[0.1723,51.5653],[0.1857,51.5658],[0.1848,51.5682],[0.1812,51.5686],[0.1791,51.5708],[0.1839,51.5721],[0.1836,51.5748],[0.1824,51.5764],[0.1857,51.578],[0.184,51.5801],[0.1825,51.5805]]}},{"type":"Feature","properties":{"routeId":"2","name":"2","direction":"2","routeType":"regular","lengthKm":12.9,"stops":42},"geometry":{"type":"LineString","coordinates":[[-0.1035,51.4297],[-0.1043,51.4298],[-0.1041,51.4353],[-0.1062,51.4401],[-0.1087,51.4405],[-0.1085,51.4416],[-0.1131,51.4473],[-0.1133,51.4543],[-0.1152,51.459],[-0.1167,51.4594],[-0.1143,51.4646],[-0.1165,51.4657],[-0.1224,51.4723],[-0.1216,51.4731],[-0.1224,51.4734],[-0.1247,51.481],[-0.1232,51.4834],[-0.1234,51.4844],[-0.1248,51.4845],[-0.1238,51.4862],[-0.1424,51.4945],[-0.1429,51.4966],[-0.1463,51.4972],[-0.152,51.5021],[-0.1523,51.503],[-0.1511,51.5034],[-0.1522,51.5043],[-0.1522,51.5062],[-0.1573,51.5102],[-0.1586,51.5125],[-0.1598,51.5127],[-0.1597,51.5133],[-0.156,51.5137],[-0.1597,51.5218],[-0.1627,51.5223]]}},{"type":"Feature","properties":{"routeId":"16","name":"16","direction":"1","routeType":"regular","lengthKm":12.7,"stops":40},"geometry":{"type":"LineString","coordinates":[[-0.2575,51.5535],[-0.2595,51.5552],[-0.2617,51.5543],[-0.2605,51.552],[-0.2548,51.5531],[-0.2537,51.5541],[-0.2527,51.5557],[-0.2538,51.5585],[-0.2534,51.5603],[-0.2558,51.5614],[-0.2551,51.5604],[-0.2496,51.5589],[-0.2508,51.5599],[-0.2512,51.5592],[-0.2491,51.5586],[-0.2461,51.5602],[-0.246,51.5626],[-0.2438,51.564],[-0.2334,51.5666],[-0.2301,51.5628],[-0.2239,51.5646],[-0.1911,51.5359],[-0.1699,51.5198],[-0.1768,51.5199],[-0.1798,51.5183]]}},{"type":"Feature","properties":{"routeId":"14","name":"14","direction":"1","routeType":"regular","lengthKm":11.8,"stops":41},"geometry":{"type":"LineString","coordinates":[[-0.2211,51.4535],[-0.2142,51.4659],[-0.2103,51.4693],[-0.2113,51.4716],[-0.2079,51.4735],[-0.2059,51.4756],[-0.2018,51.4773],[-0.1978,51.4804],[-0.1888,51.4805],[-0.1718,51.4918],[-0.1747,51.4941],[-0.1751,51.4956],[-0.169,51.4967],[-0.1607,51.5018],[-0.15,51.5033],[-0.1348,51.5098],[-0.1331,51.5115],[-0.1292,51.5133],[-0.1308,51.5171],[-0.1245,51.5189],[-0.1277,51.5216],[-0.1271,51.5223]]}},{"type":"Feature","properties":{"routeId":"12","name":"12","direction":"1","routeType":"twentyfour","lengthKm":12.3,"stops":37},"geometry":{"type":"LineString","coordinates":[[-0.1422,51.516],[-0.1416,51.5142],[-0.1382,51.5103],[-0.1334,51.5101],[-0.1311,51.5077],[-0.1275,51.5075],[-0.1262,51.5043],[-0.1261,51.501],[-0.1159,51.5008],[-0.1103,51.4983],[-0.1045,51.4988],[-0.1009,51.4956],[-0.1005,51.4936],[-0.0989,51.493],[-0.094,51.4855],[-0.0943,51.4798],[-0.0929,51.4741],[-0.0867,51.4735],[-0.0755,51.4743],[-0.0704,51.4734],[-0.0656,51.4739],[-0.0656,51.4724],[-0.0697,51.4719],[-0.0659,51.4668],[-0.0667,51.4624],[-0.0661,51.4591],[-0.074,51.4488]]}},{"type":"Feature","properties":{"routeId":"4","name":"4","direction":"2","routeType":"regular","lengthKm":9.3,"stops":42},"geometry":{"type":"LineString","coordinates":[[-0.1026,51.5122],[-0.0963,51.5119],[-0.0957,51.5126],[-0.097,51.5146],[-0.0988,51.5156],[-0.0986,51.5173],[-0.097,51.518],[-0.0977,51.5226],[-0.099,51.5238],[-0.1013,51.529],[-0.1063,51.532],[-0.1024,51.5383],[-0.1034,51.5446],[-0.1023,51.546],[-0.1055,51.5475],[-0.1204,51.5583],[-0.1384,51.5569],[-0.1411,51.5605],[-0.1406,51.5627],[-0.1411,51.5654],[-0.1372,51.5668],[-0.1364,51.5664]]}},{"type":"Feature","properties":{"routeId":"13","name":"13","direction":"1","routeType":"regular","lengthKm":15.9,"stops":51},"geometry":{"type":"LineString","coordinates":[[-0.1769,51.6127],[-0.1934,51.6016],[-0.1984,51.5963],[-0.1997,51.5913],[-0.1999,51.5841],[-0.195,51.5717],[-0.1948,51.5684],[-0.1972,51.5632],[-0.197,51.5598],[-0.1941,51.5559],[-0.1888,51.5529],[-0.1856,51.5521],[-0.1818,51.5497],[-0.1783,51.5457],[-0.1753,51.5441],[-0.1735,51.542],[-0.1754,51.541],[-0.1763,51.5373],[-0.1757,51.5355],[-0.1692,51.5302],[-0.1676,51.5302],[-0.1647,51.5275],[-0.1585,51.5242],[-0.1538,51.5139],[-0.1583,51.5132],[-0.1567,51.5103],[-0.151,51.5055],[-0.1509,51.5034],[-0.1498,51.5031],[-0.1513,51.5017],[-0.1471,51.4983],[-0.1439,51.4981],[-0.1452,51.4962],[-0.1441,51.4962]]}},{"type":"Feature","properties":{"routeId":"15","name":"15","direction":"1","routeType":"regular","lengthKm":9.9,"stops":35},"geometry":{"type":"LineString","coordinates":[[-0.0073,51.5083],[-0.0069,51.5089],[-0.0105,51.5088],[-0.0113,51.5113],[-0.0211,51.5108],[-0.03,51.5124],[-0.0707,51.5156],[-0.0753,51.514],[-0.0757,51.5131],[-0.0753,51.5114],[-0.0728,51.5111],[-0.0729,51.5102],[-0.0767,51.5094],[-0.1005,51.5137],[-0.1084,51.5142],[-0.1145,51.5128],[-0.1176,51.5131],[-0.1191,51.5113],[-0.1256,51.5085]]}},{"type":"Feature","properties":{"routeId":"19","name":"19","direction":"1","routeType":"regular","lengthKm":14.1,"stops":45},"geometry":{"type":"LineString","coordinates":[[-0.1057,51.565],[-0.1037,51.5643],[-0.1076,51.5632],[-0.1113,51.5584],[-0.1169,51.5561],[-0.1052,51.5473],[-0.1023,51.546],[-0.1034,51.5448],[-0.1024,51.5383],[-0.1062,51.5326],[-0.1053,51.53],[-0.1103,51.5257],[-0.1126,51.5217],[-0.1195,51.5199],[-0.1254,51.5171],[-0.1304,51.5164],[-0.1292,51.5133],[-0.1331,51.5115],[-0.1347,51.5098],[-0.1414,51.5075],[-0.1514,51.502],[-0.1528,51.5029],[-0.1604,51.5018],[-0.1578,51.4927],[-0.1568,51.4925],[-0.1758,51.4845],[-0.1702,51.4786]]}},{"type":"Feature","properties":{"routeId":"18","name":"18","direction":"1","routeType":"twentyfour","lengthKm":14.3,"stops":48},"geometry":{"type":"LineString","coordinates":[[-0.3148,51.5541],[-0.3129,51.5525],[-0.3085,51.5516],[-0.2983,51.5521],[-0.2935,51.5537],[-0.2862,51.5533],[-0.2798,51.5489],[-0.2738,51.5463],[-0.2703,51.5432],[-0.2625,51.5412],[-0.2585,51.5415],[-0.2553,51.5407],[-0.2491,51.5388],[-0.2391,51.5325],[-0.2343,51.5327],[-0.228,51.5302],[-0.2056,51.5262],[-0.2007,51.5239],[-0.1949,51.523],[-0.1894,51.5199],[-0.1844,51.5197],[-0.1805,51.5209],[-0.1788,51.5202],[-0.1699,51.5201],[-0.1525,51.5231],[-0.1425,51.524],[-0.1327,51.5267]]}},{"type":"Feature","properties":{"routeId":"17","name":"17","direction":"1","routeType":"regular","lengthKm":9.6,"stops":33},"geometry":{"type":"LineString","coordinates":[[-0.1338,51.5654],[-0.1252,51.562],[-0.1169,51.5561],[-0.1179,51.5556],[-0.1181,51.5468],[-0.1165,51.5373],[-0.1171,51.5348],[-0.1207,51.532],[-0.121,51.5309],[-0.1159,51.5298],[-0.1159,51.5289],[-0.119,51.5282],[-0.1182,51.5268],[-0.1139,51.5223],[-0.1113,51.5182],[-0.1077,51.5178],[-0.1053,51.5185],[-0.1043,51.5142],[-0.0865,51.5109],[-0.0883,51.5061],[-0.0864,51.505],[-0.0874,51.505]]}},{"type":"Feature","properties":{"routeId":"20","name":"20","direction":"1","routeType":"regular","lengthKm":16.7,"stops":52},"geometry":{"type":"LineString","coordinates":[[-0.0205,51.5837],[-0.0204,51.5831],[-0.0184,51.5831],[-0.0183,51.5798],[-0.0156,51.5765],[-0.0131,51.5755],[0.006,51.584],[0.0104,51.5947],[0.01,51.5958],[0.0206,51.6081],[0.0249,51.6145],[0.0277,51.6207],[0.0299,51.6226],[0.0402,51.6366],[0.0436,51.6398],[0.0482,51.6416],[0.0521,51.6444],[0.055,51.6418],[0.0521,51.6444],[0.0576,51.6502],[0.0668,51.656],[0.0689,51.6557],[0.0786,51.6571],[0.084,51.6614],[0.0858,51.6604],[0.0831,51.659],[0.0864,51.6555],[0.084,51.6532],[0.082,51.6526],[0.0851,51.6517],[0.0838,51.6499],[0.0857,51.648],[0.0829,51.6467]]}},{"type":"Feature","properties":{"routeId":"16","name":"16","direction":"2","routeType":"regular","lengthKm":12,"stops":38},"geometry":{"type":"LineString","coordinates":[[-0.1798,51.5183],[-0.1804,51.518],[-0.1764,51.5152],[-0.1693,51.5192],[-0.1911,51.5359],[-0.2239,51.5646],[-0.2301,51.5628],[-0.2334,51.5666],[-0.2438,51.564],[-0.246,51.5626],[-0.2456,51.5609],[-0.2468,51.5598],[-0.2502,51.5584],[-0.2523,51.5592],[-0.2536,51.5586],[-0.2526,51.5554],[-0.2545,51.5529],[-0.2524,51.5522],[-0.2519,51.5535],[-0.2532,51.5544],[-0.256,51.5528],[-0.2575,51.5535]]}},{"type":"Feature","properties":{"routeId":"15","name":"15","direction":"2","routeType":"regular","lengthKm":9.6,"stops":32},"geometry":{"type":"LineString","coordinates":[[-0.1262,51.5083],[-0.1191,51.5114],[-0.1178,51.5131],[-0.1087,51.5142],[-0.1004,51.5137],[-0.077,51.5095],[-0.0749,51.5101],[-0.0757,51.5131],[-0.0752,51.5141],[-0.0709,51.5156],[-0.0299,51.5124],[-0.021,51.5108],[-0.0125,51.5112],[-0.0121,51.5088],[-0.0069,51.5089],[-0.007,51.5082]]}},{"type":"Feature","properties":{"routeId":"14","name":"14","direction":"2","routeType":"regular","lengthKm":12.1,"stops":37},"geometry":{"type":"LineString","coordinates":[[-0.1271,51.5223],[-0.1258,51.5228],[-0.1245,51.5216],[-0.1253,51.5211],[-0.1234,51.5194],[-0.1276,51.5178],[-0.1264,51.5163],[-0.1267,51.5157],[-0.13,51.5151],[-0.1293,51.5131],[-0.1331,51.5115],[-0.1347,51.5098],[-0.1414,51.5075],[-0.1512,51.502],[-0.1528,51.5029],[-0.1607,51.5017],[-0.1679,51.4972],[-0.1745,51.4948],[-0.1746,51.494],[-0.1718,51.4918],[-0.1888,51.4805],[-0.198,51.4804],[-0.2018,51.4773],[-0.2059,51.4756],[-0.2111,51.4715],[-0.2103,51.4693],[-0.2143,51.4657],[-0.2212,51.4533]]}},{"type":"Feature","properties":{"routeId":"13","name":"13","direction":"2","routeType":"regular","lengthKm":15.8,"stops":51},"geometry":{"type":"LineString","coordinates":[[-0.1432,51.4959],[-0.1429,51.4966],[-0.1463,51.4972],[-0.152,51.5021],[-0.1523,51.503],[-0.1511,51.5034],[-0.1522,51.5043],[-0.1522,51.5062],[-0.1573,51.5102],[-0.1586,51.5125],[-0.1598,51.5127],[-0.1597,51.5133],[-0.1538,51.5139],[-0.1585,51.5242],[-0.1692,51.5302],[-0.1758,51.5356],[-0.1764,51.5367],[-0.1751,51.5429],[-0.1755,51.5441],[-0.1785,51.5457],[-0.1819,51.5497],[-0.1857,51.5521],[-0.1886,51.5528],[-0.1941,51.5559],[-0.197,51.5596],[-0.1972,51.5631],[-0.1948,51.5684],[-0.196,51.574],[-0.1999,51.5841],[-0.1997,51.5913],[-0.1984,51.5963],[-0.1965,51.599],[-0.1918,51.6028],[-0.1779,51.6123],[-0.1764,51.6125]]}},{"type":"Feature","properties":{"routeId":"19","name":"19","direction":"2","routeType":"regular","lengthKm":13.6,"stops":45},"geometry":{"type":"LineString","coordinates":[[-0.1712,51.4796],[-0.1758,51.4845],[-0.1578,51.4927],[-0.1605,51.5019],[-0.15,51.5033],[-0.1348,51.5098],[-0.1331,51.5115],[-0.1292,51.5133],[-0.1304,51.5164],[-0.1256,51.5171],[-0.1196,51.5199],[-0.1124,51.5219],[-0.1103,51.5257],[-0.1053,51.53],[-0.1062,51.533],[-0.1024,51.5383],[-0.1034,51.5446],[-0.1023,51.546],[-0.1055,51.5475],[-0.1195,51.5578],[-0.1057,51.5643]]}},{"type":"Feature","properties":{"routeId":"12","name":"12","direction":"2","routeType":"twentyfour","lengthKm":11.3,"stops":39},"geometry":{"type":"LineString","coordinates":[[-0.0726,51.45],[-0.0661,51.4591],[-0.0667,51.4624],[-0.0659,51.4668],[-0.0696,51.4713],[-0.0699,51.4733],[-0.0758,51.4743],[-0.0875,51.4735],[-0.0931,51.474],[-0.0946,51.4829],[-0.094,51.4855],[-0.0989,51.493],[-0.1006,51.4934],[-0.1008,51.4948],[-0.1157,51.5006],[-0.1263,51.501],[-0.1262,51.5041],[-0.1277,51.5072],[-0.1326,51.5071],[-0.1351,51.51],[-0.1382,51.5103],[-0.1419,51.5146],[-0.1423,51.5162]]}},{"type":"Feature","properties":{"routeId":"17","name":"17","direction":"2","routeType":"regular","lengthKm":9.5,"stops":35},"geometry":{"type":"LineString","coordinates":[[-0.0874,51.505],[-0.0889,51.5057],[-0.0869,51.511],[-0.1045,51.5142],[-0.1053,51.5185],[-0.1075,51.5176],[-0.1113,51.5182],[-0.1139,51.5223],[-0.1208,51.5302],[-0.1226,51.5309],[-0.1224,51.5335],[-0.1185,51.5337],[-0.1171,51.5348],[-0.1165,51.5374],[-0.118,51.5499],[-0.1238,51.5534],[-0.1195,51.5578],[-0.1254,51.5621],[-0.1341,51.5654]]}},{"type":"Feature","properties":{"routeId":"21","name":"21","direction":"1","routeType":"regular","lengthKm":15.5,"stops":51},"geometry":{"type":"LineString","coordinates":[[-0.0111,51.4604],[-0.0093,51.4624],[-0.0103,51.4627],[-0.0113,51.465],[-0.0167,51.4647],[-0.0266,51.4688],[-0.036,51.4754],[-0.0463,51.4744],[-0.0475,51.4758],[-0.0498,51.4769],[-0.0755,51.4875],[-0.0862,51.494],[-0.0863,51.495],[-0.0932,51.5013],[-0.0885,51.5062],[-0.0868,51.5107],[-0.0898,51.5146],[-0.087,51.522],[-0.0886,51.5286],[-0.0864,51.5302],[-0.0863,51.5312],[-0.0925,51.5386],[-0.0999,51.5428],[-0.1021,51.5454],[-0.1171,51.5561],[-0.1189,51.5554]]}},{"type":"Feature","properties":{"routeId":"18","name":"18","direction":"2","routeType":"twentyfour","lengthKm":14.8,"stops":49},"geometry":{"type":"LineString","coordinates":[[-0.1318,51.5278],[-0.1302,51.5283],[-0.1297,51.5277],[-0.1425,51.5239],[-0.1525,51.523],[-0.169,51.52],[-0.1894,51.5196],[-0.1945,51.5229],[-0.2013,51.5241],[-0.2054,51.5262],[-0.228,51.5302],[-0.2344,51.5327],[-0.2392,51.5325],[-0.2448,51.536],[-0.2473,51.5358],[-0.2505,51.5389],[-0.2557,51.5408],[-0.2628,51.5412],[-0.2701,51.5431],[-0.2738,51.5463],[-0.2804,51.5491],[-0.2863,51.5533],[-0.2935,51.5537],[-0.298,51.5521],[-0.3089,51.5516],[-0.314,51.5526],[-0.3146,51.5538]]}},{"type":"Feature","properties":{"routeId":"23","name":"23","direction":"1","routeType":"twentyfour","lengthKm":11.4,"stops":36},"geometry":{"type":"LineString","coordinates":[[-0.2022,51.5223],[-0.2068,51.5231],[-0.2054,51.5242],[-0.2075,51.5257],[-0.2148,51.5263],[-0.2162,51.5253],[-0.2149,51.5259],[-0.2078,51.5142],[-0.2023,51.5155],[-0.2017,51.5142],[-0.1884,51.5158],[-0.1804,51.518],[-0.1764,51.5152],[-0.1691,51.5193],[-0.16,51.5132],[-0.1583,51.5132],[-0.1567,51.5103],[-0.1511,51.5056],[-0.1508,51.5033],[-0.1346,51.5101],[-0.1334,51.5101],[-0.1311,51.5077],[-0.128,51.5075],[-0.1191,51.5114],[-0.1184,51.5128]]}},{"type":"Feature","properties":{"routeId":"20","name":"20","direction":"2","routeType":"regular","lengthKm":16.6,"stops":51},"geometry":{"type":"LineString","coordinates":[[0.0822,51.647],[0.0854,51.6487],[0.0838,51.6499],[0.0851,51.6517],[0.082,51.6526],[0.084,51.6532],[0.0864,51.6555],[0.0824,51.6595],[0.0817,51.6598],[0.0784,51.6571],[0.0689,51.6557],[0.0669,51.6561],[0.0577,51.6503],[0.0521,51.6444],[0.055,51.6419],[0.0521,51.6444],[0.0485,51.6418],[0.0436,51.6399],[0.0402,51.6366],[0.0278,51.6206],[0.0246,51.6139],[0.02,51.6073],[0.0125,51.5988],[0.0115,51.5968],[0.012,51.5954],[0.0098,51.5935],[0.0059,51.5837],[0.0021,51.582],[0.0022,51.5812],[0.0002,51.5816],[-0.0065,51.5787],[-0.0076,51.5778],[-0.0076,51.5757],[-0.0098,51.5739],[-0.0156,51.5765],[-0.0183,51.5798],[-0.0189,51.5832],[-0.0203,51.5831],[-0.0202,51.5836]]}},{"type":"Feature","properties":{"routeId":"22","name":"22","direction":"1","routeType":"regular","lengthKm":10.1,"stops":33},"geometry":{"type":"LineString","coordinates":[[-0.2282,51.468],[-0.2243,51.4684],[-0.214,51.4661],[-0.2065,51.4713],[-0.1982,51.473],[-0.1861,51.4801],[-0.178,51.4828],[-0.1738,51.4855],[-0.1582,51.4924],[-0.1605,51.5019],[-0.15,51.5033],[-0.1429,51.5067],[-0.1442,51.5077],[-0.1434,51.5082],[-0.1442,51.5089],[-0.1469,51.5099],[-0.1433,51.5112],[-0.1408,51.5132],[-0.1423,51.5162]]}},{"type":"Feature","properties":{"routeId":"25","name":"25","direction":"1","routeType":"twentyfour","lengthKm":15.3,"stops":50},"geometry":{"type":"LineString","coordinates":[[0.0759,51.5595],[0.0758,51.5585],[0.0731,51.5574],[0.0722,51.5574],[0.0716,51.5586],[0.0703,51.5584],[0.0691,51.5572],[0.0673,51.5574],[0.0411,51.5486],[0.0213,51.5459],[0.0041,51.542],[-0.0002,51.5396],[-0.0025,51.5413],[-0.0005,51.5392],[-0.0137,51.5295],[-0.0355,51.5248],[-0.0415,51.5225],[-0.0638,51.5182],[-0.0777,51.5132],[-0.0897,51.5134],[-0.0963,51.5144],[-0.103,51.5166],[-0.1052,51.5177],[-0.1053,51.5185],[-0.1068,51.5181]]}},{"type":"Feature","properties":{"routeId":"27","name":"27","direction":"1","routeType":"twentyfour","lengthKm":11.5,"stops":36},"geometry":{"type":"LineString","coordinates":[[-0.2252,51.4933],[-0.2237,51.4931],[-0.2243,51.4923],[-0.2235,51.4917],[-0.2242,51.4926],[-0.2232,51.4931],[-0.2167,51.4934],[-0.1912,51.5019],[-0.1922,51.5041],[-0.1938,51.5049],[-0.1953,51.5091],[-0.1972,51.5091],[-0.1976,51.5125],[-0.195,51.5149],[-0.1884,51.5158],[-0.1804,51.518],[-0.1764,51.5152],[-0.169,51.5193],[-0.1657,51.52],[-0.1655,51.5208],[-0.1387,51.5251],[-0.1391,51.5351],[-0.1424,51.5387],[-0.1421,51.5411],[-0.1443,51.5407],[-0.1469,51.5423]]}},{"type":"Feature","properties":{"routeId":"24","name":"24","direction":"1","routeType":"twentyfour","lengthKm":10.7,"stops":35},"geometry":{"type":"LineString","coordinates":[[-0.1435,51.4855],[-0.1373,51.4852],[-0.1384,51.4881],[-0.1349,51.4888],[-0.1395,51.491],[-0.1432,51.4962],[-0.1338,51.4979],[-0.1264,51.5011],[-0.1262,51.5041],[-0.1281,51.5074],[-0.1271,51.5078],[-0.1274,51.5094],[-0.1283,51.5102],[-0.1304,51.5165],[-0.1385,51.5254],[-0.1391,51.535],[-0.1424,51.5387],[-0.1421,51.5411],[-0.1443,51.5407],[-0.1491,51.543],[-0.1494,51.5451],[-0.1535,51.5498],[-0.1568,51.551],[-0.1581,51.5532],[-0.1646,51.554]]}},{"type":"Feature","properties":{"routeId":"26","name":"26","direction":"1","routeType":"regular","lengthKm":11.8,"stops":41},"geometry":{"type":"LineString","coordinates":[[-0.0302,51.5453],[-0.0322,51.5447],[-0.0457,51.545],[-0.0452,51.5441],[-0.0486,51.5428],[-0.0494,51.5411],[-0.0561,51.5397],[-0.057,51.5386],[-0.0571,51.5326],[-0.0739,51.5303],[-0.078,51.5268],[-0.0773,51.5237],[-0.0797,51.5183],[-0.0842,51.5134],[-0.0923,51.5138],[-0.0925,51.5127],[-0.0938,51.5124],[-0.1035,51.5141],[-0.1084,51.5142],[-0.1145,51.5128],[-0.1176,51.5131],[-0.1191,51.5113],[-0.1275,51.5073],[-0.1262,51.5043],[-0.1263,51.5002],[-0.1348,51.4976],[-0.1411,51.4967]]}},{"type":"Feature","properties":{"routeId":"28","name":"28","direction":"1","routeType":"regular","lengthKm":12.6,"stops":42},"geometry":{"type":"LineString","coordinates":[[-0.2184,51.5332],[-0.2159,51.5297],[-0.216,51.5279],[-0.2052,51.5261],[-0.2016,51.5242],[-0.2014,51.5221],[-0.1985,51.5186],[-0.1964,51.5191],[-0.196,51.518],[-0.195,51.5149],[-0.1975,51.5129],[-0.1973,51.5097],[-0.1971,51.509],[-0.1941,51.5095],[-0.1938,51.5086],[-0.195,51.508],[-0.1943,51.5059],[-0.1909,51.5019],[-0.2115,51.4951],[-0.2078,51.4926],[-0.206,51.4892],[-0.2041,51.4884],[-0.1989,51.4801],[-0.1957,51.48],[-0.1917,51.4771],[-0.1928,51.4761],[-0.1905,51.4682],[-0.186,51.463],[-0.1847,51.4625],[-0.1849,51.4619],[-0.1907,51.461],[-0.1898,51.4569],[-0.1927,51.4568],[-0.1924,51.4542],[-0.193,51.4541]]}},{"type":"Feature","properties":{"routeId":"23","name":"23","direction":"2","routeType":"twentyfour","lengthKm":12.1,"stops":37},"geometry":{"type":"LineString","coordinates":[[-0.117,51.5133],[-0.1186,51.5127],[-0.1191,51.5113],[-0.1276,51.5072],[-0.1309,51.5077],[-0.1326,51.5071],[-0.1348,51.5098],[-0.1414,51.5075],[-0.1516,51.502],[-0.1523,51.5029],[-0.1511,51.5034],[-0.1522,51.5043],[-0.1522,51.5062],[-0.1573,51.5102],[-0.1587,51.5125],[-0.1611,51.5125],[-0.1615,51.5129],[-0.1607,51.5136],[-0.1672,51.5179],[-0.1713,51.516],[-0.1729,51.5171],[-0.1764,51.5152],[-0.1804,51.5179],[-0.2043,51.5132],[-0.2054,51.5149],[-0.2078,51.5142],[-0.2149,51.5257],[-0.2162,51.5253],[-0.2152,51.5264],[-0.2075,51.5257],[-0.2054,51.5242],[-0.2068,51.5231],[-0.2017,51.5222]]}},{"type":"Feature","properties":{"routeId":"21","name":"21","direction":"2","routeType":"regular","lengthKm":16.2,"stops":53},"geometry":{"type":"LineString","coordinates":[[-0.1225,51.5549],[-0.1194,51.5579],[-0.1052,51.5473],[-0.1022,51.546],[-0.0999,51.5428],[-0.0925,51.5386],[-0.0864,51.5313],[-0.088,51.5277],[-0.087,51.522],[-0.0877,51.5193],[-0.0842,51.5181],[-0.0855,51.5168],[-0.0816,51.5162],[-0.0866,51.5108],[-0.0884,51.5061],[-0.0932,51.5013],[-0.0888,51.4967],[-0.0852,51.4948],[-0.0809,51.4906],[-0.0752,51.4874],[-0.0495,51.4768],[-0.0463,51.4746],[-0.0427,51.4744],[-0.0329,51.4759],[-0.0319,51.4737],[-0.0325,51.4729],[-0.0274,51.4692],[-0.0166,51.4647],[-0.0128,51.4645],[-0.013,51.4611]]}},{"type":"Feature","properties":{"routeId":"30","name":"30","direction":"1","routeType":"regular","lengthKm":9.4,"stops":32},"geometry":{"type":"LineString","coordinates":[[-0.1323,51.5277],[-0.1302,51.5283],[-0.1297,51.5277],[-0.122,51.5308],[-0.1092,51.5318],[-0.1093,51.5328],[-0.1062,51.5328],[-0.1024,51.5383],[-0.1032,51.546],[-0.0969,51.5473],[-0.0704,51.5462],[-0.0685,51.5482],[-0.0634,51.5483],[-0.06,51.5495],[-0.0552,51.5472],[-0.0552,51.5459],[-0.05,51.5471],[-0.0471,51.5466],[-0.0457,51.545],[-0.0354,51.5452],[-0.0296,51.5445]]}},{"type":"Feature","properties":{"routeId":"29","name":"29","direction":"1","routeType":"twentyfour","lengthKm":11.8,"stops":42},"geometry":{"type":"LineString","coordinates":[[-0.1093,51.5966],[-0.1088,51.5947],[-0.1034,51.5905],[-0.101,51.5869],[-0.0984,51.575],[-0.0959,51.5707],[-0.1074,51.5633],[-0.1115,51.5582],[-0.1242,51.553],[-0.1395,51.5407],[-0.1418,51.5396],[-0.1375,51.5349],[-0.1391,51.5341],[-0.1381,51.5328],[-0.1392,51.5324],[-0.1385,51.5255],[-0.1304,51.5165],[-0.1272,51.5082]]}},{"type":"Feature","properties":{"routeId":"22","name":"22","direction":"2","routeType":"regular","lengthKm":10.1,"stops":32},"geometry":{"type":"LineString","coordinates":[[-0.1422,51.516],[-0.1408,51.5131],[-0.1456,51.51],[-0.1422,51.5071],[-0.1514,51.502],[-0.1528,51.5029],[-0.1604,51.5018],[-0.1578,51.4927],[-0.1569,51.4924],[-0.1738,51.4855],[-0.178,51.4828],[-0.1861,51.4801],[-0.1982,51.473],[-0.2065,51.4713],[-0.214,51.4661],[-0.2248,51.4685],[-0.2282,51.4679]]}},{"type":"Feature","properties":{"routeId":"24","name":"24","direction":"2","routeType":"twentyfour","lengthKm":11.2,"stops":39},"geometry":{"type":"LineString","coordinates":[[-0.1648,51.5543],[-0.1611,51.5545],[-0.1584,51.5534],[-0.1567,51.551],[-0.1535,51.5498],[-0.1494,51.5451],[-0.1491,51.543],[-0.1459,51.5418],[-0.1443,51.5429],[-0.1419,51.5427],[-0.1399,51.5405],[-0.1418,51.5395],[-0.1375,51.5349],[-0.1391,51.5341],[-0.1381,51.5328],[-0.1392,51.5324],[-0.1386,51.5259],[-0.1304,51.5165],[-0.1283,51.5102],[-0.1274,51.5094],[-0.1275,51.507],[-0.1262,51.5043],[-0.1263,51.5002],[-0.1348,51.4976],[-0.1425,51.4964],[-0.1417,51.4948],[-0.1424,51.4945],[-0.1395,51.491],[-0.1349,51.4888],[-0.1451,51.4873],[-0.1456,51.4857],[-0.1435,51.4855]]}},{"type":"Feature","properties":{"routeId":"28","name":"28","direction":"2","routeType":"regular","lengthKm":12.2,"stops":43},"geometry":{"type":"LineString","coordinates":[[-0.1922,51.4539],[-0.1929,51.4567],[-0.1921,51.4589],[-0.1898,51.4596],[-0.1903,51.4604],[-0.1881,51.4605],[-0.1862,51.4627],[-0.1905,51.4682],[-0.1928,51.4761],[-0.1917,51.4771],[-0.1957,51.48],[-0.1989,51.4801],[-0.2041,51.4884],[-0.206,51.4893],[-0.2079,51.4927],[-0.2115,51.4951],[-0.1911,51.5022],[-0.1922,51.5041],[-0.1936,51.5046],[-0.1953,51.5091],[-0.1972,51.5091],[-0.1976,51.5125],[-0.195,51.5149],[-0.1964,51.5191],[-0.1985,51.5186],[-0.2014,51.5221],[-0.2016,51.5242],[-0.2049,51.526],[-0.216,51.5279],[-0.2159,51.5297],[-0.2191,51.5337]]}},{"type":"Feature","properties":{"routeId":"31","name":"31","direction":"1","routeType":"regular","lengthKm":11.6,"stops":36},"geometry":{"type":"LineString","coordinates":[[-0.1405,51.5382],[-0.1401,51.5376],[-0.1411,51.5371],[-0.1424,51.5387],[-0.1421,51.5411],[-0.1443,51.5407],[-0.1474,51.5425],[-0.1529,51.5439],[-0.1616,51.5437],[-0.175,51.5417],[-0.1754,51.544],[-0.1777,51.5454],[-0.1794,51.5418],[-0.1873,51.5399],[-0.1927,51.5374],[-0.1922,51.5369],[-0.1938,51.5346],[-0.1923,51.533],[-0.1966,51.5276],[-0.1972,51.5277],[-0.1975,51.5252],[-0.2017,51.5239],[-0.2012,51.5217],[-0.1985,51.5186],[-0.1964,51.5191],[-0.195,51.5149],[-0.1976,51.5125],[-0.1971,51.5089],[-0.2008,51.5086],[-0.2165,51.5042],[-0.2184,51.5044],[-0.2181,51.5057],[-0.2196,51.5093],[-0.2225,51.509],[-0.2226,51.5082],[-0.2235,51.5081],[-0.224,51.509]]}},{"type":"Feature","properties":{"routeId":"25","name":"25","direction":"2","routeType":"twentyfour","lengthKm":15.2,"stops":50},"geometry":{"type":"LineString","coordinates":[[-0.1061,51.5175],[-0.0995,51.5156],[-0.0974,51.5161],[-0.0972,51.5149],[-0.096,51.5144],[-0.0897,51.5134],[-0.0776,51.5133],[-0.0656,51.5178],[-0.0413,51.5226],[-0.0345,51.5252],[-0.0147,51.5296],[-0.0099,51.532],[-0.0008,51.5391],[-0.0025,51.5413],[-0.0002,51.5396],[0.004,51.5419],[0.0213,51.5459],[0.0411,51.5486],[0.0697,51.5583],[0.0708,51.5567],[0.0736,51.5572],[0.0758,51.5585],[0.0759,51.5595]]}},{"type":"Feature","properties":{"routeId":"27","name":"27","direction":"2","routeType":"twentyfour","lengthKm":14,"stops":45},"geometry":{"type":"LineString","coordinates":[[-0.1476,51.5426],[-0.1459,51.5418],[-0.1441,51.5429],[-0.1419,51.5427],[-0.1399,51.5405],[-0.1418,51.5395],[-0.1375,51.5349],[-0.1392,51.5339],[-0.1381,51.5328],[-0.1392,51.5323],[-0.1382,51.5249],[-0.1655,51.5207],[-0.1661,51.5192],[-0.1713,51.516],[-0.1729,51.5171],[-0.1764,51.5152],[-0.1804,51.5179],[-0.1946,51.5151],[-0.1975,51.5129],[-0.1973,51.5097],[-0.1971,51.509],[-0.1941,51.5095],[-0.1938,51.5086],[-0.195,51.508],[-0.1943,51.5059],[-0.1909,51.5019],[-0.216,51.4936],[-0.2222,51.4931],[-0.2223,51.4914],[-0.2236,51.4913],[-0.2242,51.4926],[-0.2236,51.4913],[-0.2246,51.4914],[-0.225,51.4929],[-0.2343,51.4929],[-0.234,51.4944],[-0.2267,51.4945]]}},{"type":"Feature","properties":{"routeId":"35","name":"35","direction":"1","routeType":"regular","lengthKm":14.1,"stops":50},"geometry":{"type":"LineString","coordinates":[[-0.169,51.4658],[-0.1668,51.4608],[-0.1391,51.4611],[-0.1377,51.462],[-0.1333,51.4593],[-0.1238,51.4596],[-0.1158,51.4612],[-0.1135,51.465],[-0.1108,51.465],[-0.1072,51.4632],[-0.1034,51.4646],[-0.103,51.4656],[-0.0975,51.4692],[-0.0943,51.4706],[-0.0931,51.472],[-0.0946,51.4829],[-0.0939,51.4852],[-0.0987,51.4929],[-0.1006,51.4934],[-0.1012,51.4953],[-0.0973,51.4989],[-0.0931,51.5014],[-0.0887,51.5059],[-0.0867,51.5109],[-0.0856,51.5112],[-0.0838,51.5143],[-0.0799,51.5181],[-0.0779,51.5225],[-0.0793,51.5237],[-0.0804,51.5236],[-0.0804,51.527],[-0.078,51.5272],[-0.0777,51.5256]]}},{"type":"Feature","properties":{"routeId":"26","name":"26","direction":"2","routeType":"regular","lengthKm":11.9,"stops":40},"geometry":{"type":"LineString","coordinates":[[-0.1428,51.4953],[-0.1429,51.4966],[-0.1338,51.4979],[-0.1264,51.5011],[-0.1262,51.5041],[-0.1281,51.5074],[-0.1191,51.5114],[-0.1178,51.5131],[-0.1087,51.5142],[-0.1034,51.5141],[-0.0938,51.5124],[-0.0925,51.5127],[-0.0923,51.5138],[-0.0842,51.5134],[-0.0799,51.5181],[-0.0773,51.5237],[-0.078,51.5272],[-0.0743,51.5301],[-0.0571,51.5326],[-0.0571,51.5385],[-0.0559,51.54],[-0.0505,51.5407],[-0.0489,51.5417],[-0.0358,51.5452],[-0.0307,51.5449],[-0.0302,51.5458]]}},{"type":"Feature","properties":{"routeId":"30","name":"30","direction":"2","routeType":"regular","lengthKm":9.7,"stops":34},"geometry":{"type":"LineString","coordinates":[[-0.0299,51.5446],[-0.0457,51.545],[-0.0472,51.5467],[-0.0504,51.5472],[-0.0541,51.5462],[-0.0548,51.5458],[-0.0546,51.5446],[-0.0554,51.5445],[-0.0551,51.5471],[-0.06,51.5495],[-0.0633,51.5483],[-0.0684,51.5482],[-0.0704,51.5462],[-0.0969,51.5473],[-0.1032,51.5454],[-0.1024,51.5383],[-0.1063,51.5319],[-0.1224,51.5306],[-0.1297,51.5277],[-0.1302,51.5283],[-0.1319,51.5276]]}},{"type":"Feature","properties":{"routeId":"32","name":"32","direction":"1","routeType":"regular","lengthKm":11,"stops":38},"geometry":{"type":"LineString","coordinates":[[-0.2746,51.613],[-0.2762,51.6136],[-0.2792,51.6108],[-0.2359,51.574],[-0.2314,51.5714],[-0.231,51.5701],[-0.1922,51.5369],[-0.1938,51.5347]]}},{"type":"Feature","properties":{"routeId":"29","name":"29","direction":"2","routeType":"twentyfour","lengthKm":11.5,"stops":41},"geometry":{"type":"LineString","coordinates":[[-0.1272,51.5083],[-0.1304,51.5165],[-0.1385,51.5254],[-0.1391,51.535],[-0.1425,51.5392],[-0.1395,51.5407],[-0.1292,51.5488],[-0.1194,51.5579],[-0.1045,51.5647],[-0.0963,51.5705],[-0.0984,51.5751],[-0.101,51.5868],[-0.1029,51.59],[-0.1087,51.5946],[-0.1091,51.5958]]}},{"type":"Feature","properties":{"routeId":"34","name":"34","direction":"1","routeType":"regular","lengthKm":18.3,"stops":52},"geometry":{"type":"LineString","coordinates":[[-0.1992,51.6528],[-0.1874,51.6467],[-0.1812,51.6416],[-0.1764,51.6351],[-0.1747,51.6298],[-0.1716,51.6304],[-0.1643,51.6288],[-0.1592,51.6256],[-0.151,51.6227],[-0.1428,51.6174],[-0.1399,51.6164],[-0.129,51.6156],[-0.1187,51.6124],[-0.1083,51.6124],[-0.0968,51.616],[-0.0867,51.6167],[-0.0807,51.6167],[-0.0729,51.6158],[-0.0718,51.6149],[-0.0644,51.6148],[-0.0526,51.6133],[-0.0463,51.6114],[-0.0372,51.6135],[-0.0335,51.6127],[-0.0311,51.6112],[-0.0292,51.6077],[-0.0158,51.6009],[-0.0154,51.5976],[-0.016,51.5949],[-0.0183,51.5935],[-0.0174,51.5902],[-0.0207,51.5881],[-0.0189,51.5833],[-0.0214,51.5829]]}},{"type":"Feature","properties":{"routeId":"31","name":"31","direction":"2","routeType":"regular","lengthKm":11,"stops":38},"geometry":{"type":"LineString","coordinates":[[-0.2237,51.5086],[-0.223,51.5093],[-0.2196,51.5093],[-0.2181,51.5044],[-0.1971,51.509],[-0.1976,51.5125],[-0.195,51.5149],[-0.1964,51.5191],[-0.1985,51.5186],[-0.2012,51.5217],[-0.2017,51.5239],[-0.1975,51.5252],[-0.1972,51.5277],[-0.1966,51.5276],[-0.1924,51.5329],[-0.1938,51.5346],[-0.1922,51.5369],[-0.1927,51.5374],[-0.1873,51.5399],[-0.1797,51.542],[-0.1753,51.5417],[-0.1749,51.5432],[-0.1729,51.5419],[-0.1626,51.5436],[-0.1531,51.5441],[-0.1459,51.5418],[-0.1441,51.5429],[-0.1419,51.5427],[-0.1399,51.5405],[-0.1415,51.5392]]}},{"type":"Feature","properties":{"routeId":"33","name":"33","direction":"1","routeType":"regular","lengthKm":13.3,"stops":41},"geometry":{"type":"LineString","coordinates":[[-0.3463,51.4339],[-0.3451,51.4302],[-0.3399,51.4263],[-0.3369,51.426],[-0.3339,51.4268],[-0.3385,51.4331],[-0.3355,51.4383],[-0.3329,51.4394],[-0.3326,51.4411],[-0.3298,51.4456],[-0.3197,51.4511],[-0.3133,51.4526],[-0.3133,51.4537],[-0.3118,51.4549],[-0.3056,51.4583],[-0.3063,51.4598],[-0.3036,51.4613],[-0.2996,51.461],[-0.2944,51.4622],[-0.2869,51.4618],[-0.2782,51.4643],[-0.2439,51.4652],[-0.237,51.4708],[-0.2369,51.4718],[-0.2393,51.4754],[-0.2361,51.4827],[-0.2336,51.4852]]}},{"type":"Feature","properties":{"routeId":"39","name":"39","direction":"1","routeType":"regular","lengthKm":9.8,"stops":31},"geometry":{"type":"LineString","coordinates":[[-0.2092,51.4678],[-0.2112,51.4684],[-0.2143,51.4657],[-0.223,51.4491],[-0.2222,51.4486],[-0.2222,51.4474],[-0.2206,51.449],[-0.2157,51.4459],[-0.2144,51.4443],[-0.2173,51.4435],[-0.2169,51.4407],[-0.2131,51.4379],[-0.2027,51.4498],[-0.1999,51.4498],[-0.1982,51.4513],[-0.1972,51.4549],[-0.1944,51.4571],[-0.195,51.4586],[-0.1907,51.4592],[-0.1894,51.4569],[-0.1852,51.4577],[-0.175,51.4609],[-0.1678,51.4638],[-0.1681,51.4643]]}},{"type":"Feature","properties":{"routeId":"35","name":"35","direction":"2","routeType":"regular","lengthKm":13.8,"stops":45},"geometry":{"type":"LineString","coordinates":[[-0.0774,51.525],[-0.0773,51.5237],[-0.0797,51.5183],[-0.0866,51.5108],[-0.0884,51.5061],[-0.0933,51.5011],[-0.0973,51.4989],[-0.1012,51.4953],[-0.1004,51.4935],[-0.0987,51.4929],[-0.0937,51.4847],[-0.0946,51.4829],[-0.0939,51.4767],[-0.0932,51.4729],[-0.0921,51.4723],[-0.0943,51.4706],[-0.0975,51.4692],[-0.103,51.4656],[-0.1034,51.4646],[-0.1077,51.463],[-0.1108,51.465],[-0.1142,51.4648],[-0.1157,51.4592],[-0.1167,51.4594],[-0.1163,51.4611],[-0.1222,51.4597],[-0.1335,51.4592],[-0.1377,51.462],[-0.1391,51.4611],[-0.1667,51.4608],[-0.1681,51.4643]]}},{"type":"Feature","properties":{"routeId":"37","name":"37","direction":"1","routeType":"regular","lengthKm":15.5,"stops":52},"geometry":{"type":"LineString","coordinates":[[-0.2211,51.4535],[-0.2168,51.4607],[-0.2094,51.4589],[-0.2052,51.4568],[-0.1987,51.457],[-0.196,51.4584],[-0.1907,51.4592],[-0.1894,51.4569],[-0.1755,51.4607],[-0.1678,51.4638],[-0.1668,51.4608],[-0.1391,51.4611],[-0.1377,51.462],[-0.1333,51.4593],[-0.1214,51.4598],[-0.1158,51.4612],[-0.114,51.4558],[-0.1113,51.4563],[-0.1093,51.4548],[-0.1038,51.4528],[-0.0908,51.4534],[-0.0888,51.4543],[-0.0874,51.4531],[-0.0819,51.4581],[-0.0752,51.4598],[-0.0754,51.4608],[-0.0667,51.4624],[-0.0659,51.4668],[-0.0697,51.4716],[-0.0656,51.4724],[-0.0656,51.4739],[-0.0669,51.4736]]}},{"type":"Feature","properties":{"routeId":"36","name":"36","direction":"1","routeType":"regular","lengthKm":16.7,"stops":53},"geometry":{"type":"LineString","coordinates":[[-0.205,51.5331],[-0.2031,51.5328],[-0.2014,51.5286],[-0.1972,51.5277],[-0.1975,51.5252],[-0.2016,51.5242],[-0.1949,51.523],[-0.1912,51.5204],[-0.1888,51.5197],[-0.189,51.5181],[-0.1875,51.5161],[-0.1804,51.518],[-0.1764,51.5152],[-0.1691,51.5193],[-0.16,51.5132],[-0.1585,51.5133],[-0.1567,51.5103],[-0.151,51.5055],[-0.1509,51.5034],[-0.1498,51.5031],[-0.1513,51.5017],[-0.1471,51.4983],[-0.1439,51.4981],[-0.1452,51.4962],[-0.1427,51.4962],[-0.1408,51.4941],[-0.1241,51.4865],[-0.1249,51.4846],[-0.1236,51.4861],[-0.1192,51.4864],[-0.1185,51.4847],[-0.1157,51.483],[-0.1134,51.4828],[-0.0936,51.4742],[-0.0867,51.4735],[-0.0755,51.4743],[-0.0704,51.4734],[-0.0623,51.4741],[-0.0534,51.4729],[-0.0449,51.4743]]}},{"type":"Feature","properties":{"routeId":"38","name":"38","direction":"1","routeType":"twentyfour","lengthKm":12.4,"stops":44},"geometry":{"type":"LineString","coordinates":[[-0.0558,51.5568],[-0.0515,51.551],[-0.055,51.5495],[-0.0595,51.5494],[-0.0551,51.5467],[-0.064,51.5458],[-0.0871,51.5466],[-0.0918,51.5427],[-0.1039,51.5356],[-0.1062,51.5326],[-0.1053,51.53],[-0.1103,51.5257],[-0.1126,51.5217],[-0.1195,51.5199],[-0.1254,51.5171],[-0.1304,51.5164],[-0.1293,51.5131],[-0.1331,51.5115],[-0.1347,51.5098],[-0.1441,51.5062],[-0.1513,51.5019],[-0.1471,51.4983],[-0.1439,51.4981],[-0.1452,51.4962],[-0.1436,51.4961]]}},{"type":"Feature","properties":{"routeId":"41","name":"41","direction":"1","routeType":"regular","lengthKm":8,"stops":26},"geometry":{"type":"LineString","coordinates":[[-0.135,51.5663],[-0.1333,51.5664],[-0.1275,51.5707],[-0.1258,51.5696],[-0.1239,51.5697],[-0.1247,51.5716],[-0.127,51.5734],[-0.1271,51.5745],[-0.1234,51.58],[-0.1161,51.5842],[-0.1144,51.5869],[-0.1148,51.5878],[-0.1034,51.5905],[-0.1014,51.5885],[-0.0945,51.5861],[-0.0884,51.5864],[-0.0725,51.5839],[-0.0642,51.5849],[-0.0636,51.5893],[-0.0611,51.5887]]}},{"type":"Feature","properties":{"routeId":"40","name":"40","direction":"1","routeType":"regular","lengthKm":9.5,"stops":36},"geometry":{"type":"LineString","coordinates":[[-0.0727,51.4492],[-0.0743,51.4491],[-0.0752,51.4499],[-0.0775,51.4535],[-0.075,51.4586],[-0.0754,51.4608],[-0.0769,51.4617],[-0.0796,51.4615],[-0.0812,51.4622],[-0.0866,51.4682],[-0.091,51.4674],[-0.0928,51.47],[-0.0946,51.4828],[-0.094,51.4855],[-0.0987,51.4929],[-0.1007,51.4935],[-0.1009,51.4956],[-0.1049,51.4986],[-0.1042,51.5133],[-0.1067,51.5218]]}},{"type":"Feature","properties":{"routeId":"33","name":"33","direction":"2","routeType":"regular","lengthKm":13.6,"stops":41},"geometry":{"type":"LineString","coordinates":[[-0.2334,51.4854],[-0.2361,51.4827],[-0.2393,51.4754],[-0.2369,51.4718],[-0.237,51.4708],[-0.2439,51.4652],[-0.2782,51.4643],[-0.2867,51.4618],[-0.2944,51.4622],[-0.2996,51.461],[-0.303,51.4613],[-0.3021,51.4601],[-0.3049,51.459],[-0.3063,51.4594],[-0.3056,51.4583],[-0.3118,51.4549],[-0.3134,51.4536],[-0.3133,51.4526],[-0.32,51.451],[-0.3298,51.4456],[-0.3326,51.4411],[-0.3328,51.4395],[-0.3355,51.4383],[-0.3386,51.433],[-0.3342,51.4266],[-0.3399,51.4263],[-0.3451,51.4302],[-0.3468,51.4349]]}},{"type":"Feature","properties":{"routeId":"39","name":"39","direction":"2","routeType":"regular","lengthKm":10.1,"stops":34},"geometry":{"type":"LineString","coordinates":[[-0.169,51.4658],[-0.1679,51.4637],[-0.1797,51.4597],[-0.1796,51.4583],[-0.1897,51.4568],[-0.1943,51.457],[-0.1973,51.4547],[-0.1982,51.4513],[-0.1999,51.4498],[-0.2027,51.4498],[-0.2131,51.4379],[-0.2169,51.4407],[-0.2174,51.4435],[-0.2146,51.4443],[-0.2157,51.446],[-0.2134,51.4467],[-0.2155,51.4483],[-0.2166,51.4513],[-0.2225,51.4479],[-0.2236,51.4481],[-0.2156,51.4637],[-0.2142,51.4659],[-0.2107,51.4684]]}},{"type":"Feature","properties":{"routeId":"34","name":"34","direction":"2","routeType":"regular","lengthKm":18.2,"stops":52},"geometry":{"type":"LineString","coordinates":[[-0.0214,51.5829],[-0.0189,51.5833],[-0.0208,51.588],[-0.0174,51.5902],[-0.0183,51.5935],[-0.0161,51.5946],[-0.0154,51.5976],[-0.0161,51.5998],[-0.0295,51.6077],[-0.0312,51.6109],[-0.0328,51.6121],[-0.038,51.613],[-0.0473,51.6112],[-0.0528,51.6131],[-0.0718,51.6149],[-0.073,51.6159],[-0.0812,51.6167],[-0.0831,51.6161],[-0.097,51.6158],[-0.1081,51.6123],[-0.1179,51.6124],[-0.1237,51.6135],[-0.129,51.6156],[-0.1415,51.6165],[-0.151,51.6227],[-0.1592,51.6256],[-0.1643,51.6288],[-0.1713,51.6303],[-0.1748,51.6298],[-0.1764,51.6351],[-0.1812,51.6416],[-0.1873,51.6466],[-0.1985,51.6523]]}},{"type":"Feature","properties":{"routeId":"36","name":"36","direction":"2","routeType":"regular","lengthKm":16.5,"stops":53},"geometry":{"type":"LineString","coordinates":[[-0.0453,51.4743],[-0.0536,51.4729],[-0.0656,51.4739],[-0.0656,51.4724],[-0.0697,51.472],[-0.0699,51.4733],[-0.0758,51.4743],[-0.0875,51.4735],[-0.0932,51.474],[-0.1134,51.4828],[-0.1157,51.483],[-0.1217,51.4861],[-0.1231,51.4848],[-0.1238,51.4862],[-0.1424,51.4945],[-0.1429,51.4966],[-0.1463,51.4972],[-0.152,51.5022],[-0.1523,51.503],[-0.1511,51.5034],[-0.1522,51.5043],[-0.1522,51.5062],[-0.1573,51.5102],[-0.1587,51.5125],[-0.1611,51.5125],[-0.1615,51.5129],[-0.1607,51.5136],[-0.1672,51.5179],[-0.1713,51.516],[-0.1729,51.5171],[-0.1764,51.5152],[-0.1804,51.5179],[-0.1875,51.5161],[-0.189,51.5181],[-0.1888,51.5196],[-0.1917,51.5207],[-0.1945,51.5229],[-0.2016,51.5242],[-0.1975,51.5252],[-0.1972,51.5277],[-0.2014,51.5286],[-0.2031,51.5328],[-0.2057,51.5329]]}},{"type":"Feature","properties":{"routeId":"32","name":"32","direction":"2","routeType":"regular","lengthKm":10.9,"stops":40},"geometry":{"type":"LineString","coordinates":[[-0.1932,51.5355],[-0.1922,51.5369],[-0.2072,51.5502],[-0.2794,51.6107],[-0.2762,51.6136],[-0.2756,51.6133]]}},{"type":"Feature","properties":{"routeId":"38","name":"38","direction":"2","routeType":"twentyfour","lengthKm":12.4,"stops":45},"geometry":{"type":"LineString","coordinates":[[-0.1436,51.4961],[-0.1429,51.4966],[-0.1463,51.4972],[-0.1523,51.503],[-0.1498,51.5034],[-0.1412,51.5076],[-0.1348,51.5098],[-0.1331,51.5115],[-0.1292,51.5133],[-0.1304,51.5164],[-0.1256,51.5171],[-0.1196,51.5199],[-0.1124,51.5219],[-0.1103,51.5257],[-0.1053,51.53],[-0.1062,51.533],[-0.104,51.5355],[-0.0912,51.5431],[-0.0871,51.5466],[-0.0637,51.5458],[-0.0551,51.5467],[-0.0595,51.5494],[-0.0545,51.5497],[-0.0516,51.5512],[-0.0559,51.5573]]}},{"type":"Feature","properties":{"routeId":"41","name":"41","direction":"2","routeType":"regular","lengthKm":8.1,"stops":28},"geometry":{"type":"LineString","coordinates":[[-0.061,51.5883],[-0.0634,51.5881],[-0.0642,51.5849],[-0.0725,51.5839],[-0.0881,51.5864],[-0.094,51.586],[-0.0988,51.5875],[-0.1012,51.5872],[-0.1033,51.5904],[-0.1115,51.5886],[-0.1131,51.5881],[-0.1123,51.5868],[-0.1127,51.5857],[-0.1147,51.5853],[-0.1174,51.5831],[-0.1217,51.5813],[-0.1263,51.5759],[-0.127,51.5734],[-0.1247,51.5715],[-0.1239,51.5697],[-0.1259,51.5697],[-0.1275,51.5707],[-0.1317,51.5681],[-0.1349,51.5648]]}},{"type":"Feature","properties":{"routeId":"37","name":"37","direction":"2","routeType":"regular","lengthKm":15.6,"stops":51},"geometry":{"type":"LineString","coordinates":[[-0.0676,51.4734],[-0.0656,51.4739],[-0.0656,51.4724],[-0.0697,51.4716],[-0.066,51.4669],[-0.0661,51.4652],[-0.0648,51.4628],[-0.0746,51.4609],[-0.0753,51.4606],[-0.0752,51.4598],[-0.0819,51.4581],[-0.0874,51.4531],[-0.0888,51.4543],[-0.0908,51.4534],[-0.1024,51.4524],[-0.1105,51.4555],[-0.1137,51.4552],[-0.1152,51.459],[-0.1167,51.4594],[-0.1162,51.4611],[-0.1222,51.4597],[-0.1335,51.4592],[-0.1377,51.462],[-0.1391,51.4611],[-0.1667,51.4608],[-0.1679,51.4637],[-0.1797,51.4597],[-0.1796,51.4583],[-0.1897,51.4568],[-0.1955,51.4574],[-0.2052,51.4568],[-0.2094,51.4589],[-0.2171,51.4608],[-0.2212,51.4533]]}},{"type":"Feature","properties":{"routeId":"44","name":"44","direction":"1","routeType":"regular","lengthKm":12,"stops":39},"geometry":{"type":"LineString","coordinates":[[-0.1435,51.4966],[-0.145,51.4965],[-0.1501,51.4905],[-0.1517,51.4871],[-0.1501,51.4858],[-0.148,51.478],[-0.1483,51.4764],[-0.1716,51.4701],[-0.1757,51.4697],[-0.1849,51.4619],[-0.1903,51.4614],[-0.1909,51.4597],[-0.1898,51.4569],[-0.1928,51.4565],[-0.1925,51.4543],[-0.1901,51.451],[-0.1895,51.4483],[-0.1895,51.4451],[-0.1904,51.4443],[-0.187,51.4409],[-0.1867,51.4364],[-0.1851,51.4337],[-0.1773,51.432],[-0.1738,51.4299],[-0.168,51.4281],[-0.1628,51.424],[-0.1606,51.4231],[-0.1604,51.4219],[-0.1611,51.4207]]}},{"type":"Feature","properties":{"routeId":"42","name":"42","direction":"1","routeType":"regular","lengthKm":12.3,"stops":42},"geometry":{"type":"LineString","coordinates":[[-0.0836,51.4625],[-0.082,51.463],[-0.0796,51.4615],[-0.0769,51.4618],[-0.0751,51.4608],[-0.0752,51.4598],[-0.0823,51.4579],[-0.0835,51.4559],[-0.0875,51.4531],[-0.0908,51.4561],[-0.0904,51.457],[-0.0941,51.4596],[-0.0912,51.4624],[-0.0901,51.4661],[-0.0928,51.47],[-0.0945,51.4823],[-0.0898,51.4829],[-0.0827,51.485],[-0.0866,51.4893],[-0.0812,51.4907],[-0.0862,51.494],[-0.0863,51.4947],[-0.0847,51.4948],[-0.0799,51.4976],[-0.0744,51.507],[-0.0739,51.5093],[-0.0752,51.511],[-0.073,51.5114],[-0.0736,51.5141],[-0.075,51.5149],[-0.0776,51.5141],[-0.0816,51.5161],[-0.0789,51.5205],[-0.0816,51.5209],[-0.0812,51.5217]]}},{"type":"Feature","properties":{"routeId":"46","name":"46","direction":"1","routeType":"regular","lengthKm":14.7,"stops":49},"geometry":{"type":"LineString","coordinates":[[-0.1798,51.5176],[-0.181,51.5168],[-0.1821,51.5176],[-0.178,51.5196],[-0.1811,51.5201],[-0.1807,51.5212],[-0.1843,51.5233],[-0.1784,51.5259],[-0.1814,51.5284],[-0.1758,51.531],[-0.173,51.5333],[-0.1764,51.5367],[-0.1749,51.5445],[-0.1758,51.5459],[-0.176,51.553],[-0.1783,51.5552],[-0.1786,51.5567],[-0.1692,51.5532],[-0.1611,51.5545],[-0.1584,51.5534],[-0.1567,51.551],[-0.1538,51.5501],[-0.1507,51.5459],[-0.1418,51.5465],[-0.1419,51.5427],[-0.1355,51.5352],[-0.1332,51.5356],[-0.1298,51.5343],[-0.1278,51.5325],[-0.1262,51.5292],[-0.122,51.5308],[-0.116,51.5299],[-0.1159,51.5289],[-0.119,51.5281],[-0.1113,51.5182],[-0.102,51.5163],[-0.1016,51.5179]]}},{"type":"Feature","properties":{"routeId":"43","name":"43","direction":"1","routeType":"twentyfour","lengthKm":15.4,"stops":52},"geometry":{"type":"LineString","coordinates":[[-0.1536,51.613],[-0.1587,51.6129],[-0.154,51.6106],[-0.153,51.6079],[-0.1494,51.6056],[-0.1477,51.6002],[-0.1456,51.5974],[-0.1445,51.594],[-0.1418,51.5911],[-0.1469,51.588],[-0.147,51.5844],[-0.1463,51.5824],[-0.1473,51.5777],[-0.1434,51.5759],[-0.1337,51.5662],[-0.1336,51.5652],[-0.1252,51.562],[-0.1052,51.5473],[-0.1023,51.546],[-0.1034,51.5448],[-0.1024,51.5383],[-0.1063,51.5319],[-0.0889,51.5275],[-0.087,51.5257],[-0.0876,51.5249],[-0.0872,51.5205],[-0.0898,51.5146],[-0.0865,51.5109],[-0.0883,51.5061],[-0.0866,51.5051]]}},{"type":"Feature","properties":{"routeId":"40","name":"40","direction":"2","routeType":"regular","lengthKm":9.4,"stops":34},"geometry":{"type":"LineString","coordinates":[[-0.1067,51.5217],[-0.104,51.5118],[-0.1047,51.4989],[-0.1009,51.4956],[-0.1005,51.4936],[-0.0989,51.493],[-0.094,51.4855],[-0.0946,51.4829],[-0.0928,51.47],[-0.091,51.4674],[-0.0867,51.4684],[-0.0845,51.4653],[-0.0798,51.4615],[-0.0769,51.4618],[-0.0751,51.4608],[-0.075,51.4586],[-0.0775,51.4536],[-0.074,51.4488]]}},{"type":"Feature","properties":{"routeId":"45","name":"45","direction":"1","routeType":"regular","lengthKm":15.7,"stops":52},"geometry":{"type":"LineString","coordinates":[[-0.0931,51.4732],[-0.0921,51.4723],[-0.103,51.4656],[-0.1036,51.4645],[-0.1077,51.463],[-0.1108,51.465],[-0.1142,51.4648],[-0.1156,51.4613],[-0.124,51.4484],[-0.1245,51.4418],[-0.1275,51.437],[-0.1295,51.4307],[-0.1309,51.4295],[-0.1312,51.4262],[-0.1289,51.4218],[-0.1386,51.4162],[-0.1421,51.4133],[-0.1397,51.4122],[-0.1422,51.4091],[-0.1422,51.408],[-0.1368,51.4039],[-0.1461,51.399],[-0.1599,51.4037],[-0.1613,51.4033],[-0.1641,51.4054],[-0.1728,51.3977],[-0.1737,51.3946],[-0.1747,51.3943],[-0.1817,51.3963],[-0.1849,51.3985],[-0.1877,51.3988],[-0.1903,51.4016],[-0.1948,51.402]]}},{"type":"Feature","properties":{"routeId":"49","name":"49","direction":"1","routeType":"regular","lengthKm":10.2,"stops":38},"geometry":{"type":"LineString","coordinates":[[-0.1679,51.4607],[-0.1671,51.4608],[-0.1679,51.4641],[-0.1717,51.47],[-0.1657,51.4721],[-0.1659,51.4739],[-0.1758,51.4845],[-0.1687,51.4875],[-0.1719,51.4921],[-0.1748,51.4941],[-0.1819,51.4934],[-0.1838,51.4977],[-0.1841,51.5018],[-0.1862,51.5021],[-0.1905,51.5021],[-0.2059,51.4967],[-0.2157,51.5039],[-0.2184,51.5044],[-0.2181,51.5057],[-0.2197,51.5095],[-0.2212,51.5096],[-0.2228,51.5082],[-0.224,51.5082],[-0.224,51.509]]}},{"type":"Feature","properties":{"routeId":"43","name":"43","direction":"2","routeType":"twentyfour","lengthKm":15.6,"stops":52},"geometry":{"type":"LineString","coordinates":[[-0.0866,51.5051],[-0.0889,51.5057],[-0.0868,51.5107],[-0.0898,51.5146],[-0.0872,51.5209],[-0.0876,51.5249],[-0.087,51.5257],[-0.0892,51.5276],[-0.1063,51.532],[-0.1024,51.5383],[-0.1034,51.5446],[-0.1023,51.546],[-0.1055,51.5475],[-0.1249,51.5618],[-0.1344,51.5655],[-0.1337,51.5662],[-0.1349,51.5665],[-0.1432,51.5757],[-0.1473,51.5777],[-0.1463,51.5824],[-0.147,51.5844],[-0.1469,51.588],[-0.1425,51.5912],[-0.1477,51.6002],[-0.1493,51.6053],[-0.1531,51.6078],[-0.154,51.6106],[-0.1587,51.6129],[-0.153,51.6133],[-0.1536,51.613]]}},{"type":"Feature","properties":{"routeId":"50","name":"50","direction":"1","routeType":"regular","lengthKm":14.9,"stops":47},"geometry":{"type":"LineString","coordinates":[[-0.0964,51.3727],[-0.0967,51.3707],[-0.0969,51.3738],[-0.1,51.3788],[-0.0986,51.3826],[-0.0998,51.3832],[-0.0981,51.3838],[-0.0943,51.3915],[-0.0925,51.3963],[-0.0928,51.3974],[-0.0945,51.3985],[-0.0982,51.3989],[-0.1014,51.3981],[-0.1145,51.4076],[-0.1198,51.4097],[-0.1223,51.4095],[-0.1246,51.4137],[-0.1242,51.415],[-0.1281,51.4195],[-0.1312,51.4263],[-0.1309,51.4295],[-0.1295,51.4307],[-0.1271,51.438],[-0.1314,51.4396],[-0.132,51.442],[-0.1337,51.444],[-0.1319,51.4477],[-0.142,51.451],[-0.1425,51.4526],[-0.1464,51.4541],[-0.1414,51.4596],[-0.1377,51.4621],[-0.1299,51.4651],[-0.1277,51.4681],[-0.1229,51.4719]]}},{"type":"Feature","properties":{"routeId":"47","name":"47","direction":"1","routeType":"regular","lengthKm":15.9,"stops":54},"geometry":{"type":"LineString","coordinates":[[-0.0185,51.4366],[-0.0207,51.4405],[-0.0203,51.4438],[-0.0172,51.4488],[-0.0157,51.4553],[-0.0136,51.4572],[-0.0122,51.4592],[-0.0126,51.4596],[-0.0093,51.4624],[-0.0103,51.4627],[-0.0113,51.465],[-0.0166,51.4647],[-0.0159,51.4659],[-0.0178,51.4666],[-0.019,51.4687],[-0.0238,51.4732],[-0.0242,51.4746],[-0.0226,51.477],[-0.0232,51.4807],[-0.0284,51.4822],[-0.0422,51.49],[-0.0445,51.4901],[-0.0456,51.4917],[-0.0471,51.4917],[-0.0482,51.4936],[-0.0454,51.4938],[-0.0443,51.4949],[-0.046,51.4957],[-0.0462,51.4982],[-0.0482,51.4988],[-0.0502,51.4984],[-0.0496,51.4976],[-0.0524,51.4963],[-0.0565,51.499],[-0.0676,51.498],[-0.0744,51.5005],[-0.0786,51.5031],[-0.0884,51.5063],[-0.0867,51.5109],[-0.0856,51.5112],[-0.0836,51.5145],[-0.0799,51.5181],[-0.0779,51.5225],[-0.0793,51.5237],[-0.0804,51.5236],[-0.0804,51.527],[-0.078,51.5272],[-0.0777,51.5256]]}},{"type":"Feature","properties":{"routeId":"51","name":"51","direction":"1","routeType":"regular","lengthKm":19.9,"stops":58},"geometry":{"type":"LineString","coordinates":[[0.064,51.4939],[0.0634,51.4938],[0.0643,51.4921],[0.0611,51.4931],[0.0621,51.4908],[0.0653,51.4911],[0.0676,51.4894],[0.0686,51.49],[0.0732,51.4892],[0.0735,51.4879],[0.0722,51.4877],[0.0711,51.4821],[0.0875,51.4798],[0.09,51.4808],[0.0923,51.4804],[0.0935,51.4788],[0.0937,51.4755],[0.0946,51.4751],[0.0942,51.4745],[0.0979,51.4691],[0.1011,51.4684],[0.0999,51.4637],[0.1074,51.4625],[0.1059,51.4607],[0.0987,51.4582],[0.1038,51.4538],[0.1029,51.4497],[0.104,51.4452],[0.0969,51.4424],[0.0933,51.4384],[0.0977,51.4376],[0.102,51.4356],[0.1028,51.4335],[0.1009,51.4265],[0.107,51.4245],[0.1111,51.4216],[0.118,51.4187],[0.1136,51.4144],[0.1139,51.4129],[0.1125,51.4117],[0.1131,51.3983],[0.1074,51.3846],[0.1077,51.3823],[0.1039,51.3807],[0.1018,51.3788],[0.0977,51.3731],[0.0915,51.3718],[0.0896,51.3732]]}},{"type":"Feature","properties":{"routeId":"44","name":"44","direction":"2","routeType":"regular","lengthKm":11.8,"stops":44},"geometry":{"type":"LineString","coordinates":[[-0.1609,51.421],[-0.1605,51.423],[-0.1684,51.4282],[-0.1738,51.4299],[-0.177,51.4319],[-0.1851,51.4337],[-0.1867,51.4364],[-0.187,51.4409],[-0.1904,51.4444],[-0.1895,51.4451],[-0.1897,51.4491],[-0.1901,51.451],[-0.1925,51.4543],[-0.1929,51.4567],[-0.1921,51.4589],[-0.1898,51.4596],[-0.1903,51.4604],[-0.1881,51.4605],[-0.186,51.4628],[-0.1805,51.4652],[-0.1761,51.4696],[-0.1712,51.4702],[-0.1483,51.4764],[-0.1491,51.4778],[-0.1501,51.4859],[-0.1517,51.4871],[-0.15,51.4906],[-0.1451,51.4965]]}},{"type":"Feature","properties":{"routeId":"42","name":"42","direction":"2","routeType":"regular","lengthKm":11.8,"stops":38},"geometry":{"type":"LineString","coordinates":[[-0.079,51.5198],[-0.0816,51.5162],[-0.08,51.5161],[-0.077,51.5143],[-0.0743,51.5147],[-0.0761,51.5137],[-0.0753,51.5114],[-0.0728,51.5111],[-0.0728,51.5104],[-0.0797,51.4978],[-0.0851,51.4942],[-0.0812,51.4907],[-0.0866,51.4893],[-0.0824,51.4852],[-0.0893,51.483],[-0.0945,51.4823],[-0.0928,51.47],[-0.09,51.4662],[-0.0912,51.4624],[-0.0941,51.4596],[-0.0904,51.457],[-0.0906,51.456],[-0.0875,51.4531],[-0.0835,51.4559],[-0.0823,51.4579],[-0.0752,51.4598],[-0.0754,51.4608],[-0.0769,51.4617],[-0.0796,51.4615],[-0.0822,51.463],[-0.0836,51.4625]]}},{"type":"Feature","properties":{"routeId":"46","name":"46","direction":"2","routeType":"regular","lengthKm":13.7,"stops":47},"geometry":{"type":"LineString","coordinates":[[-0.1014,51.5173],[-0.1021,51.5162],[-0.1113,51.5182],[-0.1139,51.5223],[-0.1208,51.5302],[-0.1241,51.53],[-0.1271,51.5339],[-0.1286,51.5335],[-0.1332,51.5356],[-0.142,51.5464],[-0.1507,51.5459],[-0.1535,51.5498],[-0.1568,51.551],[-0.1581,51.5532],[-0.165,51.5542],[-0.1692,51.5532],[-0.1786,51.5567],[-0.1783,51.5552],[-0.176,51.553],[-0.1758,51.5459],[-0.1735,51.5421],[-0.1752,51.5415],[-0.1763,51.5366],[-0.173,51.5333],[-0.1758,51.531],[-0.1814,51.5284],[-0.1784,51.5259],[-0.1839,51.5235],[-0.1794,51.5203],[-0.1771,51.5201],[-0.1804,51.518],[-0.1798,51.5176]]}},{"type":"Feature","properties":{"routeId":"52","name":"52","direction":"1","routeType":"regular","lengthKm":11.2,"stops":36},"geometry":{"type":"LineString","coordinates":[[-0.144,51.4959],[-0.1429,51.4966],[-0.1463,51.4972],[-0.1526,51.5029],[-0.1608,51.5016],[-0.1909,51.5019],[-0.1922,51.5041],[-0.1936,51.5046],[-0.1953,51.5091],[-0.1971,51.5089],[-0.1973,51.5097],[-0.2043,51.5132],[-0.2054,51.5149],[-0.2078,51.5142],[-0.2149,51.5257],[-0.2162,51.5252],[-0.2151,51.526],[-0.216,51.5279],[-0.2159,51.5297],[-0.2194,51.5346],[-0.2257,51.5409],[-0.2258,51.5425],[-0.2245,51.5431],[-0.2271,51.5461],[-0.2291,51.5471],[-0.2401,51.5486]]}},{"type":"Feature","properties":{"routeId":"45","name":"45","direction":"2","routeType":"regular","lengthKm":15.9,"stops":51},"geometry":{"type":"LineString","coordinates":[[-0.194,51.4025],[-0.1916,51.4034],[-0.1874,51.3991],[-0.1849,51.3985],[-0.1819,51.3964],[-0.1746,51.3943],[-0.1737,51.3946],[-0.173,51.3977],[-0.1682,51.4014],[-0.1697,51.4024],[-0.1667,51.4027],[-0.1645,51.4049],[-0.1659,51.4055],[-0.1654,51.406],[-0.1612,51.4034],[-0.1599,51.4037],[-0.1548,51.4023],[-0.1459,51.399],[-0.1368,51.4039],[-0.1422,51.408],[-0.1422,51.4091],[-0.1397,51.4122],[-0.1422,51.4133],[-0.1292,51.422],[-0.1312,51.4263],[-0.1311,51.4293],[-0.1295,51.4307],[-0.1277,51.4371],[-0.1246,51.442],[-0.1241,51.4483],[-0.1142,51.4648],[-0.1108,51.465],[-0.1072,51.4632],[-0.1034,51.4646],[-0.103,51.4656],[-0.0975,51.4692],[-0.0943,51.4706],[-0.0931,51.4727]]}},{"type":"Feature","properties":{"routeId":"50","name":"50","direction":"2","routeType":"regular","lengthKm":14.1,"stops":48},"geometry":{"type":"LineString","coordinates":[[-0.1233,51.4715],[-0.1278,51.468],[-0.1302,51.465],[-0.1377,51.462],[-0.1415,51.4595],[-0.1464,51.4541],[-0.1426,51.4526],[-0.1418,51.4509],[-0.1319,51.4478],[-0.1337,51.444],[-0.132,51.442],[-0.132,51.4406],[-0.1312,51.4395],[-0.1268,51.4383],[-0.1295,51.4307],[-0.1309,51.4295],[-0.1312,51.4262],[-0.1279,51.4191],[-0.1242,51.415],[-0.1244,51.4132],[-0.1229,51.4109],[-0.1145,51.4076],[-0.1014,51.3981],[-0.0982,51.399],[-0.0929,51.3975],[-0.0925,51.3964],[-0.0943,51.3914],[-0.0986,51.3829],[-0.0976,51.3824],[-0.0991,51.3818],[-0.0998,51.3796],[-0.0965,51.3735]]}},{"type":"Feature","properties":{"routeId":"53","name":"53","direction":"1","routeType":"regular","lengthKm":18.7,"stops":56},"geometry":{"type":"LineString","coordinates":[[0.0858,51.489],[0.0829,51.4839],[0.0828,51.4824],[0.0848,51.4801],[0.0699,51.4821],[0.0686,51.4859],[0.0709,51.4874],[0.0735,51.4879],[0.0729,51.4909],[0.0704,51.4914],[0.0676,51.4894],[0.0669,51.4901],[0.0609,51.4877],[0.0538,51.4871],[0.0494,51.4851],[0.0456,51.4821],[0.0379,51.4821],[0.0362,51.4816],[0.0355,51.4804],[0.0329,51.4798],[0.0245,51.4793],[0.0191,51.4769],[0.0146,51.4771],[0.0098,51.475],[0.0096,51.4727],[-0.0012,51.4718],[-0.0082,51.4728],[-0.0133,51.4724],[-0.0326,51.4759],[-0.0328,51.4751],[-0.0348,51.4747],[-0.0373,51.4756],[-0.0427,51.4744],[-0.0463,51.4744],[-0.0475,51.4758],[-0.0498,51.4769],[-0.0755,51.4875],[-0.0851,51.4937],[-0.0947,51.4942],[-0.1003,51.4956],[-0.1012,51.495],[-0.1141,51.4996]]}},{"type":"Feature","properties":{"routeId":"51","name":"51","direction":"2","routeType":"regular","lengthKm":19,"stops":55},"geometry":{"type":"LineString","coordinates":[[0.0895,51.3734],[0.0913,51.3718],[0.0974,51.3733],[0.1032,51.3799],[0.1022,51.3813],[0.103,51.3824],[0.1063,51.3818],[0.1077,51.3823],[0.1074,51.3846],[0.1131,51.398],[0.1132,51.4072],[0.1124,51.4131],[0.118,51.4187],[0.1116,51.4214],[0.107,51.4245],[0.1009,51.4265],[0.1028,51.4335],[0.102,51.4356],[0.0984,51.4374],[0.0933,51.4384],[0.0972,51.4427],[0.1039,51.445],[0.1029,51.4496],[0.1038,51.4538],[0.0987,51.4582],[0.1059,51.4607],[0.1074,51.4625],[0.0999,51.4637],[0.1011,51.4684],[0.0979,51.4691],[0.0942,51.4745],[0.0946,51.4751],[0.0937,51.4755],[0.0935,51.4788],[0.0921,51.4805],[0.09,51.4808],[0.0874,51.4798],[0.0699,51.4821],[0.0686,51.4859],[0.0709,51.4874],[0.0735,51.4879],[0.0729,51.4909],[0.0688,51.4917]]}},{"type":"Feature","properties":{"routeId":"49","name":"49","direction":"2","routeType":"regular","lengthKm":10.8,"stops":32},"geometry":{"type":"LineString","coordinates":[[-0.2237,51.5088],[-0.2239,51.5082],[-0.2227,51.5083],[-0.2212,51.5096],[-0.2197,51.5095],[-0.2181,51.5044],[-0.2161,51.5049],[-0.2157,51.5039],[-0.2103,51.4998],[-0.2079,51.4996],[-0.2045,51.4971],[-0.191,51.502],[-0.1841,51.5018],[-0.1838,51.4975],[-0.1819,51.4934],[-0.1748,51.4941],[-0.1719,51.4921],[-0.1687,51.4875],[-0.1758,51.4845],[-0.1667,51.4749],[-0.1635,51.4748],[-0.1626,51.4728],[-0.1716,51.4701],[-0.1704,51.4672],[-0.1679,51.464],[-0.1671,51.4608],[-0.1706,51.4601]]}},{"type":"Feature","properties":{"routeId":"52","name":"52","direction":"2","routeType":"regular","lengthKm":11.8,"stops":37},"geometry":{"type":"LineString","coordinates":[[-0.2401,51.5477],[-0.2407,51.5483],[-0.2391,51.5489],[-0.2358,51.5476],[-0.2291,51.5471],[-0.2271,51.5461],[-0.2245,51.5431],[-0.2258,51.5426],[-0.2257,51.5409],[-0.2194,51.5346],[-0.2159,51.5297],[-0.216,51.5279],[-0.215,51.5259],[-0.2162,51.5252],[-0.2149,51.5259],[-0.2078,51.5142],[-0.2054,51.5149],[-0.2043,51.5132],[-0.1971,51.509],[-0.1941,51.5095],[-0.1938,51.5086],[-0.195,51.508],[-0.1943,51.5059],[-0.191,51.502],[-0.1623,51.5017],[-0.1501,51.5033],[-0.1499,51.5025],[-0.1513,51.5017],[-0.1471,51.4983],[-0.1439,51.4981],[-0.1452,51.4962],[-0.144,51.4959]]}},{"type":"Feature","properties":{"routeId":"55","name":"55","direction":"1","routeType":"twentyfour","lengthKm":14.6,"stops":52},"geometry":{"type":"LineString","coordinates":[[-0.0205,51.5834],[-0.0184,51.5831],[-0.0181,51.5794],[-0.0156,51.5765],[-0.0129,51.5753],[-0.0171,51.5728],[-0.0342,51.5671],[-0.0557,51.5581],[-0.0556,51.5565],[-0.0515,51.551],[-0.055,51.5495],[-0.0595,51.5494],[-0.0551,51.5471],[-0.0553,51.5407],[-0.057,51.5386],[-0.0571,51.5326],[-0.0722,51.5309],[-0.0746,51.5299],[-0.0775,51.5272],[-0.0936,51.5248],[-0.1012,51.5227],[-0.1128,51.5216],[-0.1195,51.5199],[-0.1254,51.5171],[-0.1399,51.5155]]}},{"type":"Feature","properties":{"routeId":"47","name":"47","direction":"2","routeType":"regular","lengthKm":14.8,"stops":53},"geometry":{"type":"LineString","coordinates":[[-0.0774,51.525],[-0.0773,51.5237],[-0.0797,51.5183],[-0.0866,51.5108],[-0.0882,51.5061],[-0.0786,51.5031],[-0.0745,51.5007],[-0.0674,51.4981],[-0.0552,51.4991],[-0.0521,51.4965],[-0.0497,51.4975],[-0.0494,51.4981],[-0.0502,51.4984],[-0.0496,51.4976],[-0.0485,51.4988],[-0.0465,51.4984],[-0.0458,51.4976],[-0.0459,51.4956],[-0.0443,51.4949],[-0.0468,51.493],[-0.0312,51.4835],[-0.0231,51.4809],[-0.0225,51.4769],[-0.0242,51.4744],[-0.0239,51.4732],[-0.0191,51.4689],[-0.0179,51.4667],[-0.0093,51.4624],[-0.0157,51.4553],[-0.0172,51.449],[-0.0203,51.444],[-0.0205,51.4403],[-0.0179,51.4349]]}},{"type":"Feature","properties":{"routeId":"54","name":"54","direction":"1","routeType":"regular","lengthKm":17.2,"stops":51},"geometry":{"type":"LineString","coordinates":[[-0.0485,51.3985],[-0.0413,51.3991],[-0.0342,51.4046],[-0.0322,51.4072],[-0.0287,51.4065],[-0.0275,51.4075],[-0.0256,51.4077],[-0.0252,51.4116],[-0.0242,51.4132],[-0.025,51.4153],[-0.0221,51.42],[-0.0153,51.4235],[-0.0111,51.4271],[-0.0173,51.4326],[-0.0207,51.441],[-0.0195,51.4461],[-0.0172,51.4488],[-0.0157,51.4553],[-0.0136,51.4572],[-0.0122,51.4592],[-0.0126,51.4596],[-0.0093,51.4624],[-0.0063,51.4632],[-0.0016,51.4624],[0.0089,51.4646],[0.0091,51.4659],[0.0069,51.4671],[0.0095,51.4686],[0.0092,51.4729],[0.0098,51.475],[0.0145,51.4771],[0.0189,51.477],[0.0192,51.4779],[0.0245,51.4793],[0.033,51.4798],[0.0356,51.4804],[0.0362,51.4816],[0.0377,51.482],[0.0456,51.4821],[0.0493,51.4851],[0.0538,51.4871],[0.061,51.4877],[0.0669,51.4901],[0.0676,51.4894],[0.0686,51.49],[0.0732,51.4892],[0.0729,51.4909],[0.0721,51.491]]}},{"type":"Feature","properties":{"routeId":"55","name":"55","direction":"2","routeType":"twentyfour","lengthKm":14.6,"stops":49},"geometry":{"type":"LineString","coordinates":[[-0.139,51.5156],[-0.1256,51.5171],[-0.1196,51.5199],[-0.111,51.522],[-0.1014,51.5226],[-0.0877,51.526],[-0.0775,51.5272],[-0.0743,51.5301],[-0.0722,51.5309],[-0.0571,51.5326],[-0.0571,51.5385],[-0.0552,51.5408],[-0.0551,51.5471],[-0.0595,51.5494],[-0.0545,51.5497],[-0.0516,51.5512],[-0.0564,51.5585],[-0.0531,51.559],[-0.0342,51.567],[-0.0157,51.5734],[-0.0132,51.5751],[-0.0177,51.5789],[-0.0184,51.5831],[-0.0204,51.5831],[-0.0202,51.5836]]}},{"type":"Feature","properties":{"routeId":"56","name":"56","direction":"1","routeType":"regular","lengthKm":13,"stops":45},"geometry":{"type":"LineString","coordinates":[[0.0014,51.5814],[0.0024,51.5815],[0,51.5815],[-0.0112,51.5767],[-0.0171,51.5728],[-0.0342,51.5671],[-0.0553,51.5584],[-0.0559,51.5577],[-0.0554,51.5561],[-0.0568,51.5556],[-0.0593,51.5499],[-0.0609,51.5491],[-0.0684,51.5482],[-0.07,51.5462],[-0.0871,51.5466],[-0.0918,51.5427],[-0.1039,51.5356],[-0.1062,51.5326],[-0.1063,51.5319],[-0.1019,51.5309],[-0.1025,51.5298],[-0.1013,51.529],[-0.0974,51.5219],[-0.0965,51.5176],[-0.0974,51.5152],[-0.102,51.5162],[-0.1014,51.5174]]}},{"type":"Feature","properties":{"routeId":"58","name":"58","direction":"1","routeType":"regular","lengthKm":11.6,"stops":50},"geometry":{"type":"LineString","coordinates":[[0.0562,51.5288],[0.0544,51.5331],[0.0379,51.5302],[0.0327,51.5396],[0.0323,51.5437],[0.0311,51.5469],[0.0256,51.5465],[0.0248,51.5492],[0.0253,51.5526],[0.0182,51.558],[0.0098,51.5549],[0.0064,51.5528],[-0.0042,51.5511],[-0.0067,51.5582],[-0.0096,51.5603],[-0.011,51.5628],[-0.0126,51.5641],[-0.0164,51.5632],[-0.0196,51.5646],[-0.0243,51.57],[-0.0275,51.5723],[-0.0298,51.5754],[-0.0309,51.5799],[-0.0285,51.581]]}},{"type":"Feature","properties":{"routeId":"53","name":"53","direction":"2","routeType":"regular","lengthKm":17.7,"stops":47},"geometry":{"type":"LineString","coordinates":[[-0.1147,51.5],[-0.1103,51.4983],[-0.1046,51.4989],[-0.0996,51.4951],[-0.0945,51.4942],[-0.0853,51.4939],[-0.0752,51.4874],[-0.0495,51.4768],[-0.0459,51.4744],[-0.0329,51.4759],[-0.0133,51.4724],[-0.0082,51.4728],[0,51.4718],[0.0145,51.4771],[0.0189,51.477],[0.0192,51.4779],[0.024,51.4792],[0.033,51.4798],[0.0381,51.4821],[0.0456,51.4821],[0.0493,51.4851],[0.0538,51.4871],[0.061,51.4877],[0.0669,51.4901],[0.0676,51.4894],[0.0686,51.49],[0.0732,51.4892],[0.0735,51.4879],[0.0722,51.4877],[0.0711,51.4821],[0.0802,51.4809],[0.0828,51.4824],[0.0855,51.4892]]}},{"type":"Feature","properties":{"routeId":"59","name":"59","direction":"1","routeType":"regular","lengthKm":11.3,"stops":37},"geometry":{"type":"LineString","coordinates":[[-0.1328,51.4481],[-0.1245,51.4453],[-0.1241,51.4483],[-0.1158,51.4612],[-0.1125,51.4685],[-0.1124,51.4773],[-0.1108,51.4811],[-0.1115,51.4825],[-0.1102,51.4844],[-0.1113,51.4857],[-0.1109,51.4954],[-0.1125,51.4988],[-0.11,51.5022],[-0.1123,51.5042],[-0.114,51.5046],[-0.1192,51.5112],[-0.1177,51.5133],[-0.1212,51.5189],[-0.12,51.5194],[-0.1189,51.5178],[-0.1108,51.5182],[-0.102,51.5163],[-0.1016,51.5181],[-0.1011,51.518],[-0.1014,51.5173]]}},{"type":"Feature","properties":{"routeId":"57","name":"57","direction":"1","routeType":"regular","lengthKm":18.7,"stops":61},"geometry":{"type":"LineString","coordinates":[[-0.2999,51.4105],[-0.3018,51.4085],[-0.3036,51.409],[-0.3005,51.4113],[-0.3004,51.4123],[-0.2967,51.4123],[-0.2965,51.4107],[-0.2916,51.411],[-0.2821,51.4172],[-0.2809,51.4153],[-0.2806,51.413],[-0.2708,51.4138],[-0.2632,51.4167],[-0.2552,51.4164],[-0.252,51.4159],[-0.2378,51.4105],[-0.23,51.4095],[-0.2301,51.4103],[-0.2257,51.4113],[-0.2083,51.422],[-0.2045,51.4201],[-0.2003,51.4192],[-0.1941,51.4196],[-0.1927,51.4178],[-0.1925,51.4156],[-0.1803,51.4167],[-0.168,51.4281],[-0.1628,51.424],[-0.1605,51.423],[-0.147,51.4195],[-0.1418,51.4243],[-0.1319,51.4285],[-0.1295,51.4307],[-0.1277,51.4371],[-0.1246,51.442],[-0.1245,51.4451],[-0.1295,51.4472]]}},{"type":"Feature","properties":{"routeId":"61","name":"61","direction":"1","routeType":"regular","lengthKm":17,"stops":41},"geometry":{"type":"LineString","coordinates":[[0.0691,51.4204],[0.0701,51.4175],[0.0696,51.4162],[0.0734,51.413],[0.0819,51.4079],[0.0874,51.4011],[0.0873,51.3954],[0.0908,51.3911],[0.0895,51.3885],[0.0879,51.3878],[0.0873,51.3857],[0.0918,51.3832],[0.0953,51.3835],[0.1062,51.3818],[0.1018,51.3788],[0.0977,51.3731],[0.0915,51.3718],[0.0887,51.3727],[0.0687,51.3734],[0.0531,51.3661],[0.0516,51.3667],[0.0459,51.3718],[0.0431,51.3784],[0.0351,51.3895],[0.0245,51.3963],[0.0173,51.3991],[0.0154,51.4024],[0.0187,51.4029],[0.0185,51.4063],[0.0154,51.406],[0.0139,51.408],[0.0143,51.409],[0.0155,51.4084],[0.0167,51.409]]}},{"type":"Feature","properties":{"routeId":"56","name":"56","direction":"2","routeType":"regular","lengthKm":12.7,"stops":43},"geometry":{"type":"LineString","coordinates":[[-0.1014,51.5173],[-0.102,51.5163],[-0.0988,51.5157],[-0.0986,51.5173],[-0.097,51.518],[-0.0974,51.5218],[-0.1013,51.529],[-0.1063,51.5319],[-0.1062,51.5331],[-0.104,51.5355],[-0.0912,51.5431],[-0.0871,51.5466],[-0.0704,51.5462],[-0.0685,51.5482],[-0.0609,51.5491],[-0.0593,51.5499],[-0.0569,51.5555],[-0.0554,51.5561],[-0.0561,51.5587],[-0.0531,51.559],[-0.0342,51.567],[-0.0157,51.5734],[-0.011,51.5768],[0,51.5815],[0.0014,51.5814]]}},{"type":"Feature","properties":{"routeId":"63","name":"63","direction":"1","routeType":"regular","lengthKm":11.7,"stops":40},"geometry":{"type":"LineString","coordinates":[[-0.059,51.4514],[-0.0628,51.4543],[-0.0661,51.4591],[-0.0667,51.4624],[-0.0659,51.4668],[-0.0697,51.472],[-0.0656,51.4724],[-0.0656,51.4739],[-0.0687,51.474],[-0.0713,51.4795],[-0.074,51.4814],[-0.074,51.4869],[-0.0811,51.4906],[-0.0851,51.4937],[-0.0996,51.4951],[-0.1049,51.4986],[-0.1042,51.5133],[-0.1063,51.5211],[-0.1106,51.5251],[-0.1153,51.5276],[-0.1157,51.5288],[-0.1192,51.5283],[-0.1226,51.5313]]}},{"type":"Feature","properties":{"routeId":"58","name":"58","direction":"2","routeType":"regular","lengthKm":11.6,"stops":46},"geometry":{"type":"LineString","coordinates":[[-0.0298,51.5805],[-0.0309,51.5799],[-0.0298,51.5754],[-0.0275,51.5723],[-0.0243,51.57],[-0.0196,51.5646],[-0.0162,51.5632],[-0.0112,51.5645],[-0.0096,51.5603],[-0.0069,51.5585],[-0.0055,51.5559],[-0.0042,51.5511],[0.0063,51.5528],[0.0098,51.5549],[0.0182,51.558],[0.0253,51.5526],[0.0248,51.5491],[0.0256,51.5465],[0.0311,51.5469],[0.0323,51.5437],[0.0327,51.5396],[0.0379,51.5302],[0.0544,51.5331],[0.0562,51.5287]]}},{"type":"Feature","properties":{"routeId":"62","name":"62","direction":"1","routeType":"regular","lengthKm":13.9,"stops":43},"geometry":{"type":"LineString","coordinates":[[0.1421,51.5916],[0.1419,51.5908],[0.1379,51.5901],[0.1341,51.5881],[0.1366,51.5837],[0.1414,51.5827],[0.1408,51.5749],[0.1421,51.5722],[0.1304,51.5708],[0.1296,51.5668],[0.1305,51.5515],[0.1239,51.5457],[0.1263,51.5442],[0.1277,51.5388],[0.1124,51.5377],[0.1096,51.5328],[0.1087,51.5327],[0.1024,51.5356],[0.1029,51.5365],[0.1015,51.5388],[0.0966,51.5421],[0.0936,51.5458],[0.086,51.5425],[0.0806,51.5388],[0.0784,51.5395],[0.0791,51.5383],[0.0762,51.5377],[0.0771,51.5356],[0.0826,51.5296]]}},{"type":"Feature","properties":{"routeId":"60","name":"60","direction":"1","routeType":"regular","lengthKm":18.2,"stops":59},"geometry":{"type":"LineString","coordinates":[[-0.12,51.3067],[-0.1244,51.3058],[-0.1332,51.3096],[-0.136,51.3156],[-0.1389,51.3174],[-0.1391,51.3196],[-0.1375,51.3214],[-0.1284,51.3277],[-0.117,51.3384],[-0.1038,51.3458],[-0.0991,51.3514],[-0.0978,51.3535],[-0.0978,51.3585],[-0.1002,51.3708],[-0.0984,51.3709],[-0.0987,51.3734],[-0.0969,51.3738],[-0.1002,51.3796],[-0.1028,51.378],[-0.1104,51.3861],[-0.1181,51.4009],[-0.1245,51.3979],[-0.1334,51.4001],[-0.1363,51.4035],[-0.1422,51.408],[-0.1422,51.4091],[-0.1397,51.4122],[-0.1422,51.4133],[-0.1292,51.422],[-0.1307,51.4252]]}},{"type":"Feature","properties":{"routeId":"64","name":"64","direction":"1","routeType":"regular","lengthKm":18.7,"stops":56},"geometry":{"type":"LineString","coordinates":[[-0.1136,51.3923],[-0.1104,51.3861],[-0.1024,51.3777],[-0.0997,51.3784],[-0.0983,51.3764],[-0.0954,51.3771],[-0.0939,51.3745],[-0.0885,51.375],[-0.086,51.3699],[-0.0861,51.3684],[-0.0874,51.3667],[-0.09,51.3657],[-0.0923,51.3623],[-0.0799,51.359],[-0.0734,51.3563],[-0.0704,51.3539],[-0.0672,51.3468],[-0.0629,51.3433],[-0.0552,51.3468],[-0.0443,51.3488],[-0.0384,51.3517],[-0.0374,51.3539],[-0.0354,51.3558],[-0.0315,51.3566],[-0.0323,51.3571],[-0.0319,51.3576],[-0.0311,51.3574],[-0.0313,51.3563],[-0.0303,51.3554],[-0.0249,51.3529],[-0.0202,51.3553],[-0.0231,51.357],[-0.0188,51.3591],[-0.013,51.3535],[-0.0108,51.3525],[-0.0102,51.3502],[-0.0108,51.3481],[-0.0152,51.3484],[-0.0199,51.3472],[-0.0158,51.3429],[-0.0171,51.3424],[-0.0128,51.3398],[-0.0164,51.3395],[-0.0095,51.3349],[-0.0012,51.3359],[-0.002,51.3379],[-0.0049,51.3406],[-0.0059,51.3434]]}},{"type":"Feature","properties":{"routeId":"59","name":"59","direction":"2","routeType":"regular","lengthKm":10.5,"stops":33},"geometry":{"type":"LineString","coordinates":[[-0.1014,51.5173],[-0.1021,51.5162],[-0.1065,51.5176],[-0.113,51.5183],[-0.1203,51.5174],[-0.1176,51.5133],[-0.1189,51.5123],[-0.1191,51.5112],[-0.1131,51.5045],[-0.1099,51.5022],[-0.1125,51.4989],[-0.1109,51.4947],[-0.1113,51.4856],[-0.11,51.4845],[-0.1115,51.4825],[-0.1108,51.4811],[-0.1123,51.4777],[-0.1125,51.4685],[-0.1156,51.4613],[-0.124,51.4484],[-0.1244,51.4451],[-0.1295,51.4472]]}},{"type":"Feature","properties":{"routeId":"54","name":"54","direction":"2","routeType":"regular","lengthKm":16.6,"stops":52},"geometry":{"type":"LineString","coordinates":[[0.0708,51.4913],[0.0676,51.4894],[0.0669,51.4901],[0.0609,51.4877],[0.0538,51.4871],[0.0494,51.4851],[0.0456,51.4821],[0.0379,51.4821],[0.0362,51.4816],[0.0355,51.4804],[0.0329,51.4798],[0.0245,51.4793],[0.0191,51.4769],[0.0146,51.4771],[0.0098,51.475],[0.0095,51.4686],[0.0085,51.4667],[0.009,51.4646],[-0.0014,51.4625],[-0.0062,51.4632],[-0.0093,51.4624],[-0.0157,51.4553],[-0.0172,51.449],[-0.02,51.4448],[-0.0206,51.4411],[-0.0172,51.4324],[-0.0139,51.429],[-0.0109,51.4273],[-0.0152,51.4235],[-0.0221,51.42],[-0.025,51.4153],[-0.0242,51.4132],[-0.0252,51.4116],[-0.0256,51.4077],[-0.0275,51.4075],[-0.0287,51.4065],[-0.0325,51.4067],[-0.0413,51.3991],[-0.0437,51.3983],[-0.0488,51.3983]]}},{"type":"Feature","properties":{"routeId":"61","name":"61","direction":"2","routeType":"regular","lengthKm":16.6,"stops":42},"geometry":{"type":"LineString","coordinates":[[0.0167,51.4082],[0.0186,51.4066],[0.0189,51.4045],[0.0188,51.4029],[0.0155,51.4025],[0.0173,51.3991],[0.0204,51.3986],[0.0324,51.3918],[0.036,51.3887],[0.0427,51.3792],[0.0459,51.3718],[0.0513,51.3669],[0.0535,51.3664],[0.0687,51.3734],[0.0886,51.3727],[0.0913,51.3718],[0.0974,51.3733],[0.1032,51.3799],[0.1022,51.3813],[0.103,51.3824],[0.0918,51.3832],[0.0873,51.3857],[0.088,51.3879],[0.0895,51.3885],[0.0906,51.3912],[0.0873,51.3954],[0.0874,51.4011],[0.0817,51.408],[0.0727,51.4135],[0.0653,51.42],[0.0685,51.4214],[0.0691,51.4204]]}},{"type":"Feature","properties":{"routeId":"65","name":"65","direction":"1","routeType":"regular","lengthKm":15,"stops":45},"geometry":{"type":"LineString","coordinates":[[-0.3038,51.4087],[-0.3004,51.4114],[-0.3011,51.4124],[-0.3034,51.4129],[-0.3009,51.4145],[-0.3032,51.4232],[-0.3068,51.428],[-0.307,51.4314],[-0.3029,51.4432],[-0.3033,51.4461],[-0.2987,51.4468],[-0.2995,51.4497],[-0.3017,51.4521],[-0.3039,51.4567],[-0.3063,51.4597],[-0.3034,51.4615],[-0.3006,51.4649],[-0.2941,51.4691],[-0.2899,51.4791],[-0.2868,51.4828],[-0.2875,51.4886],[-0.2903,51.4885],[-0.2994,51.4857],[-0.3013,51.4887],[-0.3044,51.4913],[-0.307,51.5022],[-0.3069,51.5042],[-0.3055,51.5049],[-0.3052,51.5063],[-0.3062,51.5128],[-0.3044,51.5134],[-0.3047,51.516],[-0.3022,51.5163],[-0.3023,51.5152]]}},{"type":"Feature","properties":{"routeId":"66","name":"66","direction":"1","routeType":"regular","lengthKm":15.2,"stops":31},"geometry":{"type":"LineString","coordinates":[[0.1835,51.5746],[0.1824,51.5764],[0.1857,51.578],[0.184,51.5801],[0.1813,51.5806],[0.1779,51.5799],[0.1779,51.5807],[0.1725,51.5862],[0.1643,51.5814],[0.1599,51.5803],[0.1151,51.5825],[0.11,51.5821],[0.1056,51.581],[0.0957,51.5762],[0.084,51.5735],[0.0658,51.5766],[0.0457,51.5759],[0.0445,51.5752],[0.0356,51.5772],[0.028,51.5756],[0.0254,51.5788],[0.0231,51.5802],[0.0165,51.573],[0.0171,51.5716],[0.0132,51.5698],[0.0119,51.5706],[0.0093,51.5692]]}},{"type":"Feature","properties":{"routeId":"67","name":"67","direction":"1","routeType":"regular","lengthKm":8.1,"stops":31},"geometry":{"type":"LineString","coordinates":[[-0.1093,51.5966],[-0.1088,51.5947],[-0.1014,51.5885],[-0.094,51.586],[-0.0893,51.5864],[-0.0917,51.5816],[-0.0848,51.581],[-0.0777,51.5781],[-0.073,51.5772],[-0.0723,51.5748],[-0.0732,51.5635],[-0.0711,51.5625],[-0.0688,51.5574],[-0.0746,51.5571],[-0.0761,51.5443]]}},{"type":"Feature","properties":{"routeId":"57","name":"57","direction":"2","routeType":"regular","lengthKm":18,"stops":60},"geometry":{"type":"LineString","coordinates":[[-0.1328,51.4481],[-0.1243,51.4452],[-0.1245,51.4418],[-0.1275,51.437],[-0.1295,51.4307],[-0.1319,51.4284],[-0.1418,51.4243],[-0.147,51.4195],[-0.1606,51.423],[-0.168,51.4279],[-0.1803,51.4167],[-0.1925,51.4156],[-0.1927,51.4178],[-0.1941,51.4196],[-0.2026,51.4197],[-0.204,51.4185],[-0.2083,51.422],[-0.2292,51.4096],[-0.2375,51.4105],[-0.255,51.4164],[-0.2623,51.4168],[-0.2711,51.4137],[-0.2806,51.413],[-0.2809,51.4153],[-0.2821,51.4172],[-0.2916,51.411],[-0.2999,51.4105]]}},{"type":"Feature","properties":{"routeId":"62","name":"62","direction":"2","routeType":"regular","lengthKm":15.4,"stops":48},"geometry":{"type":"LineString","coordinates":[[0.0826,51.5296],[0.0837,51.5285],[0.0879,51.5294],[0.0826,51.5353],[0.0811,51.5355],[0.0781,51.5341],[0.0761,51.5378],[0.0791,51.5383],[0.078,51.5393],[0.0788,51.5396],[0.0806,51.5388],[0.0826,51.541],[0.0936,51.5458],[0.0966,51.5421],[0.1016,51.5386],[0.103,51.5364],[0.1025,51.5357],[0.107,51.5332],[0.11,51.5337],[0.1124,51.5377],[0.1277,51.5388],[0.1263,51.5442],[0.1239,51.5457],[0.1303,51.5515],[0.1295,51.5665],[0.1301,51.5692],[0.1288,51.5704],[0.1419,51.5722],[0.1408,51.5749],[0.1414,51.5827],[0.1366,51.5837],[0.1341,51.5878],[0.1379,51.5901],[0.1419,51.5908],[0.1424,51.5934],[0.1421,51.5916]]}},{"type":"Feature","properties":{"routeId":"63","name":"63","direction":"2","routeType":"regular","lengthKm":12.3,"stops":41},"geometry":{"type":"LineString","coordinates":[[-0.1273,51.5316],[-0.1262,51.5292],[-0.122,51.5308],[-0.116,51.5299],[-0.1153,51.5276],[-0.1106,51.5251],[-0.1067,51.5217],[-0.104,51.5118],[-0.1044,51.4983],[-0.1009,51.4956],[-0.095,51.4942],[-0.0852,51.4948],[-0.0809,51.4906],[-0.074,51.4869],[-0.074,51.4814],[-0.0713,51.4795],[-0.0687,51.4741],[-0.0656,51.4739],[-0.0656,51.4724],[-0.0697,51.472],[-0.0659,51.4668],[-0.0667,51.4624],[-0.0661,51.4591],[-0.0628,51.4543],[-0.0596,51.4518]]}},{"type":"Feature","properties":{"routeId":"60","name":"60","direction":"2","routeType":"regular","lengthKm":18.9,"stops":63},"geometry":{"type":"LineString","coordinates":[[-0.1312,51.4254],[-0.1289,51.4218],[-0.1386,51.4162],[-0.1421,51.4133],[-0.1397,51.4122],[-0.1422,51.4091],[-0.1422,51.408],[-0.1331,51.4001],[-0.1245,51.3979],[-0.1181,51.4009],[-0.1099,51.3854],[-0.1024,51.3777],[-0.0997,51.3784],[-0.0967,51.3741],[-0.0987,51.3734],[-0.0985,51.3724],[-0.1004,51.3724],[-0.1005,51.3716],[-0.099,51.3673],[-0.0978,51.3588],[-0.0978,51.3535],[-0.0987,51.3519],[-0.1043,51.3449],[-0.1169,51.3386],[-0.1164,51.3376],[-0.1177,51.3376],[-0.1282,51.3278],[-0.139,51.3198],[-0.1388,51.3176],[-0.136,51.3156],[-0.1334,51.3097],[-0.1237,51.3057],[-0.1242,51.3045],[-0.1233,51.3031],[-0.1187,51.3038],[-0.1191,51.3063],[-0.12,51.3067]]}},{"type":"Feature","properties":{"routeId":"69","name":"69","direction":"1","routeType":"regular","lengthKm":10.5,"stops":38},"geometry":{"type":"LineString","coordinates":[[-0.0205,51.5834],[-0.0184,51.5831],[-0.0183,51.5799],[-0.0156,51.5765],[-0.0085,51.5729],[-0.0087,51.568],[-0.0112,51.5647],[-0.0096,51.5603],[-0.0069,51.5585],[-0.0055,51.5559],[-0.0042,51.5511],[0.0056,51.5526],[0.0051,51.5492],[0.0066,51.5464],[0.0046,51.5459],[0.0038,51.5419],[0.002,51.541],[0.0075,51.5356],[0.0193,51.531],[0.0175,51.5275],[0.018,51.5256],[0.0142,51.5251],[0.0123,51.5237],[0.0121,51.5197],[0.0135,51.5182],[0.0087,51.516],[0.0088,51.5154],[0.0076,51.5151],[0.0081,51.5145]]}},{"type":"Feature","properties":{"routeId":"68","name":"68","direction":"1","routeType":"regular","lengthKm":12.3,"stops":43},"geometry":{"type":"LineString","coordinates":[[-0.1044,51.4302],[-0.1037,51.4336],[-0.1062,51.4397],[-0.1049,51.444],[-0.1051,51.4461],[-0.1008,51.4502],[-0.1011,51.4539],[-0.0962,51.4572],[-0.0923,51.461],[-0.0902,51.4652],[-0.0902,51.4664],[-0.0929,51.4705],[-0.0946,51.4829],[-0.0937,51.4847],[-0.0989,51.493],[-0.1007,51.4935],[-0.1009,51.4956],[-0.1123,51.5042],[-0.1141,51.5047],[-0.1192,51.5112],[-0.1177,51.5134],[-0.1211,51.5188],[-0.1314,51.5279],[-0.1319,51.5276]]}},{"type":"Feature","properties":{"routeId":"64","name":"64","direction":"2","routeType":"regular","lengthKm":19.2,"stops":58},"geometry":{"type":"LineString","coordinates":[[-0.0057,51.3437],[-0.0051,51.3411],[-0.002,51.3379],[-0.0012,51.3359],[-0.0092,51.3348],[-0.0164,51.3395],[-0.0134,51.3396],[-0.0181,51.3429],[-0.0219,51.3468],[-0.0153,51.3484],[-0.0108,51.3481],[-0.0103,51.3505],[-0.0109,51.3525],[-0.013,51.3535],[-0.0188,51.3591],[-0.0231,51.3569],[-0.0202,51.3553],[-0.0254,51.3526],[-0.0324,51.3569],[-0.0334,51.3565],[-0.0315,51.3566],[-0.0345,51.3561],[-0.0363,51.3549],[-0.0384,51.3517],[-0.0443,51.3488],[-0.0552,51.3468],[-0.0629,51.3433],[-0.0672,51.3468],[-0.0701,51.3535],[-0.0728,51.3559],[-0.0803,51.3591],[-0.0923,51.3623],[-0.0901,51.3657],[-0.0874,51.3667],[-0.0861,51.3684],[-0.0861,51.3701],[-0.0885,51.375],[-0.097,51.3742],[-0.1002,51.3796],[-0.1028,51.378],[-0.1104,51.3861],[-0.114,51.3931]]}},{"type":"Feature","properties":{"routeId":"65","name":"65","direction":"2","routeType":"regular","lengthKm":15.4,"stops":44},"geometry":{"type":"LineString","coordinates":[[-0.3023,51.5152],[-0.3019,51.5141],[-0.3045,51.513],[-0.3054,51.511],[-0.3051,51.5058],[-0.3069,51.504],[-0.3058,51.4957],[-0.304,51.4911],[-0.3014,51.4889],[-0.2994,51.4857],[-0.2875,51.4888],[-0.2868,51.4829],[-0.29,51.479],[-0.2941,51.4691],[-0.2992,51.4649],[-0.302,51.4636],[-0.3034,51.4614],[-0.3021,51.4601],[-0.3049,51.459],[-0.3063,51.4594],[-0.2995,51.4497],[-0.2987,51.4468],[-0.3033,51.4461],[-0.3029,51.4428],[-0.3048,51.4363],[-0.3068,51.4326],[-0.3068,51.428],[-0.303,51.4227],[-0.3007,51.4124],[-0.2964,51.4121],[-0.2974,51.4106],[-0.3017,51.4108],[-0.3037,51.4083]]}},{"type":"Feature","properties":{"routeId":"66","name":"66","direction":"2","routeType":"regular","lengthKm":15.7,"stops":34},"geometry":{"type":"LineString","coordinates":[[0.0088,51.5685],[0.0109,51.5683],[0.0159,51.5714],[0.0156,51.5728],[0.0231,51.5802],[0.0254,51.5788],[0.028,51.5756],[0.0359,51.5774],[0.0425,51.576],[0.0439,51.5768],[0.0457,51.5761],[0.0664,51.5768],[0.0835,51.5736],[0.0906,51.5751],[0.0906,51.5759],[0.091,51.5752],[0.0948,51.576],[0.1058,51.5811],[0.1101,51.5823],[0.1158,51.5826],[0.16,51.5805],[0.1639,51.5813],[0.1729,51.5865],[0.173,51.5851],[0.1784,51.5802],[0.1845,51.5805],[0.1844,51.5798],[0.1862,51.578],[0.1833,51.5763],[0.184,51.5756],[0.1834,51.5752],[0.1838,51.5742],[0.1827,51.5739]]}},{"type":"Feature","properties":{"routeId":"67","name":"67","direction":"2","routeType":"regular","lengthKm":7.6,"stops":29},"geometry":{"type":"LineString","coordinates":[[-0.0757,51.5453],[-0.0746,51.5573],[-0.0731,51.5636],[-0.0723,51.575],[-0.073,51.5772],[-0.0777,51.5781],[-0.0848,51.581],[-0.0917,51.5816],[-0.0893,51.5864],[-0.094,51.586],[-0.0988,51.5875],[-0.1012,51.5872],[-0.1028,51.5898],[-0.1087,51.5946],[-0.1091,51.5958]]}},{"type":"Feature","properties":{"routeId":"77","name":"77","direction":"1","routeType":"regular","lengthKm":13.6,"stops":45},"geometry":{"type":"LineString","coordinates":[[-0.113,51.5038],[-0.1147,51.5041],[-0.1164,51.5024],[-0.1169,51.5014],[-0.1158,51.5008],[-0.1206,51.4957],[-0.1204,51.4943],[-0.1213,51.4938],[-0.1231,51.4888],[-0.1234,51.4865],[-0.1221,51.4862],[-0.1224,51.4853],[-0.1231,51.4848],[-0.1239,51.4863],[-0.1249,51.4845],[-0.1266,51.4841],[-0.1302,51.4767],[-0.1336,51.4734],[-0.1472,51.467],[-0.1679,51.4637],[-0.1671,51.4608],[-0.1739,51.459],[-0.176,51.4554],[-0.1889,51.4428],[-0.187,51.4409],[-0.1867,51.4364],[-0.1851,51.4337],[-0.1773,51.432],[-0.1738,51.4299],[-0.168,51.4281],[-0.1628,51.424],[-0.1606,51.4231],[-0.1604,51.4219],[-0.1611,51.4207]]}},{"type":"Feature","properties":{"routeId":"72","name":"72","direction":"1","routeType":"regular","lengthKm":7.1,"stops":23},"geometry":{"type":"LineString","coordinates":[[-0.2515,51.5199],[-0.2507,51.5195],[-0.2494,51.5152],[-0.2272,51.517],[-0.226,51.515],[-0.2354,51.5144],[-0.2346,51.5065],[-0.2193,51.5044],[-0.2232,51.5033],[-0.2221,51.5016],[-0.2221,51.4997],[-0.2226,51.4975],[-0.224,51.496],[-0.224,51.4935],[-0.2221,51.4915],[-0.2244,51.4914],[-0.225,51.4921],[-0.2269,51.4915]]}},{"type":"Feature","properties":{"routeId":"71","name":"71","direction":"1","routeType":"regular","lengthKm":10,"stops":34},"geometry":{"type":"LineString","coordinates":[[-0.3138,51.3501],[-0.3116,51.3563],[-0.3079,51.3563],[-0.3031,51.3579],[-0.3001,51.3579],[-0.2988,51.3588],[-0.2955,51.3591],[-0.2914,51.3626],[-0.2963,51.3637],[-0.3082,51.3632],[-0.3043,51.3752],[-0.3003,51.3841],[-0.301,51.3868],[-0.3091,51.3912],[-0.3045,51.3931],[-0.3039,51.3981],[-0.3049,51.3995],[-0.3036,51.4009],[-0.3045,51.4018],[-0.3038,51.4089],[-0.3005,51.4113],[-0.3005,51.4123],[-0.2989,51.4123]]}},{"type":"Feature","properties":{"routeId":"70","name":"70","direction":"1","routeType":"regular","lengthKm":14.9,"stops":50},"geometry":{"type":"LineString","coordinates":[[-0.2734,51.4966],[-0.2725,51.4975],[-0.2764,51.4994],[-0.2802,51.5034],[-0.2762,51.5083],[-0.2695,51.5068],[-0.2569,51.5066],[-0.2577,51.5105],[-0.2561,51.512],[-0.2493,51.513],[-0.2494,51.5152],[-0.2272,51.517],[-0.2281,51.5189],[-0.2209,51.5229],[-0.214,51.5241],[-0.215,51.5258],[-0.2162,51.5252],[-0.2151,51.526],[-0.209,51.516],[-0.1964,51.5191],[-0.1951,51.515],[-0.192,51.5154],[-0.1914,51.5133],[-0.1868,51.5139],[-0.1858,51.5104],[-0.1941,51.5095],[-0.1938,51.5086],[-0.195,51.508],[-0.1943,51.5059],[-0.191,51.502],[-0.1883,51.5024],[-0.1802,51.5015],[-0.1786,51.4938],[-0.1769,51.494]]}},{"type":"Feature","properties":{"routeId":"73","name":"73","direction":"1","routeType":"twentyfour","lengthKm":9.5,"stops":32},"geometry":{"type":"LineString","coordinates":[[-0.139,51.5156],[-0.1304,51.5164],[-0.1372,51.5236],[-0.138,51.5253],[-0.1225,51.5307],[-0.1092,51.5318],[-0.1093,51.5328],[-0.1062,51.5328],[-0.104,51.5355],[-0.0876,51.5458],[-0.0866,51.5474],[-0.0877,51.5483],[-0.0853,51.5523],[-0.0839,51.5568],[-0.0824,51.5579],[-0.0835,51.5612],[-0.0803,51.5621],[-0.0738,51.562],[-0.0731,51.5634],[-0.0678,51.5623],[-0.0686,51.5621]]}},{"type":"Feature","properties":{"routeId":"69","name":"69","direction":"2","routeType":"regular","lengthKm":11.2,"stops":36},"geometry":{"type":"LineString","coordinates":[[0.0087,51.5143],[0.0077,51.5159],[0.0135,51.5182],[0.0121,51.5197],[0.0125,51.524],[0.0142,51.5251],[0.018,51.5256],[0.0175,51.5275],[0.0193,51.531],[0.0074,51.5357],[0.0023,51.5409],[-0.0002,51.5396],[-0.0014,51.5405],[-0.0016,51.5423],[0.0042,51.5437],[0.0045,51.5459],[0.006,51.5464],[0.0051,51.5497],[0.0056,51.5526],[-0.0042,51.5511],[-0.0067,51.5582],[-0.0096,51.5603],[-0.0126,51.5641],[-0.0112,51.5647],[-0.0087,51.568],[-0.0084,51.5728],[-0.0156,51.5765],[-0.0183,51.5798],[-0.0189,51.5832],[-0.0203,51.5831],[-0.0202,51.5836]]}},{"type":"Feature","properties":{"routeId":"74","name":"74","direction":"1","routeType":"regular","lengthKm":12,"stops":36},"geometry":{"type":"LineString","coordinates":[[-0.2151,51.4644],[-0.2102,51.4697],[-0.2173,51.4784],[-0.2194,51.4835],[-0.214,51.4826],[-0.2101,51.4831],[-0.1928,51.4885],[-0.2005,51.4928],[-0.1955,51.4946],[-0.1777,51.4954],[-0.1774,51.494],[-0.1748,51.4942],[-0.1751,51.4956],[-0.169,51.4967],[-0.1611,51.5017],[-0.1512,51.5033],[-0.1522,51.5043],[-0.1522,51.5062],[-0.1573,51.5102],[-0.1586,51.5125],[-0.1598,51.5127],[-0.1597,51.5133],[-0.156,51.5137],[-0.1597,51.5218],[-0.1563,51.5224]]}},{"type":"Feature","properties":{"routeId":"72","name":"72","direction":"2","routeType":"regular","lengthKm":8,"stops":24},"geometry":{"type":"LineString","coordinates":[[-0.2262,51.492],[-0.2238,51.4931],[-0.2243,51.4924],[-0.2236,51.4913],[-0.2248,51.4915],[-0.2249,51.4923],[-0.2221,51.4997],[-0.2221,51.5016],[-0.2232,51.5031],[-0.2249,51.5052],[-0.2404,51.5066],[-0.2413,51.5112],[-0.2349,51.5116],[-0.2346,51.5098],[-0.2312,51.5102],[-0.2252,51.5129],[-0.2272,51.517],[-0.2494,51.5152],[-0.2507,51.5195],[-0.2535,51.5199]]}},{"type":"Feature","properties":{"routeId":"75","name":"75","direction":"1","routeType":"regular","lengthKm":14,"stops":46},"geometry":{"type":"LineString","coordinates":[[-0.0126,51.4642],[-0.0124,51.4634],[-0.0108,51.4637],[-0.0093,51.4624],[-0.0157,51.4553],[-0.0172,51.449],[-0.02,51.445],[-0.0259,51.444],[-0.0295,51.4407],[-0.043,51.4352],[-0.0466,51.4351],[-0.0462,51.4319],[-0.0471,51.4273],[-0.0491,51.4258],[-0.0528,51.4263],[-0.0518,51.4225],[-0.0534,51.4195],[-0.0517,51.4191],[-0.0511,51.4173],[-0.0482,51.4154],[-0.0676,51.4046],[-0.076,51.3986],[-0.0824,51.3965],[-0.0857,51.3945],[-0.0872,51.3933],[-0.089,51.3894],[-0.0965,51.3871],[-0.0986,51.3829],[-0.0976,51.3824],[-0.0991,51.3818],[-0.0998,51.3796],[-0.0964,51.3731]]}},{"type":"Feature","properties":{"routeId":"68","name":"68","direction":"2","routeType":"regular","lengthKm":12.5,"stops":42},"geometry":{"type":"LineString","coordinates":[[-0.1318,51.5278],[-0.121,51.519],[-0.1176,51.5133],[-0.1189,51.5123],[-0.1191,51.5112],[-0.1131,51.5045],[-0.1009,51.4956],[-0.1005,51.4936],[-0.0983,51.4922],[-0.0938,51.4849],[-0.0946,51.4829],[-0.0928,51.47],[-0.09,51.4656],[-0.0923,51.461],[-0.0957,51.4576],[-0.1011,51.4539],[-0.1008,51.4502],[-0.105,51.4462],[-0.1062,51.4395],[-0.1015,51.43],[-0.1028,51.4298]]}},{"type":"Feature","properties":{"routeId":"76","name":"76","direction":"1","routeType":"regular","lengthKm":14.7,"stops":52},"geometry":{"type":"LineString","coordinates":[[-0.0608,51.5883],[-0.063,51.5883],[-0.0646,51.5895],[-0.0703,51.5888],[-0.0715,51.586],[-0.0732,51.5779],[-0.0723,51.575],[-0.0732,51.5635],[-0.0711,51.5625],[-0.0688,51.5574],[-0.0746,51.5571],[-0.0763,51.5423],[-0.0844,51.5431],[-0.0865,51.5375],[-0.0898,51.5361],[-0.0863,51.531],[-0.088,51.5277],[-0.0879,51.5263],[-0.087,51.5257],[-0.0876,51.5249],[-0.087,51.5219],[-0.0887,51.5174],[-0.0968,51.5173],[-0.0972,51.515],[-0.0965,51.5129],[-0.1084,51.5142],[-0.1145,51.5128],[-0.1183,51.5129],[-0.1191,51.5112],[-0.1132,51.5049],[-0.117,51.5016],[-0.1147,51.5]]}},{"type":"Feature","properties":{"routeId":"71","name":"71","direction":"2","routeType":"regular","lengthKm":10.5,"stops":35},"geometry":{"type":"LineString","coordinates":[[-0.2986,51.4125],[-0.2998,51.4123],[-0.2967,51.4123],[-0.2969,51.4108],[-0.3017,51.4108],[-0.3038,51.4089],[-0.3045,51.4018],[-0.3036,51.4009],[-0.3049,51.3997],[-0.3039,51.3981],[-0.3043,51.3931],[-0.3091,51.3912],[-0.3009,51.3868],[-0.3004,51.3845],[-0.3081,51.3639],[-0.3073,51.3632],[-0.2963,51.3638],[-0.2914,51.3626],[-0.2953,51.3588],[-0.3035,51.3578],[-0.308,51.3562],[-0.3116,51.3563],[-0.3133,51.35],[-0.3138,51.3501]]}},{"type":"Feature","properties":{"routeId":"77","name":"77","direction":"2","routeType":"regular","lengthKm":13.4,"stops":47},"geometry":{"type":"LineString","coordinates":[[-0.1609,51.421],[-0.1605,51.423],[-0.1684,51.4282],[-0.1738,51.4299],[-0.177,51.4319],[-0.1851,51.4337],[-0.1867,51.4364],[-0.187,51.4409],[-0.1889,51.4428],[-0.176,51.4554],[-0.1739,51.459],[-0.1671,51.4608],[-0.1678,51.4638],[-0.1466,51.4672],[-0.1336,51.4734],[-0.13,51.477],[-0.1269,51.484],[-0.1248,51.4853],[-0.1249,51.4845],[-0.126,51.4845],[-0.1237,51.4867],[-0.1196,51.4972],[-0.1174,51.4985],[-0.1158,51.5009],[-0.1141,51.5005],[-0.1111,51.5026],[-0.1122,51.5036]]}},{"type":"Feature","properties":{"routeId":"70","name":"70","direction":"2","routeType":"regular","lengthKm":15.1,"stops":52},"geometry":{"type":"LineString","coordinates":[[-0.1746,51.4945],[-0.1788,51.4938],[-0.1804,51.5015],[-0.188,51.5024],[-0.1909,51.5019],[-0.1922,51.5041],[-0.1936,51.5046],[-0.1954,51.5093],[-0.187,51.5103],[-0.1884,51.5158],[-0.1951,51.515],[-0.1964,51.5191],[-0.209,51.516],[-0.2149,51.5257],[-0.2162,51.5252],[-0.2152,51.526],[-0.214,51.5241],[-0.2209,51.5229],[-0.2281,51.5189],[-0.2272,51.517],[-0.2494,51.5152],[-0.2482,51.513],[-0.2561,51.512],[-0.2577,51.5105],[-0.2569,51.5066],[-0.2695,51.5068],[-0.2762,51.5083],[-0.2802,51.5034],[-0.2765,51.4995],[-0.2725,51.4975],[-0.2734,51.4961]]}},{"type":"Feature","properties":{"routeId":"78","name":"78","direction":"1","routeType":"regular","lengthKm":10.5,"stops":34},"geometry":{"type":"LineString","coordinates":[[-0.0774,51.525],[-0.0773,51.5237],[-0.0797,51.5183],[-0.0816,51.5162],[-0.08,51.5161],[-0.077,51.5143],[-0.0743,51.5147],[-0.0761,51.5137],[-0.0753,51.5114],[-0.0728,51.5111],[-0.0728,51.5104],[-0.0797,51.4978],[-0.0814,51.4966],[-0.0765,51.495],[-0.0737,51.4932],[-0.0762,51.4903],[-0.075,51.4893],[-0.0759,51.4879],[-0.065,51.4835],[-0.0688,51.4774],[-0.07,51.4771],[-0.0687,51.4741],[-0.0656,51.4739],[-0.0656,51.4724],[-0.0697,51.4716],[-0.066,51.4669],[-0.0661,51.4652],[-0.0648,51.4628],[-0.0593,51.4646],[-0.0547,51.4672],[-0.0531,51.4684],[-0.054,51.4703]]}},{"type":"Feature","properties":{"routeId":"73","name":"73","direction":"2","routeType":"twentyfour","lengthKm":9.4,"stops":33},"geometry":{"type":"LineString","coordinates":[[-0.0704,51.5609],[-0.0713,51.5602],[-0.0739,51.5607],[-0.0738,51.562],[-0.078,51.5622],[-0.0835,51.5612],[-0.0824,51.5579],[-0.0839,51.5567],[-0.0854,51.5522],[-0.0845,51.5519],[-0.0848,51.551],[-0.0861,51.5509],[-0.0871,51.5497],[-0.0877,51.5483],[-0.0866,51.5474],[-0.0881,51.5453],[-0.1039,51.5356],[-0.1063,51.5319],[-0.1224,51.5306],[-0.1377,51.5249],[-0.1304,51.5164],[-0.1399,51.5155]]}},{"type":"Feature","properties":{"routeId":"79","name":"79","direction":"1","routeType":"regular","lengthKm":13.3,"stops":39},"geometry":{"type":"LineString","coordinates":[[-0.2752,51.544],[-0.2773,51.5415],[-0.2905,51.5409],[-0.2927,51.5419],[-0.2978,51.5417],[-0.2969,51.5443],[-0.2991,51.552],[-0.2935,51.5537],[-0.294,51.5554],[-0.2919,51.5568],[-0.2905,51.5594],[-0.2918,51.5603],[-0.2922,51.5645],[-0.2947,51.5662],[-0.2952,51.5699],[-0.2942,51.5748],[-0.2949,51.5762],[-0.287,51.579],[-0.2859,51.5814],[-0.282,51.5852],[-0.284,51.5901],[-0.2873,51.5925],[-0.2847,51.5946],[-0.2871,51.5924],[-0.2945,51.5954],[-0.2973,51.6022],[-0.3012,51.6073],[-0.2906,51.6076],[-0.2816,51.6095],[-0.2782,51.6114],[-0.2762,51.6136],[-0.2756,51.6133]]}},{"type":"Feature","properties":{"routeId":"80","name":"80","direction":"1","routeType":"regular","lengthKm":14.3,"stops":42},"geometry":{"type":"LineString","coordinates":[[-0.19,51.3382],[-0.1926,51.3402],[-0.1941,51.3404],[-0.195,51.3478],[-0.1924,51.3516],[-0.1911,51.3581],[-0.1917,51.3603],[-0.1947,51.3599],[-0.1954,51.361],[-0.1942,51.3617],[-0.1964,51.368],[-0.1952,51.3684],[-0.1949,51.3705],[-0.2006,51.3684],[-0.2065,51.3731],[-0.2008,51.3788],[-0.2042,51.3828],[-0.2114,51.3859],[-0.2037,51.3915],[-0.2034,51.3944],[-0.2007,51.3958],[-0.2,51.3976],[-0.1966,51.4002],[-0.1972,51.4017],[-0.1951,51.4017],[-0.1917,51.4035],[-0.1867,51.3979],[-0.1886,51.3898],[-0.1844,51.3891],[-0.1777,51.3851],[-0.1741,51.3849],[-0.1702,51.3765],[-0.1625,51.3792]]}},{"type":"Feature","properties":{"routeId":"74","name":"74","direction":"2","routeType":"regular","lengthKm":12.1,"stops":38},"geometry":{"type":"LineString","coordinates":[[-0.1582,51.5235],[-0.1538,51.5139],[-0.1583,51.5132],[-0.1567,51.5103],[-0.151,51.5055],[-0.1509,51.5034],[-0.1499,51.5032],[-0.1499,51.5025],[-0.1516,51.502],[-0.1528,51.5029],[-0.1607,51.5017],[-0.1747,51.4941],[-0.1788,51.4938],[-0.1791,51.4953],[-0.195,51.4946],[-0.1945,51.4933],[-0.1902,51.4895],[-0.2101,51.4831],[-0.214,51.4826],[-0.2194,51.4835],[-0.2173,51.4784],[-0.211,51.4716],[-0.2102,51.4697],[-0.2162,51.4627]]}},{"type":"Feature","properties":{"routeId":"75","name":"75","direction":"2","routeType":"regular","lengthKm":15.1,"stops":48},"geometry":{"type":"LineString","coordinates":[[-0.0964,51.3727],[-0.0967,51.3707],[-0.0969,51.3738],[-0.1001,51.3795],[-0.1018,51.3788],[-0.1,51.3797],[-0.0986,51.3826],[-0.0997,51.383],[-0.0995,51.3838],[-0.0981,51.3838],[-0.0965,51.3871],[-0.089,51.3894],[-0.0875,51.393],[-0.0852,51.3948],[-0.0757,51.3988],[-0.0677,51.4045],[-0.0482,51.4154],[-0.0511,51.4173],[-0.0517,51.4191],[-0.0534,51.4195],[-0.0518,51.4225],[-0.0528,51.4263],[-0.0491,51.4258],[-0.0471,51.4273],[-0.0462,51.4319],[-0.0466,51.4351],[-0.043,51.4352],[-0.0295,51.4407],[-0.026,51.444],[-0.0198,51.4453],[-0.0172,51.4488],[-0.0157,51.4553],[-0.0135,51.4573],[-0.0122,51.4592],[-0.0126,51.4596],[-0.0093,51.4624],[-0.0103,51.4627],[-0.0113,51.465],[-0.0132,51.4649]]}},{"type":"Feature","properties":{"routeId":"83","name":"83","direction":"1","routeType":"regular","lengthKm":13.2,"stops":40},"geometry":{"type":"LineString","coordinates":[[-0.1941,51.5719],[-0.1954,51.5715],[-0.1989,51.5727],[-0.2097,51.58],[-0.2187,51.5844],[-0.2238,51.5831],[-0.2346,51.5822],[-0.24,51.5779],[-0.2482,51.5843],[-0.2544,51.5824],[-0.2619,51.5829],[-0.2627,51.5818],[-0.2621,51.5734],[-0.2628,51.5675],[-0.2654,51.5657],[-0.2775,51.5652],[-0.2797,51.5627],[-0.2847,51.5592],[-0.2867,51.5537],[-0.2935,51.5537],[-0.299,51.552],[-0.2969,51.5441],[-0.2979,51.5413],[-0.3005,51.5397],[-0.2994,51.5383],[-0.3021,51.538]]}},{"type":"Feature","properties":{"routeId":"85","name":"85","direction":"1","routeType":"regular","lengthKm":11.4,"stops":34},"geometry":{"type":"LineString","coordinates":[[-0.2092,51.4678],[-0.2112,51.4684],[-0.2143,51.4657],[-0.2201,51.4543],[-0.2216,51.4533],[-0.221,51.4534],[-0.2333,51.4519],[-0.2396,51.4497],[-0.2369,51.4483],[-0.2343,51.4444],[-0.2545,51.4368],[-0.271,51.4283],[-0.2735,51.4265],[-0.2791,51.4191],[-0.2913,51.4111],[-0.3017,51.4108],[-0.3035,51.409],[-0.3063,51.409],[-0.3077,51.4079],[-0.3063,51.4076]]}},{"type":"Feature","properties":{"routeId":"78","name":"78","direction":"2","routeType":"regular","lengthKm":11.2,"stops":33},"geometry":{"type":"LineString","coordinates":[[-0.054,51.4703],[-0.0543,51.471],[-0.0522,51.4713],[-0.0517,51.4697],[-0.0594,51.4645],[-0.0667,51.4624],[-0.0659,51.4668],[-0.0697,51.472],[-0.0656,51.4724],[-0.0656,51.4739],[-0.0686,51.474],[-0.07,51.4771],[-0.0688,51.4774],[-0.065,51.4834],[-0.0777,51.4887],[-0.0737,51.4932],[-0.0765,51.495],[-0.0818,51.4967],[-0.0797,51.4978],[-0.0744,51.507],[-0.0739,51.5093],[-0.0752,51.511],[-0.073,51.5115],[-0.0736,51.5141],[-0.0747,51.5149],[-0.0776,51.5141],[-0.0816,51.5161],[-0.0795,51.5187],[-0.0779,51.5225],[-0.0793,51.5237],[-0.0804,51.5236],[-0.0803,51.525]]}},{"type":"Feature","properties":{"routeId":"81","name":"81","direction":"1","routeType":"regular","lengthKm":19.3,"stops":47},"geometry":{"type":"LineString","coordinates":[[-0.5942,51.5092],[-0.593,51.5089],[-0.5936,51.5078],[-0.5892,51.507],[-0.5889,51.5078],[-0.5837,51.507],[-0.5807,51.5084],[-0.5784,51.5064],[-0.5734,51.5049],[-0.5444,51.4924],[-0.542,51.4923],[-0.5409,51.491],[-0.5339,51.4887],[-0.5284,51.4845],[-0.5221,51.4835],[-0.5151,51.4801],[-0.5077,51.4787],[-0.4936,51.4791],[-0.4885,51.4816],[-0.4796,51.4818],[-0.4813,51.4826],[-0.4605,51.4809],[-0.4497,51.4813],[-0.4299,51.4806],[-0.4185,51.4814],[-0.3956,51.4758],[-0.3766,51.4696],[-0.3689,51.4685],[-0.3686,51.4673],[-0.3669,51.4677],[-0.3661,51.4667],[-0.3623,51.4674],[-0.3544,51.4707]]}},{"type":"Feature","properties":{"routeId":"76","name":"76","direction":"2","routeType":"regular","lengthKm":14.1,"stops":51},"geometry":{"type":"LineString","coordinates":[[-0.1105,51.5012],[-0.11,51.5022],[-0.1124,51.5043],[-0.114,51.5046],[-0.1192,51.5112],[-0.1189,51.5122],[-0.117,51.5133],[-0.1087,51.5142],[-0.1034,51.5141],[-0.0965,51.5129],[-0.097,51.5146],[-0.0988,51.5156],[-0.0986,51.5173],[-0.0969,51.5179],[-0.0887,51.5174],[-0.087,51.522],[-0.0877,51.5254],[-0.087,51.5257],[-0.0888,51.5275],[-0.0886,51.5286],[-0.0863,51.5309],[-0.0898,51.5361],[-0.0865,51.5375],[-0.0844,51.5431],[-0.0763,51.5423],[-0.0731,51.5636],[-0.0723,51.575],[-0.0732,51.5776],[-0.0715,51.5863],[-0.0702,51.5889],[-0.0641,51.5896],[-0.0611,51.5888]]}},{"type":"Feature","properties":{"routeId":"79","name":"79","direction":"2","routeType":"regular","lengthKm":13.4,"stops":41},"geometry":{"type":"LineString","coordinates":[[-0.2748,51.6131],[-0.2762,51.6136],[-0.2814,51.6095],[-0.2906,51.6076],[-0.3012,51.6073],[-0.2972,51.6023],[-0.2937,51.5952],[-0.2873,51.5925],[-0.2847,51.5946],[-0.2871,51.5924],[-0.284,51.5901],[-0.2829,51.5868],[-0.2811,51.5848],[-0.2853,51.5822],[-0.287,51.579],[-0.2948,51.5762],[-0.2942,51.5748],[-0.2947,51.5662],[-0.2922,51.5645],[-0.2918,51.5603],[-0.2905,51.5594],[-0.2919,51.5568],[-0.294,51.5554],[-0.2933,51.5537],[-0.299,51.552],[-0.2969,51.5443],[-0.2978,51.5417],[-0.2929,51.5419],[-0.2905,51.5409],[-0.2773,51.5415],[-0.2749,51.5437],[-0.2755,51.5441]]}},{"type":"Feature","properties":{"routeId":"80","name":"80","direction":"2","routeType":"regular","lengthKm":14.2,"stops":43},"geometry":{"type":"LineString","coordinates":[[-0.1631,51.3792],[-0.1702,51.3765],[-0.1717,51.3809],[-0.1742,51.3847],[-0.1777,51.3851],[-0.1844,51.3891],[-0.1887,51.3898],[-0.1868,51.3979],[-0.1916,51.4033],[-0.1937,51.4026],[-0.1997,51.3978],[-0.2007,51.3957],[-0.2033,51.3944],[-0.2034,51.3916],[-0.2114,51.3858],[-0.2043,51.3829],[-0.2008,51.3788],[-0.2063,51.373],[-0.2006,51.3684],[-0.1949,51.3705],[-0.1949,51.3677],[-0.1934,51.3677],[-0.191,51.3619],[-0.1898,51.3615],[-0.1897,51.3607],[-0.1917,51.3603],[-0.1911,51.358],[-0.1921,51.3525],[-0.195,51.3477],[-0.1941,51.3404],[-0.1926,51.3402],[-0.19,51.3382]]}},{"type":"Feature","properties":{"routeId":"86","name":"86","direction":"1","routeType":"regular","lengthKm":15.8,"stops":47},"geometry":{"type":"LineString","coordinates":[[-0.002,51.541],[-0.0002,51.5396],[0.004,51.5419],[0.0213,51.5459],[0.0411,51.5486],[0.0697,51.5583],[0.0716,51.5566],[0.0758,51.5585],[0.0756,51.5594],[0.0797,51.5596],[0.0808,51.5605],[0.0979,51.5643],[0.1309,51.5709],[0.1604,51.5745],[0.1673,51.5741],[0.1743,51.5749],[0.1768,51.5762],[0.178,51.5803],[0.1845,51.5805],[0.1844,51.5798],[0.1862,51.578],[0.183,51.5767],[0.1841,51.5754],[0.1834,51.5752],[0.1838,51.5742],[0.1827,51.5739]]}},{"type":"Feature","properties":{"routeId":"87","name":"87","direction":"1","routeType":"regular","lengthKm":10.6,"stops":29},"geometry":{"type":"LineString","coordinates":[[-0.195,51.4584],[-0.1907,51.4592],[-0.1897,51.4569],[-0.1852,51.4577],[-0.1676,51.4638],[-0.1466,51.4672],[-0.1348,51.4724],[-0.13,51.477],[-0.1266,51.4843],[-0.1249,51.4853],[-0.1248,51.4846],[-0.1238,51.4862],[-0.1297,51.4887],[-0.1271,51.4899],[-0.1251,51.493],[-0.1263,51.5002],[-0.1275,51.5003],[-0.1264,51.5011],[-0.1262,51.5041],[-0.1281,51.5074],[-0.1191,51.5114],[-0.1184,51.5128]]}},{"type":"Feature","properties":{"routeId":"85","name":"85","direction":"2","routeType":"regular","lengthKm":11.9,"stops":33},"geometry":{"type":"LineString","coordinates":[[-0.3054,51.4074],[-0.3077,51.4079],[-0.3063,51.409],[-0.3035,51.4091],[-0.3005,51.4113],[-0.3004,51.4123],[-0.2967,51.4123],[-0.2965,51.4107],[-0.2913,51.4111],[-0.2792,51.4189],[-0.2722,51.4275],[-0.2622,51.4333],[-0.2485,51.4394],[-0.2477,51.4383],[-0.2485,51.4394],[-0.2386,51.4434],[-0.2386,51.4439],[-0.2403,51.4432],[-0.2426,51.4456],[-0.2382,51.449],[-0.2402,51.4497],[-0.2364,51.4504],[-0.2368,51.4512],[-0.2341,51.4517],[-0.2204,51.4538],[-0.2142,51.4659],[-0.2107,51.4684]]}},{"type":"Feature","properties":{"routeId":"81","name":"81","direction":"2","routeType":"regular","lengthKm":18.2,"stops":44},"geometry":{"type":"LineString","coordinates":[[-0.3559,51.4702],[-0.3651,51.4668],[-0.3664,51.4682],[-0.3761,51.4695],[-0.3888,51.4738],[-0.4173,51.4812],[-0.4303,51.4805],[-0.4622,51.4809],[-0.4792,51.482],[-0.4885,51.4816],[-0.4946,51.4788],[-0.5019,51.4793],[-0.5077,51.4787],[-0.5151,51.4801],[-0.5221,51.4835],[-0.5284,51.4845],[-0.5342,51.4884],[-0.5413,51.4911],[-0.5438,51.4911],[-0.5451,51.4927],[-0.5735,51.505],[-0.5784,51.5063],[-0.582,51.5085],[-0.5906,51.5099]]}},{"type":"Feature","properties":{"routeId":"89","name":"89","direction":"1","routeType":"regular","lengthKm":18,"stops":54},"geometry":{"type":"LineString","coordinates":[[-0.0126,51.4638],[-0.0108,51.4637],[-0.0092,51.4624],[-0.0063,51.4632],[-0.0016,51.4624],[0.007,51.4639],[0.0089,51.4646],[0.0091,51.4654],[0.0069,51.4672],[0.0157,51.4736],[0.0289,51.4754],[0.1326,51.4583],[0.1425,51.457],[0.1434,51.4576],[0.1475,51.4572],[0.1475,51.4566],[0.1528,51.4588],[0.1537,51.4625],[0.1577,51.4662],[0.1584,51.4683],[0.1611,51.4713],[0.1714,51.4716],[0.1754,51.4705],[0.1809,51.4704],[0.1811,51.4669],[0.1898,51.47],[0.1904,51.4715],[0.1932,51.4713],[0.1933,51.4676],[0.1909,51.4676]]}},{"type":"Feature","properties":{"routeId":"87","name":"87","direction":"2","routeType":"regular","lengthKm":10.3,"stops":34},"geometry":{"type":"LineString","coordinates":[[-0.117,51.5133],[-0.1186,51.5127],[-0.1191,51.5113],[-0.1275,51.5073],[-0.1262,51.5043],[-0.1251,51.4928],[-0.127,51.4898],[-0.1291,51.4887],[-0.1239,51.4862],[-0.1249,51.4845],[-0.1272,51.4834],[-0.1302,51.4767],[-0.1348,51.4725],[-0.1497,51.4664],[-0.1715,51.4627],[-0.1797,51.4597],[-0.1796,51.4583],[-0.1912,51.4567],[-0.1948,51.4573],[-0.195,51.4581]]}},{"type":"Feature","properties":{"routeId":"89","name":"89","direction":"2","routeType":"regular","lengthKm":18.1,"stops":54},"geometry":{"type":"LineString","coordinates":[[0.1907,51.4678],[0.1903,51.4687],[0.1933,51.4688],[0.1932,51.4713],[0.1907,51.4716],[0.1895,51.4699],[0.1809,51.4669],[0.1807,51.4704],[0.1754,51.4705],[0.1714,51.4716],[0.1611,51.4713],[0.1587,51.4687],[0.1577,51.4662],[0.1537,51.4625],[0.1528,51.4588],[0.1463,51.4565],[0.1463,51.4572],[0.1386,51.4573],[0.0302,51.4754],[0.0157,51.4736],[0.0098,51.4691],[0.0085,51.4665],[0.009,51.4646],[0.007,51.4639],[-0.0014,51.4625],[-0.0062,51.4632],[-0.0092,51.4624],[-0.0103,51.4627],[-0.0113,51.465],[-0.0132,51.4649]]}},{"type":"Feature","properties":{"routeId":"91","name":"91","direction":"1","routeType":"regular","lengthKm":10.2,"stops":35},"geometry":{"type":"LineString","coordinates":[[-0.1197,51.5822],[-0.1233,51.58],[-0.1272,51.5741],[-0.1247,51.5715],[-0.1236,51.5687],[-0.1128,51.5578],[-0.1179,51.5556],[-0.1181,51.5468],[-0.1165,51.5379],[-0.1171,51.5348],[-0.1207,51.532],[-0.121,51.5305],[-0.1227,51.5305],[-0.1306,51.5271],[-0.121,51.519],[-0.1176,51.5133],[-0.1191,51.5113],[-0.127,51.5077],[-0.1271,51.5063]]}},{"type":"Feature","properties":{"routeId":"93","name":"93","direction":"1","routeType":"regular","lengthKm":15,"stops":43},"geometry":{"type":"LineString","coordinates":[[-0.2184,51.3679],[-0.2237,51.3661],[-0.228,51.3711],[-0.2118,51.3856],[-0.2037,51.3915],[-0.2034,51.3944],[-0.2007,51.3958],[-0.2,51.3976],[-0.1966,51.4002],[-0.1972,51.4017],[-0.1951,51.4017],[-0.1917,51.4038],[-0.1926,51.4175],[-0.1941,51.4196],[-0.2026,51.4197],[-0.2042,51.4186],[-0.2108,51.4234],[-0.2217,51.426],[-0.2236,51.4281],[-0.2245,51.4385],[-0.2221,51.4469],[-0.2236,51.4481],[-0.2156,51.4637],[-0.2142,51.4659],[-0.2107,51.4684]]}},{"type":"Feature","properties":{"routeId":"94","name":"94","direction":"1","routeType":"twentyfour","lengthKm":10.6,"stops":32},"geometry":{"type":"LineString","coordinates":[[-0.2649,51.4964],[-0.2602,51.4953],[-0.2542,51.4959],[-0.2244,51.5029],[-0.2238,51.5033],[-0.2244,51.5051],[-0.2181,51.5044],[-0.2008,51.5086],[-0.1916,51.51],[-0.1426,51.5152],[-0.1419,51.5153],[-0.1382,51.5103],[-0.1334,51.5101],[-0.1317,51.5085],[-0.1331,51.508]]}},{"type":"Feature","properties":{"routeId":"92","name":"92","direction":"1","routeType":"regular","lengthKm":15.5,"stops":44},"geometry":{"type":"LineString","coordinates":[[-0.347,51.5079],[-0.3469,51.5087],[-0.3584,51.51],[-0.3561,51.5098],[-0.3546,51.5105],[-0.3554,51.5154],[-0.3523,51.5275],[-0.3472,51.5349],[-0.3472,51.5363],[-0.3454,51.5376],[-0.3431,51.5424],[-0.3456,51.543],[-0.344,51.5493],[-0.3401,51.5488],[-0.3389,51.5525],[-0.3353,51.5587],[-0.3321,51.5618],[-0.3254,51.5585],[-0.3169,51.5561],[-0.3129,51.5525],[-0.3085,51.5516],[-0.2983,51.5521],[-0.2935,51.5537],[-0.2873,51.5534],[-0.285,51.5588],[-0.2706,51.559],[-0.2698,51.5584],[-0.2697,51.5556],[-0.2584,51.5558],[-0.254,51.5546],[-0.2546,51.5534],[-0.2563,51.5528],[-0.2595,51.5552],[-0.2606,51.5552],[-0.2616,51.5546],[-0.2617,51.5534]]}},{"type":"Feature","properties":{"routeId":"83","name":"83","direction":"2","routeType":"regular","lengthKm":13.1,"stops":40},"geometry":{"type":"LineString","coordinates":[[-0.3023,51.538],[-0.2998,51.5381],[-0.3006,51.5397],[-0.2979,51.5413],[-0.2969,51.5441],[-0.2991,51.552],[-0.2935,51.5537],[-0.2867,51.5537],[-0.2861,51.5572],[-0.2845,51.5594],[-0.2825,51.5619],[-0.2797,51.5627],[-0.2773,51.5655],[-0.2656,51.5658],[-0.2627,51.5676],[-0.2621,51.5735],[-0.2628,51.5787],[-0.2619,51.5829],[-0.2544,51.5824],[-0.2482,51.5843],[-0.24,51.5779],[-0.2346,51.5822],[-0.224,51.583],[-0.2187,51.5844],[-0.2097,51.58],[-0.1989,51.5727],[-0.1941,51.5719]]}},{"type":"Feature","properties":{"routeId":"95","name":"95","direction":"1","routeType":"regular","lengthKm":16,"stops":43},"geometry":{"type":"LineString","coordinates":[[-0.3761,51.5104],[-0.3749,51.5211],[-0.3644,51.5247],[-0.3676,51.5285],[-0.3662,51.5318],[-0.363,51.5294],[-0.3523,51.5275],[-0.3465,51.5366],[-0.3382,51.5346],[-0.3206,51.5334],[-0.2953,51.5303],[-0.2945,51.5314],[-0.2932,51.5315],[-0.2923,51.5298],[-0.2846,51.5274],[-0.2741,51.5262],[-0.2664,51.5239],[-0.2642,51.5224],[-0.2616,51.5181],[-0.2598,51.5165],[-0.2527,51.5141],[-0.2377,51.5143],[-0.2262,51.5153],[-0.2246,51.5108],[-0.2246,51.5052],[-0.2208,51.5045]]}},{"type":"Feature","properties":{"routeId":"96","name":"96","direction":"1","routeType":"regular","lengthKm":19.9,"stops":46},"geometry":{"type":"LineString","coordinates":[[0.2758,51.4377],[0.275,51.4378],[0.2782,51.4374],[0.276,51.4354],[0.2634,51.4368],[0.2597,51.4354],[0.2593,51.4359],[0.2615,51.4359],[0.2618,51.4366],[0.2214,51.4438],[0.2192,51.4462],[0.2171,51.4466],[0.2133,51.4468],[0.2123,51.4452],[0.2065,51.446],[0.1798,51.4507],[0.178,51.4503],[0.1767,51.4515],[0.1528,51.4552],[0.1476,51.4572],[0.1463,51.4565],[0.1463,51.4572],[0.1439,51.4575],[0.1423,51.457],[0.1386,51.4573],[0.1079,51.4624],[0.1103,51.466],[0.11,51.4693],[0.1118,51.4731],[0.1077,51.4771],[0.1021,51.4802],[0.1017,51.4825],[0.1025,51.4855],[0.0913,51.4877],[0.0812,51.4909],[0.0704,51.4914],[0.0676,51.4894],[0.0659,51.4908]]}},{"type":"Feature","properties":{"routeId":"86","name":"86","direction":"2","routeType":"regular","lengthKm":15.6,"stops":48},"geometry":{"type":"LineString","coordinates":[[0.1835,51.5746],[0.1824,51.5764],[0.1857,51.5781],[0.1837,51.5803],[0.1807,51.5805],[0.178,51.5797],[0.1771,51.5782],[0.1776,51.5763],[0.174,51.5749],[0.1673,51.5741],[0.1589,51.5744],[0.1299,51.5707],[0.0816,51.5607],[0.0817,51.56],[0.0793,51.5591],[0.0775,51.5598],[0.0756,51.5594],[0.0758,51.5585],[0.0726,51.5573],[0.0716,51.5586],[0.0707,51.5584],[0.0691,51.5572],[0.0673,51.5574],[0.0411,51.5486],[0.0213,51.5459],[0.0041,51.542],[-0.0002,51.5396],[-0.002,51.5403],[-0.0023,51.5414]]}},{"type":"Feature","properties":{"routeId":"91","name":"91","direction":"2","routeType":"regular","lengthKm":10.8,"stops":36},"geometry":{"type":"LineString","coordinates":[[-0.1267,51.5073],[-0.128,51.5075],[-0.1191,51.5114],[-0.1177,51.5132],[-0.1218,51.5196],[-0.1314,51.5279],[-0.1329,51.5274],[-0.1302,51.5283],[-0.1297,51.5277],[-0.1226,51.5307],[-0.1224,51.5335],[-0.1188,51.5336],[-0.1171,51.5348],[-0.1167,51.5362],[-0.118,51.5499],[-0.1238,51.5534],[-0.1206,51.557],[-0.1151,51.5602],[-0.1236,51.5687],[-0.1247,51.5716],[-0.1272,51.5741],[-0.1234,51.58],[-0.1205,51.5819]]}},{"type":"Feature","properties":{"routeId":"88","name":"88","direction":"1","routeType":"twentyfour","lengthKm":14.9,"stops":49},"geometry":{"type":"LineString","coordinates":[[-0.1505,51.561],[-0.1407,51.5511],[-0.1419,51.5427],[-0.1399,51.5405],[-0.1418,51.5396],[-0.1401,51.5375],[-0.1436,51.5364],[-0.1462,51.5367],[-0.147,51.5356],[-0.1444,51.5296],[-0.1443,51.5249],[-0.1432,51.5247],[-0.1442,51.5234],[-0.1428,51.5201],[-0.1447,51.5198],[-0.1416,51.5142],[-0.1382,51.5103],[-0.1334,51.5101],[-0.1311,51.5077],[-0.1274,51.5075],[-0.1262,51.5043],[-0.1262,51.5003],[-0.1298,51.4994],[-0.129,51.4929],[-0.128,51.4925],[-0.1308,51.4893],[-0.1241,51.4865],[-0.1248,51.4846],[-0.1235,51.4859],[-0.1231,51.4835],[-0.1247,51.481],[-0.1224,51.4734],[-0.1216,51.4731],[-0.1313,51.4643],[-0.1391,51.4611],[-0.1434,51.4612],[-0.1421,51.4635]]}},{"type":"Feature","properties":{"routeId":"90","name":"90","direction":"1","routeType":"regular","lengthKm":18.6,"stops":45},"geometry":{"type":"LineString","coordinates":[[-0.3675,51.5485],[-0.3721,51.5452],[-0.3769,51.5434],[-0.3772,51.5426],[-0.3865,51.5389],[-0.3904,51.5357],[-0.3934,51.5355],[-0.3967,51.5334],[-0.4002,51.5329],[-0.4098,51.5344],[-0.4191,51.5322],[-0.4171,51.5285],[-0.422,51.5229],[-0.4066,51.5179],[-0.4084,51.5168],[-0.4165,51.508],[-0.4187,51.5071],[-0.4209,51.5031],[-0.424,51.5013],[-0.4279,51.496],[-0.4291,51.4927],[-0.434,51.4916],[-0.4358,51.488],[-0.4344,51.4848],[-0.4343,51.4808],[-0.433,51.4795],[-0.4269,51.4793],[-0.4265,51.4764],[-0.4186,51.4757],[-0.4148,51.4718],[-0.4227,51.4681],[-0.424,51.4667],[-0.4229,51.4677],[-0.4214,51.4661],[-0.4176,51.4655],[-0.4057,51.4521],[-0.4111,51.4442],[-0.4062,51.4432]]}},{"type":"Feature","properties":{"routeId":"93","name":"93","direction":"2","routeType":"regular","lengthKm":14.5,"stops":41},"geometry":{"type":"LineString","coordinates":[[-0.2092,51.4678],[-0.2112,51.4684],[-0.2143,51.4657],[-0.223,51.4491],[-0.2222,51.4486],[-0.2221,51.4469],[-0.2246,51.4368],[-0.2236,51.4281],[-0.2226,51.4264],[-0.2175,51.4253],[-0.2156,51.4242],[-0.2115,51.4238],[-0.2045,51.4201],[-0.1999,51.4192],[-0.1941,51.4196],[-0.1926,51.4175],[-0.1916,51.4034],[-0.1938,51.4025],[-0.1997,51.3978],[-0.2007,51.3957],[-0.2033,51.3944],[-0.2034,51.3916],[-0.2138,51.3839],[-0.2281,51.371],[-0.2258,51.3709],[-0.2187,51.3682]]}},{"type":"Feature","properties":{"routeId":"94","name":"94","direction":"2","routeType":"twentyfour","lengthKm":10.2,"stops":35},"geometry":{"type":"LineString","coordinates":[[-0.1331,51.508],[-0.1351,51.51],[-0.1382,51.5103],[-0.1421,51.5153],[-0.1576,51.5135],[-0.1583,51.5127],[-0.1607,51.5124],[-0.162,51.5131],[-0.2008,51.5086],[-0.2164,51.5042],[-0.2226,51.5035],[-0.2553,51.4957],[-0.2556,51.4962],[-0.2602,51.4953],[-0.2645,51.4961]]}},{"type":"Feature","properties":{"routeId":"92","name":"92","direction":"2","routeType":"regular","lengthKm":15.8,"stops":42},"geometry":{"type":"LineString","coordinates":[[-0.2617,51.5541],[-0.2601,51.5553],[-0.2539,51.5542],[-0.2563,51.5528],[-0.2595,51.5549],[-0.2563,51.5548],[-0.2584,51.5558],[-0.2762,51.5555],[-0.2755,51.5586],[-0.285,51.5587],[-0.2873,51.5534],[-0.2935,51.5537],[-0.298,51.5521],[-0.3089,51.5516],[-0.3141,51.5526],[-0.3163,51.5556],[-0.3324,51.5615],[-0.3353,51.5587],[-0.3389,51.5525],[-0.3401,51.5488],[-0.344,51.5493],[-0.3456,51.543],[-0.3494,51.5391],[-0.3484,51.5367],[-0.3459,51.5361],[-0.3515,51.5292],[-0.3544,51.5214],[-0.3555,51.5149],[-0.3546,51.5107],[-0.3555,51.5095],[-0.3474,51.509],[-0.3465,51.5084],[-0.3466,51.5075],[-0.347,51.5079]]}},{"type":"Feature","properties":{"routeId":"97","name":"97","direction":"1","routeType":"regular","lengthKm":13.3,"stops":44},"geometry":{"type":"LineString","coordinates":[[0.01,51.6335],[0.001,51.6304],[-0.001,51.6316],[-0.0077,51.6271],[-0.0117,51.6272],[-0.0166,51.6245],[-0.0181,51.6113],[-0.0154,51.5972],[-0.0161,51.5946],[-0.0183,51.5935],[-0.0174,51.5902],[-0.0199,51.5889],[-0.0208,51.5875],[-0.0184,51.583],[-0.0183,51.5799],[-0.0175,51.5787],[-0.0156,51.5765],[-0.0085,51.5729],[-0.0087,51.568],[-0.0112,51.5647],[-0.0096,51.5603],[-0.0069,51.5585],[-0.0055,51.5559],[-0.0042,51.551],[-0.0087,51.5497],[-0.0082,51.5455],[-0.0109,51.5455],[-0.0112,51.5439],[-0.0067,51.5408],[-0.0039,51.5433]]}},{"type":"Feature","properties":{"routeId":"95","name":"95","direction":"2","routeType":"regular","lengthKm":15.8,"stops":40},"geometry":{"type":"LineString","coordinates":[[-0.22,51.504],[-0.2235,51.5034],[-0.2246,51.5047],[-0.2246,51.5108],[-0.2263,51.515],[-0.2534,51.5141],[-0.2609,51.5171],[-0.2656,51.5234],[-0.2727,51.5258],[-0.2852,51.5272],[-0.289,51.5289],[-0.3003,51.5309],[-0.3327,51.5337],[-0.346,51.5359],[-0.3523,51.5275],[-0.3628,51.5294],[-0.3662,51.5318],[-0.3676,51.5285],[-0.3644,51.5247],[-0.3749,51.5211],[-0.3755,51.5107]]}},{"type":"Feature","properties":{"routeId":"96","name":"96","direction":"2","routeType":"regular","lengthKm":19.6,"stops":49},"geometry":{"type":"LineString","coordinates":[[0.0662,51.4906],[0.0676,51.4894],[0.0701,51.4915],[0.0818,51.491],[0.0913,51.4877],[0.1025,51.4855],[0.1018,51.4835],[0.102,51.4804],[0.1077,51.4771],[0.1118,51.4731],[0.1099,51.4693],[0.1103,51.466],[0.1079,51.4624],[0.1385,51.4574],[0.1475,51.4572],[0.1475,51.4566],[0.1489,51.4568],[0.1498,51.4559],[0.1567,51.4545],[0.1786,51.4516],[0.1809,51.4503],[0.2121,51.4452],[0.2138,51.4469],[0.2181,51.4466],[0.2197,51.4462],[0.2215,51.4438],[0.2623,51.4368],[0.2618,51.4357],[0.2597,51.4354],[0.2593,51.4359],[0.2615,51.4359],[0.262,51.4369],[0.276,51.4354],[0.2782,51.4374],[0.2765,51.4375]]}},{"type":"Feature","properties":{"routeId":"99","name":"99","direction":"1","routeType":"regular","lengthKm":18.6,"stops":57},"geometry":{"type":"LineString","coordinates":[[0.064,51.4939],[0.0634,51.4938],[0.0643,51.4921],[0.0611,51.4931],[0.0621,51.4908],[0.0653,51.4911],[0.0676,51.4894],[0.0701,51.4915],[0.0818,51.491],[0.0913,51.4877],[0.1085,51.4841],[0.1127,51.482],[0.132,51.4815],[0.1384,51.4838],[0.1605,51.4851],[0.1644,51.4846],[0.1686,51.4818],[0.1762,51.4804],[0.1775,51.4808],[0.1785,51.4826],[0.1813,51.4811],[0.1777,51.4804],[0.1798,51.4783],[0.1812,51.4789],[0.1952,51.4768],[0.1953,51.4722],[0.1932,51.471],[0.1933,51.4676],[0.1911,51.4673],[0.1902,51.4704],[0.1833,51.4672],[0.1848,51.4666],[0.1902,51.4673],[0.1904,51.466],[0.1871,51.464],[0.1877,51.4632],[0.1825,51.463],[0.1816,51.4636],[0.1611,51.4644],[0.1592,51.4633],[0.1611,51.4601],[0.1524,51.4587],[0.1476,51.457]]}},{"type":"Feature","properties":{"routeId":"98","name":"98","direction":"1","routeType":"twentyfour","lengthKm":10.5,"stops":35},"geometry":{"type":"LineString","coordinates":[[-0.2401,51.5477],[-0.2407,51.5483],[-0.2392,51.5489],[-0.234,51.5474],[-0.2254,51.5476],[-0.2189,51.5467],[-0.2107,51.5442],[-0.204,51.5408],[-0.198,51.5419],[-0.177,51.5247],[-0.16,51.5132],[-0.1304,51.5164],[-0.1256,51.5171],[-0.1202,51.5194],[-0.1196,51.5189]]}},{"type":"Feature","properties":{"routeId":"100","name":"100","direction":"1","routeType":"regular","lengthKm":6.5,"stops":24},"geometry":{"type":"LineString","coordinates":[[-0.0986,51.5166],[-0.0986,51.5173],[-0.0971,51.5179],[-0.0898,51.5176],[-0.0802,51.5162],[-0.0769,51.5143],[-0.0747,51.5149],[-0.0743,51.5143],[-0.0761,51.5137],[-0.0752,51.5113],[-0.0728,51.5111],[-0.0734,51.5089],[-0.0713,51.5083],[-0.0678,51.5091],[-0.0667,51.5079],[-0.0666,51.5061],[-0.064,51.5048],[-0.0643,51.5039],[-0.0601,51.5031],[-0.0564,51.5042],[-0.0586,51.5058],[-0.0589,51.5096],[-0.0506,51.5098],[-0.0503,51.5111],[-0.0586,51.5111]]}},{"type":"Feature","properties":{"routeId":"88","name":"88","direction":"2","routeType":"twentyfour","lengthKm":13.9,"stops":49},"geometry":{"type":"LineString","coordinates":[[-0.1411,51.4635],[-0.1391,51.4611],[-0.1313,51.4643],[-0.1216,51.4731],[-0.1224,51.4734],[-0.1247,51.481],[-0.1232,51.4834],[-0.1234,51.4844],[-0.1247,51.4844],[-0.1238,51.4862],[-0.1309,51.4893],[-0.1284,51.4919],[-0.13,51.4985],[-0.1298,51.4994],[-0.1264,51.5012],[-0.1269,51.5058],[-0.1277,51.5072],[-0.1326,51.5071],[-0.1351,51.51],[-0.1382,51.5103],[-0.1416,51.514],[-0.1459,51.522],[-0.1438,51.5224],[-0.1444,51.5294],[-0.147,51.5356],[-0.1425,51.5392],[-0.1407,51.5511],[-0.1504,51.561]]}},{"type":"Feature","properties":{"routeId":"101","name":"101","direction":"1","routeType":"regular","lengthKm":8.6,"stops":33},"geometry":{"type":"LineString","coordinates":[[0.0269,51.5769],[0.028,51.5756],[0.0232,51.5738],[0.0249,51.5643],[0.0276,51.5628],[0.0337,51.5627],[0.0441,51.5578],[0.0462,51.5552],[0.0518,51.5372],[0.0508,51.5367],[0.0514,51.5344],[0.0521,51.5327],[0.0544,51.5331],[0.0558,51.5309],[0.0573,51.5231],[0.0596,51.5194],[0.0606,51.5157],[0.0607,51.5142],[0.0597,51.5141]]}},{"type":"Feature","properties":{"routeId":"90","name":"90","direction":"2","routeType":"regular","lengthKm":18.4,"stops":49},"geometry":{"type":"LineString","coordinates":[[-0.4062,51.4432],[-0.4042,51.4426],[-0.4075,51.4439],[-0.4084,51.4433],[-0.4113,51.4441],[-0.4057,51.4521],[-0.4176,51.4655],[-0.4215,51.4661],[-0.423,51.4676],[-0.415,51.4716],[-0.4151,51.4722],[-0.4186,51.4757],[-0.4268,51.4761],[-0.4269,51.4791],[-0.433,51.4794],[-0.4344,51.4807],[-0.4342,51.4842],[-0.4359,51.4878],[-0.4344,51.4912],[-0.4291,51.4927],[-0.4273,51.497],[-0.4241,51.5013],[-0.4207,51.5033],[-0.4191,51.5053],[-0.4189,51.507],[-0.4165,51.508],[-0.4072,51.5176],[-0.4234,51.5233],[-0.422,51.5229],[-0.4171,51.5285],[-0.4191,51.5322],[-0.4098,51.5344],[-0.4002,51.5329],[-0.3967,51.5334],[-0.3783,51.5432],[-0.3728,51.5449],[-0.3688,51.5477]]}},{"type":"Feature","properties":{"routeId":"100","name":"100","direction":"2","routeType":"regular","lengthKm":6.4,"stops":22},"geometry":{"type":"LineString","coordinates":[[-0.0589,51.5111],[-0.061,51.5111],[-0.0605,51.5094],[-0.0589,51.5096],[-0.0586,51.5058],[-0.0576,51.5049],[-0.0547,51.5068],[-0.0543,51.5057],[-0.0566,51.504],[-0.0601,51.5031],[-0.0643,51.5039],[-0.064,51.5048],[-0.0666,51.5061],[-0.0667,51.5079],[-0.0678,51.5091],[-0.0713,51.5083],[-0.0736,51.509],[-0.0752,51.511],[-0.073,51.5115],[-0.0736,51.5141],[-0.0747,51.5149],[-0.0776,51.5141],[-0.0818,51.5161],[-0.0898,51.5175],[-0.0966,51.5174],[-0.0975,51.5151],[-0.0988,51.5155],[-0.0986,51.5166]]}},{"type":"Feature","properties":{"routeId":"102","name":"102","direction":"1","routeType":"regular","lengthKm":19.9,"stops":60},"geometry":{"type":"LineString","coordinates":[[-0.059,51.6254],[-0.0606,51.6245],[-0.0645,51.6145],[-0.0718,51.6149],[-0.073,51.6159],[-0.0812,51.6167],[-0.0831,51.6161],[-0.097,51.6158],[-0.109,51.6122],[-0.1215,51.6129],[-0.1241,51.6069],[-0.1321,51.6015],[-0.1451,51.5956],[-0.1419,51.591],[-0.145,51.5895],[-0.1491,51.5913],[-0.1639,51.5895],[-0.1638,51.586],[-0.1679,51.5836],[-0.1899,51.5866],[-0.1964,51.5893],[-0.1998,51.5897],[-0.1998,51.5835],[-0.195,51.5716],[-0.1966,51.572],[-0.198,51.5703],[-0.2066,51.5667],[-0.2079,51.5688],[-0.2162,51.5645],[-0.2183,51.5675],[-0.2195,51.5708],[-0.2186,51.5728],[-0.221,51.5741],[-0.2222,51.5727],[-0.2234,51.5726],[-0.2245,51.5742],[-0.2264,51.5744],[-0.2234,51.5757]]}},{"type":"Feature","properties":{"routeId":"97","name":"97","direction":"2","routeType":"regular","lengthKm":13.4,"stops":42},"geometry":{"type":"LineString","coordinates":[[-0.0042,51.5439],[-0.0043,51.5424],[-0.0067,51.5408],[-0.0113,51.5439],[-0.0109,51.5455],[-0.0082,51.5455],[-0.0087,51.5497],[-0.0042,51.551],[-0.0067,51.5582],[-0.0096,51.5603],[-0.0126,51.5641],[-0.0112,51.5647],[-0.0087,51.568],[-0.0084,51.5728],[-0.0156,51.5765],[-0.0177,51.5789],[-0.0183,51.5829],[-0.0208,51.5877],[-0.0174,51.5902],[-0.0183,51.5935],[-0.0161,51.5946],[-0.0154,51.5976],[-0.0181,51.6113],[-0.0166,51.6244],[-0.0117,51.6272],[-0.0074,51.6273],[-0.001,51.6316],[0.0013,51.6306],[0.0101,51.6337]]}},{"type":"Feature","properties":{"routeId":"104","name":"104","direction":"1","routeType":"regular","lengthKm":6.7,"stops":22},"geometry":{"type":"LineString","coordinates":[[-0.0019,51.5405],[-0.0002,51.5396],[0.0023,51.5409],[0.0064,51.5369],[0.0077,51.5374],[0.0218,51.5368],[0.034,51.5377],[0.038,51.53],[0.0422,51.5285],[0.0432,51.5259],[0.0424,51.5233],[0.0584,51.5212],[0.0606,51.5157],[0.0607,51.5142],[0.0597,51.5141]]}},{"type":"Feature","properties":{"routeId":"101","name":"101","direction":"2","routeType":"regular","lengthKm":8.4,"stops":32},"geometry":{"type":"LineString","coordinates":[[0.06,51.5144],[0.0607,51.5142],[0.0597,51.5192],[0.0573,51.5231],[0.0558,51.5309],[0.0518,51.5371],[0.0462,51.5552],[0.0441,51.5578],[0.0337,51.5627],[0.0276,51.5628],[0.0249,51.5643],[0.0232,51.5738],[0.028,51.5756],[0.0268,51.5769]]}},{"type":"Feature","properties":{"routeId":"103","name":"103","direction":"1","routeType":"regular","lengthKm":14.4,"stops":44},"geometry":{"type":"LineString","coordinates":[[0.1791,51.6038],[0.1805,51.6036],[0.1798,51.6017],[0.1747,51.5966],[0.1766,51.5953],[0.1794,51.595],[0.1818,51.5923],[0.1729,51.5865],[0.1728,51.5857],[0.1784,51.5802],[0.1845,51.5805],[0.1843,51.5798],[0.1862,51.578],[0.183,51.5767],[0.184,51.5756],[0.1834,51.5752],[0.1841,51.5718],[0.1748,51.5696],[0.1762,51.5673],[0.1761,51.5655],[0.1573,51.5623],[0.1539,51.5607],[0.1596,51.5569],[0.1611,51.551],[0.1659,51.545],[0.1656,51.5391],[0.1802,51.5347],[0.1932,51.5272],[0.1892,51.5194],[0.1908,51.5169]]}},{"type":"Feature","properties":{"routeId":"98","name":"98","direction":"2","routeType":"twentyfour","lengthKm":10.7,"stops":36},"geometry":{"type":"LineString","coordinates":[[-0.1196,51.5189],[-0.1194,51.5177],[-0.1577,51.5135],[-0.1583,51.5127],[-0.1608,51.5124],[-0.1615,51.5129],[-0.1607,51.5136],[-0.1767,51.5245],[-0.198,51.5419],[-0.204,51.5408],[-0.2091,51.5436],[-0.2164,51.5462],[-0.2254,51.5476],[-0.234,51.5474],[-0.2401,51.5486]]}},{"type":"Feature","properties":{"routeId":"105","name":"105","direction":"1","routeType":"regular","lengthKm":16.1,"stops":44},"geometry":{"type":"LineString","coordinates":[[-0.3455,51.543],[-0.3494,51.5388],[-0.3484,51.5367],[-0.3459,51.5361],[-0.3523,51.5275],[-0.3628,51.5294],[-0.3662,51.5318],[-0.3676,51.5285],[-0.3644,51.5247],[-0.3712,51.522],[-0.3677,51.5193],[-0.369,51.5172],[-0.3639,51.5153],[-0.369,51.5151],[-0.3755,51.516],[-0.3756,51.5112],[-0.3783,51.5073],[-0.379,51.5051],[-0.3823,51.502],[-0.3833,51.4994],[-0.3892,51.5005],[-0.3945,51.4979],[-0.3989,51.497],[-0.4008,51.4975],[-0.4057,51.4852],[-0.4102,51.4827],[-0.4105,51.4795],[-0.4189,51.4813],[-0.4303,51.4805],[-0.4522,51.4807],[-0.4529,51.4802],[-0.4526,51.4716]]}},{"type":"Feature","properties":{"routeId":"99","name":"99","direction":"2","routeType":"regular","lengthKm":16.8,"stops":50},"geometry":{"type":"LineString","coordinates":[[0.148,51.4569],[0.1528,51.4588],[0.1611,51.4601],[0.1592,51.4633],[0.1606,51.4643],[0.1868,51.4635],[0.1905,51.4661],[0.1902,51.4673],[0.1847,51.4666],[0.1833,51.4672],[0.1902,51.4704],[0.1903,51.4687],[0.1933,51.4688],[0.1933,51.4676],[0.1911,51.4673],[0.1903,51.4687],[0.1933,51.4688],[0.1932,51.4713],[0.1952,51.472],[0.1952,51.4769],[0.1822,51.4784],[0.181,51.4787],[0.1819,51.4808],[0.1774,51.4803],[0.1696,51.4815],[0.1644,51.4846],[0.1603,51.4851],[0.1384,51.4838],[0.132,51.4815],[0.1127,51.482],[0.1085,51.4841],[0.0913,51.4877],[0.0838,51.4903],[0.0688,51.4917]]}},{"type":"Feature","properties":{"routeId":"106","name":"106","direction":"1","routeType":"regular","lengthKm":10.1,"stops":35},"geometry":{"type":"LineString","coordinates":[[-0.1055,51.5648],[-0.0995,51.5615],[-0.0787,51.5672],[-0.0731,51.5654],[-0.0732,51.5635],[-0.0717,51.5629],[-0.0669,51.5623],[-0.0582,51.563],[-0.0553,51.5584],[-0.0559,51.5577],[-0.0556,51.5565],[-0.0515,51.551],[-0.055,51.5495],[-0.0595,51.5494],[-0.0551,51.5471],[-0.0553,51.5407],[-0.057,51.5386],[-0.0573,51.5339],[-0.0549,51.5248],[-0.055,51.523],[-0.0565,51.5203],[-0.0552,51.5176],[-0.0573,51.5177],[-0.0575,51.5185]]}},{"type":"Feature","properties":{"routeId":"105","name":"105","direction":"2","routeType":"regular","lengthKm":17,"stops":47},"geometry":{"type":"LineString","coordinates":[[-0.4535,51.4714],[-0.4544,51.4712],[-0.4531,51.4733],[-0.4531,51.4803],[-0.4542,51.4808],[-0.4595,51.4801],[-0.4585,51.4811],[-0.4299,51.4806],[-0.4185,51.4814],[-0.4107,51.4798],[-0.4102,51.4827],[-0.4057,51.4852],[-0.4008,51.4975],[-0.3986,51.497],[-0.3929,51.4984],[-0.3893,51.5004],[-0.3827,51.501],[-0.3802,51.5035],[-0.3756,51.5112],[-0.3756,51.5161],[-0.369,51.5151],[-0.3639,51.5153],[-0.369,51.5172],[-0.3677,51.5193],[-0.3712,51.522],[-0.3644,51.5247],[-0.3676,51.5285],[-0.3662,51.5318],[-0.363,51.5294],[-0.3523,51.5275],[-0.3472,51.5349],[-0.3472,51.5363],[-0.3454,51.5376],[-0.3431,51.5424],[-0.3452,51.5429]]}},{"type":"Feature","properties":{"routeId":"106","name":"106","direction":"2","routeType":"regular","lengthKm":10.3,"stops":37},"geometry":{"type":"LineString","coordinates":[[-0.0575,51.5185],[-0.0559,51.5193],[-0.0565,51.5203],[-0.0549,51.5232],[-0.0556,51.5285],[-0.0573,51.5336],[-0.0571,51.5385],[-0.0552,51.5408],[-0.0551,51.5471],[-0.0595,51.5494],[-0.0545,51.5497],[-0.0516,51.5512],[-0.0557,51.5566],[-0.0561,51.5592],[-0.0582,51.563],[-0.0678,51.5623],[-0.07,51.5614],[-0.0706,51.5602],[-0.0739,51.5607],[-0.0731,51.5654],[-0.0787,51.5672],[-0.0995,51.5615],[-0.1037,51.5643],[-0.1051,51.5637],[-0.1057,51.5643]]}},{"type":"Feature","properties":{"routeId":"107","name":"107","direction":"1","routeType":"regular","lengthKm":18.7,"stops":50},"geometry":{"type":"LineString","coordinates":[[-0.2743,51.6127],[-0.2762,51.6136],[-0.2756,51.6156],[-0.2774,51.6179],[-0.2777,51.6214],[-0.2874,51.6237],[-0.2928,51.6216],[-0.3054,51.6333],[-0.3046,51.637],[-0.3035,51.6382],[-0.3039,51.6389],[-0.3024,51.6393],[-0.2979,51.6451],[-0.2973,51.6492],[-0.2908,51.6499],[-0.2796,51.6539],[-0.279,51.6532],[-0.2796,51.6533],[-0.2795,51.654],[-0.2753,51.6561],[-0.2713,51.6579],[-0.2702,51.6574],[-0.2714,51.6577],[-0.2701,51.6592],[-0.2623,51.6602],[-0.2552,51.6592],[-0.2565,51.6573],[-0.254,51.6565],[-0.2556,51.6487],[-0.2619,51.6461],[-0.2601,51.6443],[-0.2502,51.6412],[-0.2446,51.6411],[-0.2317,51.6477],[-0.2228,51.6503],[-0.2186,51.6527],[-0.2001,51.6531],[-0.188,51.647],[-0.1852,51.6471],[-0.1756,51.6497],[-0.1735,51.6491]]}},{"type":"Feature","properties":{"routeId":"104","name":"104","direction":"2","routeType":"regular","lengthKm":7,"stops":24},"geometry":{"type":"LineString","coordinates":[[0.0594,51.5143],[0.0607,51.5142],[0.0604,51.5163],[0.0579,51.5221],[0.0555,51.5216],[0.0409,51.5235],[0.0394,51.5244],[0.0376,51.5292],[0.0378,51.5306],[0.034,51.5377],[0.0218,51.5368],[0.0077,51.5374],[0.0064,51.5369],[0.0023,51.5409],[-0.0002,51.5396],[-0.002,51.5403],[-0.0023,51.5414]]}},{"type":"Feature","properties":{"routeId":"108","name":"108","direction":"1","routeType":"regular","lengthKm":15,"stops":37},"geometry":{"type":"LineString","coordinates":[[-0.0073,51.5455],[-0.0039,51.5455],[-0.0041,51.5426],[-0.0076,51.5397],[-0.0073,51.5386],[-0.0041,51.5363],[-0.0137,51.5295],[-0.0217,51.5278],[-0.0182,51.5223],[-0.0133,51.5112],[-0.0078,51.5117],[-0.0066,51.5091],[-0.0038,51.5064],[0.0018,51.503],[0.002,51.4982],[0.0025,51.4983],[0.0022,51.5011],[0.003,51.5011],[0.0032,51.4999],[0.0058,51.4989],[0.0066,51.4993],[0.0082,51.4968],[0.0145,51.4933],[0.0147,51.4926],[0.0119,51.4904],[0.0176,51.4891],[0.0174,51.4872],[0.0182,51.4864],[0.0171,51.4864],[0.0172,51.4858],[0.0199,51.484],[0.0192,51.4779],[0.0207,51.4779],[0.0098,51.4691],[0.0085,51.4665],[0.009,51.4646],[-0.0014,51.4625],[-0.0062,51.4632],[-0.0092,51.4624],[-0.0103,51.4627],[-0.0113,51.465],[-0.0132,51.4649]]}},{"type":"Feature","properties":{"routeId":"102","name":"102","direction":"2","routeType":"regular","lengthKm":19.7,"stops":61},"geometry":{"type":"LineString","coordinates":[[-0.2226,51.5757],[-0.2256,51.5744],[-0.2245,51.5742],[-0.2234,51.5726],[-0.2222,51.5727],[-0.2223,51.5734],[-0.221,51.5741],[-0.2184,51.5727],[-0.2195,51.5708],[-0.2183,51.5675],[-0.2162,51.5645],[-0.2077,51.5688],[-0.2064,51.5668],[-0.2002,51.5698],[-0.1953,51.5708],[-0.1998,51.5835],[-0.1998,51.5898],[-0.1965,51.5895],[-0.1902,51.5867],[-0.1678,51.5837],[-0.1638,51.586],[-0.1639,51.5895],[-0.149,51.5913],[-0.1449,51.5895],[-0.1429,51.5908],[-0.1451,51.5956],[-0.1321,51.6015],[-0.1241,51.6069],[-0.1215,51.6129],[-0.1083,51.6124],[-0.0968,51.616],[-0.0868,51.6167],[-0.0732,51.6159],[-0.0718,51.6149],[-0.0648,51.6148],[-0.0607,51.625],[-0.0589,51.6252]]}},{"type":"Feature","properties":{"routeId":"103","name":"103","direction":"2","routeType":"regular","lengthKm":14.7,"stops":44},"geometry":{"type":"LineString","coordinates":[[0.1912,51.5168],[0.1892,51.5198],[0.1932,51.5272],[0.1845,51.5325],[0.1771,51.5358],[0.1653,51.5384],[0.1659,51.5449],[0.1609,51.5513],[0.1595,51.5569],[0.1531,51.5608],[0.1573,51.5623],[0.1761,51.5655],[0.1762,51.5673],[0.1748,51.5696],[0.1838,51.572],[0.1838,51.5742],[0.1824,51.5764],[0.1857,51.5783],[0.1833,51.5804],[0.1779,51.5799],[0.1779,51.5807],[0.1728,51.5856],[0.1728,51.5866],[0.1815,51.5925],[0.1794,51.595],[0.1765,51.5953],[0.1747,51.5966],[0.1776,51.5999],[0.1733,51.6018],[0.1759,51.6034],[0.1791,51.6038]]}},{"type":"Feature","properties":{"routeId":"111","name":"111","direction":"1","routeType":"regular","lengthKm":25.7,"stops":64},"geometry":{"type":"LineString","coordinates":[[-0.4535,51.4714],[-0.4544,51.4712],[-0.4531,51.4733],[-0.4531,51.4803],[-0.4542,51.4808],[-0.4595,51.4801],[-0.4585,51.4811],[-0.4299,51.4806],[-0.4185,51.4814],[-0.4109,51.4797],[-0.4102,51.4827],[-0.4057,51.4852],[-0.3965,51.4851],[-0.3813,51.4833],[-0.3807,51.4849],[-0.3732,51.4857],[-0.3727,51.4845],[-0.3683,51.483],[-0.3651,51.4806],[-0.3643,51.4787],[-0.3608,51.4771],[-0.355,51.4705],[-0.3624,51.4673],[-0.3905,51.4391],[-0.3924,51.4333],[-0.3901,51.4304],[-0.3858,51.4336],[-0.3795,51.4318],[-0.3757,51.4291],[-0.3716,51.4276],[-0.3715,51.4259],[-0.3745,51.4268],[-0.3774,51.4248],[-0.3749,51.4208],[-0.3733,51.4156],[-0.3692,51.4157],[-0.3629,51.4131],[-0.3529,51.4107],[-0.3417,51.4052],[-0.34,51.407],[-0.3347,51.4064],[-0.3228,51.4076],[-0.3111,51.4115],[-0.3059,51.411],[-0.3051,51.4127],[-0.301,51.4143],[-0.3007,51.4124],[-0.2989,51.4123]]}},{"type":"Feature","properties":{"routeId":"109","name":"109","direction":"1","routeType":"regular","lengthKm":11.2,"stops":36},"geometry":{"type":"LineString","coordinates":[[-0.0986,51.373],[-0.0969,51.3738],[-0.1002,51.3796],[-0.1028,51.378],[-0.1109,51.3869],[-0.1244,51.4132],[-0.1241,51.4149],[-0.1281,51.4195],[-0.1313,51.4266],[-0.1309,51.4295],[-0.1295,51.4307],[-0.1277,51.4371],[-0.1246,51.442],[-0.1241,51.4483],[-0.1153,51.4624]]}},{"type":"Feature","properties":{"routeId":"110","name":"110","direction":"1","routeType":"regular","lengthKm":18.6,"stops":58},"geometry":{"type":"LineString","coordinates":[[-0.3559,51.4702],[-0.3624,51.4673],[-0.3798,51.4499],[-0.3654,51.4443],[-0.3599,51.4464],[-0.358,51.4498],[-0.358,51.4533],[-0.3559,51.4537],[-0.3447,51.4538],[-0.3387,51.4551],[-0.337,51.4541],[-0.3224,51.4575],[-0.318,51.4544],[-0.3116,51.455],[-0.3056,51.4583],[-0.3063,51.4598],[-0.3034,51.4615],[-0.3006,51.4649],[-0.2931,51.4662],[-0.2884,51.4678],[-0.2866,51.4733],[-0.2868,51.4794],[-0.289,51.4803],[-0.2868,51.4828],[-0.2876,51.489],[-0.2824,51.4919],[-0.2708,51.4929],[-0.2615,51.4924],[-0.242,51.4935],[-0.2345,51.4928],[-0.234,51.4944],[-0.2316,51.4945],[-0.2274,51.4944],[-0.223,51.4928]]}},{"type":"Feature","properties":{"routeId":"107","name":"107","direction":"2","routeType":"regular","lengthKm":18.4,"stops":48},"geometry":{"type":"LineString","coordinates":[[-0.1735,51.6489],[-0.1756,51.6497],[-0.1873,51.6466],[-0.1996,51.6529],[-0.2177,51.6527],[-0.2226,51.6503],[-0.2321,51.6475],[-0.2446,51.6411],[-0.2501,51.6412],[-0.2601,51.6443],[-0.2619,51.6461],[-0.2561,51.6482],[-0.254,51.6565],[-0.2565,51.6573],[-0.2552,51.6592],[-0.2613,51.66],[-0.2695,51.6588],[-0.271,51.6578],[-0.2704,51.6573],[-0.2718,51.6576],[-0.2795,51.654],[-0.279,51.6532],[-0.2796,51.6539],[-0.2908,51.6499],[-0.2973,51.6492],[-0.2979,51.6451],[-0.3034,51.6386],[-0.3037,51.6368],[-0.3055,51.6345],[-0.3054,51.6333],[-0.2927,51.6218],[-0.2877,51.6242],[-0.2777,51.6214],[-0.2774,51.6178],[-0.2756,51.6156],[-0.2762,51.6136],[-0.2756,51.6133]]}},{"type":"Feature","properties":{"routeId":"112","name":"112","direction":"1","routeType":"regular","lengthKm":17,"stops":41},"geometry":{"type":"LineString","coordinates":[[-0.3034,51.5152],[-0.3047,51.516],[-0.2915,51.517],[-0.2927,51.5295],[-0.2947,51.5303],[-0.2947,51.5313],[-0.2792,51.5396],[-0.2744,51.544],[-0.2642,51.5483],[-0.2614,51.5516],[-0.2543,51.5534],[-0.2527,51.5557],[-0.2536,51.5572],[-0.2536,51.5599],[-0.2517,51.5638],[-0.2498,51.5655],[-0.2398,51.5693],[-0.2326,51.5709],[-0.2304,51.572],[-0.23,51.5731],[-0.2245,51.5735],[-0.2247,51.5749],[-0.2235,51.5757],[-0.2205,51.5761],[-0.2194,51.5778],[-0.2177,51.5773],[-0.2143,51.5789],[-0.2118,51.5814],[-0.2098,51.5862],[-0.2081,51.5879],[-0.2014,51.5897],[-0.1956,51.5897],[-0.1917,51.5907],[-0.18,51.5969],[-0.1733,51.6015],[-0.1729,51.6021],[-0.1741,51.6025],[-0.1749,51.604],[-0.1757,51.6124],[-0.1776,51.6127],[-0.1769,51.6139]]}},{"type":"Feature","properties":{"routeId":"116","name":"116","direction":"1","routeType":"regular","lengthKm":9.2,"stops":25},"geometry":{"type":"LineString","coordinates":[[-0.4749,51.4441],[-0.4742,51.4429],[-0.4239,51.4548],[-0.3985,51.4595],[-0.3784,51.4653],[-0.3669,51.4677],[-0.3661,51.4667],[-0.3627,51.4673],[-0.3544,51.4707]]}},{"type":"Feature","properties":{"routeId":"108","name":"108","direction":"2","routeType":"regular","lengthKm":17,"stops":36},"geometry":{"type":"LineString","coordinates":[[-0.0104,51.4612],[-0.0093,51.4624],[-0.0071,51.4631],[-0.0016,51.4624],[0.0089,51.4646],[0.0091,51.4659],[0.0069,51.4672],[0.0092,51.4683],[0.0189,51.4766],[0.0199,51.4812],[0.0198,51.4844],[0.0172,51.4873],[0.0174,51.4891],[0.0119,51.4905],[0.0148,51.4929],[0.0082,51.4966],[0.0065,51.4993],[0.0057,51.4989],[0.005,51.4997],[0.0032,51.4997],[0.0027,51.5009],[0.0034,51.4997],[0.0058,51.4989],[0.0035,51.4976],[0.0101,51.4935],[0.0087,51.4918],[0.0023,51.4963],[0.0002,51.5016],[-0.0071,51.5056],[-0.0076,51.5111],[-0.0135,51.5112],[-0.0182,51.5223],[-0.0217,51.5278],[-0.0123,51.5306],[-0.0043,51.5364],[-0.0073,51.5386],[-0.008,51.5402],[-0.0093,51.539],[-0.0082,51.5384],[-0.0067,51.5408],[-0.0041,51.5426],[-0.0041,51.5461],[-0.0082,51.5458]]}},{"type":"Feature","properties":{"routeId":"115","name":"115","direction":"1","routeType":"regular","lengthKm":10.8,"stops":37},"geometry":{"type":"LineString","coordinates":[[0.0562,51.5288],[0.0544,51.5331],[0.036,51.5301],[0.0241,51.5229],[0.0087,51.516],[0.0088,51.5154],[0.0076,51.515],[0.0091,51.5137],[0.0075,51.5152],[-0.0067,51.5115],[-0.0211,51.5108],[-0.03,51.5124],[-0.0707,51.5156],[-0.075,51.5141]]}},{"type":"Feature","properties":{"routeId":"114","name":"114","direction":"1","routeType":"regular","lengthKm":19.2,"stops":47},"geometry":{"type":"LineString","coordinates":[[-0.249,51.6133],[-0.2492,51.6139],[-0.2503,51.6134],[-0.2486,51.6111],[-0.2515,51.6096],[-0.2506,51.6088],[-0.2573,51.605],[-0.262,51.6036],[-0.2711,51.5984],[-0.2741,51.5987],[-0.287,51.5964],[-0.2873,51.5956],[-0.2847,51.5945],[-0.2871,51.5924],[-0.2965,51.5957],[-0.311,51.5929],[-0.3083,51.5898],[-0.3068,51.5865],[-0.3127,51.5844],[-0.3201,51.5804],[-0.3249,51.5791],[-0.3254,51.5782],[-0.3266,51.5782],[-0.3318,51.5829],[-0.3341,51.58],[-0.3418,51.58],[-0.343,51.5773],[-0.3499,51.5752],[-0.3537,51.5723],[-0.3473,51.569],[-0.3541,51.5642],[-0.3564,51.5652],[-0.3617,51.5651],[-0.3927,51.5562],[-0.3947,51.5568],[-0.4045,51.5635],[-0.4114,51.5704],[-0.4134,51.5738],[-0.4214,51.572]]}},{"type":"Feature","properties":{"routeId":"113","name":"113","direction":"1","routeType":"regular","lengthKm":18.1,"stops":54},"geometry":{"type":"LineString","coordinates":[[-0.2741,51.6128],[-0.2762,51.6136],[-0.2756,51.6156],[-0.2774,51.6179],[-0.2777,51.6214],[-0.268,51.6223],[-0.2551,51.6218],[-0.2426,51.6157],[-0.2416,51.6142],[-0.2399,51.6057],[-0.2374,51.6031],[-0.2337,51.6012],[-0.2336,51.5948],[-0.2354,51.5892],[-0.2351,51.588],[-0.2303,51.5857],[-0.227,51.5829],[-0.2246,51.5793],[-0.2141,51.575],[-0.2081,51.5694],[-0.2033,51.5613],[-0.1969,51.5595],[-0.1941,51.5559],[-0.1888,51.5529],[-0.1856,51.5521],[-0.1818,51.5497],[-0.1783,51.5457],[-0.1757,51.5445],[-0.1735,51.542],[-0.1752,51.5415],[-0.1761,51.5359],[-0.1692,51.5302],[-0.1676,51.53],[-0.1647,51.5275],[-0.1585,51.5242],[-0.1538,51.5139],[-0.1576,51.5135]]}},{"type":"Feature","properties":{"routeId":"109","name":"109","direction":"2","routeType":"regular","lengthKm":11.3,"stops":39},"geometry":{"type":"LineString","coordinates":[[-0.1139,51.4654],[-0.1156,51.4613],[-0.124,51.4484],[-0.1245,51.4418],[-0.1277,51.4367],[-0.1295,51.4307],[-0.1309,51.4295],[-0.1312,51.4262],[-0.1279,51.4191],[-0.1242,51.415],[-0.1244,51.4132],[-0.1109,51.3868],[-0.1024,51.3777],[-0.0997,51.3784],[-0.0968,51.3743],[-0.0982,51.3735]]}},{"type":"Feature","properties":{"routeId":"116","name":"116","direction":"2","routeType":"regular","lengthKm":9.3,"stops":27},"geometry":{"type":"LineString","coordinates":[[-0.3559,51.4702],[-0.3623,51.4688],[-0.3617,51.4678],[-0.363,51.4672],[-0.366,51.4666],[-0.3672,51.4677],[-0.3786,51.4652],[-0.3985,51.4595],[-0.4239,51.4548],[-0.4456,51.4496],[-0.4469,51.4486],[-0.4743,51.4428],[-0.4755,51.4439],[-0.4749,51.4442]]}},{"type":"Feature","properties":{"routeId":"111","name":"111","direction":"2","routeType":"regular","lengthKm":24.3,"stops":64},"geometry":{"type":"LineString","coordinates":[[-0.2992,51.4125],[-0.3048,51.4127],[-0.3059,51.411],[-0.3115,51.4112],[-0.3233,51.4075],[-0.3347,51.4064],[-0.34,51.407],[-0.3416,51.405],[-0.3529,51.4107],[-0.3629,51.4131],[-0.3692,51.4157],[-0.3733,51.4156],[-0.3747,51.4205],[-0.3774,51.4247],[-0.3745,51.4268],[-0.3715,51.4259],[-0.3716,51.4276],[-0.3755,51.429],[-0.3795,51.4318],[-0.3858,51.4336],[-0.3901,51.4304],[-0.3926,51.4333],[-0.3903,51.4394],[-0.3627,51.4673],[-0.355,51.4705],[-0.3608,51.4771],[-0.3644,51.4788],[-0.3652,51.4807],[-0.3731,51.4852],[-0.3806,51.4848],[-0.3813,51.4833],[-0.3965,51.4851],[-0.4057,51.4852],[-0.4102,51.4827],[-0.4105,51.4795],[-0.4189,51.4813],[-0.4303,51.4805],[-0.4522,51.4807],[-0.4529,51.4802],[-0.4526,51.4716]]}},{"type":"Feature","properties":{"routeId":"110","name":"110","direction":"2","routeType":"regular","lengthKm":19,"stops":56},"geometry":{"type":"LineString","coordinates":[[-0.2238,51.4923],[-0.2243,51.4926],[-0.2236,51.4913],[-0.2248,51.4915],[-0.225,51.4929],[-0.2312,51.4926],[-0.242,51.4935],[-0.2598,51.4925],[-0.2706,51.4929],[-0.2807,51.4919],[-0.2875,51.4886],[-0.2868,51.4829],[-0.289,51.4803],[-0.2868,51.4793],[-0.2866,51.4733],[-0.2883,51.4678],[-0.3008,51.4644],[-0.3034,51.4614],[-0.3021,51.4601],[-0.3049,51.459],[-0.3061,51.4595],[-0.3056,51.4583],[-0.3116,51.455],[-0.3174,51.4543],[-0.3234,51.4572],[-0.3284,51.4566],[-0.3371,51.4539],[-0.3387,51.4551],[-0.3447,51.4538],[-0.3559,51.4537],[-0.3579,51.4532],[-0.3579,51.45],[-0.3599,51.4464],[-0.3654,51.4443],[-0.3798,51.4499],[-0.3627,51.4673],[-0.3557,51.4704]]}},{"type":"Feature","properties":{"routeId":"117","name":"117","direction":"1","routeType":"regular","lengthKm":17.4,"stops":53},"geometry":{"type":"LineString","coordinates":[[-0.3255,51.474],[-0.3269,51.4747],[-0.3274,51.4741],[-0.3287,51.4707],[-0.3361,51.4723],[-0.3387,51.4751],[-0.3431,51.4748],[-0.3482,51.4723],[-0.3623,51.4688],[-0.3617,51.4678],[-0.3628,51.4673],[-0.366,51.4666],[-0.3672,51.4677],[-0.3865,51.4634],[-0.4033,51.4587],[-0.4043,51.4542],[-0.4114,51.4437],[-0.4157,51.4402],[-0.4229,51.4375],[-0.429,51.4371],[-0.4425,51.4331],[-0.4562,51.4326],[-0.4577,51.4316],[-0.4647,51.4337],[-0.4668,51.4359],[-0.4679,51.4358],[-0.4775,51.4338],[-0.4808,51.4266],[-0.4947,51.4286],[-0.4994,51.4322],[-0.5061,51.4352],[-0.5089,51.4349],[-0.5082,51.4331],[-0.5095,51.4322],[-0.5092,51.4327]]}},{"type":"Feature","properties":{"routeId":"112","name":"112","direction":"2","routeType":"regular","lengthKm":17.9,"stops":42},"geometry":{"type":"LineString","coordinates":[[-0.176,51.6132],[-0.1749,51.604],[-0.1731,51.5997],[-0.176,51.5997],[-0.1802,51.5967],[-0.1925,51.5902],[-0.2019,51.5895],[-0.208,51.5878],[-0.2093,51.5866],[-0.2114,51.5817],[-0.2145,51.5786],[-0.2179,51.5765],[-0.219,51.577],[-0.2179,51.5773],[-0.2193,51.5778],[-0.2205,51.5761],[-0.2257,51.5746],[-0.2234,51.5726],[-0.2222,51.5727],[-0.2223,51.5734],[-0.2266,51.5725],[-0.2278,51.5713],[-0.2302,51.5719],[-0.2315,51.5709],[-0.239,51.5694],[-0.25,51.5652],[-0.2534,51.5598],[-0.2526,51.5555],[-0.2544,51.5531],[-0.2607,51.5517],[-0.2641,51.5482],[-0.2723,51.5445],[-0.2732,51.5454],[-0.2757,51.5444],[-0.2748,51.5439],[-0.2789,51.5398],[-0.278,51.5392],[-0.2871,51.5356],[-0.2927,51.5318],[-0.2913,51.517],[-0.3018,51.5162],[-0.3023,51.5149],[-0.3034,51.5152]]}},{"type":"Feature","properties":{"routeId":"119","name":"119","direction":"1","routeType":"regular","lengthKm":17.4,"stops":51},"geometry":{"type":"LineString","coordinates":[[0.0163,51.4082],[0.0186,51.4066],[0.0189,51.4045],[0.0188,51.4029],[0.0155,51.4025],[0.0173,51.3991],[0.015,51.3985],[0.0147,51.3965],[0.0179,51.392],[0.0173,51.3912],[0.0177,51.386],[0.0171,51.3828],[0.0182,51.3796],[0.0175,51.3774],[0.0104,51.3779],[0.0113,51.3767],[0.0106,51.3758],[0.0074,51.376],[0.0021,51.3743],[-0.0012,51.3711],[-0.0059,51.3682],[-0.0082,51.3709],[-0.0123,51.3724],[-0.0146,51.3758],[-0.0245,51.3776],[-0.0387,51.3768],[-0.0563,51.3736],[-0.0602,51.3763],[-0.0702,51.3742],[-0.0779,51.3752],[-0.0906,51.3751],[-0.0965,51.3741],[-0.0987,51.3734],[-0.0985,51.3724],[-0.1004,51.3724],[-0.0985,51.3638],[-0.1061,51.3623],[-0.1122,51.363],[-0.1183,51.3648],[-0.1169,51.3583],[-0.116,51.356],[-0.1153,51.3561]]}},{"type":"Feature","properties":{"routeId":"114","name":"114","direction":"2","routeType":"regular","lengthKm":19.4,"stops":48},"geometry":{"type":"LineString","coordinates":[[-0.4214,51.572],[-0.4134,51.5738],[-0.4045,51.5635],[-0.395,51.557],[-0.3926,51.5562],[-0.3616,51.5651],[-0.3567,51.5652],[-0.3541,51.5642],[-0.3473,51.569],[-0.354,51.5722],[-0.3499,51.5752],[-0.343,51.5773],[-0.3422,51.5807],[-0.3404,51.5799],[-0.3405,51.5809],[-0.3388,51.5811],[-0.3382,51.5799],[-0.3341,51.58],[-0.3318,51.5829],[-0.3265,51.5788],[-0.3201,51.5804],[-0.3133,51.5841],[-0.3068,51.5865],[-0.3082,51.5897],[-0.311,51.5929],[-0.3028,51.5951],[-0.2941,51.5957],[-0.2902,51.5933],[-0.2873,51.5925],[-0.2852,51.5943],[-0.288,51.5957],[-0.287,51.5964],[-0.2744,51.5987],[-0.2711,51.5984],[-0.2617,51.6037],[-0.2574,51.605],[-0.2476,51.6104],[-0.2504,51.6135],[-0.249,51.6133]]}},{"type":"Feature","properties":{"routeId":"120","name":"120","direction":"1","routeType":"regular","lengthKm":13,"stops":37},"geometry":{"type":"LineString","coordinates":[[-0.3548,51.471],[-0.362,51.4675],[-0.3651,51.4668],[-0.3666,51.4692],[-0.3671,51.4726],[-0.3632,51.4781],[-0.3681,51.4829],[-0.3713,51.4837],[-0.3731,51.4852],[-0.3712,51.4882],[-0.372,51.4907],[-0.3699,51.4928],[-0.3728,51.4957],[-0.3773,51.4983],[-0.3833,51.4994],[-0.3822,51.5021],[-0.3802,51.5035],[-0.3756,51.5112],[-0.3745,51.5234],[-0.3718,51.5324],[-0.3843,51.5331],[-0.3913,51.536],[-0.3783,51.5432],[-0.3728,51.5449],[-0.3688,51.5477]]}},{"type":"Feature","properties":{"routeId":"115","name":"115","direction":"2","routeType":"regular","lengthKm":11.1,"stops":40},"geometry":{"type":"LineString","coordinates":[[-0.0753,51.5139],[-0.0709,51.5156],[-0.0299,51.5124],[-0.021,51.5108],[-0.007,51.5116],[0,51.513],[0.0078,51.516],[0.0088,51.5155],[0.0076,51.515],[0.0091,51.5137],[0.0077,51.5159],[0.0238,51.5227],[0.0358,51.53],[0.0544,51.5331],[0.0562,51.5287]]}},{"type":"Feature","properties":{"routeId":"113","name":"113","direction":"2","routeType":"regular","lengthKm":17.7,"stops":52},"geometry":{"type":"LineString","coordinates":[[-0.1567,51.5136],[-0.1538,51.5139],[-0.1584,51.5241],[-0.1692,51.5302],[-0.1762,51.536],[-0.1751,51.5429],[-0.1759,51.5446],[-0.1785,51.5457],[-0.1819,51.5497],[-0.1857,51.5521],[-0.1886,51.5528],[-0.1941,51.5559],[-0.1971,51.5594],[-0.2036,51.5613],[-0.2078,51.5687],[-0.2133,51.5741],[-0.225,51.5794],[-0.2291,51.5845],[-0.2353,51.5878],[-0.2356,51.5893],[-0.2337,51.5949],[-0.2337,51.6],[-0.2401,51.6057],[-0.2419,51.6145],[-0.2428,51.6156],[-0.2548,51.6213],[-0.2701,51.6221],[-0.2777,51.6213],[-0.2774,51.6178],[-0.2756,51.6156],[-0.2762,51.6136],[-0.2756,51.6133]]}},{"type":"Feature","properties":{"routeId":"121","name":"121","direction":"1","routeType":"regular","lengthKm":19.2,"stops":60},"geometry":{"type":"LineString","coordinates":[[-0.0153,51.6661],[-0.0148,51.6702],[-0.04,51.6719],[-0.0415,51.6683],[-0.0451,51.6635],[-0.0485,51.6541],[-0.0464,51.6484],[-0.0599,51.6493],[-0.0762,51.6524],[-0.0798,51.6523],[-0.0797,51.6508],[-0.0842,51.6506],[-0.0869,51.6516],[-0.087,51.6527],[-0.0884,51.6535],[-0.098,51.6539],[-0.1017,51.6553],[-0.1082,51.6551],[-0.1253,51.6515],[-0.1327,51.6474],[-0.1275,51.6366],[-0.127,51.6323],[-0.1282,51.6325],[-0.1276,51.6319],[-0.1277,51.629],[-0.1222,51.6229],[-0.1219,51.6208],[-0.1089,51.6178],[-0.1096,51.6109],[-0.1123,51.6024],[-0.1087,51.5946],[-0.1038,51.5908]]}},{"type":"Feature","properties":{"routeId":"122","name":"122","direction":"1","routeType":"regular","lengthKm":18.5,"stops":63},"geometry":{"type":"LineString","coordinates":[[0.0836,51.4904],[0.0704,51.4914],[0.0675,51.4893],[0.0629,51.4846],[0.062,51.4824],[0.057,51.4762],[0.0546,51.4697],[0.0517,51.4655],[0.0496,51.4602],[0.0436,51.4578],[0.0364,51.4528],[0.0218,51.4542],[0.0098,51.4566],[0.0065,51.4586],[-0.0021,51.4587],[-0.0093,51.4624],[-0.0145,51.4565],[-0.0226,51.4565],[-0.0292,51.4591],[-0.034,51.459],[-0.0426,51.4466],[-0.0425,51.4422],[-0.0474,51.4423],[-0.0474,51.4413],[-0.0512,51.44],[-0.0537,51.4402],[-0.0554,51.4359],[-0.0608,51.4322],[-0.0559,51.4269],[-0.0608,51.4282],[-0.0658,51.4267],[-0.074,51.4262],[-0.0782,51.4209]]}},{"type":"Feature","properties":{"routeId":"117","name":"117","direction":"2","routeType":"regular","lengthKm":17.1,"stops":51},"geometry":{"type":"LineString","coordinates":[[-0.5092,51.4327],[-0.5083,51.4334],[-0.5089,51.4349],[-0.5061,51.4352],[-0.4994,51.4322],[-0.4945,51.4286],[-0.4808,51.4266],[-0.4775,51.4338],[-0.4679,51.4358],[-0.4668,51.4359],[-0.4647,51.4337],[-0.458,51.4319],[-0.4557,51.4328],[-0.4425,51.4331],[-0.429,51.4371],[-0.4225,51.4376],[-0.4152,51.4405],[-0.4116,51.4436],[-0.4043,51.4542],[-0.4033,51.4587],[-0.3865,51.4634],[-0.3669,51.4677],[-0.3661,51.4667],[-0.3623,51.4674],[-0.3569,51.4701],[-0.3482,51.4723],[-0.3427,51.4749],[-0.3387,51.4751],[-0.3363,51.4724],[-0.3285,51.4707],[-0.3274,51.4741],[-0.3269,51.4747],[-0.3255,51.4739]]}},{"type":"Feature","properties":{"routeId":"119","name":"119","direction":"2","routeType":"regular","lengthKm":18.1,"stops":53},"geometry":{"type":"LineString","coordinates":[[-0.115,51.3561],[-0.1144,51.3562],[-0.1164,51.3559],[-0.1183,51.3648],[-0.1082,51.3624],[-0.0985,51.3638],[-0.1002,51.3708],[-0.0984,51.3709],[-0.0987,51.3734],[-0.0906,51.3747],[-0.0906,51.3752],[-0.0773,51.3751],[-0.071,51.3742],[-0.06,51.3764],[-0.0555,51.3738],[-0.038,51.3769],[-0.0242,51.3778],[-0.0146,51.3758],[-0.0123,51.3724],[-0.0099,51.371],[-0.0084,51.371],[-0.0059,51.3684],[0.0021,51.3743],[0.0076,51.376],[0.0105,51.3758],[0.0111,51.3769],[0.0102,51.3779],[0.0175,51.3774],[0.0182,51.3796],[0.0171,51.3828],[0.0177,51.3857],[0.0173,51.3912],[0.0179,51.392],[0.0147,51.3965],[0.0148,51.3984],[0.0173,51.3991],[0.0154,51.4024],[0.0187,51.4029],[0.0185,51.4063],[0.0154,51.406],[0.0139,51.408],[0.0143,51.409],[0.0155,51.4084],[0.0167,51.409]]}},{"type":"Feature","properties":{"routeId":"124","name":"124","direction":"1","routeType":"regular","lengthKm":13.6,"stops":44},"geometry":{"type":"LineString","coordinates":[[-0.0281,51.443],[-0.0205,51.4449],[-0.0191,51.4461],[-0.0173,51.4458],[-0.0179,51.4438],[-0.0096,51.4421],[-0.002,51.4421],[-0.0017,51.4365],[0.0006,51.4368],[0.0027,51.4346],[-0.0019,51.4335],[-0.0007,51.4323],[0.0091,51.4346],[0.0104,51.4316],[0.0132,51.4285],[0.0164,51.4304],[0.0254,51.4316],[0.0314,51.4316],[0.0339,51.428],[0.043,51.4299],[0.0505,51.4287],[0.0533,51.4292],[0.0451,51.4362],[0.0506,51.4392],[0.0513,51.4408],[0.0428,51.4423],[0.04,51.4453],[0.0432,51.4468],[0.0446,51.4491],[0.0469,51.4498],[0.0472,51.4515],[0.0519,51.4508],[0.0634,51.4508],[0.0642,51.4498]]}},{"type":"Feature","properties":{"routeId":"123","name":"123","direction":"1","routeType":"regular","lengthKm":19,"stops":56},"geometry":{"type":"LineString","coordinates":[[-0.1093,51.5966],[-0.1088,51.5947],[-0.1025,51.5895],[-0.1022,51.5904],[-0.1028,51.5899],[-0.1035,51.5905],[-0.095,51.5954],[-0.095,51.5981],[-0.0839,51.5979],[-0.0752,51.5985],[-0.0695,51.5941],[-0.07,51.589],[-0.0641,51.5896],[-0.0612,51.589],[-0.0609,51.588],[-0.057,51.5879],[-0.051,51.5862],[-0.034,51.5879],[-0.0212,51.5908],[-0.0155,51.5899],[-0.0118,51.5901],[0.0101,51.5942],[0.01,51.5958],[0.0109,51.5963],[0.0125,51.5956],[0.0174,51.5954],[0.0244,51.5965],[0.029,51.5962],[0.0374,51.5942],[0.0484,51.5904],[0.0529,51.5873],[0.0578,51.582],[0.0669,51.5766],[0.0662,51.5763],[0.066,51.5738],[0.0636,51.5711],[0.0663,51.5661],[0.066,51.5648],[0.0694,51.5609],[0.0708,51.5567],[0.0736,51.5572],[0.0758,51.5585],[0.0759,51.5595]]}},{"type":"Feature","properties":{"routeId":"125","name":"125","direction":"1","routeType":"regular","lengthKm":17.2,"stops":55},"geometry":{"type":"LineString","coordinates":[[-0.0948,51.6321],[-0.0952,51.6318],[-0.0939,51.6349],[-0.0909,51.6366],[-0.0951,51.6392],[-0.1096,51.644],[-0.1118,51.6422],[-0.1108,51.6382],[-0.1191,51.6359],[-0.127,51.6328],[-0.1271,51.6321],[-0.1324,51.6336],[-0.1383,51.6366],[-0.1429,51.6321],[-0.1497,51.6307],[-0.1502,51.6312],[-0.1536,51.631],[-0.1618,51.6276],[-0.166,51.6293],[-0.1713,51.6303],[-0.1743,51.6299],[-0.1764,51.6239],[-0.1767,51.6153],[-0.1759,51.6129],[-0.1774,51.6128],[-0.1918,51.6028],[-0.198,51.5971],[-0.1995,51.5983],[-0.2117,51.5913],[-0.2156,51.5899],[-0.2199,51.5895],[-0.2268,51.59],[-0.2276,51.5912],[-0.2472,51.5963],[-0.2508,51.5952]]}},{"type":"Feature","properties":{"routeId":"120","name":"120","direction":"2","routeType":"regular","lengthKm":13.5,"stops":39},"geometry":{"type":"LineString","coordinates":[[-0.3675,51.5485],[-0.3721,51.5452],[-0.3865,51.5389],[-0.3902,51.5362],[-0.3877,51.534],[-0.3839,51.533],[-0.3715,51.5328],[-0.3745,51.5234],[-0.3756,51.5112],[-0.3783,51.5073],[-0.379,51.5051],[-0.3823,51.502],[-0.3833,51.4994],[-0.3768,51.4981],[-0.3699,51.4929],[-0.372,51.4907],[-0.3712,51.4882],[-0.3728,51.4866],[-0.373,51.4849],[-0.3683,51.483],[-0.3632,51.4781],[-0.3671,51.4728],[-0.3665,51.469],[-0.3674,51.4683],[-0.3689,51.4685],[-0.3686,51.4673],[-0.3669,51.4677],[-0.3658,51.4667],[-0.3627,51.4673],[-0.3544,51.4707]]}},{"type":"Feature","properties":{"routeId":"127","name":"127","direction":"1","routeType":"regular","lengthKm":15.6,"stops":51},"geometry":{"type":"LineString","coordinates":[[-0.1145,51.3381],[-0.116,51.3372],[-0.127,51.3423],[-0.1347,51.3433],[-0.1402,51.342],[-0.144,51.3396],[-0.1483,51.3488],[-0.1479,51.3516],[-0.15,51.3604],[-0.1504,51.3612],[-0.151,51.3606],[-0.1504,51.3612],[-0.1511,51.3632],[-0.157,51.3649],[-0.1581,51.3662],[-0.1635,51.3652],[-0.1664,51.3717],[-0.1629,51.3737],[-0.1599,51.3773],[-0.1555,51.3795],[-0.1554,51.3803],[-0.1574,51.3831],[-0.1589,51.3954],[-0.1697,51.4023],[-0.1667,51.4027],[-0.1654,51.4038],[-0.1616,51.4109],[-0.1558,51.4135],[-0.1529,51.4164],[-0.147,51.4195],[-0.1606,51.423],[-0.1665,51.4269]]}},{"type":"Feature","properties":{"routeId":"122","name":"122","direction":"2","routeType":"regular","lengthKm":18.2,"stops":62},"geometry":{"type":"LineString","coordinates":[[-0.0776,51.4218],[-0.074,51.4263],[-0.066,51.4267],[-0.0608,51.4282],[-0.056,51.4271],[-0.0608,51.4322],[-0.0554,51.4358],[-0.0537,51.4402],[-0.0503,51.4403],[-0.0474,51.4413],[-0.0474,51.4423],[-0.0426,51.4423],[-0.0426,51.4466],[-0.034,51.459],[-0.0293,51.4591],[-0.0226,51.4565],[-0.0145,51.4565],[-0.0122,51.4592],[-0.0126,51.4596],[-0.0093,51.4624],[-0.0024,51.4588],[0.0065,51.4586],[0.0098,51.4566],[0.0291,51.453],[0.0363,51.4532],[0.0494,51.4608],[0.0546,51.4697],[0.057,51.4762],[0.0621,51.4828],[0.0635,51.4871],[0.0667,51.4885],[0.0701,51.4915],[0.0811,51.4911]]}},{"type":"Feature","properties":{"routeId":"125","name":"125","direction":"2","routeType":"regular","lengthKm":16.7,"stops":53},"geometry":{"type":"LineString","coordinates":[[-0.2508,51.5952],[-0.2472,51.5963],[-0.2276,51.5912],[-0.2268,51.59],[-0.2158,51.5899],[-0.2117,51.5913],[-0.2033,51.5966],[-0.1949,51.6004],[-0.1779,51.6123],[-0.1767,51.6145],[-0.1764,51.6239],[-0.1747,51.6281],[-0.1748,51.6298],[-0.1707,51.6302],[-0.1618,51.6276],[-0.1543,51.6309],[-0.1502,51.6312],[-0.1497,51.6307],[-0.1429,51.6323],[-0.1383,51.6366],[-0.1277,51.632],[-0.1276,51.6326],[-0.1193,51.6358],[-0.1107,51.6383],[-0.1118,51.6422],[-0.1095,51.644],[-0.0951,51.6392],[-0.0909,51.6366],[-0.0939,51.6349],[-0.0948,51.6321]]}},{"type":"Feature","properties":{"routeId":"124","name":"124","direction":"2","routeType":"regular","lengthKm":13.6,"stops":45},"geometry":{"type":"LineString","coordinates":[[0.0634,51.4482],[0.0628,51.4478],[0.0643,51.4492],[0.0634,51.4507],[0.0472,51.4514],[0.047,51.4498],[0.0446,51.4491],[0.0432,51.4468],[0.04,51.4453],[0.0428,51.4423],[0.0513,51.4408],[0.0512,51.4398],[0.0496,51.4384],[0.0451,51.4362],[0.0533,51.4292],[0.0505,51.4287],[0.0441,51.4299],[0.0339,51.428],[0.0314,51.4316],[0.0265,51.4316],[0.0169,51.4305],[0.0142,51.4297],[0.0133,51.4284],[0.0104,51.4316],[0.0091,51.4346],[-0.0007,51.4323],[-0.0019,51.4335],[0.0027,51.4346],[0.0006,51.4368],[-0.0017,51.4365],[-0.002,51.4421],[-0.0101,51.4422],[-0.0205,51.4448],[-0.0251,51.4443],[-0.0276,51.4427],[-0.0281,51.443]]}},{"type":"Feature","properties":{"routeId":"128","name":"128","direction":"1","routeType":"regular","lengthKm":18.6,"stops":53},"geometry":{"type":"LineString","coordinates":[[0.1835,51.5746],[0.1824,51.5764],[0.1857,51.578],[0.184,51.5801],[0.1807,51.5805],[0.178,51.5797],[0.1772,51.5768],[0.1795,51.5728],[0.1813,51.5713],[0.1791,51.5708],[0.1812,51.5685],[0.1839,51.569],[0.1857,51.567],[0.1859,51.5656],[0.1723,51.5653],[0.1573,51.5623],[0.1535,51.5605],[0.1501,51.5614],[0.128,51.5615],[0.1186,51.5632],[0.1098,51.5631],[0.0903,51.5589],[0.0833,51.559],[0.0817,51.56],[0.0791,51.5591],[0.0775,51.5598],[0.0724,51.5573],[0.0716,51.5586],[0.0701,51.5585],[0.069,51.5615],[0.0659,51.5649],[0.0663,51.5661],[0.0636,51.5711],[0.0662,51.5744],[0.0659,51.5767],[0.0727,51.5791],[0.0741,51.5815],[0.0805,51.5871],[0.082,51.5901],[0.0744,51.5912],[0.0542,51.5919],[0.0499,51.591]]}},{"type":"Feature","properties":{"routeId":"121","name":"121","direction":"2","routeType":"regular","lengthKm":19.1,"stops":57},"geometry":{"type":"LineString","coordinates":[[-0.1022,51.5904],[-0.1028,51.5899],[-0.1088,51.5948],[-0.1123,51.6023],[-0.1096,51.6109],[-0.1091,51.6176],[-0.1141,51.6194],[-0.1219,51.6208],[-0.1223,51.6229],[-0.1277,51.629],[-0.1276,51.6319],[-0.1282,51.6322],[-0.1271,51.6328],[-0.1274,51.6363],[-0.1329,51.6477],[-0.1253,51.6515],[-0.1082,51.6551],[-0.1019,51.6553],[-0.0978,51.6539],[-0.0886,51.6536],[-0.0862,51.6523],[-0.0727,51.6521],[-0.059,51.6492],[-0.0464,51.6484],[-0.0485,51.6535],[-0.0483,51.6548],[-0.0453,51.6633],[-0.0415,51.6683],[-0.04,51.6719],[-0.016,51.6706],[-0.0147,51.6701],[-0.0153,51.6661]]}},{"type":"Feature","properties":{"routeId":"129","name":"129","direction":"1","routeType":"regular","lengthKm":20.3,"stops":44},"geometry":{"type":"LineString","coordinates":[[0.0757,51.5071],[0.0746,51.5073],[0.0746,51.5084],[0.0698,51.5075],[0.0694,51.5101],[0.0684,51.5112],[0.062,51.5126],[0.0607,51.5142],[0.0586,51.5139],[0.0607,51.5142],[0.0602,51.5157],[0.0422,51.5166],[0.0417,51.5165],[0.0427,51.5132],[0.0466,51.5115],[0.0478,51.509],[0.0404,51.5089],[0.0398,51.5047],[0.0419,51.5046],[0.0426,51.5036],[0.0467,51.504],[0.0511,51.5027],[0.0467,51.504],[0.0426,51.5036],[0.0407,51.5046],[0.0397,51.5044],[0.0394,51.5026],[0.0243,51.5026],[0.0164,51.5056],[0.0136,51.5082],[0.0149,51.5063],[0.0144,51.5032],[0.0124,51.5017],[0.0049,51.4987],[0.0024,51.4964],[0.0076,51.4932],[0.0091,51.4933],[0.007,51.4958],[0.0026,51.4981],[0.0023,51.5012],[0.003,51.5011],[0.0032,51.4999],[0.0058,51.4989],[0.0066,51.4993],[0.0082,51.4968],[0.0145,51.4933],[0.0147,51.4926],[0.0119,51.4904],[0.0176,51.4891],[0.0174,51.4872],[0.0182,51.4864],[0.0079,51.4861],[-0.0093,51.4807],[-0.0123,51.4775],[-0.0155,51.4723],[-0.011,51.4659],[-0.0113,51.4651],[-0.0134,51.4652],[-0.0126,51.464],[-0.013,51.4611]]}},{"type":"Feature","properties":{"routeId":"123","name":"123","direction":"2","routeType":"regular","lengthKm":18.1,"stops":55},"geometry":{"type":"LineString","coordinates":[[0.0769,51.5597],[0.0731,51.5574],[0.0722,51.5574],[0.0715,51.5586],[0.0701,51.5585],[0.069,51.5615],[0.0659,51.5649],[0.0663,51.5661],[0.0636,51.5709],[0.0662,51.5744],[0.0661,51.5769],[0.0578,51.5817],[0.0513,51.5885],[0.0447,51.5918],[0.0282,51.5959],[0.0245,51.5963],[0.0117,51.5952],[0.01,51.5941],[-0.011,51.5902],[-0.0153,51.5898],[-0.0213,51.5908],[-0.034,51.5879],[-0.0507,51.5862],[-0.0565,51.5878],[-0.061,51.588],[-0.0613,51.5889],[-0.0641,51.5896],[-0.0703,51.5889],[-0.0695,51.5941],[-0.0752,51.5985],[-0.093,51.5981],[-0.0952,51.5952],[-0.1033,51.5904],[-0.1087,51.5946],[-0.1091,51.5958]]}},{"type":"Feature","properties":{"routeId":"134","name":"134","direction":"1","routeType":"twentyfour","lengthKm":12.5,"stops":44},"geometry":{"type":"LineString","coordinates":[[-0.176,51.6132],[-0.1757,51.6124],[-0.1688,51.611],[-0.1587,51.6129],[-0.1543,51.6109],[-0.153,51.6079],[-0.1493,51.6054],[-0.1477,51.6002],[-0.1425,51.5912],[-0.1469,51.588],[-0.147,51.5844],[-0.1463,51.5824],[-0.1473,51.5777],[-0.1434,51.5759],[-0.1337,51.5662],[-0.1409,51.5534],[-0.1407,51.5509],[-0.1418,51.5462],[-0.1419,51.5427],[-0.1399,51.5405],[-0.1418,51.5395],[-0.1375,51.5349],[-0.1391,51.5344],[-0.1381,51.5328],[-0.1392,51.5322],[-0.1386,51.5259],[-0.1371,51.5252]]}},{"type":"Feature","properties":{"routeId":"127","name":"127","direction":"2","routeType":"regular","lengthKm":15.6,"stops":50},"geometry":{"type":"LineString","coordinates":[[-0.1668,51.4271],[-0.1605,51.423],[-0.147,51.4195],[-0.1529,51.4164],[-0.1558,51.4134],[-0.1616,51.4108],[-0.1644,51.405],[-0.1685,51.401],[-0.1589,51.3954],[-0.1574,51.3831],[-0.1554,51.3803],[-0.1555,51.3795],[-0.1599,51.3773],[-0.1629,51.3737],[-0.1664,51.3717],[-0.1635,51.3652],[-0.1581,51.3662],[-0.157,51.3649],[-0.1511,51.3632],[-0.1479,51.3516],[-0.1482,51.3486],[-0.144,51.3396],[-0.1402,51.342],[-0.1347,51.3433],[-0.1276,51.3424],[-0.1213,51.3398],[-0.1176,51.3397],[-0.1156,51.3375],[-0.1151,51.3393],[-0.1139,51.3401],[-0.1127,51.3394],[-0.1133,51.3388]]}},{"type":"Feature","properties":{"routeId":"132","name":"132","direction":"1","routeType":"regular","lengthKm":17.5,"stops":46},"geometry":{"type":"LineString","coordinates":[[0.0029,51.5003],[0.0058,51.4989],[0.0066,51.4993],[0.0082,51.4968],[0.0145,51.4933],[0.0147,51.4926],[0.0121,51.4903],[0.0176,51.4891],[0.0174,51.4872],[0.0205,51.4841],[0.0209,51.4816],[0.0251,51.4749],[0.0215,51.4742],[0.025,51.4679],[0.0417,51.4613],[0.0471,51.4602],[0.0495,51.4609],[0.0521,51.4508],[0.0634,51.4508],[0.0696,51.4521],[0.0821,51.4506],[0.0869,51.4505],[0.0904,51.4517],[0.0987,51.4515],[0.1118,51.4495],[0.1168,51.448],[0.1204,51.4485],[0.1255,51.4479],[0.1313,51.4456],[0.1485,51.4413],[0.1505,51.4417],[0.1521,51.4448],[0.1562,51.4468],[0.1568,51.4486],[0.1551,51.4505],[0.152,51.452],[0.1524,51.4553],[0.1475,51.457]]}},{"type":"Feature","properties":{"routeId":"126","name":"126","direction":"1","routeType":"regular","lengthKm":10.1,"stops":32},"geometry":{"type":"LineString","coordinates":[[0.0157,51.4018],[0.0156,51.4025],[0.0187,51.4029],[0.0185,51.4063],[0.0154,51.406],[0.014,51.4077],[0.0144,51.4116],[0.0176,51.4151],[0.0169,51.4173],[0.0175,51.4192],[0.0221,51.4215],[0.0215,51.4229],[0.0224,51.425],[0.0209,51.4268],[0.0213,51.4315],[0.0314,51.4316],[0.0339,51.428],[0.043,51.4299],[0.0492,51.4288],[0.0533,51.4292],[0.0451,51.4362],[0.0512,51.4398],[0.0527,51.447],[0.0515,51.4494],[0.0521,51.4508],[0.0613,51.4508]]}},{"type":"Feature","properties":{"routeId":"128","name":"128","direction":"2","routeType":"regular","lengthKm":18.8,"stops":52},"geometry":{"type":"LineString","coordinates":[[0.0499,51.591],[0.0531,51.5919],[0.0776,51.591],[0.082,51.5901],[0.0805,51.5871],[0.0741,51.5815],[0.0727,51.5791],[0.0662,51.5763],[0.066,51.5738],[0.0637,51.5714],[0.0663,51.5661],[0.066,51.5648],[0.069,51.5615],[0.0702,51.5592],[0.0703,51.5573],[0.0713,51.5566],[0.0758,51.5585],[0.0756,51.5594],[0.0797,51.5596],[0.0814,51.5606],[0.0822,51.5592],[0.0903,51.5589],[0.1098,51.5631],[0.1187,51.5632],[0.128,51.5615],[0.153,51.5609],[0.1723,51.5653],[0.1851,51.5657],[0.1858,51.5665],[0.1848,51.5682],[0.1812,51.5686],[0.1791,51.5708],[0.1804,51.5717],[0.1769,51.5764],[0.1779,51.5802],[0.1845,51.5805],[0.1844,51.5798],[0.1862,51.578],[0.1833,51.5763],[0.184,51.5756],[0.1834,51.5752],[0.1838,51.5742],[0.1827,51.5739]]}},{"type":"Feature","properties":{"routeId":"131","name":"131","direction":"1","routeType":"regular","lengthKm":13.2,"stops":42},"geometry":{"type":"LineString","coordinates":[[-0.2999,51.4105],[-0.3018,51.4085],[-0.3036,51.409],[-0.3005,51.4113],[-0.3005,51.4123],[-0.2967,51.4123],[-0.2965,51.4107],[-0.2921,51.4108],[-0.2758,51.4039],[-0.2565,51.3986],[-0.2397,51.3999],[-0.2369,51.402],[-0.2345,51.4098],[-0.23,51.4095],[-0.2301,51.4103],[-0.2257,51.4113],[-0.2083,51.422],[-0.2045,51.4201],[-0.2003,51.4192],[-0.1941,51.4196],[-0.1927,51.4178],[-0.1925,51.4156],[-0.1821,51.4162],[-0.1791,51.4172],[-0.1687,51.4274]]}},{"type":"Feature","properties":{"routeId":"130","name":"130","direction":"1","routeType":"regular","lengthKm":16.2,"stops":43},"geometry":{"type":"LineString","coordinates":[[-0.0057,51.3437],[-0.0054,51.3416],[-0.0036,51.3391],[-0.0063,51.3387],[-0.0133,51.3396],[-0.0219,51.3464],[-0.0238,51.3506],[-0.0133,51.3535],[-0.0185,51.3591],[-0.0231,51.3569],[-0.0201,51.3557],[-0.021,51.3546],[-0.0257,51.3528],[-0.0318,51.3569],[-0.0334,51.3566],[-0.0319,51.3563],[-0.0331,51.3564],[-0.0315,51.3566],[-0.0324,51.3569],[-0.0345,51.3561],[-0.0372,51.3534],[-0.0486,51.3554],[-0.0556,51.3584],[-0.0556,51.3607],[-0.0514,51.3633],[-0.0561,51.3733],[-0.0602,51.3763],[-0.0635,51.3821],[-0.0653,51.3835],[-0.0629,51.3859],[-0.0658,51.3895],[-0.0653,51.3906],[-0.0677,51.3952],[-0.0747,51.3995],[-0.0753,51.3985],[-0.0818,51.3967],[-0.0859,51.3997],[-0.0929,51.3975],[-0.099,51.3993]]}},{"type":"Feature","properties":{"routeId":"133","name":"133","direction":"1","routeType":"regular","lengthKm":13.3,"stops":45},"geometry":{"type":"LineString","coordinates":[[-0.1312,51.4254],[-0.1311,51.4293],[-0.1295,51.4307],[-0.1277,51.4371],[-0.1246,51.442],[-0.1241,51.4483],[-0.1167,51.4597],[-0.1128,51.4674],[-0.1124,51.4773],[-0.1108,51.4811],[-0.1115,51.4829],[-0.1009,51.493],[-0.1008,51.4948],[-0.0998,51.495],[-0.0993,51.4972],[-0.0932,51.5013],[-0.0887,51.5059],[-0.0868,51.5107],[-0.089,51.5132],[-0.0963,51.5144],[-0.1065,51.5176],[-0.113,51.5183],[-0.1204,51.5176],[-0.1212,51.5189],[-0.1201,51.5194],[-0.1194,51.5185]]}},{"type":"Feature","properties":{"routeId":"135","name":"135","direction":"1","routeType":"regular","lengthKm":13.4,"stops":48},"geometry":{"type":"LineString","coordinates":[[-0.0138,51.4945],[-0.0143,51.4945],[-0.0134,51.4998],[-0.0094,51.4997],[-0.0096,51.4973],[-0.0088,51.4948],[-0.0056,51.4917],[-0.0068,51.4889],[-0.0134,51.4872],[-0.0142,51.4898],[-0.0157,51.4908],[-0.0203,51.4911],[-0.0224,51.4901],[-0.024,51.4914],[-0.0257,51.4954],[-0.0258,51.504],[-0.0176,51.5028],[-0.0172,51.5043],[-0.0272,51.5055],[-0.0266,51.5102],[-0.0294,51.5122],[-0.0707,51.5156],[-0.0776,51.5141],[-0.0817,51.5162],[-0.0795,51.5187],[-0.0779,51.5228],[-0.0835,51.526],[-0.087,51.5257],[-0.0887,51.5281]]}},{"type":"Feature","properties":{"routeId":"134","name":"134","direction":"2","routeType":"twentyfour","lengthKm":13,"stops":46},"geometry":{"type":"LineString","coordinates":[[-0.1371,51.5252],[-0.1359,51.5255],[-0.135,51.5246],[-0.1373,51.5237],[-0.1383,51.525],[-0.1394,51.5325],[-0.1391,51.5351],[-0.1425,51.5392],[-0.1409,51.5534],[-0.1337,51.5662],[-0.1349,51.5665],[-0.1438,51.5762],[-0.1473,51.5777],[-0.1463,51.5824],[-0.147,51.5844],[-0.1469,51.588],[-0.1425,51.5912],[-0.1477,51.6002],[-0.1489,51.6047],[-0.1531,51.6078],[-0.1543,51.6109],[-0.1587,51.6129],[-0.1616,51.6117],[-0.1694,51.611],[-0.1775,51.6125],[-0.1769,51.6139]]}},{"type":"Feature","properties":{"routeId":"129","name":"129","direction":"2","routeType":"regular","lengthKm":19.6,"stops":44},"geometry":{"type":"LineString","coordinates":[[-0.0104,51.4612],[-0.0093,51.4624],[-0.0103,51.4627],[-0.0115,51.4671],[-0.0155,51.4724],[-0.013,51.4756],[-0.0123,51.478],[-0.0093,51.4802],[-0.0101,51.4817],[-0.0088,51.4822],[-0.0081,51.4812],[0.0085,51.4863],[0.0175,51.4867],[0.0174,51.4891],[0.0119,51.4905],[0.0148,51.4929],[0.0082,51.4966],[0.0065,51.4993],[0.0057,51.4989],[0.005,51.4997],[0.0032,51.4997],[0.0027,51.5009],[0.0034,51.4997],[0.0058,51.4989],[0.0021,51.4979],[0.0023,51.4968],[0.0144,51.5032],[0.0149,51.5063],[0.0129,51.5085],[0.0144,51.5087],[0.0164,51.5056],[0.0254,51.5024],[0.0381,51.5027],[0.0393,51.5031],[0.0397,51.5048],[0.0419,51.5046],[0.0426,51.5036],[0.0467,51.504],[0.0511,51.5027],[0.0467,51.504],[0.0426,51.5036],[0.0416,51.5046],[0.0393,51.5045],[0.04,51.5094],[0.0473,51.5094],[0.0466,51.5115],[0.0426,51.5134],[0.0417,51.5165],[0.0425,51.5166],[0.0605,51.5158],[0.0614,51.513],[0.0688,51.5112],[0.07,51.5087],[0.0788,51.5082],[0.0785,51.5071],[0.0757,51.5071]]}},{"type":"Feature","properties":{"routeId":"126","name":"126","direction":"2","routeType":"regular","lengthKm":11.2,"stops":33},"geometry":{"type":"LineString","coordinates":[[0.0634,51.4482],[0.0628,51.4478],[0.0643,51.4492],[0.0634,51.4507],[0.0521,51.4508],[0.0515,51.4497],[0.0528,51.4471],[0.0512,51.4398],[0.0451,51.4362],[0.0533,51.4292],[0.0492,51.4288],[0.0427,51.4299],[0.0339,51.428],[0.0314,51.4316],[0.0213,51.4315],[0.0209,51.4268],[0.0224,51.425],[0.0215,51.4229],[0.0221,51.4215],[0.0175,51.4192],[0.0169,51.4173],[0.0185,51.4147],[0.0167,51.4141],[0.0144,51.4116],[0.0143,51.409],[0.0167,51.4081],[0.0187,51.4062],[0.0188,51.4029],[0.0155,51.4025],[0.0167,51.401],[0.015,51.4005],[0.0136,51.4011],[0.0157,51.4018]]}},{"type":"Feature","properties":{"routeId":"137","name":"137","direction":"1","routeType":"regular","lengthKm":10.4,"stops":34},"geometry":{"type":"LineString","coordinates":[[-0.1249,51.4436],[-0.1245,51.4451],[-0.1319,51.4477],[-0.1295,51.4546],[-0.1292,51.4598],[-0.1335,51.4592],[-0.1377,51.462],[-0.1391,51.4611],[-0.149,51.4613],[-0.1506,51.4674],[-0.1481,51.4736],[-0.1464,51.475],[-0.1482,51.4761],[-0.1491,51.4778],[-0.1501,51.4859],[-0.1569,51.4903],[-0.1581,51.4924],[-0.1605,51.5019],[-0.1511,51.5034],[-0.1522,51.5043],[-0.1522,51.5062],[-0.1582,51.5116]]}},{"type":"Feature","properties":{"routeId":"131","name":"131","direction":"2","routeType":"regular","lengthKm":12.3,"stops":40},"geometry":{"type":"LineString","coordinates":[[-0.1685,51.4276],[-0.1791,51.4172],[-0.1821,51.4162],[-0.1925,51.4156],[-0.1927,51.4178],[-0.1941,51.4196],[-0.2026,51.4197],[-0.204,51.4185],[-0.2083,51.422],[-0.2283,51.4098],[-0.2345,51.4098],[-0.2372,51.4016],[-0.2396,51.4],[-0.2435,51.3992],[-0.2567,51.3987],[-0.2758,51.4039],[-0.2921,51.4108],[-0.2999,51.4105]]}},{"type":"Feature","properties":{"routeId":"130","name":"130","direction":"2","routeType":"regular","lengthKm":15.9,"stops":46},"geometry":{"type":"LineString","coordinates":[[-0.099,51.3993],[-0.0929,51.3975],[-0.0857,51.3998],[-0.0818,51.3967],[-0.0747,51.3995],[-0.0734,51.3988],[-0.0676,51.3951],[-0.0654,51.3907],[-0.0658,51.3895],[-0.0629,51.3859],[-0.0653,51.3835],[-0.0635,51.3821],[-0.0604,51.3768],[-0.0562,51.3738],[-0.0531,51.3674],[-0.0514,51.3632],[-0.0558,51.3605],[-0.0549,51.3583],[-0.0486,51.3555],[-0.0377,51.3538],[-0.0343,51.3564],[-0.0319,51.3563],[-0.0315,51.3567],[-0.0324,51.3572],[-0.0317,51.3576],[-0.031,51.356],[-0.0257,51.3528],[-0.0205,51.355],[-0.0204,51.3559],[-0.0231,51.357],[-0.0185,51.3591],[-0.0133,51.3535],[-0.0238,51.3506],[-0.022,51.3475],[-0.0199,51.3472],[-0.0158,51.3429],[-0.0171,51.3424],[-0.0134,51.3399],[-0.0063,51.3387],[-0.0036,51.3391],[-0.0059,51.3434]]}},{"type":"Feature","properties":{"routeId":"132","name":"132","direction":"2","routeType":"regular","lengthKm":17.4,"stops":44},"geometry":{"type":"LineString","coordinates":[[0.1467,51.4565],[0.1463,51.4572],[0.1476,51.4572],[0.153,51.4553],[0.152,51.452],[0.1553,51.4504],[0.1572,51.4482],[0.1554,51.4461],[0.1519,51.4446],[0.1505,51.4417],[0.1481,51.4414],[0.139,51.4435],[0.1255,51.4479],[0.1168,51.448],[0.1118,51.4495],[0.0987,51.4515],[0.0904,51.4517],[0.0869,51.4505],[0.0808,51.4506],[0.0697,51.4521],[0.0634,51.4507],[0.0521,51.4508],[0.0496,51.4602],[0.0417,51.4613],[0.0291,51.4661],[0.0239,51.4747],[0.0203,51.4841],[0.0173,51.4868],[0.0174,51.4891],[0.0119,51.4905],[0.0148,51.4929],[0.0082,51.4966],[0.0065,51.4993],[0.0034,51.4997],[0.0029,51.5006]]}},{"type":"Feature","properties":{"routeId":"136","name":"136","direction":"1","routeType":"regular","lengthKm":17.1,"stops":59},"geometry":{"type":"LineString","coordinates":[[0.0204,51.4307],[0.0169,51.4305],[0.014,51.4295],[0.0133,51.4255],[0.0106,51.4242],[0.0031,51.4261],[-0.0039,51.4244],[-0.0051,51.4255],[-0.0109,51.4273],[-0.0139,51.429],[-0.017,51.4322],[-0.0207,51.441],[-0.0195,51.4461],[-0.0172,51.4488],[-0.0157,51.4553],[-0.0136,51.4572],[-0.0122,51.4592],[-0.0126,51.4596],[-0.0093,51.4624],[-0.0103,51.4627],[-0.0113,51.465],[-0.0167,51.4647],[-0.0266,51.4688],[-0.0361,51.4755],[-0.0528,51.473],[-0.0656,51.4739],[-0.0656,51.4724],[-0.0697,51.472],[-0.0699,51.4733],[-0.0775,51.4742],[-0.0786,51.476],[-0.0811,51.4775],[-0.0867,51.4789],[-0.0854,51.4793],[-0.0862,51.4839],[-0.0826,51.4854],[-0.0882,51.4911],[-0.094,51.4928],[-0.0981,51.4919],[-0.0989,51.493],[-0.1007,51.4935],[-0.1012,51.4953],[-0.0998,51.4964]]}},{"type":"Feature","properties":{"routeId":"138","name":"138","direction":"1","routeType":"regular","lengthKm":6.6,"stops":20},"geometry":{"type":"LineString","coordinates":[[0.0163,51.4082],[0.0187,51.4062],[0.0188,51.4029],[0.0155,51.4025],[0.0173,51.3991],[0.0001,51.392],[0.0027,51.3881],[0.0027,51.3837],[0.0048,51.3817],[0.0052,51.3798],[0.0104,51.3779],[0.0113,51.3767],[0.0106,51.3758],[0.0064,51.3758],[0.0001,51.3728],[-0.0012,51.3711],[0.0017,51.369],[0.0003,51.3683],[0.0012,51.3673]]}},{"type":"Feature","properties":{"routeId":"137","name":"137","direction":"2","routeType":"regular","lengthKm":11,"stops":34},"geometry":{"type":"LineString","coordinates":[[-0.1579,51.5124],[-0.1567,51.5103],[-0.151,51.5055],[-0.1509,51.5034],[-0.1498,51.5031],[-0.1514,51.502],[-0.1528,51.5029],[-0.1604,51.5018],[-0.1578,51.4927],[-0.1568,51.4926],[-0.1576,51.4924],[-0.157,51.4904],[-0.1501,51.486],[-0.1491,51.4778],[-0.1482,51.4761],[-0.1464,51.475],[-0.1481,51.4736],[-0.1506,51.4674],[-0.149,51.4613],[-0.1467,51.4613],[-0.1422,51.4633],[-0.1396,51.4617],[-0.1376,51.462],[-0.1333,51.4593],[-0.1292,51.4598],[-0.1294,51.4547],[-0.1319,51.4478],[-0.1243,51.4452],[-0.1247,51.4429]]}},{"type":"Feature","properties":{"routeId":"140","name":"140","direction":"1","routeType":"regular","lengthKm":15.8,"stops":47},"geometry":{"type":"LineString","coordinates":[[-0.4247,51.5004],[-0.4207,51.5033],[-0.4191,51.5053],[-0.4189,51.507],[-0.4165,51.508],[-0.4051,51.5199],[-0.4,51.5235],[-0.3992,51.5249],[-0.3993,51.5279],[-0.3963,51.5337],[-0.3783,51.5432],[-0.3728,51.5449],[-0.3674,51.5486],[-0.3606,51.5515],[-0.3601,51.555],[-0.3623,51.5572],[-0.3473,51.569],[-0.354,51.5722],[-0.3499,51.5752],[-0.343,51.5773],[-0.3422,51.5807],[-0.3404,51.5799],[-0.3405,51.5809],[-0.3388,51.5811],[-0.3381,51.5799],[-0.3341,51.58],[-0.3318,51.5832],[-0.3321,51.5874],[-0.3334,51.5918],[-0.3351,51.5928],[-0.3351,51.5957],[-0.337,51.5979],[-0.3386,51.601],[-0.3387,51.603],[-0.34,51.6049]]}},{"type":"Feature","properties":{"routeId":"133","name":"133","direction":"2","routeType":"regular","lengthKm":13.2,"stops":44},"geometry":{"type":"LineString","coordinates":[[-0.1193,51.5183],[-0.1189,51.5178],[-0.1075,51.5178],[-0.0995,51.5156],[-0.0974,51.5161],[-0.0965,51.5129],[-0.0865,51.5109],[-0.0884,51.5061],[-0.0933,51.5011],[-0.0987,51.4977],[-0.1006,51.4948],[-0.1005,51.4933],[-0.1111,51.4833],[-0.1107,51.4813],[-0.1125,51.4761],[-0.1128,51.4675],[-0.1156,51.4613],[-0.124,51.4484],[-0.1245,51.4418],[-0.1275,51.437],[-0.1295,51.4307],[-0.1309,51.4295],[-0.1308,51.4254],[-0.1318,51.4253]]}},{"type":"Feature","properties":{"routeId":"135","name":"135","direction":"2","routeType":"regular","lengthKm":13.8,"stops":46},"geometry":{"type":"LineString","coordinates":[[-0.088,51.5272],[-0.0871,51.5258],[-0.0843,51.5264],[-0.0792,51.5237],[-0.0773,51.5238],[-0.0797,51.5183],[-0.0816,51.5162],[-0.08,51.5161],[-0.077,51.5143],[-0.0707,51.5156],[-0.0281,51.5118],[-0.0257,51.5097],[-0.0273,51.5079],[-0.0271,51.5061],[-0.0144,51.5046],[-0.0172,51.5043],[-0.0177,51.5026],[-0.0257,51.5036],[-0.0257,51.4954],[-0.024,51.4914],[-0.0224,51.4901],[-0.0203,51.4911],[-0.0157,51.4908],[-0.0142,51.4898],[-0.0134,51.4872],[-0.0069,51.4889],[-0.0056,51.4916],[-0.0087,51.4946],[-0.0096,51.4972],[-0.0095,51.4998],[-0.0134,51.4998],[-0.0142,51.4951],[-0.0131,51.4949]]}},{"type":"Feature","properties":{"routeId":"139","name":"139","direction":"1","routeType":"twentyfour","lengthKm":12.6,"stops":42},"geometry":{"type":"LineString","coordinates":[[-0.1941,51.5718],[-0.1954,51.5712],[-0.1949,51.568],[-0.1973,51.5624],[-0.197,51.5598],[-0.1958,51.5577],[-0.1969,51.5548],[-0.1916,51.5511],[-0.1912,51.5463],[-0.1932,51.5425],[-0.1922,51.5412],[-0.1899,51.5411],[-0.1873,51.5399],[-0.1784,51.533],[-0.177,51.5317],[-0.1764,51.5296],[-0.1738,51.5274],[-0.1674,51.524],[-0.1615,51.5256],[-0.1585,51.5242],[-0.1538,51.5139],[-0.1419,51.5153],[-0.1379,51.5102],[-0.1334,51.5101],[-0.1311,51.5077],[-0.129,51.5075],[-0.1193,51.5113],[-0.1115,51.5036]]}},{"type":"Feature","properties":{"routeId":"141","name":"141","direction":"1","routeType":"regular","lengthKm":13.2,"stops":48},"geometry":{"type":"LineString","coordinates":[[-0.1096,51.6113],[-0.1123,51.6024],[-0.1108,51.5984],[-0.1088,51.5947],[-0.1034,51.5905],[-0.1007,51.5863],[-0.0984,51.575],[-0.0943,51.5685],[-0.0903,51.556],[-0.0878,51.553],[-0.0845,51.5519],[-0.0836,51.5451],[-0.0865,51.5375],[-0.0898,51.5361],[-0.0863,51.531],[-0.088,51.5277],[-0.0879,51.5263],[-0.087,51.5257],[-0.0876,51.5249],[-0.087,51.522],[-0.0877,51.5193],[-0.0842,51.5181],[-0.0857,51.5168],[-0.0816,51.5161],[-0.0869,51.5102],[-0.0883,51.5061],[-0.0866,51.5051]]}},{"type":"Feature","properties":{"routeId":"144","name":"144","direction":"1","routeType":"regular","lengthKm":10.9,"stops":37},"geometry":{"type":"LineString","coordinates":[[-0.1421,51.5913],[-0.1346,51.5879],[-0.1292,51.5868],[-0.1132,51.588],[-0.1034,51.5905],[-0.1021,51.5896],[-0.1022,51.5904],[-0.1028,51.5899],[-0.1087,51.5946],[-0.11,51.5972],[-0.1002,51.5996],[-0.0956,51.5982],[-0.0922,51.598],[-0.0915,51.6013],[-0.0871,51.603],[-0.0859,51.6059],[-0.0857,51.6094],[-0.0872,51.6166],[-0.0807,51.6167],[-0.0729,51.6158],[-0.0718,51.6149],[-0.0648,51.6148],[-0.0607,51.625],[-0.0589,51.6252]]}},{"type":"Feature","properties":{"routeId":"142","name":"142","direction":"1","routeType":"regular","lengthKm":19.6,"stops":58},"geometry":{"type":"LineString","coordinates":[[-0.3961,51.663],[-0.397,51.6631],[-0.397,51.6576],[-0.3917,51.655],[-0.3914,51.6542],[-0.3925,51.6534],[-0.3881,51.6505],[-0.3865,51.6483],[-0.3824,51.6463],[-0.3838,51.6455],[-0.3841,51.6468],[-0.377,51.6466],[-0.3613,51.6439],[-0.3546,51.6387],[-0.3463,51.6368],[-0.3369,51.6315],[-0.3227,51.6264],[-0.3177,51.6218],[-0.3114,51.6176],[-0.3081,51.618],[-0.3039,51.6198],[-0.2928,51.6216],[-0.2797,51.611],[-0.2782,51.6114],[-0.2762,51.6136],[-0.2739,51.6127],[-0.2762,51.6136],[-0.2792,51.6108],[-0.2332,51.5719],[-0.2317,51.5715],[-0.2304,51.572],[-0.2299,51.5731],[-0.2247,51.5734],[-0.2242,51.574],[-0.2247,51.5749],[-0.2234,51.5757]]}},{"type":"Feature","properties":{"routeId":"136","name":"136","direction":"2","routeType":"regular","lengthKm":16.7,"stops":56},"geometry":{"type":"LineString","coordinates":[[-0.0993,51.497],[-0.1012,51.4953],[-0.1004,51.4935],[-0.0981,51.4919],[-0.094,51.4928],[-0.0882,51.4911],[-0.0824,51.4852],[-0.086,51.4839],[-0.0854,51.4784],[-0.081,51.4775],[-0.0786,51.476],[-0.0775,51.4742],[-0.0704,51.4734],[-0.0623,51.4741],[-0.0534,51.4729],[-0.0329,51.4759],[-0.0319,51.4737],[-0.0325,51.4729],[-0.0274,51.4692],[-0.0162,51.4646],[-0.0129,51.4645],[-0.0124,51.4634],[-0.0108,51.4637],[-0.0093,51.4624],[-0.0157,51.4553],[-0.0172,51.449],[-0.02,51.4448],[-0.0206,51.4411],[-0.0172,51.4324],[-0.0139,51.429],[-0.0109,51.4273],[-0.0038,51.4245],[0.003,51.4261],[0.0107,51.4242],[0.0133,51.4256],[0.0141,51.4296],[0.02,51.4307]]}},{"type":"Feature","properties":{"routeId":"143","name":"143","direction":"1","routeType":"regular","lengthKm":12.5,"stops":41},"geometry":{"type":"LineString","coordinates":[[-0.2226,51.5757],[-0.2206,51.5762],[-0.2205,51.5774],[-0.225,51.5794],[-0.2274,51.5831],[-0.2309,51.5859],[-0.2277,51.5897],[-0.2199,51.5895],[-0.2138,51.5904],[-0.2008,51.5978],[-0.1994,51.5983],[-0.198,51.5971],[-0.1958,51.5996],[-0.1889,51.6047],[-0.1818,51.6001],[-0.1889,51.5956],[-0.1695,51.5891],[-0.1674,51.5898],[-0.1639,51.5895],[-0.1642,51.5874],[-0.1632,51.5855],[-0.1545,51.5809],[-0.1551,51.5803],[-0.1498,51.5745],[-0.1498,51.5713],[-0.1436,51.5698],[-0.1364,51.5664]]}},{"type":"Feature","properties":{"routeId":"138","name":"138","direction":"2","routeType":"regular","lengthKm":9.1,"stops":33},"geometry":{"type":"LineString","coordinates":[[0.0012,51.3673],[0.0008,51.3666],[0.0016,51.366],[-0.002,51.3641],[-0.002,51.3634],[-0.0012,51.3622],[0.0028,51.3609],[0.0039,51.3624],[0.0041,51.366],[0.0035,51.3665],[0.0044,51.3675],[0.0008,51.3698],[-0.0026,51.3703],[0.0021,51.3743],[0.0076,51.376],[0.0105,51.3758],[0.0112,51.3765],[0.0102,51.3779],[0.0052,51.3798],[0.0048,51.3817],[0.0029,51.3833],[0.0027,51.3881],[0.0001,51.392],[0.0173,51.3991],[0.0154,51.4024],[0.0187,51.4029],[0.0185,51.4063],[0.0154,51.406],[0.0139,51.408],[0.0143,51.409],[0.0155,51.4084],[0.0167,51.409]]}},{"type":"Feature","properties":{"routeId":"140","name":"140","direction":"2","routeType":"regular","lengthKm":15.5,"stops":42},"geometry":{"type":"LineString","coordinates":[[-0.3403,51.6058],[-0.337,51.5979],[-0.3334,51.5946],[-0.3353,51.5944],[-0.3348,51.5928],[-0.3332,51.5919],[-0.3317,51.583],[-0.3341,51.58],[-0.3418,51.58],[-0.343,51.5773],[-0.3499,51.5752],[-0.3537,51.5723],[-0.3473,51.569],[-0.3623,51.5572],[-0.3617,51.5561],[-0.3594,51.5552],[-0.3606,51.5515],[-0.3667,51.549],[-0.3721,51.5452],[-0.3769,51.5434],[-0.3772,51.5426],[-0.3865,51.5389],[-0.3904,51.5357],[-0.3934,51.5355],[-0.3962,51.5338],[-0.3991,51.5281],[-0.3997,51.5239],[-0.4052,51.5198],[-0.4165,51.508],[-0.4187,51.5071],[-0.4209,51.5031]]}},{"type":"Feature","properties":{"routeId":"146","name":"146","direction":"1","routeType":"regular","lengthKm":9.8,"stops":24},"geometry":{"type":"LineString","coordinates":[[0.0163,51.4082],[0.0186,51.4066],[0.0189,51.4045],[0.0188,51.4029],[0.0155,51.4025],[0.0173,51.3991],[0.015,51.3985],[0.0147,51.3965],[0.0179,51.392],[0.0173,51.3912],[0.0177,51.386],[0.0171,51.3828],[0.0182,51.3796],[0.0174,51.3769],[0.0237,51.3703],[0.0274,51.3621],[0.0316,51.3583],[0.0328,51.3546],[0.0314,51.3518],[0.0352,51.3506],[0.0364,51.3477],[0.0383,51.3471],[0.0427,51.3476],[0.0508,51.3435],[0.0526,51.3408],[0.0523,51.3393],[0.0541,51.3359]]}},{"type":"Feature","properties":{"routeId":"145","name":"145","direction":"1","routeType":"regular","lengthKm":19.3,"stops":60},"geometry":{"type":"LineString","coordinates":[[0.1435,51.5302],[0.1476,51.5303],[0.1477,51.5317],[0.1547,51.5293],[0.1565,51.5331],[0.164,51.538],[0.1588,51.5386],[0.1584,51.5396],[0.1544,51.5402],[0.1277,51.5388],[0.1263,51.5442],[0.1239,51.5457],[0.1303,51.5518],[0.1201,51.5511],[0.1079,51.5521],[0.1041,51.5497],[0.0936,51.5458],[0.0923,51.5488],[0.0926,51.5514],[0.0948,51.5546],[0.0933,51.5597],[0.0889,51.5589],[0.0822,51.5592],[0.0817,51.56],[0.0791,51.5591],[0.0775,51.5598],[0.0724,51.5573],[0.0717,51.5585],[0.0701,51.5585],[0.069,51.5615],[0.0659,51.5651],[0.0586,51.5683],[0.0523,51.5762],[0.0455,51.5759],[0.0445,51.5752],[0.035,51.5772],[0.0232,51.5738],[0.0235,51.5697],[0.0191,51.5699],[0.0156,51.5711],[0.0132,51.5698],[0.0119,51.5706],[0.0093,51.5692]]}},{"type":"Feature","properties":{"routeId":"142","name":"142","direction":"2","routeType":"regular","lengthKm":20.9,"stops":56},"geometry":{"type":"LineString","coordinates":[[-0.2229,51.5759],[-0.2224,51.5755],[-0.2256,51.5745],[-0.2245,51.5742],[-0.2234,51.5726],[-0.2222,51.5727],[-0.2223,51.5734],[-0.2266,51.5725],[-0.2278,51.5713],[-0.2302,51.5719],[-0.2317,51.5708],[-0.2335,51.5718],[-0.2415,51.5793],[-0.2794,51.6107],[-0.2762,51.6136],[-0.2739,51.6127],[-0.2762,51.6136],[-0.2794,51.6107],[-0.2925,51.6215],[-0.3039,51.6198],[-0.3082,51.618],[-0.3114,51.6176],[-0.3177,51.6218],[-0.3227,51.6264],[-0.3372,51.6316],[-0.3463,51.6368],[-0.3544,51.6387],[-0.3613,51.6439],[-0.3766,51.6466],[-0.3821,51.6465],[-0.3838,51.6455],[-0.3861,51.6481],[-0.3886,51.6469],[-0.389,51.6489],[-0.3877,51.6499],[-0.3881,51.6505],[-0.3938,51.6541],[-0.3962,51.6532],[-0.3998,51.6563],[-0.3986,51.658],[-0.397,51.6579],[-0.3971,51.6634],[-0.3965,51.6633]]}},{"type":"Feature","properties":{"routeId":"139","name":"139","direction":"2","routeType":"twentyfour","lengthKm":12.5,"stops":43},"geometry":{"type":"LineString","coordinates":[[-0.1128,51.5042],[-0.114,51.5046],[-0.1193,51.5112],[-0.1276,51.5072],[-0.1326,51.5071],[-0.1351,51.51],[-0.1382,51.5103],[-0.1421,51.5153],[-0.1538,51.5139],[-0.1585,51.5242],[-0.1615,51.5256],[-0.1674,51.524],[-0.1742,51.5277],[-0.1764,51.5296],[-0.177,51.5317],[-0.1784,51.533],[-0.1873,51.5399],[-0.1899,51.5411],[-0.1922,51.5412],[-0.1932,51.5425],[-0.1912,51.5463],[-0.1916,51.5511],[-0.1969,51.5548],[-0.1958,51.5577],[-0.197,51.5598],[-0.1972,51.5631],[-0.1949,51.568],[-0.1955,51.5716],[-0.1941,51.5718]]}},{"type":"Feature","properties":{"routeId":"147","name":"147","direction":"1","routeType":"regular","lengthKm":10.9,"stops":38},"geometry":{"type":"LineString","coordinates":[[0.0759,51.5595],[0.0758,51.5585],[0.0731,51.5574],[0.0722,51.5574],[0.0714,51.5586],[0.0691,51.5572],[0.0673,51.5574],[0.0607,51.5551],[0.0617,51.5492],[0.0569,51.5483],[0.0573,51.5467],[0.0547,51.5438],[0.0552,51.5417],[0.0506,51.541],[0.0518,51.5372],[0.0508,51.5365],[0.0521,51.5327],[0.036,51.5301],[0.0293,51.5259],[0.0322,51.5193],[0.0317,51.5136],[0.0342,51.5098],[0.0187,51.5096],[0.0182,51.5119],[0.0149,51.5128],[0.014,51.5115],[0.0114,51.5114],[0.0076,51.5151],[0.0081,51.5145]]}},{"type":"Feature","properties":{"routeId":"141","name":"141","direction":"2","routeType":"regular","lengthKm":13,"stops":47},"geometry":{"type":"LineString","coordinates":[[-0.0866,51.5051],[-0.0889,51.5057],[-0.0868,51.5107],[-0.0898,51.5146],[-0.087,51.522],[-0.0877,51.5254],[-0.087,51.5257],[-0.0888,51.5275],[-0.0886,51.5286],[-0.0863,51.5309],[-0.0898,51.5361],[-0.0865,51.5375],[-0.0836,51.5451],[-0.0838,51.5469],[-0.0849,51.5508],[-0.0859,51.5511],[-0.0857,51.5522],[-0.0879,51.5531],[-0.0903,51.556],[-0.0943,51.5685],[-0.0983,51.5747],[-0.101,51.5868],[-0.1028,51.5898],[-0.1088,51.5948],[-0.1108,51.5984],[-0.1123,51.6023],[-0.1096,51.6114]]}},{"type":"Feature","properties":{"routeId":"146","name":"146","direction":"2","routeType":"regular","lengthKm":10.4,"stops":26},"geometry":{"type":"LineString","coordinates":[[0.0541,51.3359],[0.0523,51.3393],[0.0526,51.3408],[0.0508,51.3435],[0.0427,51.3476],[0.0382,51.3471],[0.0364,51.3477],[0.0352,51.3506],[0.0314,51.3518],[0.0328,51.3546],[0.0316,51.3583],[0.0273,51.3622],[0.0237,51.3703],[0.0174,51.3769],[0.0182,51.3796],[0.0171,51.3828],[0.0177,51.3857],[0.0173,51.3912],[0.0179,51.392],[0.0147,51.3965],[0.0148,51.3984],[0.0173,51.3991],[0.0154,51.4024],[0.0187,51.4029],[0.0187,51.4048],[0.0185,51.4063],[0.0154,51.406],[0.0139,51.408],[0.0143,51.409],[0.0155,51.4084],[0.0167,51.409]]}},{"type":"Feature","properties":{"routeId":"145","name":"145","direction":"2","routeType":"regular","lengthKm":20,"stops":59},"geometry":{"type":"LineString","coordinates":[[0.0088,51.5685],[0.0109,51.5683],[0.0155,51.5711],[0.0157,51.5729],[0.0185,51.572],[0.0288,51.5761],[0.0347,51.5772],[0.0425,51.576],[0.0439,51.5768],[0.0457,51.5761],[0.0522,51.5763],[0.0586,51.5683],[0.0659,51.5651],[0.0694,51.5609],[0.0708,51.5567],[0.0736,51.5572],[0.0758,51.5585],[0.0756,51.5594],[0.0797,51.5596],[0.0814,51.5606],[0.0822,51.5592],[0.0831,51.5591],[0.0903,51.5589],[0.0933,51.5597],[0.0948,51.5546],[0.0926,51.5514],[0.0923,51.5488],[0.0936,51.5458],[0.1049,51.5501],[0.1079,51.5522],[0.12,51.5511],[0.1305,51.5518],[0.1239,51.5457],[0.1263,51.5442],[0.1277,51.5388],[0.1481,51.5402],[0.1578,51.5398],[0.1587,51.5386],[0.1641,51.5381],[0.1663,51.5387],[0.1562,51.5329],[0.1555,51.5299],[0.156,51.5294],[0.1553,51.5288],[0.1484,51.5315],[0.1477,51.5316],[0.1476,51.5303],[0.1441,51.5309],[0.1435,51.5302]]}},{"type":"Feature","properties":{"routeId":"148","name":"148","direction":"1","routeType":"twentyfour","lengthKm":14.1,"stops":45},"geometry":{"type":"LineString","coordinates":[[-0.0932,51.4731],[-0.0946,51.4829],[-0.094,51.4855],[-0.0989,51.493],[-0.1006,51.4934],[-0.1008,51.4948],[-0.1157,51.5006],[-0.1176,51.5007],[-0.126,51.5009],[-0.1263,51.5002],[-0.1348,51.4976],[-0.1451,51.4968],[-0.152,51.5022],[-0.1523,51.503],[-0.1511,51.5034],[-0.1522,51.5043],[-0.1522,51.5062],[-0.1573,51.5102],[-0.1589,51.5126],[-0.1608,51.5124],[-0.162,51.5131],[-0.1922,51.5099],[-0.2008,51.5086],[-0.2164,51.5042],[-0.2232,51.5033],[-0.2247,51.505],[-0.2246,51.5093],[-0.2226,51.5091],[-0.2226,51.5082],[-0.2235,51.5081],[-0.224,51.509]]}},{"type":"Feature","properties":{"routeId":"144","name":"144","direction":"2","routeType":"regular","lengthKm":10.7,"stops":35},"geometry":{"type":"LineString","coordinates":[[-0.059,51.6254],[-0.0606,51.6245],[-0.0645,51.6145],[-0.0718,51.6149],[-0.073,51.6159],[-0.0812,51.6167],[-0.0866,51.6159],[-0.0867,51.6135],[-0.0856,51.6096],[-0.0858,51.6055],[-0.087,51.6028],[-0.0913,51.6013],[-0.092,51.598],[-0.0956,51.5982],[-0.1003,51.5996],[-0.1097,51.5971],[-0.1087,51.5946],[-0.1021,51.5896],[-0.1022,51.5904],[-0.1033,51.5904],[-0.1136,51.588],[-0.1292,51.5868],[-0.1341,51.5876],[-0.1422,51.591]]}},{"type":"Feature","properties":{"routeId":"143","name":"143","direction":"2","routeType":"regular","lengthKm":13,"stops":42},"geometry":{"type":"LineString","coordinates":[[-0.1353,51.5662],[-0.1436,51.5698],[-0.1498,51.5714],[-0.1498,51.5745],[-0.1551,51.5803],[-0.164,51.5862],[-0.1639,51.5895],[-0.1674,51.5898],[-0.1692,51.589],[-0.1889,51.5956],[-0.1818,51.6001],[-0.1889,51.6047],[-0.1959,51.5995],[-0.198,51.5971],[-0.1991,51.5982],[-0.2008,51.5978],[-0.2142,51.5902],[-0.2277,51.5897],[-0.2305,51.5859],[-0.227,51.5829],[-0.2246,51.5793],[-0.2179,51.5774],[-0.2193,51.5778],[-0.2205,51.5761],[-0.2234,51.5757]]}},{"type":"Feature","properties":{"routeId":"149","name":"149","direction":"1","routeType":"twentyfour","lengthKm":14.3,"stops":49},"geometry":{"type":"LineString","coordinates":[[-0.059,51.6254],[-0.0606,51.6245],[-0.0651,51.6115],[-0.0681,51.6074],[-0.0681,51.5975],[-0.0731,51.5782],[-0.0723,51.575],[-0.0732,51.5635],[-0.0711,51.5625],[-0.0688,51.5574],[-0.0746,51.5571],[-0.0771,51.5316],[-0.0781,51.5279],[-0.0773,51.5237],[-0.0797,51.5183],[-0.0866,51.5108],[-0.0883,51.5061],[-0.0868,51.5054]]}},{"type":"Feature","properties":{"routeId":"147","name":"147","direction":"2","routeType":"regular","lengthKm":10.9,"stops":39},"geometry":{"type":"LineString","coordinates":[[0.0087,51.5139],[0.0104,51.5126],[0.0117,51.5135],[0.0157,51.5136],[0.0141,51.5111],[0.0187,51.511],[0.0187,51.5096],[0.0342,51.5098],[0.0317,51.5135],[0.0321,51.5195],[0.0293,51.5259],[0.0358,51.53],[0.0544,51.5331],[0.0518,51.5371],[0.0506,51.541],[0.0552,51.5417],[0.0547,51.5438],[0.0573,51.5467],[0.0569,51.5483],[0.0599,51.5488],[0.0586,51.5544],[0.0697,51.5583],[0.0716,51.5566],[0.0758,51.5585],[0.0759,51.5595]]}},{"type":"Feature","properties":{"routeId":"153","name":"153","direction":"1","routeType":"regular","lengthKm":8.8,"stops":33},"geometry":{"type":"LineString","coordinates":[[-0.1057,51.565],[-0.1039,51.5643],[-0.1077,51.5631],[-0.1115,51.5582],[-0.1169,51.5561],[-0.11,51.5509],[-0.1108,51.5496],[-0.1147,51.5482],[-0.1104,51.5438],[-0.1134,51.5432],[-0.1139,51.5368],[-0.1111,51.5359],[-0.1116,51.534],[-0.1071,51.5346],[-0.1049,51.5295],[-0.1041,51.5252],[-0.1021,51.5225],[-0.0985,51.5233],[-0.0974,51.5219],[-0.0973,51.5201],[-0.0925,51.521],[-0.0874,51.5205],[-0.0877,51.5193],[-0.0842,51.5181],[-0.0855,51.5169],[-0.0847,51.5166],[-0.0836,51.5164],[-0.0827,51.518]]}},{"type":"Feature","properties":{"routeId":"152","name":"152","direction":"1","routeType":"regular","lengthKm":13.5,"stops":46},"geometry":{"type":"LineString","coordinates":[[-0.1281,51.3989],[-0.132,51.3956],[-0.1336,51.3964],[-0.1301,51.3995],[-0.1334,51.4001],[-0.144,51.4102],[-0.1466,51.4089],[-0.1487,51.4101],[-0.1513,51.4098],[-0.1536,51.4086],[-0.1541,51.4074],[-0.1567,51.4089],[-0.1585,51.4088],[-0.1615,51.4108],[-0.1638,51.4074],[-0.1641,51.4055],[-0.1668,51.4063],[-0.1727,51.4106],[-0.1785,51.4122],[-0.1794,51.4146],[-0.1783,51.4153],[-0.1783,51.4179],[-0.1821,51.4162],[-0.1994,51.4153],[-0.2159,51.4086],[-0.2179,51.4108],[-0.2297,51.4089],[-0.2295,51.407],[-0.2319,51.4068],[-0.2404,51.4036],[-0.2432,51.3992],[-0.2543,51.3988]]}},{"type":"Feature","properties":{"routeId":"151","name":"151","direction":"1","routeType":"regular","lengthKm":15.5,"stops":47},"geometry":{"type":"LineString","coordinates":[[-0.1512,51.3573],[-0.1494,51.3573],[-0.15,51.3604],[-0.1504,51.3612],[-0.151,51.3606],[-0.1504,51.3612],[-0.1515,51.364],[-0.1548,51.3685],[-0.1507,51.3732],[-0.1555,51.3795],[-0.1599,51.3773],[-0.1629,51.3737],[-0.1671,51.372],[-0.1694,51.3742],[-0.1734,51.3836],[-0.1824,51.3804],[-0.1901,51.384],[-0.1952,51.3686],[-0.1949,51.3677],[-0.1934,51.3677],[-0.191,51.3619],[-0.1896,51.3608],[-0.1945,51.3599],[-0.196,51.3613],[-0.2009,51.361],[-0.2164,51.3577],[-0.2206,51.364],[-0.2237,51.366],[-0.2276,51.3706],[-0.2457,51.3812]]}},{"type":"Feature","properties":{"routeId":"150","name":"150","direction":"1","routeType":"regular","lengthKm":15.1,"stops":46},"geometry":{"type":"LineString","coordinates":[[0.1496,51.5614],[0.128,51.5615],[0.1186,51.5632],[0.1098,51.5631],[0.0903,51.5589],[0.0833,51.559],[0.0817,51.56],[0.0791,51.5591],[0.0775,51.5598],[0.0724,51.5573],[0.0716,51.5586],[0.0701,51.5585],[0.069,51.5615],[0.0659,51.5649],[0.0663,51.5661],[0.0636,51.5709],[0.0662,51.5744],[0.0658,51.5766],[0.0722,51.5788],[0.0741,51.5815],[0.0805,51.5871],[0.0808,51.5885],[0.0853,51.5941],[0.0843,51.5948],[0.0848,51.5986],[0.0843,51.6019],[0.1105,51.6079],[0.1101,51.6086],[0.1131,51.61],[0.1155,51.6142],[0.1177,51.6161],[0.1143,51.6188]]}},{"type":"Feature","properties":{"routeId":"154","name":"154","direction":"1","routeType":"regular","lengthKm":17.1,"stops":47},"geometry":{"type":"LineString","coordinates":[[-0.1017,51.3789],[-0.0998,51.3797],[-0.0995,51.378],[-0.0966,51.374],[-0.0965,51.3707],[-0.1009,51.3706],[-0.1034,51.3685],[-0.106,51.3678],[-0.1154,51.3681],[-0.1173,51.3656],[-0.1218,51.3622],[-0.1299,51.3602],[-0.1286,51.3566],[-0.13,51.3529],[-0.1375,51.3527],[-0.1386,51.3565],[-0.1383,51.3596],[-0.1717,51.3534],[-0.1684,51.3627],[-0.1775,51.3629],[-0.1777,51.3663],[-0.1839,51.3655],[-0.1916,51.3669],[-0.1956,51.3661],[-0.1964,51.368],[-0.1952,51.3684],[-0.1904,51.3844],[-0.196,51.389],[-0.202,51.3921],[-0.2035,51.3921],[-0.2036,51.3928],[-0.2034,51.3944],[-0.2007,51.3958],[-0.2,51.3976],[-0.1966,51.4002],[-0.1972,51.4017],[-0.1954,51.4017]]}},{"type":"Feature","properties":{"routeId":"148","name":"148","direction":"2","routeType":"twentyfour","lengthKm":14.5,"stops":39},"geometry":{"type":"LineString","coordinates":[[-0.2237,51.5086],[-0.2227,51.5083],[-0.2226,51.5091],[-0.2246,51.5093],[-0.2246,51.5052],[-0.2181,51.5044],[-0.2008,51.5086],[-0.1916,51.51],[-0.1585,51.5133],[-0.1567,51.5103],[-0.151,51.5055],[-0.1509,51.5034],[-0.1498,51.5031],[-0.1513,51.5017],[-0.1471,51.4983],[-0.1439,51.4981],[-0.145,51.4961],[-0.1341,51.4978],[-0.1278,51.5002],[-0.1273,51.5011],[-0.1159,51.5008],[-0.1103,51.4983],[-0.1045,51.4988],[-0.1009,51.4956],[-0.1005,51.4936],[-0.0989,51.493],[-0.094,51.4855],[-0.0946,51.4829],[-0.093,51.4736]]}},{"type":"Feature","properties":{"routeId":"155","name":"155","direction":"1","routeType":"regular","lengthKm":10.6,"stops":36},"geometry":{"type":"LineString","coordinates":[[-0.1761,51.4246],[-0.1727,51.4236],[-0.1711,51.4248],[-0.1628,51.4338],[-0.157,51.4376],[-0.1554,51.4405],[-0.1482,51.4486],[-0.1473,51.4532],[-0.1414,51.4596],[-0.1377,51.4621],[-0.1297,51.4653],[-0.1277,51.4681],[-0.122,51.4726],[-0.1009,51.493],[-0.1009,51.4956],[-0.1046,51.4984],[-0.1065,51.4977]]}},{"type":"Feature","properties":{"routeId":"156","name":"156","direction":"1","routeType":"regular","lengthKm":12.6,"stops":38},"geometry":{"type":"LineString","coordinates":[[-0.2035,51.4189],[-0.2042,51.4186],[-0.2077,51.4214],[-0.2032,51.4242],[-0.2003,51.4272],[-0.1908,51.4276],[-0.1909,51.4295],[-0.1945,51.4321],[-0.1972,51.4369],[-0.1968,51.4405],[-0.1999,51.4497],[-0.1973,51.453],[-0.1972,51.4549],[-0.1944,51.4571],[-0.195,51.4586],[-0.1907,51.4592],[-0.1894,51.4569],[-0.1755,51.4607],[-0.1676,51.4638],[-0.1505,51.4663],[-0.1481,51.4736],[-0.1464,51.4748],[-0.1483,51.4764],[-0.1349,51.4827],[-0.1284,51.4848],[-0.1263,51.4846],[-0.1248,51.4853],[-0.1246,51.4848]]}},{"type":"Feature","properties":{"routeId":"149","name":"149","direction":"2","routeType":"twentyfour","lengthKm":14.1,"stops":54},"geometry":{"type":"LineString","coordinates":[[-0.0866,51.5053],[-0.0869,51.5047],[-0.0889,51.5057],[-0.0869,51.5104],[-0.0799,51.5181],[-0.0773,51.5237],[-0.078,51.5283],[-0.0771,51.5316],[-0.0767,51.5396],[-0.0731,51.5636],[-0.0723,51.575],[-0.0731,51.5782],[-0.0723,51.5838],[-0.0681,51.5974],[-0.068,51.6076],[-0.0651,51.6115],[-0.0607,51.625],[-0.0589,51.6252]]}},{"type":"Feature","properties":{"routeId":"151","name":"151","direction":"2","routeType":"regular","lengthKm":14.7,"stops":43},"geometry":{"type":"LineString","coordinates":[[-0.2457,51.3812],[-0.2279,51.3709],[-0.2237,51.366],[-0.2206,51.364],[-0.2164,51.3577],[-0.2012,51.361],[-0.1943,51.3615],[-0.1964,51.368],[-0.1952,51.3684],[-0.1899,51.3848],[-0.1899,51.384],[-0.1824,51.3804],[-0.1734,51.3836],[-0.1716,51.3806],[-0.1694,51.3742],[-0.1671,51.372],[-0.1629,51.3737],[-0.1599,51.3773],[-0.1555,51.3795],[-0.1507,51.3732],[-0.1548,51.3684],[-0.1517,51.3644],[-0.15,51.3604],[-0.1498,51.3594],[-0.1515,51.3591],[-0.1512,51.3573]]}},{"type":"Feature","properties":{"routeId":"152","name":"152","direction":"2","routeType":"regular","lengthKm":12.4,"stops":42},"geometry":{"type":"LineString","coordinates":[[-0.2535,51.3988],[-0.2437,51.3995],[-0.2414,51.4033],[-0.232,51.4069],[-0.2295,51.4071],[-0.2299,51.4088],[-0.2268,51.4097],[-0.218,51.4108],[-0.216,51.4087],[-0.1994,51.4153],[-0.1821,51.4162],[-0.1783,51.4179],[-0.1785,51.4122],[-0.1727,51.4106],[-0.1669,51.4063],[-0.1641,51.4055],[-0.1616,51.4109],[-0.1587,51.4089],[-0.1565,51.4088],[-0.1547,51.4076],[-0.1513,51.4098],[-0.1487,51.4101],[-0.1464,51.4089],[-0.144,51.4102],[-0.1333,51.4002],[-0.1281,51.3989]]}},{"type":"Feature","properties":{"routeId":"157","name":"157","direction":"1","routeType":"regular","lengthKm":19.2,"stops":66},"geometry":{"type":"LineString","coordinates":[[-0.0781,51.4205],[-0.0785,51.4199],[-0.0755,51.4191],[-0.0641,51.41],[-0.0596,51.4086],[-0.0676,51.4046],[-0.076,51.3986],[-0.0824,51.3965],[-0.0857,51.3945],[-0.0872,51.3933],[-0.089,51.3894],[-0.0965,51.3871],[-0.0986,51.3829],[-0.0976,51.3824],[-0.0991,51.3818],[-0.0998,51.3797],[-0.1015,51.3793],[-0.103,51.3776],[-0.1039,51.3757],[-0.1031,51.3751],[-0.1056,51.3736],[-0.1064,51.375],[-0.1073,51.375],[-0.11,51.3727],[-0.1099,51.3718],[-0.1112,51.3716],[-0.1154,51.3683],[-0.1204,51.3631],[-0.1264,51.3608],[-0.1405,51.3593],[-0.1494,51.3573],[-0.1504,51.3612],[-0.151,51.3606],[-0.1504,51.3612],[-0.1511,51.3632],[-0.157,51.3649],[-0.1581,51.3662],[-0.1635,51.3652],[-0.1665,51.371],[-0.1662,51.3719],[-0.1676,51.3719],[-0.1686,51.3707],[-0.1748,51.3726],[-0.1765,51.3741],[-0.1791,51.3789],[-0.1905,51.384],[-0.1868,51.3979],[-0.1903,51.4016],[-0.1948,51.402]]}},{"type":"Feature","properties":{"routeId":"153","name":"153","direction":"2","routeType":"regular","lengthKm":8.8,"stops":33},"geometry":{"type":"LineString","coordinates":[[-0.0827,51.518],[-0.0836,51.5163],[-0.0887,51.5173],[-0.0874,51.5205],[-0.0924,51.521],[-0.0974,51.5201],[-0.0975,51.5222],[-0.0985,51.5233],[-0.1021,51.5225],[-0.1041,51.5252],[-0.1049,51.5295],[-0.1071,51.5346],[-0.1116,51.534],[-0.1111,51.5359],[-0.1139,51.5368],[-0.1134,51.5432],[-0.1104,51.5438],[-0.1147,51.5482],[-0.1093,51.5504],[-0.1195,51.5578],[-0.1057,51.5643]]}},{"type":"Feature","properties":{"routeId":"150","name":"150","direction":"2","routeType":"regular","lengthKm":15.3,"stops":47},"geometry":{"type":"LineString","coordinates":[[0.1139,51.6192],[0.1178,51.6162],[0.1154,51.6141],[0.1131,51.61],[0.1101,51.6086],[0.1105,51.6079],[0.0843,51.6019],[0.0848,51.5986],[0.0843,51.5948],[0.0856,51.5937],[0.0819,51.59],[0.0802,51.5867],[0.0741,51.5815],[0.0727,51.5791],[0.0662,51.5763],[0.066,51.5738],[0.0636,51.5709],[0.0663,51.5661],[0.066,51.5648],[0.0702,51.5592],[0.0703,51.5573],[0.0723,51.5568],[0.0758,51.5585],[0.0756,51.5594],[0.0797,51.5596],[0.0814,51.5606],[0.0822,51.5592],[0.0903,51.5589],[0.1098,51.5631],[0.1187,51.5632],[0.128,51.5615],[0.1495,51.5614]]}},{"type":"Feature","properties":{"routeId":"154","name":"154","direction":"2","routeType":"regular","lengthKm":17,"stops":48},"geometry":{"type":"LineString","coordinates":[[-0.194,51.4025],[-0.1916,51.4034],[-0.1937,51.4026],[-0.1997,51.3978],[-0.2007,51.3957],[-0.2033,51.3944],[-0.2035,51.3928],[-0.2033,51.3921],[-0.2019,51.3922],[-0.1962,51.3894],[-0.1901,51.3846],[-0.1945,51.3718],[-0.195,51.3677],[-0.1935,51.3677],[-0.193,51.3666],[-0.1897,51.3667],[-0.1861,51.3656],[-0.1777,51.3663],[-0.1775,51.3629],[-0.1684,51.3627],[-0.1717,51.3534],[-0.1379,51.3596],[-0.1386,51.3567],[-0.1375,51.3527],[-0.1302,51.3528],[-0.1286,51.3566],[-0.1302,51.3603],[-0.1218,51.3622],[-0.1173,51.3656],[-0.1156,51.3681],[-0.1064,51.368],[-0.1018,51.3705],[-0.097,51.371],[-0.0971,51.3743],[-0.0998,51.3784],[-0.101,51.3787]]}},{"type":"Feature","properties":{"routeId":"155","name":"155","direction":"2","routeType":"regular","lengthKm":10.6,"stops":36},"geometry":{"type":"LineString","coordinates":[[-0.1023,51.4968],[-0.1009,51.4956],[-0.1005,51.4933],[-0.122,51.4726],[-0.1278,51.468],[-0.1297,51.4653],[-0.1377,51.462],[-0.1415,51.4595],[-0.1473,51.4532],[-0.1482,51.4486],[-0.1551,51.4408],[-0.157,51.4376],[-0.1628,51.4338],[-0.168,51.4279],[-0.174,51.43],[-0.1796,51.4271],[-0.177,51.4249]]}},{"type":"Feature","properties":{"routeId":"158","name":"158","direction":"1","routeType":"regular","lengthKm":12.1,"stops":44},"geometry":{"type":"LineString","coordinates":[[-0.0183,51.6172],[-0.0175,51.6169],[-0.018,51.6103],[-0.0165,51.6049],[-0.0166,51.6016],[-0.0159,51.6006],[-0.0408,51.5986],[-0.0414,51.597],[-0.04,51.5938],[-0.0396,51.589],[-0.0406,51.5872],[-0.0371,51.5835],[-0.0336,51.5815],[-0.0326,51.5798],[-0.0309,51.5801],[-0.0297,51.5753],[-0.0198,51.5647],[-0.0162,51.5632],[-0.0112,51.5645],[-0.0096,51.5603],[-0.0069,51.5585],[-0.0055,51.5559],[-0.0042,51.551],[-0.005,51.5508],[-0.0014,51.5472],[0,51.5448],[-0.0004,51.5441],[0.0005,51.5431],[-0.0017,51.5421],[-0.0013,51.5404],[-0.002,51.5403],[-0.0023,51.5414]]}},{"type":"Feature","properties":{"routeId":"156","name":"156","direction":"2","routeType":"regular","lengthKm":11.9,"stops":37},"geometry":{"type":"LineString","coordinates":[[-0.1245,51.4853],[-0.125,51.4844],[-0.1286,51.4846],[-0.136,51.4823],[-0.1483,51.4764],[-0.1464,51.4748],[-0.1481,51.4736],[-0.1505,51.4663],[-0.1671,51.4639],[-0.1797,51.4597],[-0.1796,51.4583],[-0.1897,51.4568],[-0.1943,51.457],[-0.1968,51.4553],[-0.1982,51.4513],[-0.1999,51.4497],[-0.1968,51.4406],[-0.1973,51.4372],[-0.1945,51.4321],[-0.1908,51.4294],[-0.1908,51.4276],[-0.2003,51.4272],[-0.2028,51.4246],[-0.2077,51.4214],[-0.2054,51.4206]]}},{"type":"Feature","properties":{"routeId":"159","name":"159","direction":"1","routeType":"twentyfour","lengthKm":11.8,"stops":38},"geometry":{"type":"LineString","coordinates":[[-0.1312,51.4254],[-0.1309,51.4295],[-0.1295,51.4307],[-0.1277,51.4371],[-0.1246,51.442],[-0.1241,51.4483],[-0.1158,51.4612],[-0.1125,51.4685],[-0.1124,51.4773],[-0.1108,51.4811],[-0.1115,51.4825],[-0.1102,51.4843],[-0.1113,51.4857],[-0.1109,51.4954],[-0.1125,51.4989],[-0.1157,51.5006],[-0.1263,51.501],[-0.1262,51.5041],[-0.1277,51.5072],[-0.1326,51.5071],[-0.1351,51.51],[-0.1382,51.5103],[-0.1419,51.5146]]}},{"type":"Feature","properties":{"routeId":"157","name":"157","direction":"2","routeType":"regular","lengthKm":18.8,"stops":64},"geometry":{"type":"LineString","coordinates":[[-0.194,51.4025],[-0.1916,51.4034],[-0.1867,51.3979],[-0.19,51.3841],[-0.1791,51.3789],[-0.1765,51.3741],[-0.1747,51.3726],[-0.1694,51.3711],[-0.1662,51.3719],[-0.1665,51.371],[-0.1635,51.3652],[-0.1581,51.3662],[-0.157,51.3649],[-0.1511,51.3632],[-0.1494,51.3573],[-0.1405,51.3593],[-0.127,51.3607],[-0.1204,51.3631],[-0.1171,51.3658],[-0.1161,51.3678],[-0.1112,51.3716],[-0.1099,51.3718],[-0.11,51.3727],[-0.1089,51.3737],[-0.1072,51.3731],[-0.1068,51.3742],[-0.1058,51.3739],[-0.1025,51.3781],[-0.1,51.3797],[-0.0986,51.3826],[-0.0998,51.3832],[-0.0981,51.3838],[-0.0965,51.3871],[-0.089,51.3894],[-0.0875,51.393],[-0.0857,51.3945],[-0.0824,51.3965],[-0.0763,51.3985],[-0.0677,51.4045],[-0.0596,51.4086],[-0.0643,51.4101],[-0.0755,51.4191],[-0.0785,51.4199],[-0.0782,51.4208]]}},{"type":"Feature","properties":{"routeId":"165","name":"165","direction":"1","routeType":"regular","lengthKm":17.7,"stops":55},"geometry":{"type":"LineString","coordinates":[[0.1787,51.5756],[0.178,51.5753],[0.1769,51.5765],[0.1779,51.5802],[0.1842,51.5806],[0.1862,51.5781],[0.1833,51.5763],[0.184,51.5756],[0.1834,51.5752],[0.1839,51.5723],[0.1861,51.5706],[0.198,51.5743],[0.2041,51.5747],[0.2056,51.5753],[0.208,51.5784],[0.2112,51.5752],[0.2179,51.5735],[0.2196,51.5702],[0.2201,51.5623],[0.2216,51.5613],[0.2181,51.5628],[0.2128,51.5629],[0.2091,51.5587],[0.207,51.5536],[0.1989,51.551],[0.2001,51.5484],[0.1948,51.5441],[0.1925,51.54],[0.198,51.5365],[0.192,51.5337],[0.1901,51.5292],[0.1871,51.5275],[0.1846,51.5244],[0.1829,51.5243],[0.1814,51.5231],[0.1867,51.5219],[0.1903,51.522],[0.1895,51.5198],[0.194,51.5189],[0.2184,51.5229],[0.2172,51.5262],[0.2119,51.5255],[0.211,51.5288],[0.2135,51.5293]]}},{"type":"Feature","properties":{"routeId":"160","name":"160","direction":"1","routeType":"regular","lengthKm":17.9,"stops":48},"geometry":{"type":"LineString","coordinates":[[-0.0228,51.4461],[-0.023,51.4447],[-0.0205,51.4449],[-0.0193,51.4461],[-0.0175,51.4459],[-0.0179,51.4438],[-0.0096,51.4421],[0.0038,51.4422],[0.0044,51.4453],[0.0131,51.446],[0.0216,51.448],[0.0318,51.451],[0.0363,51.4532],[0.0367,51.4529],[0.0356,51.4492],[0.04,51.4453],[0.0432,51.4468],[0.0446,51.4491],[0.0469,51.4498],[0.0472,51.4515],[0.0519,51.4508],[0.0634,51.4508],[0.0642,51.4489],[0.0628,51.4475],[0.0629,51.4447],[0.0659,51.4423],[0.0686,51.4413],[0.0722,51.4376],[0.0634,51.4349],[0.0641,51.4268],[0.0647,51.4256],[0.0672,51.426],[0.0724,51.4244],[0.0689,51.4208],[0.07,51.4176],[0.0695,51.4162],[0.0742,51.4125],[0.0986,51.4194],[0.101,51.4237],[0.1012,51.4284],[0.1027,51.4329],[0.1057,51.4329],[0.1056,51.4335],[0.1035,51.4337],[0.1048,51.4336]]}},{"type":"Feature","properties":{"routeId":"162","name":"162","direction":"1","routeType":"regular","lengthKm":20.3,"stops":61},"geometry":{"type":"LineString","coordinates":[[-0.0256,51.4107],[-0.0251,51.4088],[-0.0212,51.4079],[-0.0196,51.4065],[-0.0181,51.3993],[-0.0083,51.3992],[-0.0047,51.3972],[0.0001,51.392],[0.0173,51.3991],[0.0154,51.4024],[0.0187,51.4029],[0.0185,51.4063],[0.0235,51.4071],[0.0342,51.406],[0.0446,51.4015],[0.0551,51.402],[0.0651,51.4096],[0.0742,51.4125],[0.0653,51.42],[0.0698,51.4213],[0.0737,51.4264],[0.0755,51.4268],[0.0763,51.4286],[0.0737,51.4312],[0.0712,51.4318],[0.0704,51.4306],[0.0659,51.4286],[0.0661,51.4259],[0.0647,51.4256],[0.0634,51.4349],[0.07,51.4366],[0.0796,51.4415],[0.0818,51.4453],[0.0806,51.4501],[0.0761,51.4517],[0.0697,51.4521],[0.0634,51.4507],[0.0521,51.4508],[0.0512,51.4549],[0.0525,51.4553]]}},{"type":"Feature","properties":{"routeId":"158","name":"158","direction":"2","routeType":"regular","lengthKm":11.5,"stops":44},"geometry":{"type":"LineString","coordinates":[[-0.0018,51.5413],[-0.0016,51.5423],[0.0005,51.5432],[-0.0012,51.547],[-0.0034,51.549],[-0.0024,51.5493],[-0.005,51.5526],[-0.0053,51.5554],[-0.0069,51.5585],[-0.0096,51.5603],[-0.0107,51.5625],[-0.0125,51.564],[-0.0164,51.5632],[-0.0198,51.5647],[-0.029,51.5743],[-0.031,51.5801],[-0.0326,51.5798],[-0.0336,51.5815],[-0.0371,51.5835],[-0.0406,51.5874],[-0.0396,51.5891],[-0.0399,51.5937],[-0.0414,51.5971],[-0.0408,51.5986],[-0.0254,51.5996],[-0.0169,51.6013],[-0.0165,51.6049],[-0.0181,51.6113],[-0.0176,51.6172]]}},{"type":"Feature","properties":{"routeId":"166","name":"166","direction":"1","routeType":"regular","lengthKm":26.9,"stops":66},"geometry":{"type":"LineString","coordinates":[[-0.2748,51.3262],[-0.2801,51.3248],[-0.2794,51.3211],[-0.2774,51.3214],[-0.2698,51.3253],[-0.2706,51.3286],[-0.2703,51.3329],[-0.2641,51.3342],[-0.2555,51.3348],[-0.2488,51.329],[-0.2441,51.3273],[-0.2449,51.3255],[-0.2431,51.3214],[-0.2429,51.3173],[-0.2368,51.3167],[-0.2357,51.3188],[-0.2332,51.3204],[-0.2323,51.3248],[-0.2344,51.3277],[-0.2326,51.3261],[-0.2316,51.3268],[-0.2151,51.3285],[-0.2084,51.3278],[-0.2069,51.3239],[-0.2049,51.3219],[-0.1952,51.3246],[-0.1941,51.3269],[-0.1838,51.3314],[-0.1721,51.3347],[-0.1675,51.3348],[-0.1699,51.3301],[-0.1694,51.3247],[-0.1705,51.3244],[-0.1699,51.3226],[-0.1712,51.3152],[-0.1707,51.3136],[-0.1681,51.3128],[-0.164,51.3157],[-0.1648,51.3157],[-0.1601,51.3171],[-0.1482,51.3194],[-0.1439,51.3192],[-0.1408,51.32],[-0.1382,51.3209],[-0.1273,51.3286],[-0.1174,51.3381],[-0.1195,51.3394],[-0.1167,51.3401],[-0.1119,51.3439],[-0.1109,51.3451],[-0.1114,51.3467],[-0.108,51.3493],[-0.1054,51.3556],[-0.1065,51.3591],[-0.1062,51.3624],[-0.0985,51.3638],[-0.1002,51.3708],[-0.0984,51.3709],[-0.0987,51.3734],[-0.0969,51.3738],[-0.0998,51.3784],[-0.101,51.3787]]}},{"type":"Feature","properties":{"routeId":"164","name":"164","direction":"1","routeType":"regular","lengthKm":11,"stops":33},"geometry":{"type":"LineString","coordinates":[[-0.1908,51.359],[-0.1901,51.3596],[-0.1895,51.3589],[-0.1912,51.3585],[-0.192,51.3604],[-0.1947,51.3599],[-0.1954,51.361],[-0.1942,51.3617],[-0.1945,51.3633],[-0.1964,51.368],[-0.1952,51.3684],[-0.1902,51.3838],[-0.1868,51.3979],[-0.1916,51.4033],[-0.1966,51.4005],[-0.1975,51.4018],[-0.214,51.4038],[-0.2185,51.4068],[-0.2193,51.4077],[-0.2093,51.4109],[-0.202,51.4145],[-0.204,51.4185],[-0.2065,51.4209],[-0.2077,51.4214],[-0.2094,51.4203],[-0.2104,51.4206],[-0.2097,51.4211]]}},{"type":"Feature","properties":{"routeId":"159","name":"159","direction":"2","routeType":"twentyfour","lengthKm":11.9,"stops":39},"geometry":{"type":"LineString","coordinates":[[-0.1417,51.5146],[-0.1382,51.5103],[-0.1334,51.5101],[-0.1311,51.5077],[-0.1275,51.5076],[-0.1262,51.5043],[-0.1261,51.501],[-0.1159,51.5008],[-0.1125,51.4989],[-0.1109,51.4954],[-0.1113,51.4856],[-0.11,51.4845],[-0.1115,51.4825],[-0.1108,51.4811],[-0.1123,51.4777],[-0.1128,51.4675],[-0.1156,51.4613],[-0.124,51.4484],[-0.1245,51.4418],[-0.1277,51.4367],[-0.1295,51.4307],[-0.1309,51.4295],[-0.1308,51.4254],[-0.1318,51.4253]]}},{"type":"Feature","properties":{"routeId":"163","name":"163","direction":"1","routeType":"regular","lengthKm":8.5,"stops":27},"geometry":{"type":"LineString","coordinates":[[-0.1931,51.4028],[-0.1964,51.4005],[-0.1975,51.4018],[-0.1994,51.4015],[-0.2017,51.3994],[-0.2118,51.397],[-0.2169,51.393],[-0.223,51.3909],[-0.2235,51.3928],[-0.2287,51.3981],[-0.2299,51.4088],[-0.218,51.4108],[-0.216,51.4087],[-0.2093,51.4109],[-0.202,51.4145],[-0.204,51.4185],[-0.2065,51.4209],[-0.2077,51.4214],[-0.2094,51.4203],[-0.2104,51.4206],[-0.2097,51.4211]]}},{"type":"Feature","properties":{"routeId":"169","name":"169","direction":"1","routeType":"regular","lengthKm":10.3,"stops":35},"geometry":{"type":"LineString","coordinates":[[0.0609,51.5963],[0.0619,51.5974],[0.0645,51.5976],[0.0856,51.5937],[0.0808,51.5885],[0.0844,51.5878],[0.0855,51.5868],[0.0835,51.5786],[0.0835,51.5652],[0.0824,51.5638],[0.076,51.5613],[0.0758,51.5585],[0.0724,51.5573],[0.0716,51.5586],[0.0701,51.5582],[0.0705,51.5569],[0.0716,51.5565],[0.0713,51.5558],[0.0776,51.5446],[0.0834,51.5409],[0.0806,51.5388],[0.0785,51.5395],[0.079,51.5382],[0.0755,51.5377]]}},{"type":"Feature","properties":{"routeId":"162","name":"162","direction":"2","routeType":"regular","lengthKm":20,"stops":57},"geometry":{"type":"LineString","coordinates":[[0.0521,51.4551],[0.0512,51.4549],[0.0521,51.4508],[0.0634,51.4508],[0.0696,51.4521],[0.0807,51.4506],[0.0819,51.4452],[0.0794,51.4414],[0.0703,51.4367],[0.0634,51.4349],[0.0647,51.4256],[0.0661,51.4259],[0.0659,51.4286],[0.0703,51.4305],[0.0712,51.4318],[0.0738,51.4311],[0.0763,51.4286],[0.0755,51.4268],[0.0737,51.4264],[0.0689,51.4208],[0.07,51.4176],[0.0695,51.4162],[0.0742,51.4125],[0.0651,51.4096],[0.0551,51.402],[0.0446,51.4015],[0.0342,51.406],[0.0229,51.4071],[0.0187,51.4063],[0.0188,51.4029],[0.0155,51.4025],[0.0173,51.3991],[0.0001,51.392],[-0.005,51.3974],[-0.0083,51.3992],[-0.0183,51.3991],[-0.0196,51.4063],[-0.0214,51.408],[-0.0251,51.4088],[-0.025,51.4102],[-0.026,51.4105],[-0.0256,51.4107]]}},{"type":"Feature","properties":{"routeId":"171","name":"171","direction":"1","routeType":"regular","lengthKm":14.2,"stops":51},"geometry":{"type":"LineString","coordinates":[[-0.0185,51.4366],[-0.0207,51.4405],[-0.0203,51.4448],[-0.0251,51.4443],[-0.0322,51.4419],[-0.0426,51.4422],[-0.0426,51.4466],[-0.0392,51.4522],[-0.034,51.4587],[-0.0342,51.4605],[-0.0366,51.465],[-0.0354,51.4712],[-0.0329,51.4731],[-0.0353,51.4751],[-0.0373,51.4756],[-0.0528,51.473],[-0.0656,51.4739],[-0.0656,51.4724],[-0.0697,51.472],[-0.0699,51.4733],[-0.0758,51.4743],[-0.0875,51.4735],[-0.0931,51.474],[-0.0946,51.4829],[-0.094,51.4855],[-0.0989,51.493],[-0.1007,51.4935],[-0.1009,51.4956],[-0.1046,51.4984],[-0.1065,51.4977]]}},{"type":"Feature","properties":{"routeId":"167","name":"167","direction":"1","routeType":"regular","lengthKm":13.8,"stops":37},"geometry":{"type":"LineString","coordinates":[[0.0769,51.5597],[0.0731,51.5574],[0.0722,51.5574],[0.0716,51.5586],[0.0701,51.5585],[0.069,51.5615],[0.0659,51.5649],[0.0663,51.5661],[0.0636,51.5711],[0.0662,51.5744],[0.0658,51.5766],[0.0727,51.5791],[0.0741,51.5815],[0.0805,51.5871],[0.0808,51.5885],[0.0853,51.5941],[0.0843,51.5948],[0.0844,51.6035],[0.0806,51.613],[0.0772,51.6178],[0.0745,51.6183],[0.0767,51.6208],[0.0703,51.622],[0.066,51.6254],[0.0625,51.6265],[0.0512,51.6274],[0.0462,51.6271],[0.046,51.6266],[0.0462,51.6271],[0.0481,51.6271],[0.0487,51.6291],[0.0559,51.6356],[0.0614,51.6388],[0.0568,51.643],[0.0543,51.6427],[0.0547,51.6422]]}},{"type":"Feature","properties":{"routeId":"161","name":"161","direction":"1","routeType":"regular","lengthKm":18.1,"stops":48},"geometry":{"type":"LineString","coordinates":[[0.0748,51.4124],[0.0711,51.4147],[0.0658,51.4197],[0.0566,51.426],[0.0451,51.4362],[0.0511,51.4397],[0.0513,51.442],[0.0524,51.4433],[0.0528,51.4471],[0.0515,51.4495],[0.0521,51.4518],[0.0496,51.4602],[0.049,51.4605],[0.055,51.4711],[0.0478,51.4725],[0.0474,51.4742],[0.0508,51.4769],[0.053,51.4804],[0.0619,51.4825],[0.0634,51.4871],[0.0686,51.49],[0.0732,51.4892],[0.073,51.4909],[0.0683,51.4918],[0.0658,51.4936],[0.064,51.4939],[0.0505,51.4921],[0.0456,51.4925],[0.0348,51.4886],[0.0179,51.4863],[0.0172,51.4869],[0.0174,51.4891],[0.0119,51.4905],[0.0148,51.4929],[0.0082,51.4966],[0.0065,51.4993],[0.0034,51.4997],[0.0029,51.5006]]}},{"type":"Feature","properties":{"routeId":"165","name":"165","direction":"2","routeType":"regular","lengthKm":17.3,"stops":56},"geometry":{"type":"LineString","coordinates":[[0.2135,51.5293],[0.2145,51.5259],[0.2172,51.5262],[0.2184,51.5229],[0.1913,51.5184],[0.1893,51.5192],[0.1894,51.5199],[0.1908,51.5194],[0.1891,51.5197],[0.1898,51.5216],[0.1813,51.5229],[0.1826,51.5242],[0.1846,51.5245],[0.1872,51.5275],[0.1901,51.5292],[0.1922,51.534],[0.198,51.5365],[0.1925,51.54],[0.1948,51.5441],[0.1998,51.5484],[0.1987,51.551],[0.207,51.5536],[0.2091,51.5587],[0.2128,51.5629],[0.2181,51.5628],[0.2216,51.5613],[0.2209,51.5612],[0.2201,51.5623],[0.22,51.5675],[0.2192,51.568],[0.2196,51.5702],[0.218,51.5733],[0.2115,51.5751],[0.2079,51.578],[0.2044,51.5748],[0.1982,51.5744],[0.1861,51.5706],[0.184,51.572],[0.1836,51.5748],[0.1824,51.5763],[0.1857,51.5783],[0.184,51.5801],[0.1816,51.5806],[0.178,51.5797],[0.1771,51.5769],[0.1784,51.5765],[0.1783,51.5759]]}},{"type":"Feature","properties":{"routeId":"169","name":"169","direction":"2","routeType":"regular","lengthKm":10.2,"stops":36},"geometry":{"type":"LineString","coordinates":[[0.0783,51.5381],[0.0791,51.5383],[0.078,51.5393],[0.0806,51.5388],[0.0826,51.5404],[0.0827,51.5414],[0.0776,51.5446],[0.0712,51.5564],[0.0677,51.5575],[0.0697,51.5583],[0.0708,51.5567],[0.0736,51.5572],[0.0758,51.5585],[0.076,51.5613],[0.0824,51.5638],[0.0834,51.565],[0.084,51.5674],[0.0835,51.5786],[0.0855,51.5868],[0.0844,51.5878],[0.0807,51.5883],[0.0849,51.5936],[0.0645,51.5976],[0.0619,51.5974],[0.0609,51.5963]]}},{"type":"Feature","properties":{"routeId":"160","name":"160","direction":"2","routeType":"regular","lengthKm":17.6,"stops":52},"geometry":{"type":"LineString","coordinates":[[0.1054,51.4335],[0.1057,51.4329],[0.1027,51.4329],[0.1012,51.4284],[0.101,51.4237],[0.0999,51.4226],[0.0984,51.4186],[0.0936,51.4182],[0.0902,51.4166],[0.0823,51.4152],[0.0779,51.4131],[0.0742,51.4125],[0.0653,51.42],[0.0685,51.4214],[0.0691,51.4208],[0.0724,51.4244],[0.067,51.4261],[0.0647,51.4256],[0.0634,51.4349],[0.0722,51.4376],[0.0684,51.4415],[0.0659,51.4423],[0.063,51.4446],[0.0628,51.4478],[0.0643,51.4492],[0.0634,51.4507],[0.0472,51.4514],[0.047,51.4498],[0.0446,51.4491],[0.0433,51.4469],[0.04,51.4453],[0.0356,51.4492],[0.0364,51.4528],[0.0296,51.45],[0.0138,51.446],[0.0045,51.4452],[0.0038,51.4422],[-0.0095,51.4421],[-0.0203,51.4448],[-0.0241,51.4447]]}},{"type":"Feature","properties":{"routeId":"170","name":"170","direction":"1","routeType":"regular","lengthKm":13.5,"stops":41},"geometry":{"type":"LineString","coordinates":[[-0.2483,51.4522],[-0.2456,51.4503],[-0.2416,51.4496],[-0.2364,51.4504],[-0.2368,51.4512],[-0.2341,51.4517],[-0.2209,51.4535],[-0.223,51.4491],[-0.2224,51.4487],[-0.211,51.454],[-0.2029,51.4567],[-0.1979,51.4571],[-0.1978,51.4579],[-0.1907,51.4592],[-0.1897,51.4569],[-0.1852,51.4577],[-0.1678,51.4638],[-0.1693,51.4661],[-0.1767,51.4639],[-0.1785,51.4668],[-0.1768,51.4692],[-0.1775,51.4708],[-0.177,51.4739],[-0.1717,51.4761],[-0.1699,51.4783],[-0.1735,51.4821],[-0.1644,51.4837],[-0.1553,51.49],[-0.1495,51.491],[-0.1453,51.4962],[-0.1441,51.4962]]}},{"type":"Feature","properties":{"routeId":"171","name":"171","direction":"2","routeType":"regular","lengthKm":14.4,"stops":47},"geometry":{"type":"LineString","coordinates":[[-0.1021,51.4966],[-0.1009,51.4956],[-0.1005,51.4936],[-0.0983,51.4922],[-0.094,51.4855],[-0.0943,51.4798],[-0.0929,51.4741],[-0.0867,51.4735],[-0.0755,51.4743],[-0.0704,51.4734],[-0.0623,51.4741],[-0.0534,51.4729],[-0.0329,51.4759],[-0.0319,51.4737],[-0.0354,51.4712],[-0.0366,51.465],[-0.0341,51.4603],[-0.034,51.4587],[-0.0391,51.4524],[-0.0426,51.4466],[-0.0425,51.4423],[-0.032,51.442],[-0.0251,51.4443],[-0.0205,51.4449],[-0.0193,51.4461],[-0.0175,51.4459],[-0.018,51.4439],[-0.0203,51.444],[-0.0206,51.4411],[-0.0179,51.4349]]}},{"type":"Feature","properties":{"routeId":"163","name":"163","direction":"2","routeType":"regular","lengthKm":8,"stops":26},"geometry":{"type":"LineString","coordinates":[[-0.2096,51.4212],[-0.2083,51.422],[-0.2031,51.4198],[-0.2027,51.4191],[-0.204,51.4185],[-0.202,51.4145],[-0.2159,51.4086],[-0.2181,51.4108],[-0.2299,51.4088],[-0.2283,51.3973],[-0.2224,51.3912],[-0.2169,51.393],[-0.2118,51.397],[-0.2017,51.3994],[-0.1994,51.4015],[-0.1954,51.4017]]}},{"type":"Feature","properties":{"routeId":"164","name":"164","direction":"2","routeType":"regular","lengthKm":10.5,"stops":34},"geometry":{"type":"LineString","coordinates":[[-0.2096,51.4212],[-0.2083,51.422],[-0.2031,51.4198],[-0.2027,51.4191],[-0.204,51.4185],[-0.202,51.4145],[-0.2093,51.4109],[-0.2192,51.4076],[-0.2186,51.4069],[-0.2153,51.4045],[-0.211,51.403],[-0.2035,51.4027],[-0.1994,51.4015],[-0.1951,51.4017],[-0.1916,51.4034],[-0.1867,51.3979],[-0.1896,51.3846],[-0.1914,51.3812],[-0.1952,51.3686],[-0.1949,51.3677],[-0.1934,51.3677],[-0.191,51.3619],[-0.1898,51.3615],[-0.1897,51.3607],[-0.1917,51.3603],[-0.1912,51.3586],[-0.1908,51.359]]}},{"type":"Feature","properties":{"routeId":"166","name":"166","direction":"2","routeType":"regular","lengthKm":24.8,"stops":64},"geometry":{"type":"LineString","coordinates":[[-0.1011,51.379],[-0.0998,51.3797],[-0.0995,51.378],[-0.0967,51.3741],[-0.0987,51.3734],[-0.0985,51.3724],[-0.1004,51.3724],[-0.0985,51.3638],[-0.1061,51.3623],[-0.1065,51.3591],[-0.1054,51.3557],[-0.1079,51.3494],[-0.1114,51.3467],[-0.1111,51.3446],[-0.1173,51.3399],[-0.1163,51.3377],[-0.1179,51.3375],[-0.1282,51.3278],[-0.1348,51.323],[-0.1408,51.32],[-0.1601,51.3171],[-0.1648,51.3157],[-0.1681,51.3128],[-0.1707,51.3136],[-0.1712,51.3152],[-0.1699,51.3227],[-0.1705,51.3244],[-0.1694,51.3247],[-0.1699,51.3301],[-0.1675,51.3348],[-0.1726,51.3346],[-0.1838,51.3314],[-0.1941,51.3269],[-0.1952,51.3246],[-0.2047,51.3218],[-0.2069,51.3239],[-0.2082,51.3277],[-0.2149,51.3285],[-0.2316,51.3268],[-0.2326,51.3258],[-0.2332,51.3204],[-0.2357,51.3188],[-0.2368,51.3167],[-0.2429,51.3173],[-0.2431,51.3214],[-0.2449,51.3255],[-0.2441,51.3273],[-0.2488,51.329],[-0.2555,51.3348],[-0.2669,51.3333],[-0.2668,51.332],[-0.27,51.3313],[-0.2705,51.3287],[-0.2741,51.3265]]}},{"type":"Feature","properties":{"routeId":"173","name":"173","direction":"1","routeType":"regular","lengthKm":15.5,"stops":40},"geometry":{"type":"LineString","coordinates":[[0.06,51.5144],[0.0607,51.5142],[0.0604,51.5163],[0.0588,51.5205],[0.069,51.5239],[0.0727,51.526],[0.0857,51.529],[0.1093,51.5333],[0.1396,51.5308],[0.1482,51.5322],[0.1479,51.5452],[0.1466,51.5568],[0.148,51.5606],[0.142,51.5722],[0.1304,51.5708],[0.1299,51.5694],[0.1288,51.5704],[0.1299,51.5707],[0.1297,51.5718],[0.1239,51.574],[0.1212,51.5777],[0.121,51.5796],[0.1189,51.5811],[0.1155,51.5803],[0.1145,51.5784],[0.1111,51.5795]]}},{"type":"Feature","properties":{"routeId":"161","name":"161","direction":"2","routeType":"regular","lengthKm":17.1,"stops":50},"geometry":{"type":"LineString","coordinates":[[0.0046,51.4997],[0.0058,51.4989],[0.0066,51.4993],[0.0082,51.4968],[0.0145,51.4933],[0.0147,51.4926],[0.0119,51.4904],[0.0176,51.4891],[0.0174,51.4872],[0.0181,51.4866],[0.0343,51.4886],[0.0455,51.4928],[0.0506,51.4922],[0.0609,51.4939],[0.0617,51.4937],[0.061,51.4927],[0.0621,51.4908],[0.0653,51.4911],[0.0676,51.4894],[0.0629,51.4846],[0.062,51.4824],[0.053,51.4804],[0.0509,51.477],[0.0473,51.474],[0.0483,51.4724],[0.055,51.4711],[0.0495,51.4609],[0.0521,51.4514],[0.0515,51.4495],[0.0528,51.4471],[0.0524,51.4433],[0.0506,51.4392],[0.0451,51.4362],[0.0566,51.426],[0.0659,51.4197],[0.0711,51.4147],[0.0748,51.4124]]}},{"type":"Feature","properties":{"routeId":"175","name":"175","direction":"1","routeType":"regular","lengthKm":15.5,"stops":41},"geometry":{"type":"LineString","coordinates":[[0.1729,51.6072],[0.1715,51.6066],[0.1732,51.6059],[0.1747,51.6065],[0.1759,51.6034],[0.1711,51.6008],[0.1637,51.5994],[0.164,51.5961],[0.1668,51.59],[0.1715,51.5892],[0.173,51.5852],[0.1784,51.5802],[0.1845,51.5805],[0.1843,51.5798],[0.1862,51.578],[0.183,51.5767],[0.184,51.5756],[0.1834,51.5752],[0.1841,51.5718],[0.1791,51.5708],[0.1812,51.5685],[0.1839,51.569],[0.1857,51.567],[0.1859,51.5656],[0.1723,51.5653],[0.1573,51.5623],[0.1539,51.5613],[0.1536,51.5605],[0.1501,51.5614],[0.148,51.5611],[0.1469,51.5566],[0.1479,51.543],[0.1526,51.5427],[0.1624,51.5454],[0.1655,51.5456],[0.1661,51.5445],[0.1654,51.5396],[0.1662,51.5384],[0.1635,51.5376],[0.1569,51.5335],[0.1557,51.5319],[0.1559,51.5295]]}},{"type":"Feature","properties":{"routeId":"167","name":"167","direction":"2","routeType":"regular","lengthKm":13.9,"stops":43},"geometry":{"type":"LineString","coordinates":[[0.055,51.642],[0.054,51.6427],[0.0568,51.643],[0.0614,51.6388],[0.0559,51.6356],[0.0487,51.6291],[0.0481,51.6271],[0.0462,51.6271],[0.046,51.6266],[0.0462,51.6271],[0.0519,51.6274],[0.0631,51.6264],[0.066,51.6254],[0.0699,51.6222],[0.0767,51.6208],[0.0745,51.6183],[0.0772,51.6178],[0.0806,51.613],[0.0844,51.6035],[0.0843,51.5948],[0.0856,51.5937],[0.0819,51.59],[0.0802,51.5867],[0.0741,51.5815],[0.0727,51.5791],[0.0662,51.5763],[0.066,51.5738],[0.0636,51.5711],[0.0663,51.5661],[0.066,51.5648],[0.0702,51.5592],[0.0706,51.5568],[0.0736,51.5572],[0.0758,51.5585],[0.0759,51.5595]]}},{"type":"Feature","properties":{"routeId":"170","name":"170","direction":"2","routeType":"regular","lengthKm":13.6,"stops":41},"geometry":{"type":"LineString","coordinates":[[-0.1435,51.4966],[-0.145,51.4965],[-0.1497,51.4907],[-0.1552,51.49],[-0.1644,51.4837],[-0.1735,51.4821],[-0.1706,51.479],[-0.1738,51.4775],[-0.1755,51.476],[-0.1752,51.4751],[-0.177,51.4739],[-0.1775,51.4708],[-0.1767,51.4692],[-0.1783,51.4669],[-0.1767,51.4639],[-0.1693,51.4661],[-0.1679,51.4637],[-0.1797,51.4597],[-0.1796,51.4583],[-0.1897,51.4568],[-0.1961,51.4574],[-0.2031,51.4565],[-0.2138,51.4528],[-0.2227,51.4478],[-0.2236,51.4481],[-0.2208,51.4535],[-0.2333,51.4519],[-0.2358,51.4514],[-0.2364,51.4504],[-0.2416,51.4496],[-0.2456,51.4503],[-0.2491,51.4527]]}},{"type":"Feature","properties":{"routeId":"174","name":"174","direction":"1","routeType":"regular","lengthKm":20.3,"stops":60},"geometry":{"type":"LineString","coordinates":[[0.2435,51.6056],[0.2405,51.6083],[0.2338,51.6096],[0.2203,51.608],[0.2094,51.6049],[0.2132,51.5926],[0.2072,51.5888],[0.1954,51.5856],[0.1845,51.5804],[0.1862,51.578],[0.183,51.5767],[0.184,51.5756],[0.1834,51.5752],[0.1841,51.5718],[0.1748,51.5696],[0.1763,51.5662],[0.1754,51.5602],[0.1763,51.5568],[0.1743,51.5558],[0.1743,51.5535],[0.1659,51.5529],[0.159,51.5513],[0.1474,51.5512],[0.1479,51.543],[0.1526,51.5427],[0.1602,51.545],[0.1658,51.5453],[0.1662,51.5439],[0.1655,51.542],[0.1655,51.5383],[0.1588,51.5386],[0.1578,51.5398],[0.1481,51.5402],[0.1482,51.5322],[0.1569,51.5281],[0.1701,51.5254],[0.1687,51.5179],[0.1709,51.5176]]}},{"type":"Feature","properties":{"routeId":"172","name":"172","direction":"1","routeType":"regular","lengthKm":11.3,"stops":39},"geometry":{"type":"LineString","coordinates":[[-0.0409,51.4482],[-0.0416,51.4478],[-0.0392,51.4522],[-0.034,51.4587],[-0.0342,51.4605],[-0.0366,51.465],[-0.0354,51.4712],[-0.0329,51.4731],[-0.0367,51.4756],[-0.0463,51.4744],[-0.0475,51.4758],[-0.0498,51.4769],[-0.0755,51.4875],[-0.0851,51.4937],[-0.0947,51.4942],[-0.1009,51.4956],[-0.1122,51.5041],[-0.114,51.5046],[-0.1192,51.5112],[-0.1184,51.5128]]}},{"type":"Feature","properties":{"routeId":"177","name":"177","direction":"1","routeType":"regular","lengthKm":18.6,"stops":59},"geometry":{"type":"LineString","coordinates":[[0.1089,51.5074],[0.11,51.5068],[0.1153,51.5081],[0.1174,51.5095],[0.1207,51.5094],[0.1234,51.5105],[0.1276,51.5084],[0.1269,51.5069],[0.1216,51.5063],[0.1188,51.5044],[0.1205,51.5019],[0.1217,51.5016],[0.1215,51.4962],[0.116,51.4959],[0.1084,51.4926],[0.1064,51.4846],[0.0913,51.4877],[0.0812,51.4909],[0.0738,51.4907],[0.0683,51.4918],[0.0656,51.4937],[0.0585,51.4936],[0.0505,51.4921],[0.0456,51.4925],[0.036,51.4889],[0.0294,51.4876],[0.0143,51.486],[0.0079,51.4861],[-0.0089,51.4809],[-0.0119,51.478],[-0.0186,51.476],[-0.0214,51.4742],[-0.0327,51.4758],[-0.0328,51.4751],[-0.0348,51.4747],[-0.0373,51.4756],[-0.0528,51.473],[-0.0621,51.474],[-0.0669,51.4736]]}},{"type":"Feature","properties":{"routeId":"178","name":"178","direction":"1","routeType":"regular","lengthKm":11.2,"stops":35},"geometry":{"type":"LineString","coordinates":[[0.0642,51.4908],[0.0653,51.4911],[0.0676,51.4894],[0.0629,51.4846],[0.062,51.4824],[0.053,51.4804],[0.0509,51.477],[0.0474,51.4742],[0.0478,51.4725],[0.0302,51.4754],[0.0215,51.4742],[0.0246,51.4683],[0.0281,51.4654],[0.0274,51.463],[0.0262,51.462],[0.0263,51.461],[0.0282,51.4615],[0.0309,51.4604],[0.0316,51.4574],[0.0267,51.4568],[0.0262,51.4535],[0.0098,51.4566],[0.0065,51.4586],[-0.0028,51.4589],[-0.0065,51.4615],[-0.0103,51.4626],[-0.0113,51.465],[-0.0132,51.4649]]}},{"type":"Feature","properties":{"routeId":"176","name":"176","direction":"1","routeType":"twentyfour","lengthKm":16.1,"stops":59},"geometry":{"type":"LineString","coordinates":[[-0.0525,51.4133],[-0.0517,51.4139],[-0.0532,51.4155],[-0.0612,51.4186],[-0.0615,51.4199],[-0.0587,51.422],[-0.0568,51.427],[-0.056,51.4271],[-0.0608,51.4322],[-0.0554,51.4358],[-0.054,51.439],[-0.0581,51.4405],[-0.0649,51.4411],[-0.0717,51.4459],[-0.0775,51.4535],[-0.075,51.4586],[-0.0754,51.4608],[-0.0769,51.4617],[-0.0796,51.4615],[-0.0812,51.4622],[-0.0866,51.4682],[-0.091,51.4674],[-0.0926,51.4696],[-0.0946,51.4829],[-0.094,51.4855],[-0.0989,51.493],[-0.1007,51.4935],[-0.1009,51.4956],[-0.1122,51.5041],[-0.114,51.5046],[-0.1192,51.5112],[-0.128,51.5073],[-0.1271,51.5078],[-0.1273,51.509],[-0.1283,51.5102],[-0.1308,51.5171],[-0.1299,51.5173]]}},{"type":"Feature","properties":{"routeId":"179","name":"179","direction":"1","routeType":"regular","lengthKm":13.9,"stops":44},"geometry":{"type":"LineString","coordinates":[[0.01,51.6335],[0.0011,51.6302],[0.0029,51.6286],[0.0069,51.627],[0.0171,51.6275],[0.0202,51.6264],[0.0221,51.6245],[0.0237,51.6205],[0.0269,51.6185],[0.0236,51.6123],[0.0187,51.6058],[0.0194,51.6013],[0.0222,51.595],[0.0256,51.5936],[0.028,51.5936],[0.0279,51.5925],[0.0297,51.5917],[0.0287,51.5912],[0.0306,51.5898],[0.0347,51.5912],[0.0367,51.5932],[0.0362,51.5941],[0.0371,51.5943],[0.0472,51.5909],[0.0515,51.5885],[0.0578,51.582],[0.0669,51.5766],[0.0662,51.5763],[0.066,51.5738],[0.0636,51.5709],[0.0663,51.5661],[0.066,51.5648],[0.0702,51.5592],[0.0706,51.5568],[0.0736,51.5572],[0.0758,51.5585],[0.0759,51.5595]]}},{"type":"Feature","properties":{"routeId":"173","name":"173","direction":"2","routeType":"regular","lengthKm":18.9,"stops":46},"geometry":{"type":"LineString","coordinates":[[0.1117,51.5798],[0.1126,51.5789],[0.1149,51.5792],[0.1172,51.5817],[0.1188,51.5812],[0.1209,51.5797],[0.1212,51.5777],[0.1239,51.574],[0.1296,51.5719],[0.1305,51.5705],[0.1299,51.5694],[0.1288,51.5704],[0.1421,51.5722],[0.148,51.5611],[0.1469,51.5566],[0.1479,51.543],[0.1526,51.5427],[0.1602,51.545],[0.1655,51.5456],[0.1662,51.5439],[0.1654,51.5396],[0.1662,51.5384],[0.1641,51.5379],[0.1588,51.5386],[0.1578,51.5398],[0.1481,51.5402],[0.1482,51.5322],[0.1477,51.5316],[0.141,51.531],[0.1388,51.5297],[0.1354,51.5314],[0.1095,51.5328],[0.0853,51.5288],[0.0771,51.5265],[0.0747,51.5254],[0.074,51.5242],[0.0704,51.5241],[0.0595,51.5201],[0.0607,51.5142],[0.0597,51.5141]]}},{"type":"Feature","properties":{"routeId":"175","name":"175","direction":"2","routeType":"regular","lengthKm":13.8,"stops":39},"geometry":{"type":"LineString","coordinates":[[0.1559,51.5295],[0.1553,51.5288],[0.1477,51.5316],[0.1482,51.5322],[0.1482,51.5396],[0.1466,51.5568],[0.1478,51.5612],[0.153,51.5609],[0.1723,51.5653],[0.1857,51.566],[0.1844,51.5685],[0.1812,51.5686],[0.1791,51.5708],[0.1838,51.572],[0.1838,51.5742],[0.1824,51.5764],[0.1857,51.5783],[0.1833,51.5804],[0.1779,51.5799],[0.1779,51.5807],[0.173,51.5851],[0.1715,51.5892],[0.1668,51.59],[0.163,51.5992],[0.1713,51.6009],[0.1759,51.6034],[0.1746,51.6075],[0.1729,51.6072]]}},{"type":"Feature","properties":{"routeId":"174","name":"174","direction":"2","routeType":"regular","lengthKm":18.4,"stops":59},"geometry":{"type":"LineString","coordinates":[[0.1709,51.5176],[0.1739,51.5177],[0.1742,51.5169],[0.1687,51.5175],[0.1685,51.5196],[0.1699,51.5253],[0.1572,51.5279],[0.1477,51.5316],[0.1482,51.5385],[0.1474,51.5512],[0.159,51.5513],[0.1667,51.553],[0.1743,51.5535],[0.1743,51.5558],[0.1763,51.5568],[0.1754,51.5598],[0.1763,51.5662],[0.1748,51.5696],[0.1838,51.572],[0.1838,51.5742],[0.1824,51.5764],[0.1857,51.5781],[0.1838,51.5805],[0.197,51.5862],[0.2072,51.5888],[0.2131,51.5932],[0.2091,51.605],[0.2228,51.6085],[0.2335,51.6096],[0.2378,51.609],[0.238,51.6037],[0.2438,51.6036],[0.2435,51.6056]]}},{"type":"Feature","properties":{"routeId":"181","name":"181","direction":"1","routeType":"regular","lengthKm":12.8,"stops":38},"geometry":{"type":"LineString","coordinates":[[-0.0126,51.4641],[-0.0093,51.4624],[-0.0138,51.457],[-0.0101,51.4566],[-0.0056,51.4503],[0.0002,51.4472],[-0.0022,51.4458],[-0.002,51.4421],[-0.0101,51.4422],[-0.0203,51.4448],[-0.0254,51.4442],[-0.0292,51.4408],[-0.033,51.439],[-0.0348,51.4351],[-0.0378,51.4327],[-0.0375,51.4307],[-0.0316,51.4308],[-0.0371,51.4307],[-0.0373,51.4295],[-0.0278,51.4269],[-0.0247,51.4272],[-0.0206,51.4261],[-0.018,51.4263],[-0.0132,51.4286],[-0.0038,51.4245],[0.003,51.4261],[0.0107,51.4242],[0.0133,51.4256],[0.0141,51.4296],[0.02,51.4307]]}},{"type":"Feature","properties":{"routeId":"172","name":"172","direction":"2","routeType":"regular","lengthKm":11.4,"stops":33},"geometry":{"type":"LineString","coordinates":[[-0.1189,51.5123],[-0.1191,51.5112],[-0.1131,51.5045],[-0.1009,51.4956],[-0.0945,51.4942],[-0.0852,51.4948],[-0.0809,51.4906],[-0.0752,51.4874],[-0.0495,51.4768],[-0.0459,51.4744],[-0.0328,51.4758],[-0.0319,51.4737],[-0.0354,51.4712],[-0.0366,51.465],[-0.0341,51.4603],[-0.034,51.4587],[-0.0391,51.4524],[-0.0412,51.4488],[-0.0406,51.4486]]}},{"type":"Feature","properties":{"routeId":"180","name":"180","direction":"1","routeType":"regular","lengthKm":19.1,"stops":60},"geometry":{"type":"LineString","coordinates":[[0.166,51.4832],[0.1696,51.4815],[0.1774,51.4807],[0.1798,51.4783],[0.1819,51.4799],[0.1819,51.4808],[0.1777,51.4807],[0.1778,51.4828],[0.1674,51.4891],[0.1691,51.4904],[0.167,51.4933],[0.1688,51.4958],[0.1592,51.4974],[0.1578,51.497],[0.156,51.4981],[0.1538,51.4979],[0.1528,51.4952],[0.1509,51.4943],[0.1388,51.4938],[0.1307,51.4963],[0.1215,51.4962],[0.1213,51.4922],[0.1223,51.4906],[0.1221,51.4886],[0.1075,51.4869],[0.1064,51.4846],[0.0913,51.4877],[0.0812,51.4909],[0.0738,51.4907],[0.0688,51.4917],[0.0658,51.4936],[0.064,51.4939],[0.0505,51.4921],[0.0456,51.4925],[0.036,51.4889],[0.0312,51.488],[0.0298,51.49],[0.0181,51.4904],[0.0176,51.4891],[0.0163,51.4891],[0.0119,51.4905],[0.0147,51.4926],[0.0143,51.4935],[0.0082,51.4968],[0.0066,51.4993],[0.0057,51.4989],[0.005,51.4997],[0.0032,51.4997],[0.0029,51.5006]]}},{"type":"Feature","properties":{"routeId":"178","name":"178","direction":"2","routeType":"regular","lengthKm":12.1,"stops":33},"geometry":{"type":"LineString","coordinates":[[-0.0126,51.4638],[-0.0108,51.4637],[-0.0024,51.4588],[0.0065,51.4586],[0.0098,51.4566],[0.0262,51.4535],[0.0267,51.4568],[0.0316,51.4574],[0.031,51.4597],[0.0283,51.4594],[0.0284,51.4583],[0.0265,51.4581],[0.0267,51.4568],[0.0315,51.4572],[0.0309,51.4604],[0.0282,51.4615],[0.0263,51.461],[0.0262,51.462],[0.0274,51.4631],[0.0281,51.4654],[0.0246,51.4683],[0.0214,51.4743],[0.0308,51.4753],[0.0479,51.4726],[0.0474,51.4742],[0.0508,51.4769],[0.053,51.4804],[0.0619,51.4825],[0.0635,51.4871],[0.0676,51.4894],[0.0659,51.4908]]}},{"type":"Feature","properties":{"routeId":"183","name":"183","direction":"1","routeType":"regular","lengthKm":17.5,"stops":52},"geometry":{"type":"LineString","coordinates":[[-0.1941,51.5719],[-0.1954,51.5715],[-0.1989,51.5727],[-0.2097,51.58],[-0.2188,51.5845],[-0.2215,51.5884],[-0.2217,51.5897],[-0.2232,51.5899],[-0.2276,51.5898],[-0.235,51.5818],[-0.2381,51.58],[-0.24,51.5779],[-0.2482,51.5843],[-0.2537,51.5825],[-0.2583,51.5823],[-0.2739,51.5859],[-0.2816,51.5846],[-0.3017,51.5873],[-0.3061,51.5867],[-0.311,51.585],[-0.3262,51.5781],[-0.3317,51.5829],[-0.3341,51.58],[-0.3403,51.58],[-0.3407,51.5813],[-0.342,51.5804],[-0.3443,51.5813],[-0.3489,51.5812],[-0.36,51.585],[-0.3643,51.5904],[-0.3732,51.591],[-0.3749,51.5896],[-0.3787,51.5897],[-0.3819,51.5922],[-0.3829,51.5945]]}},{"type":"Feature","properties":{"routeId":"179","name":"179","direction":"2","routeType":"regular","lengthKm":13.6,"stops":42},"geometry":{"type":"LineString","coordinates":[[0.0769,51.5597],[0.0731,51.5574],[0.0722,51.5574],[0.0715,51.5586],[0.0701,51.5585],[0.069,51.5615],[0.0659,51.5649],[0.0663,51.5661],[0.0636,51.5709],[0.0662,51.5744],[0.0661,51.5769],[0.0578,51.5817],[0.0503,51.5892],[0.0456,51.5915],[0.0377,51.5936],[0.0347,51.5912],[0.0306,51.5898],[0.0277,51.592],[0.028,51.5935],[0.0255,51.5933],[0.0237,51.5948],[0.0221,51.595],[0.0194,51.6013],[0.0187,51.6046],[0.018,51.6052],[0.0235,51.6121],[0.0267,51.6186],[0.0237,51.6205],[0.0221,51.6245],[0.0202,51.6264],[0.0173,51.6275],[0.0066,51.6271],[0.0027,51.6287],[0.001,51.6304],[0.0101,51.6337]]}},{"type":"Feature","properties":{"routeId":"177","name":"177","direction":"2","routeType":"regular","lengthKm":19.4,"stops":65},"geometry":{"type":"LineString","coordinates":[[-0.0679,51.4734],[-0.0623,51.4741],[-0.0528,51.473],[-0.0329,51.4759],[-0.0213,51.4743],[-0.0189,51.4758],[-0.0106,51.4789],[-0.0092,51.4805],[-0.0101,51.4817],[-0.0088,51.4822],[-0.0081,51.4812],[0.0085,51.4863],[0.0223,51.4866],[0.0343,51.4886],[0.0455,51.4928],[0.0506,51.4922],[0.0609,51.4939],[0.0617,51.4937],[0.0611,51.4924],[0.0621,51.4908],[0.0653,51.4911],[0.0676,51.4894],[0.0701,51.4915],[0.0818,51.491],[0.0913,51.4877],[0.1064,51.4846],[0.1084,51.4926],[0.116,51.4959],[0.121,51.4966],[0.1217,51.4999],[0.1198,51.5011],[0.1201,51.502],[0.1184,51.5041],[0.1214,51.5062],[0.1264,51.5066],[0.1275,51.5077],[0.1271,51.5086],[0.1234,51.5103],[0.1217,51.5095],[0.1169,51.5093],[0.1154,51.5076],[0.1098,51.5065],[0.1086,51.5075]]}},{"type":"Feature","properties":{"routeId":"181","name":"181","direction":"2","routeType":"regular","lengthKm":13.3,"stops":39},"geometry":{"type":"LineString","coordinates":[[0.0204,51.4307],[0.0169,51.4305],[0.014,51.4295],[0.0133,51.4255],[0.0106,51.4242],[0.0031,51.4261],[-0.0039,51.4244],[-0.0051,51.4255],[-0.0131,51.4286],[-0.0201,51.426],[-0.0375,51.4287],[-0.0376,51.4307],[-0.0316,51.4308],[-0.0374,51.4306],[-0.0378,51.4327],[-0.0347,51.4352],[-0.033,51.439],[-0.0292,51.4408],[-0.0254,51.4442],[-0.0205,51.4449],[-0.0191,51.4461],[-0.0173,51.4458],[-0.0179,51.4438],[-0.0096,51.4421],[-0.002,51.4421],[-0.0022,51.4458],[0.0002,51.4472],[-0.0056,51.4503],[-0.0097,51.4551],[-0.01,51.4565],[-0.0133,51.4577],[-0.0122,51.4592],[-0.0126,51.4596],[-0.0093,51.4624],[-0.0103,51.4627],[-0.0113,51.465],[-0.0132,51.4649]]}},{"type":"Feature","properties":{"routeId":"184","name":"184","direction":"1","routeType":"regular","lengthKm":16.2,"stops":51},"geometry":{"type":"LineString","coordinates":[[-0.1022,51.5904],[-0.1028,51.5899],[-0.1083,51.5943],[-0.11,51.5972],[-0.1145,51.5964],[-0.1184,51.5972],[-0.1209,51.5991],[-0.1275,51.5982],[-0.1365,51.5991],[-0.1241,51.6069],[-0.1215,51.6129],[-0.129,51.6156],[-0.1416,51.6166],[-0.1353,51.6217],[-0.1377,51.6251],[-0.1403,51.6271],[-0.143,51.6321],[-0.1497,51.6307],[-0.151,51.6333],[-0.1573,51.6366],[-0.1615,51.6401],[-0.1631,51.6427],[-0.1655,51.6433],[-0.1672,51.6472],[-0.1697,51.6491],[-0.1728,51.6503],[-0.1783,51.649],[-0.1791,51.6514],[-0.1818,51.6531],[-0.1888,51.6534],[-0.1966,51.6511],[-0.1996,51.6529],[-0.2036,51.653],[-0.204,51.646],[-0.211,51.6437],[-0.2148,51.6462]]}},{"type":"Feature","properties":{"routeId":"176","name":"176","direction":"2","routeType":"twentyfour","lengthKm":15.7,"stops":55},"geometry":{"type":"LineString","coordinates":[[-0.1284,51.5156],[-0.13,51.5151],[-0.1272,51.5086],[-0.119,51.5112],[-0.1131,51.5045],[-0.1009,51.4956],[-0.1005,51.4936],[-0.0989,51.493],[-0.094,51.4855],[-0.0946,51.4829],[-0.0926,51.4695],[-0.091,51.4674],[-0.0867,51.4684],[-0.0808,51.4621],[-0.0794,51.4614],[-0.0769,51.4618],[-0.0754,51.4608],[-0.075,51.4586],[-0.0775,51.4536],[-0.0717,51.4459],[-0.0649,51.4411],[-0.0581,51.4405],[-0.0539,51.439],[-0.0554,51.4359],[-0.0608,51.4322],[-0.0559,51.427],[-0.0568,51.427],[-0.0587,51.422],[-0.0615,51.4199],[-0.0612,51.4186],[-0.0533,51.4156],[-0.0517,51.4139],[-0.0524,51.4134]]}},{"type":"Feature","properties":{"routeId":"182","name":"182","direction":"1","routeType":"regular","lengthKm":19.5,"stops":49},"geometry":{"type":"LineString","coordinates":[[-0.3572,51.6092],[-0.3555,51.6101],[-0.3393,51.6108],[-0.3402,51.6054],[-0.337,51.5979],[-0.3335,51.5947],[-0.3353,51.5944],[-0.3348,51.5928],[-0.3332,51.5919],[-0.3318,51.5838],[-0.3339,51.5834],[-0.3341,51.5819],[-0.3397,51.5818],[-0.3405,51.581],[-0.3384,51.5809],[-0.3382,51.5799],[-0.3341,51.58],[-0.3333,51.5772],[-0.3252,51.5788],[-0.326,51.5776],[-0.3249,51.5735],[-0.3216,51.5688],[-0.321,51.5641],[-0.3197,51.5604],[-0.3146,51.5536],[-0.3114,51.552],[-0.2983,51.5521],[-0.2935,51.5537],[-0.2873,51.5534],[-0.2861,51.5572],[-0.2825,51.5619],[-0.2797,51.5627],[-0.2773,51.5655],[-0.2651,51.5656],[-0.2559,51.5616],[-0.2551,51.5604],[-0.2496,51.5589],[-0.2508,51.5599],[-0.2512,51.5592],[-0.2491,51.5586],[-0.2461,51.5602],[-0.246,51.5626],[-0.2438,51.564],[-0.2354,51.5657],[-0.2295,51.5685],[-0.2323,51.5712],[-0.2304,51.572],[-0.23,51.5731],[-0.2247,51.5734],[-0.2242,51.574],[-0.2247,51.5749],[-0.2234,51.5757]]}},{"type":"Feature","properties":{"routeId":"180","name":"180","direction":"2","routeType":"regular","lengthKm":18.9,"stops":56},"geometry":{"type":"LineString","coordinates":[[0.0046,51.4997],[0.0058,51.4989],[0.0066,51.4993],[0.0082,51.4968],[0.0148,51.4929],[0.0119,51.4904],[0.0162,51.4891],[0.0174,51.4891],[0.0178,51.4907],[0.0209,51.4901],[0.0299,51.4902],[0.0315,51.4881],[0.037,51.4894],[0.0455,51.4928],[0.0506,51.4922],[0.0613,51.4939],[0.0611,51.4924],[0.0621,51.4908],[0.0653,51.4911],[0.0676,51.4894],[0.0701,51.4915],[0.0818,51.491],[0.0913,51.4877],[0.1064,51.4846],[0.1075,51.4869],[0.1218,51.489],[0.121,51.4965],[0.1307,51.4964],[0.138,51.494],[0.1503,51.4944],[0.1527,51.4952],[0.1529,51.4977],[0.1554,51.4982],[0.1688,51.4958],[0.167,51.4933],[0.1691,51.4906],[0.1676,51.4891],[0.1733,51.4851],[0.1813,51.481],[0.1762,51.4804],[0.1689,51.4817],[0.1652,51.4837],[0.166,51.4832]]}},{"type":"Feature","properties":{"routeId":"186","name":"186","direction":"1","routeType":"regular","lengthKm":20.7,"stops":57},"geometry":{"type":"LineString","coordinates":[[-0.3184,51.5755],[-0.3187,51.5766],[-0.3245,51.5765],[-0.3245,51.5756],[-0.3253,51.5756],[-0.3265,51.5782],[-0.3333,51.5772],[-0.3341,51.58],[-0.3382,51.5799],[-0.3341,51.58],[-0.3318,51.5832],[-0.3328,51.5901],[-0.3336,51.5921],[-0.3351,51.5928],[-0.3356,51.5966],[-0.3164,51.6018],[-0.3122,51.6036],[-0.3115,51.6048],[-0.308,51.6058],[-0.301,51.6073],[-0.2906,51.6076],[-0.2813,51.6096],[-0.2762,51.6136],[-0.2739,51.6127],[-0.2762,51.6136],[-0.2756,51.6156],[-0.2774,51.6179],[-0.2777,51.6214],[-0.268,51.6223],[-0.2551,51.6218],[-0.2445,51.6168],[-0.2452,51.6155],[-0.2493,51.6138],[-0.2489,51.6132],[-0.2492,51.6139],[-0.2503,51.6134],[-0.2486,51.6111],[-0.2515,51.6096],[-0.2506,51.6088],[-0.2567,51.6054],[-0.2559,51.6028],[-0.2527,51.6012],[-0.246,51.6016],[-0.2466,51.601],[-0.2458,51.6007],[-0.2456,51.5967],[-0.2465,51.596],[-0.2342,51.593],[-0.2351,51.588],[-0.2303,51.5857],[-0.227,51.5829],[-0.2246,51.5793],[-0.2179,51.5774],[-0.2193,51.5778],[-0.2205,51.5761],[-0.2234,51.5757]]}},{"type":"Feature","properties":{"routeId":"185","name":"185","direction":"1","routeType":"twentyfour","lengthKm":15.4,"stops":57},"geometry":{"type":"LineString","coordinates":[[-0.0126,51.4642],[-0.0124,51.4634],[-0.0108,51.4637],[-0.0093,51.4624],[-0.0157,51.4553],[-0.0172,51.449],[-0.0203,51.4448],[-0.0251,51.4443],[-0.0322,51.4419],[-0.0474,51.4423],[-0.0474,51.4413],[-0.0512,51.44],[-0.0537,51.4402],[-0.0539,51.439],[-0.0581,51.4405],[-0.0645,51.441],[-0.0717,51.4459],[-0.0766,51.4516],[-0.0775,51.4537],[-0.075,51.4586],[-0.0754,51.4608],[-0.0769,51.4617],[-0.0796,51.4615],[-0.0812,51.4622],[-0.0866,51.4682],[-0.091,51.4674],[-0.0928,51.47],[-0.0931,51.474],[-0.1134,51.4828],[-0.1157,51.483],[-0.1217,51.4861],[-0.1231,51.4848],[-0.1238,51.4862],[-0.1424,51.4945],[-0.1428,51.4953]]}},{"type":"Feature","properties":{"routeId":"189","name":"189","direction":"1","routeType":"regular","lengthKm":12,"stops":36},"geometry":{"type":"LineString","coordinates":[[-0.2226,51.5757],[-0.2256,51.5745],[-0.2245,51.5742],[-0.2234,51.5726],[-0.2222,51.5727],[-0.221,51.5741],[-0.2184,51.5722],[-0.2243,51.569],[-0.2265,51.5702],[-0.2243,51.569],[-0.2209,51.5712],[-0.2194,51.5712],[-0.2183,51.5675],[-0.2117,51.5588],[-0.2155,51.5569],[-0.1954,51.5397],[-0.1922,51.5412],[-0.1899,51.5411],[-0.1873,51.5399],[-0.1784,51.533],[-0.177,51.5317],[-0.1764,51.5296],[-0.1732,51.527],[-0.1674,51.524],[-0.1615,51.5256],[-0.1585,51.5242],[-0.1538,51.5139],[-0.1576,51.5135]]}},{"type":"Feature","properties":{"routeId":"183","name":"183","direction":"2","routeType":"regular","lengthKm":17.3,"stops":53},"geometry":{"type":"LineString","coordinates":[[-0.3828,51.5943],[-0.3819,51.5922],[-0.3781,51.5895],[-0.3748,51.5897],[-0.3732,51.591],[-0.3637,51.5902],[-0.3625,51.5874],[-0.36,51.585],[-0.3489,51.5812],[-0.3441,51.5813],[-0.3404,51.5799],[-0.3405,51.5809],[-0.3388,51.5811],[-0.3382,51.5799],[-0.3341,51.58],[-0.3318,51.5829],[-0.3265,51.5788],[-0.3201,51.5804],[-0.3116,51.5848],[-0.3022,51.5873],[-0.2811,51.5848],[-0.2741,51.586],[-0.2587,51.5823],[-0.2537,51.5825],[-0.2482,51.5843],[-0.24,51.5779],[-0.2381,51.58],[-0.235,51.5818],[-0.2276,51.5898],[-0.2232,51.5899],[-0.2217,51.5897],[-0.2189,51.5845],[-0.2097,51.58],[-0.1989,51.5727],[-0.1941,51.5719]]}},{"type":"Feature","properties":{"routeId":"188","name":"188","direction":"1","routeType":"regular","lengthKm":16,"stops":48},"geometry":{"type":"LineString","coordinates":[[0.004,51.4996],[0.0058,51.4989],[0.0035,51.4976],[0.0071,51.4959],[0.0102,51.4934],[0.0093,51.4927],[0.0074,51.486],[-0.0092,51.4808],[-0.0139,51.4814],[-0.0234,51.4807],[-0.0276,51.4818],[-0.0422,51.49],[-0.0445,51.4901],[-0.0456,51.4917],[-0.0471,51.4917],[-0.0482,51.4936],[-0.0454,51.4938],[-0.0443,51.4949],[-0.0457,51.4953],[-0.0459,51.4978],[-0.0477,51.4988],[-0.0502,51.4984],[-0.0496,51.4976],[-0.0524,51.4963],[-0.0565,51.499],[-0.0676,51.498],[-0.0781,51.5013],[-0.0799,51.4976],[-0.0855,51.4939],[-0.0996,51.4951],[-0.1059,51.4988],[-0.1123,51.5042],[-0.1141,51.5047],[-0.1192,51.5112],[-0.1177,51.5134],[-0.1203,51.5174],[-0.1274,51.5156],[-0.1287,51.516]]}},{"type":"Feature","properties":{"routeId":"187","name":"187","direction":"1","routeType":"regular","lengthKm":12.6,"stops":43},"geometry":{"type":"LineString","coordinates":[[-0.2683,51.5306],[-0.2687,51.5297],[-0.2714,51.529],[-0.2708,51.5279],[-0.2599,51.5301],[-0.2609,51.534],[-0.2577,51.5353],[-0.2567,51.5368],[-0.2551,51.5375],[-0.2481,51.5355],[-0.2415,51.5371],[-0.2339,51.5335],[-0.2305,51.5364],[-0.2277,51.5357],[-0.2214,51.5368],[-0.2168,51.531],[-0.204,51.5334],[-0.2031,51.5328],[-0.2014,51.5286],[-0.1961,51.5274],[-0.1869,51.5233],[-0.1861,51.524],[-0.1843,51.5233],[-0.1784,51.5259],[-0.1814,51.5284],[-0.1758,51.531],[-0.173,51.5333],[-0.1764,51.5367],[-0.1751,51.5429],[-0.1755,51.5441],[-0.1785,51.5457],[-0.1811,51.5486],[-0.1834,51.5483]]}},{"type":"Feature","properties":{"routeId":"182","name":"182","direction":"2","routeType":"regular","lengthKm":20,"stops":49},"geometry":{"type":"LineString","coordinates":[[-0.2229,51.5759],[-0.2224,51.5755],[-0.2256,51.5745],[-0.2245,51.5742],[-0.2234,51.5726],[-0.222,51.5728],[-0.2223,51.5734],[-0.2266,51.5725],[-0.2278,51.5713],[-0.2302,51.5719],[-0.2315,51.5709],[-0.2362,51.5699],[-0.2334,51.5666],[-0.2447,51.5635],[-0.246,51.5626],[-0.2458,51.5605],[-0.2491,51.5586],[-0.2488,51.5579],[-0.2558,51.5606],[-0.2575,51.5622],[-0.2651,51.5656],[-0.2768,51.5654],[-0.2839,51.5601],[-0.2873,51.5534],[-0.2935,51.5537],[-0.298,51.5521],[-0.3075,51.5516],[-0.3138,51.5525],[-0.3171,51.556],[-0.3197,51.5604],[-0.3198,51.5622],[-0.321,51.5638],[-0.3214,51.5681],[-0.3248,51.5733],[-0.3262,51.578],[-0.3333,51.5772],[-0.3341,51.58],[-0.3404,51.58],[-0.3406,51.5816],[-0.334,51.5819],[-0.3338,51.5835],[-0.332,51.5839],[-0.3321,51.5874],[-0.3334,51.5918],[-0.3351,51.5928],[-0.3351,51.5957],[-0.337,51.5979],[-0.3403,51.6057],[-0.3395,51.6106],[-0.3544,51.6097],[-0.3601,51.6086],[-0.3572,51.6092]]}},{"type":"Feature","properties":{"routeId":"190","name":"190","direction":"1","routeType":"regular","lengthKm":10.7,"stops":34},"geometry":{"type":"LineString","coordinates":[[-0.3047,51.4607],[-0.3006,51.4649],[-0.2931,51.4662],[-0.2884,51.4678],[-0.2835,51.4679],[-0.2753,51.4696],[-0.2636,51.4771],[-0.2553,51.485],[-0.2527,51.4864],[-0.2527,51.4876],[-0.25,51.4884],[-0.2514,51.4903],[-0.2515,51.4928],[-0.242,51.4935],[-0.2345,51.4928],[-0.234,51.4944],[-0.2274,51.4944],[-0.2237,51.4931],[-0.2243,51.4924],[-0.2226,51.4881],[-0.2206,51.4862],[-0.2194,51.4835],[-0.214,51.4826],[-0.2048,51.4845],[-0.1984,51.4868]]}},{"type":"Feature","properties":{"routeId":"184","name":"184","direction":"2","routeType":"regular","lengthKm":16.2,"stops":48},"geometry":{"type":"LineString","coordinates":[[-0.2153,51.6465],[-0.211,51.6437],[-0.204,51.646],[-0.2036,51.653],[-0.2001,51.6531],[-0.1966,51.6511],[-0.189,51.6534],[-0.1819,51.6531],[-0.1791,51.6514],[-0.1783,51.649],[-0.1728,51.6503],[-0.17,51.6492],[-0.1672,51.6472],[-0.1655,51.6433],[-0.1631,51.6427],[-0.1603,51.6388],[-0.1573,51.6366],[-0.1508,51.6331],[-0.1497,51.6307],[-0.1429,51.6323],[-0.1401,51.6267],[-0.1349,51.622],[-0.1411,51.6172],[-0.1406,51.6166],[-0.129,51.6156],[-0.1215,51.6129],[-0.1241,51.6069],[-0.1365,51.5991],[-0.1275,51.5982],[-0.1209,51.5991],[-0.1184,51.5972],[-0.1145,51.5964],[-0.11,51.5972],[-0.1087,51.5946],[-0.1026,51.5896]]}},{"type":"Feature","properties":{"routeId":"186","name":"186","direction":"2","routeType":"regular","lengthKm":20.5,"stops":54},"geometry":{"type":"LineString","coordinates":[[-0.2226,51.5757],[-0.2206,51.5762],[-0.2205,51.5774],[-0.225,51.5794],[-0.2291,51.5845],[-0.2354,51.588],[-0.2342,51.593],[-0.2472,51.5963],[-0.2456,51.5968],[-0.2458,51.6007],[-0.2466,51.601],[-0.2456,51.6018],[-0.2466,51.601],[-0.2527,51.6012],[-0.2559,51.6028],[-0.2567,51.6054],[-0.2476,51.6104],[-0.2504,51.6135],[-0.2456,51.6153],[-0.2446,51.6163],[-0.2537,51.621],[-0.268,51.6222],[-0.2777,51.6213],[-0.2774,51.6178],[-0.2756,51.6156],[-0.2762,51.6136],[-0.2739,51.6127],[-0.2762,51.6136],[-0.2814,51.6095],[-0.2906,51.6076],[-0.3012,51.6073],[-0.3113,51.6049],[-0.3122,51.6036],[-0.318,51.6011],[-0.3356,51.5966],[-0.3335,51.5947],[-0.3353,51.5944],[-0.3348,51.5928],[-0.3332,51.5919],[-0.3317,51.583],[-0.3341,51.58],[-0.3382,51.5799],[-0.3341,51.58],[-0.3333,51.5772],[-0.3254,51.5789],[-0.326,51.5776],[-0.3249,51.5747],[-0.3196,51.5741],[-0.3184,51.5755]]}},{"type":"Feature","properties":{"routeId":"191","name":"191","direction":"1","routeType":"regular","lengthKm":16,"stops":51},"geometry":{"type":"LineString","coordinates":[[-0.058,51.6255],[-0.0562,51.6289],[-0.0455,51.6278],[-0.0444,51.6286],[-0.0435,51.6322],[-0.0467,51.6387],[-0.0481,51.6392],[-0.0465,51.6438],[-0.036,51.6424],[-0.0343,51.6475],[-0.0376,51.6478],[-0.0379,51.647],[-0.0444,51.6483],[-0.0594,51.6493],[-0.0771,51.6524],[-0.0798,51.6523],[-0.0796,51.6508],[-0.0847,51.6507],[-0.0869,51.6516],[-0.087,51.6527],[-0.0883,51.6538],[-0.0882,51.6582],[-0.0865,51.6638],[-0.0806,51.664],[-0.0773,51.663],[-0.0727,51.6667],[-0.0608,51.6601],[-0.0467,51.6599],[-0.0425,51.667],[-0.0352,51.6654],[-0.0304,51.6654],[-0.0314,51.6562]]}},{"type":"Feature","properties":{"routeId":"192","name":"192","direction":"1","routeType":"regular","lengthKm":12.9,"stops":40},"geometry":{"type":"LineString","coordinates":[[-0.0865,51.6527],[-0.0713,51.6518],[-0.071,51.6487],[-0.0726,51.6487],[-0.0725,51.6472],[-0.0648,51.6466],[-0.0649,51.6451],[-0.0668,51.645],[-0.0669,51.6434],[-0.0686,51.641],[-0.0729,51.64],[-0.0725,51.6381],[-0.0753,51.6341],[-0.0662,51.6339],[-0.0656,51.6329],[-0.0636,51.6326],[-0.0609,51.631],[-0.056,51.6304],[-0.0577,51.6256],[-0.0606,51.6245],[-0.0616,51.622],[-0.0592,51.6219],[-0.0556,51.6255],[-0.0478,51.6236],[-0.052,51.6152],[-0.0472,51.6143],[-0.0494,51.611],[-0.0496,51.6094],[-0.0462,51.6091],[-0.0496,51.6093],[-0.049,51.6067],[-0.0501,51.6042],[-0.0497,51.6002],[-0.0549,51.5968],[-0.0565,51.5943],[-0.0584,51.5934],[-0.0602,51.5895]]}},{"type":"Feature","properties":{"routeId":"189","name":"189","direction":"2","routeType":"regular","lengthKm":12,"stops":36},"geometry":{"type":"LineString","coordinates":[[-0.1567,51.5136],[-0.1538,51.5139],[-0.1585,51.5242],[-0.1615,51.5256],[-0.1674,51.524],[-0.1731,51.5269],[-0.1764,51.5296],[-0.177,51.5317],[-0.1784,51.533],[-0.1873,51.5399],[-0.1899,51.5411],[-0.1922,51.5412],[-0.1954,51.5397],[-0.2155,51.5569],[-0.2117,51.5588],[-0.2183,51.5675],[-0.2194,51.5712],[-0.2209,51.5712],[-0.2243,51.569],[-0.2265,51.5702],[-0.2243,51.569],[-0.2184,51.5723],[-0.221,51.5741],[-0.2232,51.5726],[-0.2247,51.5743],[-0.2264,51.5744],[-0.2234,51.5757]]}},{"type":"Feature","properties":{"routeId":"185","name":"185","direction":"2","routeType":"twentyfour","lengthKm":16,"stops":55},"geometry":{"type":"LineString","coordinates":[[-0.1435,51.4962],[-0.1427,51.4962],[-0.1408,51.4941],[-0.1241,51.4865],[-0.1249,51.4846],[-0.1236,51.4861],[-0.1192,51.4864],[-0.1185,51.4847],[-0.1157,51.483],[-0.1134,51.4828],[-0.0929,51.4741],[-0.0928,51.47],[-0.091,51.4674],[-0.0867,51.4684],[-0.0808,51.4621],[-0.0794,51.4614],[-0.0769,51.4618],[-0.0751,51.4608],[-0.075,51.4586],[-0.0775,51.4538],[-0.0766,51.4516],[-0.0717,51.4459],[-0.0643,51.4409],[-0.0581,51.4405],[-0.054,51.4391],[-0.0536,51.4402],[-0.0513,51.4399],[-0.0474,51.4413],[-0.0474,51.4423],[-0.032,51.442],[-0.0201,51.4451],[-0.0172,51.4488],[-0.0157,51.4553],[-0.0135,51.4573],[-0.0122,51.4592],[-0.0126,51.4596],[-0.0093,51.4624],[-0.0103,51.4627],[-0.0113,51.465],[-0.0132,51.4649]]}},{"type":"Feature","properties":{"routeId":"190","name":"190","direction":"2","routeType":"regular","lengthKm":10.9,"stops":31},"geometry":{"type":"LineString","coordinates":[[-0.1993,51.4862],[-0.214,51.4826],[-0.2194,51.4835],[-0.2206,51.4862],[-0.2226,51.4881],[-0.2233,51.4918],[-0.2242,51.4926],[-0.2236,51.4913],[-0.2246,51.4914],[-0.225,51.4929],[-0.2312,51.4926],[-0.242,51.4935],[-0.2515,51.4928],[-0.2513,51.4902],[-0.25,51.4884],[-0.2526,51.4875],[-0.2525,51.4864],[-0.2553,51.485],[-0.2585,51.4814],[-0.2672,51.4747],[-0.2763,51.4691],[-0.2875,51.4678],[-0.3003,51.4646],[-0.3034,51.4615],[-0.3021,51.4601],[-0.304,51.4594]]}},{"type":"Feature","properties":{"routeId":"195","name":"195","direction":"1","routeType":"regular","lengthKm":16.5,"stops":54},"geometry":{"type":"LineString","coordinates":[[-0.4336,51.536],[-0.4297,51.5372],[-0.4272,51.5352],[-0.4239,51.5358],[-0.4229,51.535],[-0.4255,51.5335],[-0.4224,51.5325],[-0.422,51.5317],[-0.4191,51.5322],[-0.4171,51.5294],[-0.4172,51.5283],[-0.422,51.5229],[-0.4171,51.5211],[-0.4199,51.5158],[-0.4211,51.5091],[-0.4187,51.5071],[-0.4191,51.5053],[-0.4215,51.5026],[-0.424,51.5013],[-0.423,51.5009],[-0.4141,51.4981],[-0.4093,51.4984],[-0.3986,51.497],[-0.3929,51.4984],[-0.3893,51.5004],[-0.3827,51.501],[-0.3802,51.5035],[-0.3756,51.5112],[-0.3714,51.5107],[-0.3658,51.5113],[-0.3425,51.5082],[-0.338,51.5088],[-0.337,51.5058],[-0.3303,51.5018],[-0.3254,51.4963],[-0.3192,51.4936],[-0.3143,51.4887],[-0.308,51.4864],[-0.3067,51.4841]]}},{"type":"Feature","properties":{"routeId":"193","name":"193","direction":"1","routeType":"regular","lengthKm":13.1,"stops":32},"geometry":{"type":"LineString","coordinates":[[0.1811,51.5687],[0.1791,51.5708],[0.1804,51.5717],[0.1769,51.5764],[0.178,51.5803],[0.1845,51.5805],[0.1843,51.5798],[0.1862,51.578],[0.1833,51.5763],[0.1841,51.5754],[0.1834,51.5752],[0.184,51.572],[0.1861,51.5706],[0.1987,51.5743],[0.2005,51.5743],[0.2028,51.5723],[0.2102,51.5703],[0.2082,51.5635],[0.2181,51.5628],[0.2215,51.5615],[0.2206,51.5604],[0.2204,51.5567],[0.2183,51.5507],[0.2214,51.5504],[0.2214,51.5498],[0.2243,51.5483],[0.2293,51.5502],[0.2291,51.5524],[0.2301,51.5558],[0.229,51.5575],[0.2293,51.5592],[0.2343,51.5632],[0.2376,51.5689],[0.2379,51.5712],[0.2357,51.5759],[0.2394,51.5763],[0.24,51.5777],[0.2357,51.5783]]}},{"type":"Feature","properties":{"routeId":"187","name":"187","direction":"2","routeType":"regular","lengthKm":13.1,"stops":41},"geometry":{"type":"LineString","coordinates":[[-0.1834,51.5483],[-0.1877,51.5479],[-0.1811,51.5486],[-0.1735,51.5421],[-0.1752,51.5415],[-0.1763,51.5366],[-0.173,51.5333],[-0.1758,51.531],[-0.1814,51.5284],[-0.1784,51.5259],[-0.1842,51.5233],[-0.1861,51.524],[-0.1869,51.5233],[-0.1965,51.5276],[-0.2014,51.5286],[-0.2031,51.5328],[-0.208,51.5328],[-0.2168,51.531],[-0.2214,51.5368],[-0.2277,51.5357],[-0.2305,51.5364],[-0.2339,51.5334],[-0.2415,51.5371],[-0.2481,51.5355],[-0.2551,51.5375],[-0.2567,51.5368],[-0.2577,51.5353],[-0.2609,51.534],[-0.2594,51.5285],[-0.2672,51.5273],[-0.2689,51.5304]]}},{"type":"Feature","properties":{"routeId":"188","name":"188","direction":"2","routeType":"regular","lengthKm":16.3,"stops":49},"geometry":{"type":"LineString","coordinates":[[-0.1278,51.5168],[-0.1198,51.5192],[-0.1191,51.5179],[-0.1203,51.5174],[-0.1176,51.5133],[-0.1189,51.5123],[-0.1191,51.5112],[-0.1131,51.5045],[-0.106,51.4989],[-0.1045,51.4989],[-0.0996,51.4951],[-0.0945,51.4942],[-0.0847,51.4948],[-0.0799,51.4976],[-0.0775,51.5024],[-0.0674,51.4981],[-0.0552,51.4991],[-0.0521,51.4965],[-0.0497,51.4975],[-0.0494,51.4981],[-0.0502,51.4984],[-0.0496,51.4976],[-0.0488,51.4987],[-0.0474,51.4988],[-0.0459,51.498],[-0.0459,51.4956],[-0.0443,51.4949],[-0.0468,51.493],[-0.0312,51.4835],[-0.0229,51.4809],[-0.0102,51.4814],[-0.0088,51.4822],[-0.0081,51.4812],[0.0073,51.4859],[0.0094,51.4935],[0.007,51.4958],[0.0028,51.498],[0.0022,51.5011],[0.0029,51.5006]]}},{"type":"Feature","properties":{"routeId":"194","name":"194","direction":"1","routeType":"regular","lengthKm":18.3,"stops":59},"geometry":{"type":"LineString","coordinates":[[-0.0356,51.4307],[-0.0376,51.4304],[-0.0375,51.4286],[-0.044,51.4258],[-0.0528,51.4263],[-0.0518,51.4225],[-0.0534,51.4195],[-0.0517,51.4191],[-0.0511,51.4173],[-0.0482,51.4154],[-0.0517,51.4139],[-0.0448,51.4097],[-0.0319,51.4072],[-0.0407,51.3995],[-0.0431,51.3989],[-0.0436,51.3977],[-0.0428,51.3953],[-0.04,51.3919],[-0.0335,51.3921],[-0.027,51.3902],[-0.0234,51.3859],[-0.0144,51.3796],[-0.0146,51.3758],[-0.0245,51.3776],[-0.0288,51.3773],[-0.0309,51.375],[-0.0314,51.3694],[-0.031,51.3725],[-0.0404,51.3717],[-0.0435,51.3704],[-0.0451,51.3738],[-0.0463,51.374],[-0.0457,51.3754],[-0.0563,51.3736],[-0.0602,51.3763],[-0.0702,51.3742],[-0.0853,51.3752],[-0.097,51.3742],[-0.0998,51.3784],[-0.101,51.3787]]}},{"type":"Feature","properties":{"routeId":"192","name":"192","direction":"2","routeType":"regular","lengthKm":13.4,"stops":39},"geometry":{"type":"LineString","coordinates":[[-0.0612,51.5885],[-0.0584,51.5934],[-0.0565,51.5943],[-0.0547,51.597],[-0.0497,51.6002],[-0.0501,51.6042],[-0.0491,51.6063],[-0.0497,51.6093],[-0.0462,51.6091],[-0.0497,51.6094],[-0.0483,51.6134],[-0.0472,51.6143],[-0.052,51.6152],[-0.0478,51.6236],[-0.0556,51.6255],[-0.0592,51.6219],[-0.0616,51.622],[-0.0605,51.6252],[-0.0577,51.6256],[-0.056,51.6304],[-0.0609,51.631],[-0.0636,51.6326],[-0.0656,51.6329],[-0.066,51.6339],[-0.0753,51.6341],[-0.0725,51.6381],[-0.0729,51.64],[-0.0686,51.6411],[-0.067,51.6432],[-0.0668,51.645],[-0.0649,51.6451],[-0.0648,51.6466],[-0.0712,51.6471],[-0.0723,51.6503],[-0.075,51.6505],[-0.0752,51.6523],[-0.0798,51.6523],[-0.0795,51.6509],[-0.0835,51.6506],[-0.0869,51.6516],[-0.0861,51.6529]]}},{"type":"Feature","properties":{"routeId":"191","name":"191","direction":"2","routeType":"regular","lengthKm":15.8,"stops":49},"geometry":{"type":"LineString","coordinates":[[-0.0315,51.6556],[-0.0304,51.6654],[-0.0352,51.6654],[-0.0425,51.667],[-0.0467,51.6599],[-0.0608,51.6601],[-0.0726,51.6666],[-0.0773,51.663],[-0.0806,51.664],[-0.0865,51.6638],[-0.0882,51.6582],[-0.0884,51.6548],[-0.0883,51.6535],[-0.0863,51.6523],[-0.0727,51.6521],[-0.059,51.6492],[-0.0449,51.6484],[-0.0379,51.647],[-0.0376,51.6478],[-0.0343,51.6475],[-0.036,51.6424],[-0.0465,51.6438],[-0.0481,51.6392],[-0.0467,51.6387],[-0.0435,51.6322],[-0.0444,51.6286],[-0.0455,51.6278],[-0.0562,51.6289],[-0.0577,51.6256],[-0.0592,51.6252]]}},{"type":"Feature","properties":{"routeId":"197","name":"197","direction":"1","routeType":"regular","lengthKm":15.8,"stops":53},"geometry":{"type":"LineString","coordinates":[[-0.0676,51.4734],[-0.0656,51.4739],[-0.0656,51.4724],[-0.0697,51.4716],[-0.0659,51.4668],[-0.0667,51.4624],[-0.0661,51.4591],[-0.0731,51.4493],[-0.0743,51.4491],[-0.0717,51.4459],[-0.0649,51.4411],[-0.0581,51.4405],[-0.0539,51.439],[-0.0554,51.4359],[-0.0608,51.4322],[-0.0559,51.427],[-0.0568,51.427],[-0.0586,51.4222],[-0.0615,51.4199],[-0.0614,51.4191],[-0.0533,51.4156],[-0.0517,51.4139],[-0.0573,51.4098],[-0.0676,51.4046],[-0.0719,51.4014],[-0.071,51.4008],[-0.0735,51.3989],[-0.0677,51.3953],[-0.0654,51.3907],[-0.0656,51.3896],[-0.0716,51.3858],[-0.0812,51.3826],[-0.0914,51.3778],[-0.0917,51.3772],[-0.0906,51.3747],[-0.0965,51.3741],[-0.0965,51.3735]]}},{"type":"Feature","properties":{"routeId":"196","name":"196","direction":"1","routeType":"regular","lengthKm":15.6,"stops":54},"geometry":{"type":"LineString","coordinates":[[-0.0999,51.4963],[-0.1012,51.4953],[-0.1005,51.4934],[-0.1017,51.4923],[-0.1106,51.489],[-0.1128,51.4871],[-0.1192,51.4864],[-0.1187,51.4848],[-0.1217,51.4861],[-0.1231,51.4848],[-0.1239,51.4863],[-0.1249,51.4845],[-0.127,51.4835],[-0.1284,51.4797],[-0.1313,51.4756],[-0.1227,51.4746],[-0.1224,51.4735],[-0.1214,51.4733],[-0.122,51.472],[-0.1192,51.4686],[-0.1165,51.4657],[-0.1143,51.4646],[-0.1157,51.4609],[-0.114,51.4558],[-0.1113,51.4563],[-0.1077,51.4541],[-0.1014,51.4524],[-0.1008,51.451],[-0.101,51.4498],[-0.105,51.4462],[-0.105,51.4439],[-0.1062,51.4413],[-0.1056,51.4378],[-0.1015,51.43],[-0.1043,51.4296],[-0.1065,51.4194],[-0.0995,51.4178],[-0.0884,51.4123],[-0.0851,51.4069],[-0.0747,51.3995],[-0.0752,51.3986]]}},{"type":"Feature","properties":{"routeId":"198","name":"198","direction":"1","routeType":"regular","lengthKm":11.3,"stops":41},"geometry":{"type":"LineString","coordinates":[[-0.027,51.3662],[-0.0269,51.3693],[-0.0316,51.3695],[-0.0308,51.3753],[-0.0288,51.3773],[-0.0387,51.3768],[-0.0563,51.3736],[-0.0602,51.3763],[-0.0702,51.3742],[-0.0853,51.3752],[-0.097,51.3742],[-0.1002,51.3796],[-0.1028,51.378],[-0.1091,51.3844],[-0.1141,51.3933],[-0.0983,51.399],[-0.0941,51.3983],[-0.0925,51.3966]]}},{"type":"Feature","properties":{"routeId":"195","name":"195","direction":"2","routeType":"regular","lengthKm":16.7,"stops":53},"geometry":{"type":"LineString","coordinates":[[-0.3052,51.4844],[-0.3069,51.4844],[-0.3081,51.4864],[-0.3143,51.4887],[-0.3189,51.4934],[-0.3254,51.4963],[-0.3309,51.5023],[-0.3421,51.5083],[-0.3669,51.5113],[-0.3714,51.5107],[-0.3756,51.5112],[-0.3783,51.5073],[-0.379,51.5051],[-0.3823,51.502],[-0.3833,51.4994],[-0.3892,51.5005],[-0.393,51.4983],[-0.3985,51.497],[-0.4153,51.4983],[-0.4239,51.5012],[-0.4215,51.5026],[-0.4191,51.5053],[-0.4187,51.5071],[-0.4212,51.5091],[-0.4201,51.5117],[-0.4199,51.5158],[-0.4172,51.5211],[-0.4234,51.5232],[-0.422,51.5229],[-0.4173,51.5282],[-0.4171,51.5294],[-0.4191,51.5322],[-0.422,51.5317],[-0.4224,51.5325],[-0.4262,51.5339],[-0.4297,51.5371],[-0.4361,51.5355],[-0.4349,51.5356]]}},{"type":"Feature","properties":{"routeId":"193","name":"193","direction":"2","routeType":"regular","lengthKm":12.5,"stops":30},"geometry":{"type":"LineString","coordinates":[[0.2357,51.5783],[0.2348,51.5782],[0.2379,51.5713],[0.2376,51.5689],[0.2343,51.5632],[0.2293,51.5592],[0.229,51.5575],[0.2301,51.5558],[0.2293,51.5502],[0.2243,51.5483],[0.2214,51.5498],[0.2214,51.5504],[0.2183,51.5507],[0.2205,51.5572],[0.2206,51.5619],[0.2173,51.5629],[0.2082,51.5635],[0.2102,51.5703],[0.2028,51.5723],[0.2005,51.5743],[0.1989,51.5743],[0.1861,51.5706],[0.184,51.572],[0.1838,51.5742],[0.1824,51.5763],[0.1857,51.5783],[0.184,51.5801],[0.1816,51.5806],[0.1782,51.5798],[0.1771,51.5782],[0.1787,51.574],[0.1813,51.5714],[0.1791,51.5708],[0.181,51.5687]]}},{"type":"Feature","properties":{"routeId":"200","name":"200","direction":"1","routeType":"regular","lengthKm":11.9,"stops":34},"geometry":{"type":"LineString","coordinates":[[-0.2301,51.41],[-0.2275,51.4107],[-0.2286,51.4097],[-0.2326,51.4095],[-0.2337,51.4156],[-0.2303,51.4164],[-0.2299,51.4183],[-0.2397,51.4184],[-0.2264,51.4187],[-0.2176,51.4225],[-0.2158,51.4242],[-0.2115,51.4238],[-0.205,51.4205],[-0.2,51.4235],[-0.189,51.4251],[-0.1878,51.424],[-0.187,51.4201],[-0.1872,51.4159],[-0.1821,51.4162],[-0.178,51.4178],[-0.1787,51.4141],[-0.178,51.4093],[-0.183,51.4074],[-0.1822,51.4042],[-0.1767,51.405],[-0.1752,51.4028],[-0.1667,51.4027],[-0.1639,51.4057],[-0.1639,51.407]]}},{"type":"Feature","properties":{"routeId":"199","name":"199","direction":"1","routeType":"regular","lengthKm":11.1,"stops":40},"geometry":{"type":"LineString","coordinates":[[-0.05,51.4979],[-0.0496,51.4976],[-0.0523,51.4963],[-0.0477,51.4935],[-0.0454,51.4938],[-0.0468,51.493],[-0.0448,51.4918],[-0.0399,51.493],[-0.0375,51.4922],[-0.0346,51.4927],[-0.0346,51.4888],[-0.0378,51.4877],[-0.0282,51.4821],[-0.0229,51.4809],[-0.0102,51.4814],[-0.0088,51.4822],[-0.0081,51.4812],[-0.0123,51.4775],[-0.0155,51.4723],[-0.011,51.4661],[-0.0114,51.4649],[-0.0134,51.4652],[-0.0125,51.4636],[-0.0108,51.4637],[-0.0093,51.4624],[-0.0157,51.4553],[-0.0172,51.449],[-0.0203,51.444],[-0.0205,51.4403],[-0.0179,51.4349]]}},{"type":"Feature","properties":{"routeId":"194","name":"194","direction":"2","routeType":"regular","lengthKm":18.7,"stops":63},"geometry":{"type":"LineString","coordinates":[[-0.1011,51.3791],[-0.0998,51.3797],[-0.0983,51.3764],[-0.0954,51.3771],[-0.094,51.3745],[-0.0906,51.3747],[-0.0906,51.3752],[-0.0805,51.3752],[-0.069,51.3743],[-0.06,51.3764],[-0.0555,51.3738],[-0.0457,51.3754],[-0.0463,51.374],[-0.0451,51.3739],[-0.0435,51.3704],[-0.0404,51.3717],[-0.0308,51.3725],[-0.0313,51.3694],[-0.0309,51.375],[-0.0288,51.3773],[-0.0242,51.3778],[-0.0146,51.3758],[-0.0144,51.3796],[-0.0241,51.3864],[-0.0271,51.3902],[-0.0338,51.3921],[-0.0397,51.3918],[-0.0424,51.3947],[-0.0443,51.3988],[-0.0413,51.3991],[-0.0342,51.4046],[-0.0324,51.4073],[-0.0441,51.4094],[-0.0517,51.4139],[-0.0482,51.4154],[-0.0511,51.4173],[-0.0517,51.4191],[-0.0534,51.4195],[-0.0518,51.4225],[-0.0528,51.4263],[-0.044,51.4258],[-0.0376,51.4287],[-0.0376,51.4307],[-0.0346,51.4307]]}},{"type":"Feature","properties":{"routeId":"202","name":"202","direction":"1","routeType":"regular","lengthKm":13.4,"stops":41},"geometry":{"type":"LineString","coordinates":[[-0.0776,51.4218],[-0.0751,51.4257],[-0.0739,51.4263],[-0.0751,51.4289],[-0.0729,51.4321],[-0.0618,51.4306],[-0.0596,51.431],[-0.0555,51.4268],[-0.0445,51.4257],[-0.0376,51.4287],[-0.0378,51.4327],[-0.0347,51.4352],[-0.0332,51.4389],[-0.0292,51.4408],[-0.0254,51.4442],[-0.0205,51.4449],[-0.0191,51.4461],[-0.0032,51.4451],[0.0146,51.4463],[0.0133,51.448],[0.012,51.4522],[0.0091,51.4659],[0.0069,51.4671],[0.0095,51.4686],[0.0092,51.4729],[0.0098,51.475],[0.0148,51.4771],[0.0189,51.477],[0.02,51.478]]}},{"type":"Feature","properties":{"routeId":"198","name":"198","direction":"2","routeType":"regular","lengthKm":11.1,"stops":38},"geometry":{"type":"LineString","coordinates":[[-0.0935,51.3974],[-0.0946,51.3985],[-0.0984,51.3989],[-0.1141,51.3933],[-0.1104,51.3861],[-0.1023,51.3776],[-0.0997,51.3784],[-0.0983,51.3764],[-0.0954,51.3771],[-0.094,51.3745],[-0.0906,51.3747],[-0.0906,51.3752],[-0.0805,51.3752],[-0.069,51.3743],[-0.06,51.3764],[-0.0555,51.3738],[-0.038,51.3769],[-0.0288,51.3773],[-0.0309,51.375],[-0.0313,51.3697],[-0.0305,51.3693],[-0.0311,51.3668],[-0.0287,51.3658],[-0.027,51.3662]]}},{"type":"Feature","properties":{"routeId":"196","name":"196","direction":"2","routeType":"regular","lengthKm":15,"stops":52},"geometry":{"type":"LineString","coordinates":[[-0.0752,51.3986],[-0.0757,51.3988],[-0.0747,51.3995],[-0.086,51.4078],[-0.0886,51.4125],[-0.0995,51.4178],[-0.1065,51.4194],[-0.1037,51.4336],[-0.1061,51.4391],[-0.1062,51.4413],[-0.1052,51.4428],[-0.1048,51.4466],[-0.101,51.4498],[-0.1008,51.4512],[-0.1017,51.4523],[-0.1105,51.4555],[-0.1137,51.4552],[-0.1152,51.459],[-0.1167,51.4594],[-0.1143,51.4646],[-0.1165,51.4657],[-0.122,51.472],[-0.1253,51.4738],[-0.1254,51.4746],[-0.1313,51.4756],[-0.1261,51.4847],[-0.1248,51.4853],[-0.1247,51.4846],[-0.1234,51.4862],[-0.1128,51.4871],[-0.1112,51.489],[-0.1032,51.4914],[-0.1009,51.493],[-0.1012,51.4953],[-0.0998,51.4964]]}},{"type":"Feature","properties":{"routeId":"201","name":"201","direction":"1","routeType":"regular","lengthKm":13,"stops":45},"geometry":{"type":"LineString","coordinates":[[-0.194,51.4025],[-0.1916,51.4034],[-0.1874,51.3991],[-0.1851,51.3985],[-0.1827,51.4003],[-0.173,51.3977],[-0.1682,51.4014],[-0.1696,51.4025],[-0.1667,51.4027],[-0.1646,51.4047],[-0.1616,51.4109],[-0.1558,51.4135],[-0.1529,51.4164],[-0.1471,51.4195],[-0.1418,51.4243],[-0.1319,51.4285],[-0.1297,51.4305],[-0.1277,51.4371],[-0.1246,51.442],[-0.1245,51.4451],[-0.119,51.4437],[-0.1173,51.4449],[-0.1115,51.4448],[-0.1085,51.4416],[-0.1002,51.4394],[-0.0929,51.4411],[-0.096,51.4466],[-0.1008,51.4504],[-0.1014,51.4521],[-0.1036,51.4527]]}},{"type":"Feature","properties":{"routeId":"200","name":"200","direction":"2","routeType":"regular","lengthKm":12.1,"stops":36},"geometry":{"type":"LineString","coordinates":[[-0.164,51.4062],[-0.1646,51.4047],[-0.168,51.4016],[-0.1754,51.4029],[-0.1767,51.405],[-0.1822,51.4042],[-0.183,51.4074],[-0.178,51.4093],[-0.1794,51.4146],[-0.1783,51.4153],[-0.178,51.4178],[-0.1821,51.4162],[-0.1872,51.4159],[-0.187,51.4201],[-0.1878,51.424],[-0.1889,51.425],[-0.2007,51.4232],[-0.2048,51.4205],[-0.2027,51.4191],[-0.204,51.4185],[-0.2092,51.4226],[-0.2138,51.4242],[-0.2158,51.4242],[-0.2176,51.4225],[-0.2272,51.4185],[-0.2397,51.4184],[-0.2299,51.4183],[-0.2303,51.4164],[-0.2337,51.4156],[-0.2326,51.4095],[-0.2301,51.41]]}},{"type":"Feature","properties":{"routeId":"204","name":"204","direction":"1","routeType":"regular","lengthKm":14.3,"stops":44},"geometry":{"type":"LineString","coordinates":[[-0.3156,51.5511],[-0.3137,51.5531],[-0.3085,51.5516],[-0.2983,51.5521],[-0.2935,51.5537],[-0.294,51.5554],[-0.2919,51.5568],[-0.2905,51.5594],[-0.2918,51.5603],[-0.2922,51.5645],[-0.2947,51.5662],[-0.2952,51.5699],[-0.2942,51.5748],[-0.2949,51.5762],[-0.2899,51.578],[-0.2902,51.5798],[-0.2894,51.5801],[-0.289,51.5816],[-0.2854,51.5844],[-0.2851,51.5854],[-0.2804,51.5848],[-0.2751,51.586],[-0.2658,51.5842],[-0.2646,51.5879],[-0.2552,51.5895],[-0.2547,51.59],[-0.2575,51.5921],[-0.2456,51.5968],[-0.2458,51.6007],[-0.2466,51.601],[-0.2456,51.6018],[-0.2466,51.601],[-0.2533,51.6013],[-0.2559,51.6028],[-0.2567,51.6054],[-0.2674,51.6006],[-0.2794,51.6107],[-0.2762,51.6136],[-0.2756,51.6133]]}},{"type":"Feature","properties":{"routeId":"197","name":"197","direction":"2","routeType":"regular","lengthKm":16.5,"stops":55},"geometry":{"type":"LineString","coordinates":[[-0.0964,51.3727],[-0.0967,51.3707],[-0.097,51.3742],[-0.0906,51.3747],[-0.0915,51.3777],[-0.0868,51.3804],[-0.0716,51.3858],[-0.0652,51.3899],[-0.0677,51.3952],[-0.072,51.3978],[-0.0735,51.3968],[-0.0741,51.3972],[-0.0735,51.3989],[-0.071,51.4008],[-0.0719,51.4014],[-0.0677,51.4045],[-0.0575,51.4097],[-0.0517,51.4139],[-0.0535,51.4157],[-0.0612,51.4186],[-0.0615,51.4193],[-0.0587,51.422],[-0.0568,51.427],[-0.056,51.4271],[-0.0608,51.4322],[-0.0554,51.4358],[-0.054,51.439],[-0.0581,51.4405],[-0.0649,51.4411],[-0.0717,51.4459],[-0.0743,51.4491],[-0.0731,51.4493],[-0.0661,51.4591],[-0.0667,51.4624],[-0.0659,51.4668],[-0.0697,51.4716],[-0.0656,51.4724],[-0.0656,51.4739],[-0.0669,51.4736]]}},{"type":"Feature","properties":{"routeId":"199","name":"199","direction":"2","routeType":"regular","lengthKm":10.4,"stops":36},"geometry":{"type":"LineString","coordinates":[[-0.0185,51.4366],[-0.0207,51.4405],[-0.0203,51.4438],[-0.0172,51.4488],[-0.0157,51.4553],[-0.0136,51.4572],[-0.0122,51.4592],[-0.0126,51.4596],[-0.0093,51.4624],[-0.0103,51.4627],[-0.0115,51.4671],[-0.0155,51.4724],[-0.013,51.4756],[-0.0123,51.478],[-0.0093,51.4806],[-0.0103,51.4814],[-0.0234,51.4807],[-0.0276,51.4818],[-0.0378,51.4877],[-0.0346,51.4887],[-0.0346,51.4927],[-0.0378,51.4922],[-0.0399,51.493],[-0.0471,51.4916],[-0.0486,51.4939],[-0.0524,51.4963],[-0.0497,51.4975],[-0.0499,51.4982]]}},{"type":"Feature","properties":{"routeId":"210","name":"210","direction":"1","routeType":"regular","lengthKm":12.4,"stops":36},"geometry":{"type":"LineString","coordinates":[[-0.107,51.5656],[-0.1091,51.5677],[-0.1151,51.5706],[-0.1221,51.5671],[-0.1239,51.5691],[-0.1243,51.571],[-0.1269,51.5714],[-0.1271,51.5704],[-0.1317,51.5681],[-0.1352,51.5642],[-0.1371,51.565],[-0.1359,51.5661],[-0.1398,51.5682],[-0.1499,51.5716],[-0.1671,51.573],[-0.1707,51.5727],[-0.1731,51.5715],[-0.1798,51.5626],[-0.181,51.5654],[-0.1865,51.5697],[-0.1989,51.5727],[-0.2077,51.5783],[-0.2152,51.5756],[-0.2172,51.5768],[-0.2225,51.5727],[-0.2234,51.5726],[-0.2247,51.5743],[-0.2264,51.5743],[-0.2234,51.5757]]}},{"type":"Feature","properties":{"routeId":"203","name":"203","direction":"1","routeType":"regular","lengthKm":15.7,"stops":39},"geometry":{"type":"LineString","coordinates":[[-0.3559,51.4702],[-0.3651,51.4668],[-0.3664,51.4682],[-0.3761,51.4695],[-0.395,51.4753],[-0.4203,51.4672],[-0.4201,51.4659],[-0.422,51.4663],[-0.423,51.4675],[-0.424,51.4667],[-0.4236,51.4676],[-0.4229,51.4677],[-0.4218,51.4663],[-0.4237,51.4645],[-0.4405,51.4524],[-0.4505,51.4539],[-0.461,51.4571],[-0.4713,51.4581],[-0.4729,51.4558],[-0.4736,51.4525],[-0.4781,51.4498],[-0.4789,51.4482],[-0.4758,51.4441],[-0.4743,51.4443],[-0.4753,51.4439],[-0.4741,51.4428],[-0.4998,51.4364],[-0.5089,51.435],[-0.5082,51.4331],[-0.5093,51.4321],[-0.5093,51.4327]]}},{"type":"Feature","properties":{"routeId":"202","name":"202","direction":"2","routeType":"regular","lengthKm":13.6,"stops":45},"geometry":{"type":"LineString","coordinates":[[0.0204,51.4777],[0.0191,51.4769],[0.0146,51.4771],[0.0098,51.475],[0.0095,51.4686],[0.0085,51.4665],[0.0099,51.4597],[0.0115,51.4566],[0.0128,51.4495],[0.0147,51.4462],[-0.0029,51.4451],[-0.0171,51.4459],[-0.0182,51.4439],[-0.0205,51.4448],[-0.0254,51.4442],[-0.0292,51.4408],[-0.0332,51.4389],[-0.0348,51.4351],[-0.0378,51.4327],[-0.0373,51.4287],[-0.0446,51.4257],[-0.056,51.4269],[-0.0596,51.431],[-0.0618,51.4306],[-0.0729,51.4321],[-0.0751,51.4289],[-0.0738,51.4262],[-0.0753,51.4253],[-0.0782,51.4209]]}},{"type":"Feature","properties":{"routeId":"209","name":"209","direction":"1","routeType":"regular","lengthKm":3.1,"stops":12},"geometry":{"type":"LineString","coordinates":[[-0.2595,51.4679],[-0.2599,51.4698],[-0.2559,51.4706],[-0.2514,51.4736],[-0.2474,51.4734],[-0.2393,51.4753],[-0.2361,51.4827],[-0.2336,51.4852]]}},{"type":"Feature","properties":{"routeId":"206","name":"206","direction":"1","routeType":"regular","lengthKm":14.3,"stops":39},"geometry":{"type":"LineString","coordinates":[[-0.2722,51.5703],[-0.2715,51.5705],[-0.2729,51.5655],[-0.2775,51.5652],[-0.2795,51.5629],[-0.2828,51.5611],[-0.2786,51.5608],[-0.2786,51.5586],[-0.2702,51.5588],[-0.2697,51.5556],[-0.2584,51.5558],[-0.254,51.5546],[-0.256,51.5528],[-0.2595,51.5552],[-0.2617,51.5543],[-0.2596,51.5429],[-0.2574,51.5395],[-0.2573,51.5369],[-0.255,51.5375],[-0.2481,51.5355],[-0.2435,51.5369],[-0.2407,51.5369],[-0.2383,51.539],[-0.2357,51.5438],[-0.2343,51.5429],[-0.2345,51.5422],[-0.2322,51.5417],[-0.2316,51.5456],[-0.2293,51.5456],[-0.2279,51.5451],[-0.2259,51.5424],[-0.2226,51.5439],[-0.2216,51.5458],[-0.2166,51.5447],[-0.2118,51.5423],[-0.2092,51.5404],[-0.2047,51.5346],[-0.194,51.5385],[-0.1922,51.5369],[-0.1938,51.5347]]}},{"type":"Feature","properties":{"routeId":"207","name":"207","direction":"1","routeType":"twentyfour","lengthKm":14.2,"stops":44},"geometry":{"type":"LineString","coordinates":[[-0.399,51.5159],[-0.391,51.5133],[-0.3794,51.5114],[-0.3714,51.5107],[-0.3658,51.5113],[-0.3425,51.5082],[-0.328,51.5096],[-0.2999,51.5141],[-0.2832,51.5087],[-0.2749,51.5084],[-0.2693,51.5068],[-0.2337,51.5065],[-0.2184,51.5044],[-0.2181,51.5057],[-0.2197,51.5096],[-0.223,51.5093],[-0.2228,51.5082],[-0.224,51.5082],[-0.224,51.509]]}},{"type":"Feature","properties":{"routeId":"204","name":"204","direction":"2","routeType":"regular","lengthKm":14.3,"stops":41},"geometry":{"type":"LineString","coordinates":[[-0.2746,51.613],[-0.2762,51.6136],[-0.2792,51.6108],[-0.2674,51.6006],[-0.2567,51.6054],[-0.2559,51.6028],[-0.2533,51.6013],[-0.2466,51.601],[-0.2456,51.6018],[-0.2466,51.601],[-0.2458,51.6007],[-0.2456,51.5967],[-0.2575,51.5921],[-0.2547,51.59],[-0.2552,51.5895],[-0.2646,51.5879],[-0.2658,51.5842],[-0.2747,51.586],[-0.2814,51.5846],[-0.285,51.5854],[-0.2851,51.5845],[-0.289,51.5816],[-0.2894,51.5801],[-0.2902,51.5798],[-0.2899,51.578],[-0.2948,51.5762],[-0.2942,51.5748],[-0.2947,51.5662],[-0.2922,51.5645],[-0.2918,51.5603],[-0.2905,51.5594],[-0.2919,51.5568],[-0.294,51.5554],[-0.2935,51.5537],[-0.2995,51.552],[-0.3089,51.5516],[-0.3134,51.5526],[-0.3152,51.551]]}},{"type":"Feature","properties":{"routeId":"205","name":"205","direction":"1","routeType":"regular","lengthKm":12.9,"stops":43},"geometry":{"type":"LineString","coordinates":[[-0.1562,51.5142],[-0.1597,51.5218],[-0.1419,51.5241],[-0.1324,51.5268],[-0.1328,51.5275],[-0.1302,51.5283],[-0.1297,51.5277],[-0.122,51.5308],[-0.106,51.5319],[-0.0889,51.5275],[-0.0871,51.5258],[-0.0837,51.5262],[-0.0792,51.5237],[-0.0773,51.5238],[-0.0797,51.5183],[-0.0816,51.5162],[-0.08,51.5161],[-0.0768,51.5143],[-0.0737,51.5146],[-0.0626,51.5185],[-0.0413,51.5226],[-0.0345,51.5252],[-0.0207,51.528]]}},{"type":"Feature","properties":{"routeId":"201","name":"201","direction":"2","routeType":"regular","lengthKm":12.9,"stops":42},"geometry":{"type":"LineString","coordinates":[[-0.1025,51.4524],[-0.1014,51.4524],[-0.1008,51.4504],[-0.0956,51.4462],[-0.0929,51.4411],[-0.099,51.4394],[-0.1051,51.4409],[-0.1086,51.4404],[-0.1085,51.4416],[-0.1115,51.4448],[-0.1173,51.4449],[-0.119,51.4437],[-0.1244,51.4451],[-0.1245,51.4418],[-0.1275,51.437],[-0.1297,51.4305],[-0.1319,51.4284],[-0.1418,51.4243],[-0.1471,51.4195],[-0.1529,51.4164],[-0.1554,51.4136],[-0.161,51.4112],[-0.1653,51.4039],[-0.1729,51.3977],[-0.1827,51.4003],[-0.1847,51.3985],[-0.1875,51.3988],[-0.1915,51.4032],[-0.1939,51.4024]]}},{"type":"Feature","properties":{"routeId":"210","name":"210","direction":"2","routeType":"regular","lengthKm":12,"stops":36},"geometry":{"type":"LineString","coordinates":[[-0.2226,51.5757],[-0.2256,51.5745],[-0.2245,51.5742],[-0.2235,51.5727],[-0.2225,51.5727],[-0.2173,51.5769],[-0.2152,51.5756],[-0.2077,51.5783],[-0.1989,51.5727],[-0.1857,51.5693],[-0.181,51.5654],[-0.1798,51.5626],[-0.1733,51.5714],[-0.1711,51.5726],[-0.1676,51.573],[-0.1499,51.5717],[-0.1436,51.5698],[-0.1355,51.566],[-0.1333,51.5664],[-0.1312,51.5685],[-0.1271,51.5704],[-0.1269,51.5714],[-0.1243,51.571],[-0.1239,51.5691],[-0.1221,51.5671],[-0.1151,51.5706],[-0.108,51.5669],[-0.1072,51.5662],[-0.1079,51.5654]]}},{"type":"Feature","properties":{"routeId":"208","name":"208","direction":"1","routeType":"regular","lengthKm":18.6,"stops":57},"geometry":{"type":"LineString","coordinates":[[-0.0126,51.4642],[-0.0124,51.4634],[-0.0108,51.4637],[-0.0093,51.4624],[-0.0157,51.4553],[-0.0172,51.449],[-0.0203,51.4437],[-0.0205,51.4406],[-0.0181,51.4359],[-0.0172,51.4324],[-0.0139,51.429],[-0.0109,51.4273],[-0.0044,51.425],[-0.0018,51.4214],[0.0059,51.4158],[0.0118,51.4071],[0.0143,51.4057],[0.0187,51.4063],[0.0188,51.4029],[0.0155,51.4025],[0.0173,51.3991],[0.0204,51.3986],[0.0324,51.3918],[0.0358,51.3888],[0.0453,51.39],[0.0482,51.3894],[0.0543,51.3906],[0.0649,51.3885],[0.0717,51.39],[0.078,51.3839],[0.078,51.3825],[0.0805,51.3817],[0.0768,51.3766],[0.0757,51.3743],[0.076,51.3733],[0.0886,51.3727],[0.0926,51.3718],[0.0974,51.3733],[0.1032,51.3799],[0.1022,51.3813],[0.103,51.3824],[0.1059,51.382]]}},{"type":"Feature","properties":{"routeId":"203","name":"203","direction":"2","routeType":"regular","lengthKm":15.8,"stops":39},"geometry":{"type":"LineString","coordinates":[[-0.5093,51.4327],[-0.5083,51.4334],[-0.509,51.435],[-0.4743,51.4429],[-0.4755,51.4439],[-0.4743,51.4443],[-0.4759,51.4442],[-0.4791,51.4483],[-0.4781,51.4498],[-0.4736,51.4525],[-0.4717,51.4582],[-0.461,51.4571],[-0.4561,51.4552],[-0.4405,51.4524],[-0.4237,51.4645],[-0.4218,51.4663],[-0.423,51.4675],[-0.424,51.4667],[-0.4236,51.4676],[-0.4218,51.4669],[-0.3957,51.4758],[-0.3766,51.4696],[-0.3689,51.4685],[-0.3686,51.4673],[-0.3669,51.4677],[-0.3661,51.4667],[-0.3623,51.4674],[-0.3544,51.4707]]}},{"type":"Feature","properties":{"routeId":"209","name":"209","direction":"2","routeType":"regular","lengthKm":3.1,"stops":12},"geometry":{"type":"LineString","coordinates":[[-0.2334,51.4854],[-0.2361,51.4827],[-0.2393,51.4753],[-0.2474,51.4734],[-0.2514,51.4736],[-0.2559,51.4706],[-0.2599,51.4698],[-0.2593,51.468]]}},{"type":"Feature","properties":{"routeId":"211","name":"211","direction":"1","routeType":"twentyfour","lengthKm":9.3,"stops":34},"geometry":{"type":"LineString","coordinates":[[-0.2238,51.4918],[-0.2226,51.4881],[-0.2206,51.4862],[-0.2194,51.4835],[-0.2162,51.4833],[-0.2133,51.4817],[-0.2023,51.4801],[-0.1991,51.4807],[-0.1986,51.4799],[-0.1976,51.4805],[-0.1891,51.4804],[-0.1721,51.4916],[-0.1687,51.4875],[-0.157,51.4928],[-0.1576,51.4924],[-0.1569,51.4903],[-0.1501,51.486],[-0.1486,51.4782],[-0.1454,51.4778],[-0.1398,51.4802],[-0.1405,51.4808]]}},{"type":"Feature","properties":{"routeId":"206","name":"206","direction":"2","routeType":"regular","lengthKm":14.8,"stops":40},"geometry":{"type":"LineString","coordinates":[[-0.1932,51.5355],[-0.1922,51.5369],[-0.194,51.5385],[-0.2047,51.5346],[-0.2087,51.5397],[-0.212,51.5424],[-0.2164,51.5446],[-0.2216,51.5458],[-0.2226,51.5439],[-0.2259,51.5424],[-0.2279,51.5451],[-0.2293,51.5456],[-0.2316,51.5456],[-0.2322,51.5417],[-0.2345,51.5422],[-0.2343,51.5429],[-0.2357,51.5438],[-0.2383,51.539],[-0.2407,51.5369],[-0.2432,51.537],[-0.2481,51.5355],[-0.2549,51.5375],[-0.2573,51.5369],[-0.2575,51.5396],[-0.2596,51.543],[-0.2617,51.5543],[-0.2601,51.5553],[-0.2576,51.5544],[-0.254,51.5546],[-0.2546,51.5534],[-0.2563,51.5528],[-0.2595,51.5549],[-0.2563,51.5548],[-0.2584,51.5558],[-0.2762,51.5555],[-0.2755,51.5586],[-0.2786,51.5586],[-0.2786,51.5608],[-0.2826,51.561],[-0.2824,51.5619],[-0.2795,51.5629],[-0.2773,51.5655],[-0.2729,51.5655],[-0.2722,51.5703]]}},{"type":"Feature","properties":{"routeId":"205","name":"205","direction":"2","routeType":"regular","lengthKm":13.1,"stops":47},"geometry":{"type":"LineString","coordinates":[[-0.0174,51.5284],[-0.0314,51.5258],[-0.0415,51.5225],[-0.0638,51.5182],[-0.074,51.5144],[-0.075,51.5149],[-0.0774,51.5141],[-0.0817,51.5162],[-0.0795,51.5187],[-0.0779,51.5228],[-0.0835,51.526],[-0.087,51.5257],[-0.0889,51.5275],[-0.1062,51.5319],[-0.121,51.5308],[-0.1375,51.525],[-0.1575,51.5221],[-0.1545,51.5154],[-0.1566,51.5151],[-0.156,51.5137],[-0.1576,51.5135]]}},{"type":"Feature","properties":{"routeId":"212","name":"212","direction":"1","routeType":"regular","lengthKm":11.5,"stops":29},"geometry":{"type":"LineString","coordinates":[[0.0105,51.6335],[0.0011,51.6302],[0.0029,51.6286],[0.0074,51.627],[0.009,51.6187],[0.0001,51.619],[0.0002,51.6145],[-0.003,51.6121],[-0.0007,51.6077],[-0.0038,51.6009],[-0.0074,51.6002],[-0.0049,51.5916],[-0.0085,51.5908],[-0.0084,51.5879],[-0.0129,51.5859],[-0.0195,51.5849],[-0.0187,51.5833],[-0.0203,51.5831],[-0.0204,51.5842],[-0.0204,51.5831],[-0.0189,51.5833],[-0.0208,51.588],[-0.0174,51.5902],[-0.0213,51.5908],[-0.0299,51.5892],[-0.0306,51.5889],[-0.0279,51.5823],[-0.0319,51.5814]]}},{"type":"Feature","properties":{"routeId":"214","name":"214","direction":"1","routeType":"twentyfour","lengthKm":9.6,"stops":35},"geometry":{"type":"LineString","coordinates":[[-0.1498,51.5719],[-0.1514,51.5692],[-0.1538,51.5679],[-0.1536,51.566],[-0.1526,51.5634],[-0.1492,51.5592],[-0.1407,51.5511],[-0.1419,51.5427],[-0.1399,51.5405],[-0.1418,51.5395],[-0.1375,51.5349],[-0.1332,51.5356],[-0.1301,51.5344],[-0.1278,51.5325],[-0.1262,51.5292],[-0.122,51.5308],[-0.106,51.5319],[-0.0889,51.5275],[-0.087,51.5257],[-0.0876,51.5249],[-0.0871,51.5216],[-0.0857,51.5214],[-0.0858,51.5207]]}},{"type":"Feature","properties":{"routeId":"207","name":"207","direction":"2","routeType":"twentyfour","lengthKm":14.3,"stops":48},"geometry":{"type":"LineString","coordinates":[[-0.2239,51.5086],[-0.2227,51.5083],[-0.223,51.5093],[-0.2197,51.5096],[-0.2181,51.5044],[-0.2235,51.5034],[-0.2249,51.5052],[-0.2334,51.5065],[-0.2695,51.5068],[-0.2749,51.5084],[-0.2834,51.5088],[-0.3001,51.5141],[-0.3281,51.5096],[-0.3425,51.5082],[-0.3669,51.5113],[-0.3714,51.5107],[-0.3801,51.5115],[-0.3918,51.5133],[-0.3997,51.5155]]}},{"type":"Feature","properties":{"routeId":"213","name":"213","direction":"1","routeType":"regular","lengthKm":14.9,"stops":43},"geometry":{"type":"LineString","coordinates":[[-0.2999,51.4105],[-0.3017,51.4085],[-0.3036,51.409],[-0.3005,51.4113],[-0.3004,51.4123],[-0.2967,51.4123],[-0.2965,51.4107],[-0.2916,51.411],[-0.2821,51.4172],[-0.2809,51.4153],[-0.2806,51.411],[-0.2783,51.4107],[-0.275,51.4087],[-0.2589,51.4101],[-0.2556,51.4],[-0.2553,51.3967],[-0.2533,51.3947],[-0.253,51.3882],[-0.254,51.3863],[-0.2436,51.3795],[-0.2371,51.3767],[-0.2279,51.3709],[-0.2237,51.366],[-0.2206,51.364],[-0.2164,51.3577],[-0.2012,51.361],[-0.1943,51.3615],[-0.1963,51.3679],[-0.1993,51.3669],[-0.2006,51.3684],[-0.1994,51.3689]]}},{"type":"Feature","properties":{"routeId":"215","name":"215","direction":"1","routeType":"regular","lengthKm":8.8,"stops":27},"geometry":{"type":"LineString","coordinates":[[-0.0063,51.655],[-0.0072,51.6516],[-0.0108,51.6489],[-0.0102,51.6466],[-0.0112,51.6451],[-0.0114,51.6406],[-0.0138,51.6324],[-0.0117,51.6272],[-0.0166,51.6245],[-0.0181,51.6113],[-0.0154,51.5972],[-0.0161,51.5946],[-0.0183,51.5935],[-0.0174,51.5902],[-0.0207,51.5881],[-0.0187,51.5833],[-0.0203,51.5831],[-0.0202,51.5836]]}},{"type":"Feature","properties":{"routeId":"216","name":"216","direction":"1","routeType":"regular","lengthKm":20.9,"stops":53},"geometry":{"type":"LineString","coordinates":[[-0.509,51.4328],[-0.5083,51.4334],[-0.509,51.435],[-0.4742,51.4429],[-0.4727,51.4398],[-0.4679,51.437],[-0.465,51.4339],[-0.4582,51.4319],[-0.4555,51.4327],[-0.4531,51.4286],[-0.4342,51.4254],[-0.44,51.4219],[-0.4267,51.4202],[-0.4271,51.419],[-0.4252,51.418],[-0.4259,51.4177],[-0.4271,51.419],[-0.4267,51.4202],[-0.4186,51.4196],[-0.419,51.4167],[-0.4182,51.413],[-0.4139,51.4063],[-0.411,51.4045],[-0.3942,51.4099],[-0.3951,51.4136],[-0.3887,51.4145],[-0.373,51.4137],[-0.3733,51.4156],[-0.3722,51.4157],[-0.3692,51.4157],[-0.3629,51.4131],[-0.3529,51.4107],[-0.3417,51.4052],[-0.34,51.407],[-0.3347,51.4064],[-0.3228,51.4076],[-0.3115,51.4112],[-0.3058,51.411],[-0.3048,51.4127],[-0.2989,51.4123]]}},{"type":"Feature","properties":{"routeId":"211","name":"211","direction":"2","routeType":"twentyfour","lengthKm":9.6,"stops":32},"geometry":{"type":"LineString","coordinates":[[-0.1406,51.4808],[-0.1428,51.481],[-0.1396,51.4801],[-0.1453,51.478],[-0.149,51.4777],[-0.1501,51.4859],[-0.1569,51.4903],[-0.1576,51.4924],[-0.1687,51.4875],[-0.1721,51.4916],[-0.1896,51.4802],[-0.1976,51.4805],[-0.1986,51.4799],[-0.1991,51.4807],[-0.2023,51.4801],[-0.2133,51.4817],[-0.2162,51.4833],[-0.2194,51.4835],[-0.2206,51.4862],[-0.2226,51.4881],[-0.2238,51.4923]]}},{"type":"Feature","properties":{"routeId":"208","name":"208","direction":"2","routeType":"regular","lengthKm":18.6,"stops":57},"geometry":{"type":"LineString","coordinates":[[0.1059,51.382],[0.1001,51.377],[0.0977,51.3731],[0.0915,51.3718],[0.0887,51.3727],[0.076,51.3733],[0.0757,51.3742],[0.0768,51.3767],[0.0805,51.3817],[0.078,51.3825],[0.0773,51.3847],[0.0717,51.39],[0.0657,51.3885],[0.0541,51.3906],[0.0482,51.3894],[0.0453,51.39],[0.0359,51.3886],[0.0301,51.3931],[0.0199,51.3985],[0.0174,51.399],[0.0154,51.4024],[0.0187,51.4029],[0.0185,51.4063],[0.0145,51.4056],[0.0118,51.4071],[0.0063,51.4154],[-0.0018,51.4214],[-0.0042,51.4248],[-0.0139,51.429],[-0.0177,51.4334],[-0.0192,51.4385],[-0.0207,51.4405],[-0.0203,51.4438],[-0.0172,51.4488],[-0.0157,51.4553],[-0.0135,51.4573],[-0.0122,51.4592],[-0.0126,51.4596],[-0.0093,51.4624],[-0.0103,51.4627],[-0.0113,51.465],[-0.0132,51.4649]]}},{"type":"Feature","properties":{"routeId":"217","name":"217","direction":"1","routeType":"regular","lengthKm":14.1,"stops":34},"geometry":{"type":"LineString","coordinates":[[-0.0311,51.6856],[-0.0291,51.6861],[-0.029,51.6846],[-0.0332,51.6832],[-0.034,51.6799],[-0.0415,51.6811],[-0.0511,51.6797],[-0.0591,51.6582],[-0.0597,51.6534],[-0.0568,51.6532],[-0.057,51.649],[-0.0601,51.6491],[-0.0605,51.6433],[-0.062,51.6409],[-0.071,51.6333],[-0.0784,51.6295],[-0.0824,51.622],[-0.0863,51.617],[-0.0868,51.6142],[-0.0855,51.6081],[-0.087,51.6029],[-0.0909,51.6016],[-0.092,51.598],[-0.093,51.5981],[-0.0952,51.5952],[-0.1033,51.5904],[-0.1025,51.5895],[-0.1022,51.5899]]}},{"type":"Feature","properties":{"routeId":"212","name":"212","direction":"2","routeType":"regular","lengthKm":11.6,"stops":29},"geometry":{"type":"LineString","coordinates":[[-0.0324,51.5813],[-0.0279,51.5823],[-0.0306,51.5889],[-0.0299,51.5892],[-0.0212,51.5908],[-0.0174,51.5902],[-0.0207,51.5881],[-0.0187,51.5833],[-0.0203,51.5831],[-0.0204,51.5842],[-0.0204,51.5831],[-0.0189,51.5833],[-0.0195,51.5849],[-0.0129,51.5859],[-0.0084,51.5879],[-0.0087,51.5908],[-0.0049,51.5916],[-0.0075,51.6002],[-0.0038,51.6009],[-0.0007,51.6077],[-0.003,51.6121],[0.0002,51.6145],[-0.0003,51.6165],[0.0006,51.6181],[-0.0004,51.6191],[0.0078,51.6188],[0.0087,51.6193],[0.0074,51.627],[0.0027,51.6287],[0.001,51.6304],[0.0105,51.6335]]}},{"type":"Feature","properties":{"routeId":"218","name":"218","direction":"1","routeType":"regular","lengthKm":9.1,"stops":32},"geometry":{"type":"LineString","coordinates":[[-0.2238,51.4923],[-0.2243,51.4926],[-0.2236,51.4913],[-0.2248,51.4915],[-0.225,51.4929],[-0.2343,51.4929],[-0.234,51.4944],[-0.2346,51.4945],[-0.2346,51.4961],[-0.238,51.4999],[-0.2391,51.4998],[-0.24,51.5013],[-0.2427,51.5023],[-0.2451,51.5068],[-0.2689,51.5068],[-0.2749,51.5084],[-0.281,51.5086],[-0.2825,51.5156],[-0.2807,51.5174],[-0.2724,51.5189],[-0.2735,51.5222],[-0.2697,51.5227],[-0.2686,51.5194],[-0.2652,51.5194],[-0.2616,51.5232],[-0.2595,51.5229]]}},{"type":"Feature","properties":{"routeId":"213","name":"213","direction":"2","routeType":"regular","lengthKm":14.5,"stops":45},"geometry":{"type":"LineString","coordinates":[[-0.1982,51.3697],[-0.1949,51.3705],[-0.1949,51.3677],[-0.1934,51.3677],[-0.191,51.3619],[-0.1896,51.3608],[-0.1945,51.3599],[-0.196,51.3613],[-0.2009,51.361],[-0.2164,51.3577],[-0.2206,51.364],[-0.2237,51.366],[-0.228,51.3709],[-0.237,51.3766],[-0.2436,51.3795],[-0.2541,51.3864],[-0.2531,51.3881],[-0.2529,51.392],[-0.2561,51.3986],[-0.2557,51.4003],[-0.2589,51.4101],[-0.275,51.4087],[-0.2783,51.4107],[-0.2806,51.411],[-0.2809,51.4153],[-0.2821,51.4172],[-0.2916,51.411],[-0.2999,51.4105]]}},{"type":"Feature","properties":{"routeId":"214","name":"214","direction":"2","routeType":"twentyfour","lengthKm":9.5,"stops":32},"geometry":{"type":"LineString","coordinates":[[-0.0872,51.5209],[-0.0876,51.5249],[-0.087,51.5257],[-0.0903,51.5279],[-0.1062,51.5319],[-0.1241,51.53],[-0.1271,51.5339],[-0.1286,51.5335],[-0.133,51.5355],[-0.1386,51.5345],[-0.1425,51.5392],[-0.1407,51.5511],[-0.1492,51.5592],[-0.1526,51.5634],[-0.1536,51.566],[-0.1539,51.5678],[-0.1514,51.5692],[-0.1498,51.5713],[-0.1499,51.5723]]}},{"type":"Feature","properties":{"routeId":"219","name":"219","direction":"1","routeType":"regular","lengthKm":10,"stops":33},"geometry":{"type":"LineString","coordinates":[[-0.2096,51.4212],[-0.2083,51.422],[-0.2045,51.4201],[-0.2003,51.4192],[-0.1941,51.4196],[-0.1927,51.4178],[-0.1925,51.4156],[-0.1803,51.4167],[-0.1706,51.4252],[-0.1628,51.4338],[-0.1596,51.4357],[-0.1825,51.4586],[-0.1803,51.4595],[-0.1792,51.4583],[-0.1752,51.4585],[-0.1671,51.4608],[-0.1678,51.4638],[-0.1655,51.4644]]}},{"type":"Feature","properties":{"routeId":"215","name":"215","direction":"2","routeType":"regular","lengthKm":8.9,"stops":27},"geometry":{"type":"LineString","coordinates":[[-0.0205,51.584],[-0.0204,51.5831],[-0.0189,51.5833],[-0.0208,51.588],[-0.0174,51.5902],[-0.0183,51.5935],[-0.0161,51.5946],[-0.0154,51.5976],[-0.0172,51.601],[-0.0165,51.6049],[-0.0181,51.6113],[-0.0166,51.6244],[-0.0117,51.6272],[-0.0138,51.6324],[-0.0114,51.6406],[-0.0118,51.6422],[-0.0103,51.6466],[-0.0108,51.6489],[-0.0072,51.6516],[-0.0063,51.655]]}},{"type":"Feature","properties":{"routeId":"217","name":"217","direction":"2","routeType":"regular","lengthKm":14.1,"stops":33},"geometry":{"type":"LineString","coordinates":[[-0.1025,51.5901],[-0.1035,51.5905],[-0.095,51.5954],[-0.095,51.5981],[-0.0922,51.598],[-0.091,51.6018],[-0.0871,51.603],[-0.0859,51.6059],[-0.0857,51.6088],[-0.0873,51.6164],[-0.0829,51.6217],[-0.0786,51.6295],[-0.0713,51.6333],[-0.0624,51.6408],[-0.0608,51.643],[-0.0602,51.6494],[-0.0569,51.6492],[-0.0569,51.6531],[-0.0599,51.6534],[-0.0593,51.6584],[-0.0511,51.68],[-0.0412,51.6812],[-0.0341,51.6802],[-0.0331,51.6836],[-0.0305,51.6837],[-0.0292,51.6846],[-0.0293,51.6855],[-0.0314,51.6858]]}},{"type":"Feature","properties":{"routeId":"216","name":"216","direction":"2","routeType":"regular","lengthKm":21.1,"stops":52},"geometry":{"type":"LineString","coordinates":[[-0.299,51.4123],[-0.2978,51.4124],[-0.3048,51.4127],[-0.3059,51.411],[-0.3115,51.4112],[-0.3233,51.4075],[-0.3347,51.4064],[-0.34,51.407],[-0.3418,51.4052],[-0.3529,51.4107],[-0.3629,51.4131],[-0.3692,51.4157],[-0.3733,51.4156],[-0.373,51.4137],[-0.3903,51.4144],[-0.3951,51.4136],[-0.3942,51.4099],[-0.4125,51.4039],[-0.4182,51.413],[-0.419,51.4183],[-0.42,51.4192],[-0.4267,51.4201],[-0.4271,51.419],[-0.4252,51.418],[-0.4259,51.4177],[-0.4271,51.419],[-0.427,51.4202],[-0.4403,51.4219],[-0.4342,51.4254],[-0.4531,51.4286],[-0.4549,51.4314],[-0.4577,51.4316],[-0.465,51.4339],[-0.4679,51.437],[-0.4727,51.4398],[-0.4743,51.4428],[-0.4998,51.4364],[-0.5089,51.435],[-0.5082,51.4331],[-0.5095,51.4322],[-0.509,51.4328]]}},{"type":"Feature","properties":{"routeId":"221","name":"221","direction":"1","routeType":"regular","lengthKm":17.2,"stops":54},"geometry":{"type":"LineString","coordinates":[[-0.2741,51.6128],[-0.2762,51.6136],[-0.2756,51.6157],[-0.2712,51.6183],[-0.2623,51.6177],[-0.2501,51.6137],[-0.2452,51.6155],[-0.2443,51.6105],[-0.2405,51.6078],[-0.2384,51.6075],[-0.2238,51.609],[-0.2217,51.6083],[-0.2201,51.609],[-0.2178,51.6124],[-0.2146,51.6132],[-0.2139,51.6115],[-0.2099,51.6088],[-0.2079,51.6062],[-0.207,51.6064],[-0.2037,51.6144],[-0.1996,51.6164],[-0.1894,51.6148],[-0.1833,51.6127],[-0.1802,51.6105],[-0.1774,51.6128],[-0.1767,51.6147],[-0.1757,51.6124],[-0.1688,51.611],[-0.1617,51.6118],[-0.1564,51.6134],[-0.1533,51.6134],[-0.1439,51.6158],[-0.1407,51.6125],[-0.1282,51.609],[-0.1228,51.6059],[-0.1203,51.6024],[-0.111,51.599],[-0.1087,51.5946],[-0.1038,51.5908]]}},{"type":"Feature","properties":{"routeId":"225","name":"225","direction":"1","routeType":"regular","lengthKm":9.2,"stops":31},"geometry":{"type":"LineString","coordinates":[[0.0003,51.4497],[0.0018,51.4481],[0.0002,51.4472],[-0.0056,51.4503],[-0.0097,51.4551],[-0.01,51.4565],[-0.0133,51.4577],[-0.0093,51.4624],[-0.0103,51.4627],[-0.0113,51.465],[-0.0166,51.4647],[-0.0159,51.4659],[-0.0178,51.4666],[-0.0194,51.4691],[-0.0224,51.4714],[-0.0242,51.4746],[-0.0326,51.4759],[-0.0328,51.4751],[-0.0348,51.4747],[-0.0362,51.4756],[-0.0342,51.4758],[-0.0339,51.4772],[-0.0355,51.479],[-0.0389,51.4782],[-0.0406,51.4793],[-0.0418,51.4818],[-0.0414,51.4832],[-0.0449,51.4893],[-0.0453,51.4915],[-0.0471,51.4917],[-0.0486,51.4939],[-0.0524,51.4963],[-0.0497,51.4975],[-0.0499,51.4982]]}},{"type":"Feature","properties":{"routeId":"224","name":"224","direction":"1","routeType":"regular","lengthKm":12,"stops":36},"geometry":{"type":"LineString","coordinates":[[-0.3021,51.538],[-0.2998,51.5381],[-0.3005,51.5397],[-0.2957,51.542],[-0.2905,51.5409],[-0.2773,51.5415],[-0.2789,51.5398],[-0.2754,51.5371],[-0.2751,51.5352],[-0.2817,51.5343],[-0.2828,51.5354],[-0.2817,51.5343],[-0.2751,51.5352],[-0.2745,51.5327],[-0.2723,51.5321],[-0.2692,51.5297],[-0.2714,51.529],[-0.2708,51.5279],[-0.268,51.5285],[-0.2688,51.5305],[-0.268,51.5305],[-0.2687,51.5298],[-0.2664,51.5305],[-0.2643,51.5322],[-0.2577,51.5353],[-0.2568,51.5367],[-0.2575,51.5396],[-0.2596,51.543],[-0.2617,51.5544],[-0.2601,51.5553],[-0.2576,51.5544],[-0.254,51.5546],[-0.2549,51.5532],[-0.2563,51.5528],[-0.2595,51.5552],[-0.2608,51.5551],[-0.2617,51.5543],[-0.2612,51.5525],[-0.2646,51.5526],[-0.265,51.5495],[-0.2678,51.5488],[-0.2677,51.5473],[-0.268,51.5482]]}},{"type":"Feature","properties":{"routeId":"220","name":"220","direction":"1","routeType":"regular","lengthKm":12.5,"stops":42},"geometry":{"type":"LineString","coordinates":[[-0.2456,51.5323],[-0.2466,51.5325],[-0.2484,51.5354],[-0.2452,51.5362],[-0.2399,51.5328],[-0.2373,51.5322],[-0.237,51.5297],[-0.2344,51.5254],[-0.2281,51.52],[-0.2248,51.5118],[-0.2246,51.5052],[-0.2193,51.5044],[-0.2232,51.5033],[-0.2221,51.5016],[-0.2221,51.4997],[-0.2226,51.4975],[-0.224,51.496],[-0.2236,51.4929],[-0.2243,51.4924],[-0.2226,51.4881],[-0.2206,51.4862],[-0.2185,51.4821],[-0.2173,51.4784],[-0.211,51.4716],[-0.2102,51.4697],[-0.2148,51.4648],[-0.2007,51.4606],[-0.1987,51.4595],[-0.198,51.4579],[-0.1921,51.4589],[-0.1928,51.4565],[-0.1924,51.4542],[-0.193,51.4541]]}},{"type":"Feature","properties":{"routeId":"218","name":"218","direction":"2","routeType":"regular","lengthKm":9,"stops":35},"geometry":{"type":"LineString","coordinates":[[-0.2595,51.5229],[-0.2585,51.5223],[-0.2622,51.5195],[-0.2646,51.52],[-0.2651,51.5193],[-0.2686,51.5194],[-0.2697,51.5227],[-0.2735,51.5222],[-0.2724,51.5189],[-0.2805,51.5175],[-0.2825,51.5156],[-0.281,51.5086],[-0.2629,51.5065],[-0.2451,51.5068],[-0.2427,51.5023],[-0.24,51.5013],[-0.2391,51.4999],[-0.238,51.4999],[-0.2348,51.4964],[-0.2346,51.4945],[-0.2274,51.4944],[-0.2238,51.4931],[-0.2243,51.4922],[-0.2234,51.4917],[-0.2238,51.4923]]}},{"type":"Feature","properties":{"routeId":"222","name":"222","direction":"1","routeType":"regular","lengthKm":17.3,"stops":46},"geometry":{"type":"LineString","coordinates":[[-0.4787,51.5469],[-0.4805,51.5472],[-0.4816,51.5486],[-0.4832,51.5473],[-0.4822,51.5454],[-0.4804,51.5446],[-0.4816,51.5437],[-0.4825,51.5373],[-0.4825,51.5317],[-0.4813,51.5286],[-0.4828,51.5259],[-0.4817,51.5227],[-0.4728,51.5132],[-0.4728,51.5115],[-0.4739,51.5104],[-0.4725,51.5103],[-0.4741,51.5101],[-0.4738,51.5089],[-0.4705,51.5068],[-0.4696,51.5052],[-0.4672,51.5043],[-0.4667,51.5025],[-0.4632,51.4989],[-0.4525,51.498],[-0.4561,51.4968],[-0.459,51.4944],[-0.4575,51.4928],[-0.4578,51.4905],[-0.4565,51.4893],[-0.4556,51.4862],[-0.4495,51.4833],[-0.4498,51.4813],[-0.4299,51.4806],[-0.4165,51.4812],[-0.3852,51.4728],[-0.3766,51.4696],[-0.3689,51.4685],[-0.3686,51.4673],[-0.3669,51.4677],[-0.3661,51.4667],[-0.3623,51.4674],[-0.3544,51.4707]]}},{"type":"Feature","properties":{"routeId":"227","name":"227","direction":"1","routeType":"regular","lengthKm":8.7,"stops":28},"geometry":{"type":"LineString","coordinates":[[0.0167,51.4082],[0.0187,51.4063],[0.0145,51.4056],[0.0116,51.4073],[0.0081,51.4066],[0.0056,51.4072],[0.0014,51.4062],[-0.0037,51.4075],[-0.0147,51.4063],[-0.0251,51.4088],[-0.0256,51.4077],[-0.0275,51.4075],[-0.0287,51.4065],[-0.0321,51.4068],[-0.0331,51.4076],[-0.046,51.4102],[-0.0511,51.413],[-0.0535,51.4157],[-0.0612,51.4186],[-0.0618,51.4212],[-0.0637,51.4233],[-0.0707,51.4263],[-0.0747,51.4259],[-0.0776,51.4217]]}},{"type":"Feature","properties":{"routeId":"219","name":"219","direction":"2","routeType":"regular","lengthKm":9.9,"stops":33},"geometry":{"type":"LineString","coordinates":[[-0.1655,51.4644],[-0.1681,51.4645],[-0.1671,51.4608],[-0.1751,51.4585],[-0.1812,51.4578],[-0.1596,51.4357],[-0.1628,51.4338],[-0.1707,51.4251],[-0.1803,51.4167],[-0.1925,51.4156],[-0.1927,51.4178],[-0.1941,51.4196],[-0.2026,51.4197],[-0.204,51.4185],[-0.2077,51.4214],[-0.2099,51.4204]]}},{"type":"Feature","properties":{"routeId":"223","name":"223","direction":"1","routeType":"regular","lengthKm":13.8,"stops":36},"geometry":{"type":"LineString","coordinates":[[-0.3486,51.5961],[-0.3421,51.5859],[-0.3405,51.581],[-0.3386,51.581],[-0.3382,51.5799],[-0.3341,51.58],[-0.3333,51.5772],[-0.3256,51.5789],[-0.3252,51.5784],[-0.326,51.5776],[-0.3254,51.5762],[-0.3218,51.5765],[-0.3255,51.5762],[-0.3267,51.5786],[-0.3201,51.5804],[-0.3133,51.5841],[-0.3068,51.5865],[-0.306,51.5846],[-0.3062,51.5767],[-0.3079,51.577],[-0.3098,51.5746],[-0.3055,51.5683],[-0.2952,51.57],[-0.2941,51.5738],[-0.2881,51.5708],[-0.2826,51.5661],[-0.2773,51.5655],[-0.2797,51.5627],[-0.2847,51.5592],[-0.2867,51.5537],[-0.2935,51.5537],[-0.2991,51.552],[-0.2988,51.5513],[-0.2971,51.5516]]}},{"type":"Feature","properties":{"routeId":"227","name":"227","direction":"2","routeType":"regular","lengthKm":9.1,"stops":29},"geometry":{"type":"LineString","coordinates":[[-0.0781,51.4205],[-0.0748,51.426],[-0.0707,51.4263],[-0.0637,51.4233],[-0.0618,51.4212],[-0.0612,51.4186],[-0.0533,51.4156],[-0.051,51.4129],[-0.046,51.4102],[-0.0296,51.4065],[-0.0256,51.4077],[-0.0251,51.4088],[-0.0147,51.4063],[-0.0037,51.4076],[0.0014,51.4062],[0.0055,51.4072],[0.0083,51.4066],[0.0116,51.4073],[0.0143,51.4057],[0.0185,51.4063],[0.0155,51.4084],[0.0167,51.409]]}},{"type":"Feature","properties":{"routeId":"225","name":"225","direction":"2","routeType":"regular","lengthKm":8.7,"stops":28},"geometry":{"type":"LineString","coordinates":[[-0.05,51.4979],[-0.0496,51.4976],[-0.0523,51.4963],[-0.0477,51.4935],[-0.0454,51.4938],[-0.0468,51.493],[-0.0424,51.4902],[-0.0449,51.4894],[-0.0426,51.4861],[-0.0406,51.4793],[-0.0389,51.4782],[-0.0355,51.479],[-0.0339,51.4772],[-0.0342,51.4758],[-0.024,51.4747],[-0.0239,51.4732],[-0.0191,51.4689],[-0.0179,51.4667],[-0.0093,51.4624],[-0.0138,51.457],[-0.01,51.4565],[-0.0097,51.4551],[-0.0055,51.4503],[-0.0026,51.4492],[0.0003,51.4497]]}},{"type":"Feature","properties":{"routeId":"221","name":"221","direction":"2","routeType":"regular","lengthKm":17.2,"stops":55},"geometry":{"type":"LineString","coordinates":[[-0.1022,51.5904],[-0.1028,51.5899],[-0.1088,51.5948],[-0.111,51.599],[-0.1205,51.6025],[-0.1227,51.6058],[-0.1282,51.609],[-0.1409,51.6126],[-0.1439,51.6158],[-0.153,51.6134],[-0.1568,51.6134],[-0.1616,51.6117],[-0.1686,51.611],[-0.1773,51.6128],[-0.1802,51.6105],[-0.1833,51.6127],[-0.1894,51.6148],[-0.1996,51.6164],[-0.2037,51.6144],[-0.207,51.6065],[-0.2079,51.6062],[-0.2099,51.6088],[-0.2139,51.6115],[-0.2146,51.6132],[-0.2172,51.6125],[-0.2201,51.609],[-0.2217,51.6083],[-0.2239,51.609],[-0.2384,51.6075],[-0.2409,51.608],[-0.2443,51.6105],[-0.2452,51.6155],[-0.2489,51.614],[-0.2489,51.6132],[-0.249,51.614],[-0.2502,51.6136],[-0.254,51.6145],[-0.2623,51.6177],[-0.2712,51.6183],[-0.2755,51.6158],[-0.2762,51.6136],[-0.2756,51.6133]]}},{"type":"Feature","properties":{"routeId":"220","name":"220","direction":"2","routeType":"regular","lengthKm":12.2,"stops":39},"geometry":{"type":"LineString","coordinates":[[-0.1922,51.4539],[-0.1927,51.4568],[-0.1977,51.4572],[-0.1992,51.46],[-0.2148,51.4648],[-0.2102,51.4697],[-0.2173,51.4784],[-0.2206,51.4862],[-0.2226,51.4881],[-0.2233,51.4918],[-0.2242,51.4926],[-0.2236,51.4913],[-0.2248,51.4916],[-0.222,51.5012],[-0.2247,51.505],[-0.2248,51.5118],[-0.2281,51.52],[-0.2344,51.5254],[-0.237,51.5297],[-0.2373,51.5322],[-0.2399,51.5328],[-0.2448,51.536],[-0.2484,51.5353],[-0.2466,51.5325],[-0.2452,51.5322]]}},{"type":"Feature","properties":{"routeId":"226","name":"226","direction":"1","routeType":"regular","lengthKm":16,"stops":56},"geometry":{"type":"LineString","coordinates":[[-0.3034,51.5152],[-0.3065,51.5164],[-0.3062,51.52],[-0.3071,51.5218],[-0.3028,51.5228],[-0.3031,51.5244],[-0.3002,51.5244],[-0.2997,51.5277],[-0.3002,51.5299],[-0.2926,51.5288],[-0.2927,51.5296],[-0.2947,51.5303],[-0.2947,51.5313],[-0.2911,51.5312],[-0.286,51.5327],[-0.2856,51.5319],[-0.2869,51.5312],[-0.285,51.5295],[-0.2797,51.5281],[-0.2767,51.5283],[-0.2698,51.5294],[-0.2686,51.5306],[-0.268,51.5304],[-0.2687,51.5298],[-0.2664,51.5305],[-0.2551,51.5375],[-0.2481,51.5355],[-0.2435,51.5369],[-0.2407,51.5369],[-0.2383,51.539],[-0.2356,51.544],[-0.2407,51.5483],[-0.2392,51.5492],[-0.2432,51.5531],[-0.2385,51.5525],[-0.2373,51.5554],[-0.2173,51.5538],[-0.2155,51.5569],[-0.2117,51.5587],[-0.2162,51.5645],[-0.2077,51.5688],[-0.2064,51.5668],[-0.198,51.5703],[-0.1966,51.572],[-0.1939,51.572]]}},{"type":"Feature","properties":{"routeId":"224","name":"224","direction":"2","routeType":"regular","lengthKm":13,"stops":35},"geometry":{"type":"LineString","coordinates":[[-0.268,51.5482],[-0.2649,51.5496],[-0.2647,51.5525],[-0.2616,51.5526],[-0.2617,51.5544],[-0.2606,51.5552],[-0.254,51.5546],[-0.2549,51.5532],[-0.2563,51.5528],[-0.2595,51.5552],[-0.2576,51.5544],[-0.2536,51.5546],[-0.2519,51.5535],[-0.2528,51.5518],[-0.2547,51.5528],[-0.2609,51.5516],[-0.2596,51.5429],[-0.2576,51.5398],[-0.2568,51.5367],[-0.2577,51.5353],[-0.2664,51.5305],[-0.2687,51.5297],[-0.2687,51.5305],[-0.268,51.5305],[-0.2687,51.5297],[-0.2714,51.529],[-0.2708,51.5279],[-0.268,51.5285],[-0.2685,51.5297],[-0.2724,51.5322],[-0.2781,51.5324],[-0.278,51.5348],[-0.2817,51.5343],[-0.2828,51.5354],[-0.2817,51.5343],[-0.2751,51.5352],[-0.2756,51.5369],[-0.2791,51.5398],[-0.2774,51.5413],[-0.2778,51.5416],[-0.2905,51.5409],[-0.2927,51.5419],[-0.2957,51.542],[-0.3005,51.5397],[-0.2994,51.5383],[-0.3034,51.5379],[-0.3021,51.538]]}},{"type":"Feature","properties":{"routeId":"228","name":"228","direction":"1","routeType":"regular","lengthKm":14.7,"stops":43},"geometry":{"type":"LineString","coordinates":[[-0.2683,51.5306],[-0.2687,51.5298],[-0.2664,51.5305],[-0.2551,51.5375],[-0.2481,51.5355],[-0.2466,51.5325],[-0.2509,51.5281],[-0.2505,51.5271],[-0.2528,51.5245],[-0.2504,51.5201],[-0.2491,51.5143],[-0.2465,51.5108],[-0.2451,51.5068],[-0.2346,51.5065],[-0.2346,51.5098],[-0.2318,51.51],[-0.2252,51.5129],[-0.2246,51.5093],[-0.2226,51.5091],[-0.2226,51.5083],[-0.2237,51.5082],[-0.2237,51.509],[-0.2239,51.5082],[-0.2227,51.5083],[-0.2212,51.5096],[-0.2197,51.5095],[-0.2181,51.5044],[-0.2031,51.5079],[-0.21,51.5174],[-0.2149,51.5257],[-0.2162,51.5252],[-0.2151,51.526],[-0.216,51.5279],[-0.2056,51.5262],[-0.2016,51.5242],[-0.1975,51.5252],[-0.1973,51.5273]]}},{"type":"Feature","properties":{"routeId":"223","name":"223","direction":"2","routeType":"regular","lengthKm":13.9,"stops":36},"geometry":{"type":"LineString","coordinates":[[-0.2971,51.5516],[-0.2959,51.5508],[-0.2982,51.55],[-0.2991,51.552],[-0.2935,51.5537],[-0.2867,51.5537],[-0.2861,51.5572],[-0.2845,51.5594],[-0.2825,51.5619],[-0.2793,51.563],[-0.2777,51.5655],[-0.2826,51.5661],[-0.2881,51.5708],[-0.2941,51.5738],[-0.2948,51.5697],[-0.2963,51.57],[-0.3055,51.5683],[-0.3098,51.5746],[-0.3079,51.577],[-0.3062,51.5767],[-0.306,51.5846],[-0.3068,51.5861],[-0.3127,51.5844],[-0.3201,51.5804],[-0.325,51.579],[-0.326,51.5777],[-0.3254,51.5762],[-0.3218,51.5765],[-0.3255,51.5762],[-0.3268,51.5782],[-0.3333,51.5772],[-0.3341,51.58],[-0.3403,51.58],[-0.3421,51.5859],[-0.3486,51.5959]]}},{"type":"Feature","properties":{"routeId":"229","name":"229","direction":"1","routeType":"regular","lengthKm":21.3,"stops":60},"geometry":{"type":"LineString","coordinates":[[0.1089,51.5074],[0.11,51.5068],[0.1153,51.5081],[0.1174,51.5095],[0.1207,51.5094],[0.1234,51.5105],[0.1276,51.5084],[0.1269,51.5069],[0.1216,51.5063],[0.1187,51.504],[0.1217,51.5015],[0.1211,51.4952],[0.1213,51.4922],[0.1223,51.4906],[0.1217,51.4885],[0.1214,51.4898],[0.1431,51.4912],[0.161,51.4904],[0.1675,51.4891],[0.1733,51.4851],[0.1813,51.481],[0.1774,51.4803],[0.1709,51.4807],[0.1647,51.4789],[0.1633,51.477],[0.1623,51.4728],[0.1587,51.4687],[0.1577,51.4662],[0.1537,51.4625],[0.1528,51.4588],[0.1475,51.4572],[0.1475,51.4566],[0.1463,51.4565],[0.1463,51.4572],[0.153,51.4553],[0.152,51.452],[0.1553,51.4504],[0.1572,51.4482],[0.1554,51.4461],[0.1519,51.4446],[0.1505,51.4417],[0.1463,51.4418],[0.1336,51.4386],[0.119,51.4395],[0.113,51.4359],[0.1093,51.4349],[0.1024,51.4356],[0.1028,51.4335],[0.1012,51.4284],[0.101,51.4237],[0.0998,51.4223],[0.0996,51.4202]]}},{"type":"Feature","properties":{"routeId":"222","name":"222","direction":"2","routeType":"regular","lengthKm":16.9,"stops":42},"geometry":{"type":"LineString","coordinates":[[-0.3559,51.4702],[-0.3651,51.4668],[-0.3664,51.4682],[-0.3761,51.4695],[-0.3888,51.4738],[-0.4163,51.4811],[-0.4303,51.4805],[-0.4483,51.4811],[-0.4498,51.4804],[-0.4492,51.483],[-0.4557,51.4863],[-0.4561,51.4884],[-0.4579,51.4906],[-0.4575,51.4928],[-0.4591,51.4943],[-0.4537,51.498],[-0.4625,51.4987],[-0.4642,51.4999],[-0.4667,51.5025],[-0.4672,51.5043],[-0.4695,51.5051],[-0.4705,51.5068],[-0.4738,51.5089],[-0.4741,51.5101],[-0.4725,51.5103],[-0.4739,51.5103],[-0.4728,51.5115],[-0.4728,51.5132],[-0.4806,51.5211],[-0.4821,51.5236],[-0.4828,51.5259],[-0.4813,51.5286],[-0.4828,51.5322],[-0.4815,51.5441],[-0.4835,51.5477],[-0.4817,51.5488],[-0.4805,51.5472],[-0.4798,51.5473]]}},{"type":"Feature","properties":{"routeId":"230","name":"230","direction":"1","routeType":"regular","lengthKm":12.9,"stops":37},"geometry":{"type":"LineString","coordinates":[[0.001,51.5899],[-0.0002,51.5876],[-0.0025,51.5863],[-0.0001,51.5837],[-0.0001,51.5819],[0.0024,51.5813],[0.0002,51.5816],[-0.0062,51.5788],[-0.0076,51.5778],[-0.0076,51.5757],[-0.0098,51.5739],[-0.0156,51.5765],[-0.0183,51.5798],[-0.0189,51.5832],[-0.0203,51.5831],[-0.0203,51.5842],[-0.0205,51.5832],[-0.0189,51.5834],[-0.0208,51.588],[-0.0174,51.5902],[-0.0203,51.5908],[-0.0288,51.5895],[-0.034,51.5879],[-0.0507,51.5862],[-0.0565,51.5878],[-0.061,51.588],[-0.0613,51.5889],[-0.0641,51.5896],[-0.0705,51.5885],[-0.0777,51.5895],[-0.0842,51.5883],[-0.0871,51.5863],[-0.094,51.586],[-0.0988,51.5875],[-0.1012,51.5872],[-0.1028,51.5898],[-0.1087,51.5946],[-0.1091,51.5958]]}},{"type":"Feature","properties":{"routeId":"231","name":"231","direction":"1","routeType":"regular","lengthKm":10.1,"stops":26},"geometry":{"type":"LineString","coordinates":[[-0.089,51.6536],[-0.0862,51.6523],[-0.0727,51.6521],[-0.0601,51.6495],[-0.0605,51.6433],[-0.0618,51.6412],[-0.071,51.6333],[-0.0784,51.6295],[-0.0824,51.622],[-0.0863,51.617],[-0.0868,51.6142],[-0.0855,51.6081],[-0.087,51.6029],[-0.0909,51.6016],[-0.092,51.598],[-0.093,51.5981],[-0.0952,51.5952],[-0.1033,51.5904],[-0.1025,51.5895],[-0.1022,51.5899]]}},{"type":"Feature","properties":{"routeId":"232","name":"232","direction":"1","routeType":"regular","lengthKm":21.2,"stops":53},"geometry":{"type":"LineString","coordinates":[[-0.268,51.5482],[-0.2649,51.5496],[-0.2647,51.5525],[-0.2615,51.5527],[-0.2606,51.552],[-0.256,51.5527],[-0.2537,51.5541],[-0.2527,51.5557],[-0.2538,51.5585],[-0.2534,51.5603],[-0.2558,51.5614],[-0.2559,51.5608],[-0.2511,51.5589],[-0.2496,51.5589],[-0.25,51.5595],[-0.2508,51.5599],[-0.2512,51.5592],[-0.2482,51.558],[-0.242,51.5599],[-0.235,51.5606],[-0.2301,51.5628],[-0.2334,51.5666],[-0.2295,51.5685],[-0.2323,51.5712],[-0.2304,51.572],[-0.23,51.5731],[-0.2245,51.5735],[-0.2247,51.5749],[-0.2205,51.5761],[-0.2193,51.5778],[-0.2183,51.578],[-0.2177,51.5773],[-0.2149,51.5785],[-0.2118,51.5814],[-0.2098,51.5862],[-0.2076,51.5881],[-0.2014,51.5897],[-0.1956,51.5897],[-0.1917,51.5907],[-0.18,51.5969],[-0.1728,51.6018],[-0.1629,51.6055],[-0.155,51.6061],[-0.1357,51.6112],[-0.1409,51.6126],[-0.1422,51.6138],[-0.1439,51.6158],[-0.1415,51.6171],[-0.1399,51.6164],[-0.129,51.6156],[-0.1195,51.6125],[-0.1096,51.6124],[-0.1123,51.6024],[-0.1087,51.5946],[-0.1026,51.5896]]}},{"type":"Feature","properties":{"routeId":"233","name":"233","direction":"1","routeType":"regular","lengthKm":14.6,"stops":45},"geometry":{"type":"LineString","coordinates":[[0.0521,51.4551],[0.0512,51.4549],[0.0521,51.4508],[0.0634,51.4508],[0.0643,51.4495],[0.0628,51.4475],[0.0631,51.4444],[0.0659,51.4423],[0.0686,51.4413],[0.0737,51.4362],[0.0801,51.4312],[0.0863,51.4301],[0.0898,51.4324],[0.1027,51.4329],[0.1009,51.4265],[0.107,51.4245],[0.1111,51.4216],[0.1236,51.4161],[0.1332,51.4143],[0.1587,51.4052],[0.169,51.3995],[0.1721,51.4021],[0.175,51.4016],[0.1734,51.3981],[0.1774,51.3964],[0.1767,51.3956],[0.1869,51.3917],[0.1884,51.3903]]}},{"type":"Feature","properties":{"routeId":"234","name":"234","direction":"1","routeType":"regular","lengthKm":15.1,"stops":48},"geometry":{"type":"LineString","coordinates":[[-0.2041,51.6565],[-0.2048,51.655],[-0.2017,51.6548],[-0.2013,51.6535],[-0.1874,51.6467],[-0.1812,51.6416],[-0.1762,51.6347],[-0.1742,51.627],[-0.1686,51.6248],[-0.1651,51.6216],[-0.1604,51.6197],[-0.1586,51.6127],[-0.154,51.6106],[-0.153,51.6079],[-0.1495,51.6057],[-0.1538,51.6034],[-0.153,51.5992],[-0.1514,51.5974],[-0.1504,51.5944],[-0.145,51.5951],[-0.1419,51.591],[-0.145,51.5895],[-0.1491,51.5913],[-0.1629,51.5897],[-0.1639,51.5895],[-0.1638,51.5861],[-0.1572,51.582],[-0.1439,51.5762],[-0.1337,51.5662],[-0.1349,51.5648]]}},{"type":"Feature","properties":{"routeId":"230","name":"230","direction":"2","routeType":"regular","lengthKm":12.6,"stops":38},"geometry":{"type":"LineString","coordinates":[[-0.1093,51.5966],[-0.1088,51.5947],[-0.1022,51.5889],[-0.094,51.586],[-0.0871,51.5863],[-0.0842,51.5883],[-0.0777,51.5895],[-0.0705,51.5885],[-0.0641,51.5896],[-0.0612,51.589],[-0.0609,51.588],[-0.057,51.5879],[-0.051,51.5862],[-0.034,51.5879],[-0.0288,51.5895],[-0.0202,51.5908],[-0.0174,51.5902],[-0.0207,51.5881],[-0.0186,51.5822],[-0.0189,51.5832],[-0.0203,51.5831],[-0.0202,51.5842],[-0.0205,51.5832],[-0.0184,51.5831],[-0.0181,51.5794],[-0.0156,51.5765],[-0.0131,51.5755],[0.0001,51.5815],[-0.0001,51.5837],[-0.0025,51.5863],[0.0006,51.5885],[0.0032,51.5892],[0.0028,51.5901],[0.001,51.5899]]}},{"type":"Feature","properties":{"routeId":"226","name":"226","direction":"2","routeType":"regular","lengthKm":16.1,"stops":52},"geometry":{"type":"LineString","coordinates":[[-0.1939,51.572],[-0.1952,51.5714],[-0.1966,51.572],[-0.198,51.5703],[-0.2066,51.5667],[-0.2079,51.5688],[-0.2162,51.5645],[-0.2117,51.5587],[-0.2155,51.5569],[-0.2173,51.5538],[-0.2373,51.5554],[-0.2385,51.5525],[-0.2432,51.5531],[-0.239,51.5491],[-0.2407,51.5483],[-0.2356,51.5439],[-0.2383,51.539],[-0.2407,51.5369],[-0.2432,51.537],[-0.2481,51.5355],[-0.2551,51.5375],[-0.2664,51.5305],[-0.2671,51.5309],[-0.2714,51.529],[-0.2775,51.5282],[-0.285,51.5295],[-0.2869,51.5312],[-0.2856,51.5319],[-0.286,51.5327],[-0.2925,51.531],[-0.2931,51.5297],[-0.3006,51.5309],[-0.2997,51.5277],[-0.3002,51.5244],[-0.3031,51.5244],[-0.3027,51.5229],[-0.3069,51.5218],[-0.3062,51.52],[-0.3065,51.5164],[-0.3021,51.5162],[-0.3023,51.5149],[-0.3034,51.5152]]}},{"type":"Feature","properties":{"routeId":"229","name":"229","direction":"2","routeType":"regular","lengthKm":21.8,"stops":66},"geometry":{"type":"LineString","coordinates":[[0.0995,51.4198],[0.0999,51.4226],[0.101,51.4237],[0.1012,51.4284],[0.1028,51.4335],[0.102,51.4356],[0.1075,51.4347],[0.1119,51.4356],[0.1183,51.4395],[0.1329,51.4385],[0.1462,51.4418],[0.1505,51.4417],[0.1521,51.4448],[0.1562,51.4468],[0.1568,51.4486],[0.1551,51.4505],[0.152,51.452],[0.1524,51.4553],[0.1475,51.4572],[0.1475,51.4566],[0.1528,51.4588],[0.1537,51.4625],[0.1577,51.4662],[0.1584,51.4683],[0.1622,51.4727],[0.1639,51.4781],[0.1685,51.4803],[0.1722,51.4808],[0.1774,51.4807],[0.1798,51.4783],[0.1819,51.4799],[0.1819,51.4808],[0.1777,51.4807],[0.1778,51.4828],[0.1663,51.4896],[0.149,51.4914],[0.1213,51.4898],[0.1215,51.489],[0.1221,51.49],[0.1207,51.4963],[0.1217,51.4999],[0.1198,51.5011],[0.1201,51.502],[0.1184,51.5041],[0.1223,51.5065],[0.1269,51.5069],[0.1274,51.5083],[0.1234,51.5103],[0.1217,51.5095],[0.1169,51.5093],[0.1154,51.5076],[0.1098,51.5065],[0.1086,51.5075]]}},{"type":"Feature","properties":{"routeId":"228","name":"228","direction":"2","routeType":"regular","lengthKm":15.2,"stops":43},"geometry":{"type":"LineString","coordinates":[[-0.1972,51.5274],[-0.1977,51.5234],[-0.2013,51.5241],[-0.2054,51.5262],[-0.216,51.5279],[-0.215,51.5259],[-0.2162,51.5252],[-0.2149,51.5259],[-0.21,51.5174],[-0.2031,51.5079],[-0.2166,51.5042],[-0.2184,51.5044],[-0.2181,51.5057],[-0.2198,51.5095],[-0.2212,51.5096],[-0.2225,51.509],[-0.2226,51.5082],[-0.224,51.5082],[-0.2239,51.5091],[-0.2228,51.5091],[-0.2238,51.509],[-0.2239,51.5082],[-0.2228,51.5083],[-0.2228,51.5091],[-0.2246,51.5093],[-0.2252,51.5129],[-0.2316,51.51],[-0.2346,51.5098],[-0.2346,51.5065],[-0.2451,51.5068],[-0.2469,51.5115],[-0.2482,51.513],[-0.2491,51.513],[-0.2504,51.5201],[-0.2528,51.5245],[-0.2505,51.5271],[-0.2509,51.5281],[-0.2466,51.5325],[-0.2481,51.5355],[-0.2551,51.5375],[-0.2664,51.5305],[-0.2687,51.5297],[-0.2687,51.5305]]}},{"type":"Feature","properties":{"routeId":"231","name":"231","direction":"2","routeType":"regular","lengthKm":10.5,"stops":24},"geometry":{"type":"LineString","coordinates":[[-0.1025,51.5901],[-0.1035,51.5905],[-0.095,51.5954],[-0.095,51.5981],[-0.0922,51.598],[-0.091,51.6018],[-0.0871,51.603],[-0.0859,51.6059],[-0.0857,51.6088],[-0.0873,51.6164],[-0.0829,51.6217],[-0.0786,51.6295],[-0.0713,51.6333],[-0.062,51.6412],[-0.0608,51.643],[-0.0603,51.649],[-0.061,51.6496],[-0.0771,51.6524],[-0.0798,51.6523],[-0.0796,51.6508],[-0.0842,51.6506],[-0.0869,51.6516],[-0.087,51.6527],[-0.0882,51.6534],[-0.0901,51.6536]]}},{"type":"Feature","properties":{"routeId":"235","name":"235","direction":"1","routeType":"regular","lengthKm":15.8,"stops":50},"geometry":{"type":"LineString","coordinates":[[-0.4134,51.4058],[-0.4182,51.413],[-0.419,51.4183],[-0.42,51.4192],[-0.4192,51.42],[-0.4194,51.4253],[-0.4211,51.4289],[-0.418,51.4329],[-0.4213,51.4381],[-0.4159,51.44],[-0.4116,51.4436],[-0.4057,51.4521],[-0.4103,51.4574],[-0.3985,51.4595],[-0.3869,51.4633],[-0.3669,51.4677],[-0.3661,51.4667],[-0.3623,51.4674],[-0.3569,51.4701],[-0.3482,51.4723],[-0.3436,51.4746],[-0.334,51.4754],[-0.3126,51.4824],[-0.3048,51.4837],[-0.2994,51.4857],[-0.3013,51.4887],[-0.3035,51.4904],[-0.3012,51.4904]]}},{"type":"Feature","properties":{"routeId":"236","name":"236","direction":"1","routeType":"regular","lengthKm":11.3,"stops":41},"geometry":{"type":"LineString","coordinates":[[-0.1055,51.5648],[-0.0995,51.5615],[-0.0925,51.5639],[-0.0916,51.56],[-0.0925,51.5552],[-0.0917,51.5516],[-0.0923,51.5505],[-0.0869,51.5499],[-0.0855,51.552],[-0.0836,51.5522],[-0.0795,51.5517],[-0.0777,51.5495],[-0.0724,51.5512],[-0.0714,51.5506],[-0.0709,51.548],[-0.0686,51.5481],[-0.0698,51.5458],[-0.0703,51.5364],[-0.0635,51.5367],[-0.0638,51.5375],[-0.062,51.5384],[-0.0604,51.5376],[-0.0572,51.538],[-0.0552,51.5408],[-0.0553,51.5459],[-0.0507,51.5471],[-0.0478,51.5468],[-0.0477,51.5481],[-0.047,51.548],[-0.0475,51.5492],[-0.0443,51.5499],[-0.0435,51.5484],[-0.0311,51.5511],[-0.0273,51.5478],[-0.0296,51.5468]]}},{"type":"Feature","properties":{"routeId":"233","name":"233","direction":"2","routeType":"regular","lengthKm":14.8,"stops":46},"geometry":{"type":"LineString","coordinates":[[0.1884,51.3903],[0.1869,51.3917],[0.1763,51.3957],[0.1771,51.3967],[0.1734,51.3981],[0.175,51.4016],[0.1721,51.4021],[0.169,51.3995],[0.1587,51.4052],[0.1329,51.4143],[0.1264,51.4149],[0.1116,51.4214],[0.107,51.4245],[0.1009,51.4265],[0.1027,51.4329],[0.0898,51.4324],[0.0863,51.4301],[0.0801,51.4312],[0.0737,51.4362],[0.0684,51.4415],[0.0659,51.4423],[0.063,51.4446],[0.0628,51.4478],[0.0643,51.4492],[0.0638,51.4504],[0.0521,51.4508],[0.0512,51.4549],[0.0525,51.4553]]}},{"type":"Feature","properties":{"routeId":"234","name":"234","direction":"2","routeType":"regular","lengthKm":14.8,"stops":49},"geometry":{"type":"LineString","coordinates":[[-0.135,51.5663],[-0.1438,51.5762],[-0.1542,51.5807],[-0.1553,51.5805],[-0.164,51.5862],[-0.164,51.5894],[-0.1631,51.5897],[-0.149,51.5913],[-0.1449,51.5895],[-0.1425,51.5911],[-0.145,51.5951],[-0.1477,51.5944],[-0.1485,51.5957],[-0.1507,51.5955],[-0.153,51.5992],[-0.1538,51.6034],[-0.1497,51.6056],[-0.1531,51.6078],[-0.154,51.6106],[-0.1586,51.6127],[-0.1603,51.6196],[-0.1652,51.6217],[-0.1684,51.6247],[-0.1725,51.6259],[-0.1748,51.6276],[-0.1762,51.6347],[-0.1812,51.6416],[-0.1873,51.6466],[-0.2012,51.6535],[-0.2019,51.6562],[-0.2033,51.657],[-0.2041,51.6565]]}},{"type":"Feature","properties":{"routeId":"238","name":"238","direction":"1","routeType":"regular","lengthKm":7.8,"stops":27},"geometry":{"type":"LineString","coordinates":[[-0.0019,51.5405],[-0.0002,51.5396],[0.0023,51.5409],[0.0064,51.5369],[0.0077,51.5374],[0.0218,51.5368],[0.034,51.5377],[0.0379,51.5368],[0.0463,51.5396],[0.0508,51.5402],[0.0518,51.5372],[0.0508,51.5367],[0.0521,51.5327],[0.0647,51.5341],[0.0689,51.5371],[0.0789,51.5382],[0.078,51.5393],[0.0806,51.5388],[0.0822,51.54]]}},{"type":"Feature","properties":{"routeId":"232","name":"232","direction":"2","routeType":"regular","lengthKm":22,"stops":55},"geometry":{"type":"LineString","coordinates":[[-0.1022,51.5904],[-0.1028,51.5899],[-0.1088,51.5948],[-0.1123,51.6023],[-0.1096,51.6123],[-0.1195,51.6125],[-0.129,51.6156],[-0.1411,51.6166],[-0.1439,51.6158],[-0.1407,51.6125],[-0.1357,51.6112],[-0.1505,51.6064],[-0.163,51.6053],[-0.1729,51.6015],[-0.1802,51.5967],[-0.1913,51.5907],[-0.1955,51.5896],[-0.2019,51.5895],[-0.2073,51.5881],[-0.2093,51.5866],[-0.2114,51.5817],[-0.2145,51.5786],[-0.2179,51.5765],[-0.219,51.577],[-0.2179,51.5773],[-0.2193,51.5778],[-0.2205,51.5761],[-0.2256,51.5747],[-0.2238,51.573],[-0.2269,51.5724],[-0.2278,51.5713],[-0.2302,51.5719],[-0.2315,51.5709],[-0.2363,51.5698],[-0.2301,51.5628],[-0.2352,51.5606],[-0.242,51.5599],[-0.2484,51.5578],[-0.2527,51.5591],[-0.2536,51.5586],[-0.2526,51.5554],[-0.2545,51.5529],[-0.2524,51.5522],[-0.2519,51.5535],[-0.2532,51.5544],[-0.2564,51.5529],[-0.2595,51.5552],[-0.2606,51.5552],[-0.2617,51.5543],[-0.2612,51.5525],[-0.2646,51.5526],[-0.265,51.5495],[-0.2678,51.5488],[-0.2677,51.5473],[-0.268,51.5482]]}},{"type":"Feature","properties":{"routeId":"240","name":"240","direction":"1","routeType":"regular","lengthKm":12.6,"stops":36},"geometry":{"type":"LineString","coordinates":[[-0.1945,51.572],[-0.1939,51.5715],[-0.1989,51.5727],[-0.2097,51.58],[-0.2188,51.5845],[-0.2215,51.5884],[-0.2214,51.5918],[-0.2173,51.5943],[-0.2159,51.5962],[-0.2109,51.5984],[-0.2077,51.6042],[-0.2082,51.6069],[-0.2139,51.6115],[-0.2148,51.6141],[-0.2182,51.6166],[-0.2283,51.6182],[-0.2339,51.6217],[-0.2355,51.6197],[-0.2366,51.6152],[-0.2428,51.616],[-0.2425,51.6168],[-0.2448,51.6171],[-0.2444,51.6165],[-0.2453,51.6155],[-0.2493,51.6138],[-0.2489,51.6132],[-0.2491,51.6139],[-0.254,51.6145],[-0.2623,51.6177],[-0.2712,51.6183],[-0.2755,51.6158],[-0.2762,51.6136],[-0.2756,51.6133]]}},{"type":"Feature","properties":{"routeId":"242","name":"242","direction":"1","routeType":"regular","lengthKm":9.4,"stops":35},"geometry":{"type":"LineString","coordinates":[[-0.0439,51.549],[-0.0435,51.5484],[-0.0421,51.5487],[-0.0444,51.5527],[-0.0369,51.5549],[-0.0386,51.5559],[-0.0399,51.5581],[-0.0465,51.557],[-0.0496,51.5536],[-0.0493,51.552],[-0.0516,51.5509],[-0.055,51.5495],[-0.0595,51.5494],[-0.0551,51.5467],[-0.0635,51.5458],[-0.0757,51.5462],[-0.0781,51.5262],[-0.0775,51.5229],[-0.0745,51.5203],[-0.0744,51.5184],[-0.0718,51.5152],[-0.075,51.5141]]}},{"type":"Feature","properties":{"routeId":"241","name":"241","direction":"1","routeType":"regular","lengthKm":11.9,"stops":30},"geometry":{"type":"LineString","coordinates":[[-0.0228,51.5488],[-0.0223,51.549],[-0.018,51.5442],[-0.0181,51.5414],[-0.0192,51.5418],[-0.0193,51.5429],[-0.0147,51.5428],[-0.0081,51.5403],[-0.0093,51.539],[-0.0084,51.5385],[-0.0073,51.5404],[-0.0041,51.5426],[-0.0041,51.5461],[-0.001,51.5465],[0.0005,51.5431],[-0.0017,51.5421],[-0.0007,51.5397],[0.0023,51.5409],[0.0075,51.5356],[0.0243,51.5295],[0.0242,51.5257],[0.0225,51.5225],[0.0243,51.5202],[0.0234,51.5178],[0.0249,51.517],[0.0255,51.5143],[0.025,51.5125],[0.0262,51.5099],[0.0406,51.5093],[0.0396,51.5027],[0.03,51.5023],[0.0291,51.5003],[0.0274,51.4998]]}},{"type":"Feature","properties":{"routeId":"237","name":"237","direction":"1","routeType":"regular","lengthKm":14.7,"stops":50},"geometry":{"type":"LineString","coordinates":[[-0.3876,51.4631],[-0.3669,51.4677],[-0.3661,51.4667],[-0.3623,51.4674],[-0.3569,51.4701],[-0.3482,51.4723],[-0.3436,51.4746],[-0.334,51.4754],[-0.3126,51.4824],[-0.3048,51.4837],[-0.2885,51.4888],[-0.2824,51.4919],[-0.2708,51.4929],[-0.2615,51.4924],[-0.2451,51.4934],[-0.2435,51.4987],[-0.2244,51.5029],[-0.2238,51.5033],[-0.2244,51.5051],[-0.2184,51.5044],[-0.2181,51.5057],[-0.2197,51.5095],[-0.2212,51.5096],[-0.2228,51.5082],[-0.224,51.5082],[-0.224,51.509]]}},{"type":"Feature","properties":{"routeId":"235","name":"235","direction":"2","routeType":"regular","lengthKm":16,"stops":49},"geometry":{"type":"LineString","coordinates":[[-0.3012,51.4904],[-0.3035,51.4904],[-0.3014,51.4889],[-0.2994,51.4857],[-0.3043,51.4839],[-0.3126,51.4824],[-0.3333,51.4756],[-0.3431,51.4748],[-0.3482,51.4723],[-0.3623,51.4688],[-0.3617,51.4678],[-0.3628,51.4673],[-0.366,51.4666],[-0.3672,51.4677],[-0.3865,51.4634],[-0.3985,51.4595],[-0.4102,51.4574],[-0.4057,51.4521],[-0.4122,51.443],[-0.4162,51.4399],[-0.4213,51.4381],[-0.418,51.4329],[-0.4211,51.4289],[-0.4195,51.4257],[-0.4192,51.4199],[-0.4183,51.4193],[-0.4191,51.4185],[-0.4182,51.413],[-0.4136,51.406]]}},{"type":"Feature","properties":{"routeId":"236","name":"236","direction":"2","routeType":"regular","lengthKm":11.3,"stops":39},"geometry":{"type":"LineString","coordinates":[[-0.0288,51.5474],[-0.0273,51.5478],[-0.0311,51.5511],[-0.0406,51.5488],[-0.0421,51.5487],[-0.043,51.5502],[-0.0441,51.5499],[-0.0435,51.5484],[-0.0476,51.548],[-0.0477,51.5468],[-0.0507,51.5471],[-0.0547,51.5459],[-0.0553,51.5407],[-0.057,51.538],[-0.0604,51.5376],[-0.062,51.5384],[-0.0638,51.5375],[-0.0635,51.5367],[-0.0703,51.5364],[-0.0698,51.5458],[-0.0686,51.5481],[-0.0709,51.548],[-0.0715,51.5507],[-0.0752,51.5506],[-0.0777,51.5495],[-0.0795,51.5517],[-0.0836,51.5522],[-0.0869,51.5499],[-0.0923,51.5505],[-0.0917,51.5516],[-0.0925,51.5552],[-0.0916,51.56],[-0.0925,51.5639],[-0.0995,51.5615],[-0.1037,51.5643],[-0.1051,51.5637],[-0.1057,51.5643]]}},{"type":"Feature","properties":{"routeId":"238","name":"238","direction":"2","routeType":"regular","lengthKm":7.6,"stops":27},"geometry":{"type":"LineString","coordinates":[[0.082,51.5399],[0.0806,51.5388],[0.0783,51.5394],[0.0789,51.5382],[0.0723,51.5376],[0.0641,51.5339],[0.0544,51.5331],[0.0508,51.5402],[0.0462,51.5396],[0.0379,51.5368],[0.034,51.5377],[0.0218,51.5368],[0.0077,51.5374],[0.0064,51.5369],[0.0023,51.5409],[-0.0002,51.5396],[-0.002,51.5403],[-0.0023,51.5414]]}},{"type":"Feature","properties":{"routeId":"243","name":"243","direction":"1","routeType":"regular","lengthKm":16.2,"stops":57},"geometry":{"type":"LineString","coordinates":[[-0.1081,51.5974],[-0.1002,51.5996],[-0.0955,51.5982],[-0.0839,51.5979],[-0.0752,51.5985],[-0.0695,51.5941],[-0.0731,51.5782],[-0.0723,51.575],[-0.0732,51.5635],[-0.0711,51.5625],[-0.0688,51.5574],[-0.0746,51.5571],[-0.0771,51.5316],[-0.0782,51.5273],[-0.0936,51.5248],[-0.1012,51.5227],[-0.111,51.522],[-0.1199,51.5196],[-0.1191,51.5179],[-0.1203,51.5174],[-0.1176,51.5133],[-0.1189,51.5123],[-0.1191,51.5112],[-0.1133,51.505],[-0.1144,51.5043],[-0.113,51.5039]]}},{"type":"Feature","properties":{"routeId":"244","name":"244","direction":"1","routeType":"regular","lengthKm":13.3,"stops":42},"geometry":{"type":"LineString","coordinates":[[0.0501,51.4763],[0.0473,51.474],[0.0483,51.4724],[0.0663,51.4692],[0.07,51.4741],[0.0686,51.4758],[0.0687,51.4796],[0.0699,51.4821],[0.0618,51.4824],[0.0634,51.4871],[0.0667,51.4885],[0.0701,51.4915],[0.074,51.4908],[0.0826,51.4911],[0.0822,51.4918],[0.0798,51.4919],[0.0814,51.4943],[0.0825,51.4935],[0.0836,51.494],[0.0847,51.4974],[0.0842,51.4993],[0.0849,51.5],[0.0874,51.5006],[0.0893,51.4989],[0.089,51.4978],[0.1016,51.4994],[0.104,51.5045],[0.1098,51.5068],[0.1116,51.5051],[0.1113,51.5035],[0.112,51.5026],[0.1152,51.5022],[0.1185,51.5042],[0.1205,51.5019],[0.1217,51.5016],[0.1211,51.4938],[0.1223,51.4906],[0.1221,51.4886],[0.1214,51.4887],[0.1213,51.4895]]}},{"type":"Feature","properties":{"routeId":"245","name":"245","direction":"1","routeType":"regular","lengthKm":15.3,"stops":44},"geometry":{"type":"LineString","coordinates":[[-0.3023,51.538],[-0.2997,51.5386],[-0.3043,51.5421],[-0.3075,51.5458],[-0.312,51.5481],[-0.3142,51.5531],[-0.3171,51.556],[-0.3197,51.5604],[-0.3197,51.5618],[-0.3144,51.5628],[-0.3034,51.5631],[-0.2926,51.562],[-0.2902,51.5626],[-0.2896,51.5642],[-0.2881,51.5651],[-0.2834,51.566],[-0.2767,51.5654],[-0.2679,51.5659],[-0.2651,51.5656],[-0.2559,51.5616],[-0.2551,51.5604],[-0.2496,51.5589],[-0.2508,51.5599],[-0.2512,51.5592],[-0.2491,51.5586],[-0.2461,51.5602],[-0.246,51.5626],[-0.2438,51.564],[-0.2334,51.5666],[-0.2301,51.5628],[-0.2239,51.5646],[-0.2155,51.5569],[-0.2097,51.5601],[-0.1972,51.5631],[-0.1949,51.568],[-0.1955,51.5717],[-0.1939,51.572]]}},{"type":"Feature","properties":{"routeId":"242","name":"242","direction":"2","routeType":"regular","lengthKm":9.1,"stops":33},"geometry":{"type":"LineString","coordinates":[[-0.0753,51.5139],[-0.072,51.5153],[-0.0744,51.5184],[-0.0745,51.5203],[-0.0775,51.5229],[-0.0781,51.5262],[-0.0757,51.5462],[-0.0637,51.5458],[-0.0551,51.5467],[-0.0595,51.5494],[-0.0545,51.5497],[-0.0517,51.551],[-0.0527,51.5524],[-0.0498,51.5534],[-0.0465,51.557],[-0.0399,51.5581],[-0.0386,51.5559],[-0.0369,51.5549],[-0.0415,51.5535],[-0.0411,51.5526],[-0.0441,51.552],[-0.043,51.5502],[-0.0441,51.5499]]}},{"type":"Feature","properties":{"routeId":"240","name":"240","direction":"2","routeType":"regular","lengthKm":12.2,"stops":36},"geometry":{"type":"LineString","coordinates":[[-0.2741,51.6128],[-0.2762,51.6136],[-0.2756,51.6157],[-0.2712,51.6183],[-0.2623,51.6177],[-0.2501,51.6137],[-0.2456,51.6153],[-0.2447,51.6168],[-0.2366,51.6152],[-0.2359,51.6189],[-0.2339,51.6217],[-0.2283,51.6182],[-0.2182,51.6166],[-0.2148,51.6141],[-0.2139,51.6115],[-0.2099,51.6088],[-0.2072,51.6049],[-0.2109,51.5984],[-0.2158,51.5962],[-0.2173,51.5943],[-0.2214,51.5918],[-0.2213,51.5881],[-0.2189,51.5845],[-0.2097,51.58],[-0.1989,51.5727],[-0.1945,51.572]]}},{"type":"Feature","properties":{"routeId":"241","name":"241","direction":"2","routeType":"regular","lengthKm":12.2,"stops":32},"geometry":{"type":"LineString","coordinates":[[0.0274,51.4998],[0.0251,51.4996],[0.0258,51.5024],[0.0392,51.503],[0.0401,51.5089],[0.0397,51.5095],[0.0262,51.5099],[0.025,51.5125],[0.0255,51.5143],[0.0249,51.517],[0.0234,51.5178],[0.0243,51.5202],[0.0225,51.5225],[0.0242,51.5257],[0.0243,51.5295],[0.0074,51.5357],[0.0023,51.5409],[-0.0007,51.5397],[-0.0017,51.5421],[0.0005,51.5432],[-0.001,51.5465],[-0.0041,51.5461],[-0.0041,51.5426],[-0.0073,51.5404],[-0.0084,51.5385],[-0.0093,51.539],[-0.0081,51.5403],[-0.0147,51.5428],[-0.0193,51.5429],[-0.0192,51.5418],[-0.0181,51.5414],[-0.018,51.5442],[-0.0223,51.549],[-0.023,51.5488]]}},{"type":"Feature","properties":{"routeId":"247","name":"247","direction":"1","routeType":"regular","lengthKm":13.3,"stops":34},"geometry":{"type":"LineString","coordinates":[[0.0843,51.5878],[0.0807,51.5883],[0.0853,51.5941],[0.0843,51.5948],[0.0848,51.5986],[0.0843,51.6019],[0.1107,51.6079],[0.1216,51.6134],[0.1366,51.6037],[0.1416,51.5972],[0.1423,51.5935],[0.1523,51.5979],[0.1582,51.5982],[0.1636,51.5995],[0.164,51.5961],[0.1668,51.59],[0.1715,51.5892],[0.173,51.5852],[0.1784,51.5802],[0.1845,51.5805],[0.1844,51.5798],[0.1862,51.578],[0.1833,51.5763],[0.184,51.5756],[0.1834,51.5752],[0.1838,51.5742],[0.1827,51.5739]]}},{"type":"Feature","properties":{"routeId":"248","name":"248","direction":"1","routeType":"regular","lengthKm":11.1,"stops":37},"geometry":{"type":"LineString","coordinates":[[0.1829,51.5805],[0.1845,51.5805],[0.1843,51.5798],[0.1862,51.5781],[0.183,51.5767],[0.184,51.5756],[0.1834,51.5752],[0.184,51.572],[0.1867,51.5696],[0.1867,51.5668],[0.1858,51.5658],[0.2041,51.5648],[0.2104,51.5629],[0.2181,51.5628],[0.2217,51.5615],[0.2491,51.5562],[0.2519,51.5627],[0.2565,51.5682],[0.2568,51.5703],[0.2685,51.5685],[0.2695,51.5725],[0.271,51.5724],[0.27,51.5683],[0.2685,51.5685],[0.267,51.565],[0.2664,51.5631],[0.2671,51.5616]]}},{"type":"Feature","properties":{"routeId":"244","name":"244","direction":"2","routeType":"regular","lengthKm":14.2,"stops":44},"geometry":{"type":"LineString","coordinates":[[0.1213,51.4893],[0.1219,51.489],[0.1221,51.49],[0.1207,51.4963],[0.1217,51.4999],[0.1198,51.5011],[0.1198,51.5027],[0.1184,51.504],[0.1156,51.5023],[0.1127,51.5022],[0.1115,51.503],[0.1112,51.5057],[0.1079,51.5077],[0.11,51.5065],[0.1042,51.5045],[0.1024,51.4994],[0.0965,51.499],[0.0895,51.4974],[0.0887,51.4979],[0.0892,51.4989],[0.0875,51.5005],[0.0849,51.5],[0.0841,51.4991],[0.0847,51.4974],[0.0836,51.494],[0.0807,51.4939],[0.0801,51.4923],[0.0822,51.4918],[0.0858,51.4925],[0.086,51.4909],[0.0852,51.4901],[0.0704,51.4914],[0.0654,51.4876],[0.0621,51.4826],[0.0699,51.4821],[0.0687,51.4796],[0.0691,51.4781],[0.067,51.4764],[0.07,51.4741],[0.0663,51.4692],[0.0478,51.4725],[0.0474,51.4742],[0.0508,51.4769]]}},{"type":"Feature","properties":{"routeId":"246","name":"246","direction":"1","routeType":"regular","lengthKm":21.4,"stops":50},"geometry":{"type":"LineString","coordinates":[[0.0163,51.4082],[0.0186,51.4066],[0.0188,51.4029],[0.0155,51.4025],[0.0173,51.3991],[0.015,51.3985],[0.0148,51.3964],[0.0125,51.3937],[0.0133,51.3895],[0.0061,51.3899],[0.0026,51.3881],[0.0027,51.3837],[0.0048,51.3817],[0.0052,51.3798],[0.0104,51.3779],[0.0113,51.3764],[0.0021,51.3743],[-0.0012,51.3711],[0.0012,51.3699],[0.0052,51.3705],[0.0164,51.3676],[0.0204,51.3673],[0.0271,51.3628],[0.0316,51.3583],[0.0331,51.3543],[0.0314,51.3518],[0.0353,51.3505],[0.0364,51.3476],[0.0352,51.3457],[0.0304,51.3419],[0.0303,51.3363],[0.0279,51.3341],[0.0264,51.3297],[0.0233,51.3286],[0.0228,51.3264],[0.0325,51.3174],[0.0339,51.3124],[0.0378,51.3088],[0.0486,51.306],[0.0523,51.3016],[0.0549,51.2941],[0.0578,51.2898],[0.0602,51.2881],[0.0642,51.2868],[0.0647,51.2841],[0.0662,51.2819],[0.074,51.2768],[0.0748,51.2751],[0.0745,51.2712],[0.0714,51.268],[0.0727,51.2669]]}},{"type":"Feature","properties":{"routeId":"245","name":"245","direction":"2","routeType":"regular","lengthKm":15.2,"stops":45},"geometry":{"type":"LineString","coordinates":[[-0.1939,51.572],[-0.1954,51.5712],[-0.1949,51.568],[-0.1973,51.563],[-0.1996,51.5629],[-0.2097,51.5601],[-0.2155,51.5569],[-0.2239,51.5646],[-0.2301,51.5628],[-0.2334,51.5666],[-0.2447,51.5635],[-0.246,51.5626],[-0.2458,51.5605],[-0.2491,51.5586],[-0.2488,51.5579],[-0.2558,51.5606],[-0.2575,51.5622],[-0.2651,51.5656],[-0.2679,51.5659],[-0.2757,51.5654],[-0.2832,51.566],[-0.2882,51.5651],[-0.2897,51.5641],[-0.29,51.5625],[-0.2926,51.562],[-0.2961,51.5619],[-0.3032,51.5631],[-0.3141,51.5628],[-0.3193,51.5619],[-0.3197,51.5604],[-0.3168,51.556],[-0.3132,51.5529],[-0.314,51.5519],[-0.3118,51.548],[-0.308,51.5462],[-0.3043,51.5421],[-0.301,51.5402],[-0.2994,51.5383],[-0.3021,51.538]]}},{"type":"Feature","properties":{"routeId":"250","name":"250","direction":"1","routeType":"regular","lengthKm":12.3,"stops":44},"geometry":{"type":"LineString","coordinates":[[-0.1139,51.4654],[-0.1156,51.4613],[-0.124,51.4484],[-0.1245,51.4418],[-0.1275,51.437],[-0.1295,51.4307],[-0.1309,51.4295],[-0.1312,51.4262],[-0.1279,51.4191],[-0.1246,51.4155],[-0.1164,51.4149],[-0.1093,51.4115],[-0.1004,51.4026],[-0.1,51.4007],[-0.0984,51.3989],[-0.1141,51.3933],[-0.1092,51.3846],[-0.1024,51.3777],[-0.0999,51.3784],[-0.1002,51.3796],[-0.1013,51.3794]]}},{"type":"Feature","properties":{"routeId":"247","name":"247","direction":"2","routeType":"regular","lengthKm":13.2,"stops":35},"geometry":{"type":"LineString","coordinates":[[0.1837,51.5745],[0.1824,51.5764],[0.1856,51.5784],[0.1833,51.5804],[0.1779,51.5799],[0.1779,51.5807],[0.173,51.5851],[0.1715,51.5892],[0.1668,51.59],[0.1631,51.5992],[0.1506,51.5973],[0.1461,51.5956],[0.1422,51.593],[0.1416,51.5972],[0.1366,51.6037],[0.1214,51.6133],[0.1108,51.6079],[0.0843,51.6019],[0.0848,51.5986],[0.0843,51.5948],[0.0856,51.5937],[0.082,51.5901],[0.0863,51.5881],[0.0858,51.5872],[0.085,51.5874]]}},{"type":"Feature","properties":{"routeId":"237","name":"237","direction":"2","routeType":"regular","lengthKm":15.2,"stops":48},"geometry":{"type":"LineString","coordinates":[[-0.2237,51.5088],[-0.2239,51.5082],[-0.2227,51.5083],[-0.2212,51.5096],[-0.2197,51.5095],[-0.2181,51.5044],[-0.2434,51.4987],[-0.2451,51.4934],[-0.2625,51.4924],[-0.2706,51.4929],[-0.2807,51.4919],[-0.2812,51.4911],[-0.2836,51.491],[-0.2878,51.4888],[-0.3043,51.4839],[-0.3126,51.4824],[-0.3333,51.4756],[-0.3431,51.4748],[-0.3482,51.4723],[-0.3623,51.4688],[-0.3617,51.4678],[-0.363,51.4672],[-0.366,51.4666],[-0.3672,51.4677],[-0.3846,51.4638],[-0.3864,51.4668],[-0.3888,51.4648],[-0.3882,51.4632]]}},{"type":"Feature","properties":{"routeId":"243","name":"243","direction":"2","routeType":"regular","lengthKm":15.6,"stops":58},"geometry":{"type":"LineString","coordinates":[[-0.1132,51.5043],[-0.1192,51.5112],[-0.1177,51.5133],[-0.1212,51.5189],[-0.1128,51.5216],[-0.1014,51.5226],[-0.0926,51.525],[-0.0874,51.5254],[-0.0781,51.5274],[-0.0771,51.5316],[-0.0746,51.5573],[-0.0731,51.5636],[-0.0723,51.575],[-0.0731,51.5782],[-0.0695,51.5941],[-0.0752,51.5985],[-0.0951,51.5981],[-0.0999,51.5996],[-0.1091,51.5972]]}},{"type":"Feature","properties":{"routeId":"252","name":"252","direction":"1","routeType":"regular","lengthKm":13.5,"stops":43},"geometry":{"type":"LineString","coordinates":[[0.1613,51.5988],[0.1559,51.5979],[0.1559,51.5946],[0.1575,51.5913],[0.1609,51.5899],[0.1652,51.5815],[0.1695,51.5791],[0.177,51.5782],[0.178,51.5803],[0.1842,51.5806],[0.1862,51.5782],[0.183,51.5767],[0.184,51.5756],[0.1834,51.5752],[0.184,51.572],[0.1867,51.5696],[0.1867,51.5668],[0.1858,51.5658],[0.1901,51.565],[0.1885,51.5646],[0.1893,51.5613],[0.1879,51.5599],[0.1888,51.557],[0.1912,51.5537],[0.1905,51.5515],[0.1945,51.5504],[0.1989,51.551],[0.2008,51.5467],[0.2029,51.5456],[0.2026,51.5411],[0.2011,51.5389],[0.2048,51.5393],[0.2082,51.5434],[0.2138,51.5429],[0.2182,51.5503],[0.2204,51.5567],[0.2208,51.5614]]}},{"type":"Feature","properties":{"routeId":"253","name":"253","direction":"1","routeType":"twentyfour","lengthKm":11.3,"stops":43},"geometry":{"type":"LineString","coordinates":[[-0.0567,51.5479],[-0.0595,51.5494],[-0.0545,51.5497],[-0.0516,51.5512],[-0.0557,51.5566],[-0.0575,51.5623],[-0.06,51.5648],[-0.0604,51.5668],[-0.0623,51.5692],[-0.0674,51.5721],[-0.0732,51.5737],[-0.0804,51.5748],[-0.0856,51.5745],[-0.0963,51.5705],[-0.1074,51.5633],[-0.1115,51.5582],[-0.1242,51.553],[-0.1394,51.5408],[-0.1418,51.5396],[-0.1375,51.5349],[-0.1384,51.5345],[-0.1381,51.534]]}},{"type":"Feature","properties":{"routeId":"248","name":"248","direction":"2","routeType":"regular","lengthKm":11.2,"stops":33},"geometry":{"type":"LineString","coordinates":[[0.2671,51.5618],[0.2664,51.5633],[0.2695,51.5725],[0.271,51.5724],[0.27,51.5683],[0.2568,51.5703],[0.2565,51.5682],[0.2519,51.5627],[0.249,51.5561],[0.2242,51.5613],[0.221,51.5611],[0.2201,51.5623],[0.2181,51.5628],[0.2104,51.5629],[0.2041,51.5648],[0.1887,51.5648],[0.1857,51.5656],[0.1858,51.5665],[0.1867,51.5667],[0.1865,51.5702],[0.184,51.572],[0.1836,51.5748],[0.1824,51.5763],[0.1857,51.578],[0.184,51.5801],[0.1825,51.5805]]}},{"type":"Feature","properties":{"routeId":"251","name":"251","direction":"1","routeType":"regular","lengthKm":14.8,"stops":43},"geometry":{"type":"LineString","coordinates":[[-0.1337,51.616],[-0.1415,51.6165],[-0.151,51.6227],[-0.1592,51.6256],[-0.1618,51.6276],[-0.166,51.6293],[-0.1713,51.6303],[-0.1748,51.6298],[-0.1844,51.631],[-0.1959,51.6302],[-0.2007,51.6322],[-0.202,51.634],[-0.2054,51.6346],[-0.2279,51.6307],[-0.236,51.6304],[-0.2396,51.629],[-0.2415,51.6273],[-0.2371,51.6249],[-0.2442,51.6201],[-0.2451,51.6175],[-0.2444,51.6165],[-0.2452,51.6155],[-0.2493,51.6138],[-0.2489,51.6133],[-0.2492,51.6139],[-0.2502,51.6135],[-0.2486,51.6111],[-0.2515,51.6096],[-0.2506,51.6088],[-0.2674,51.6006],[-0.2794,51.6107],[-0.2762,51.6136],[-0.2756,51.6133]]}},{"type":"Feature","properties":{"routeId":"250","name":"250","direction":"2","routeType":"regular","lengthKm":11.6,"stops":42},"geometry":{"type":"LineString","coordinates":[[-0.1016,51.3791],[-0.1028,51.378],[-0.1091,51.3844],[-0.1141,51.3933],[-0.0986,51.3989],[-0.1004,51.4026],[-0.109,51.4114],[-0.1164,51.4149],[-0.1246,51.4155],[-0.1281,51.4195],[-0.1313,51.4266],[-0.1309,51.4295],[-0.1295,51.4307],[-0.1277,51.4371],[-0.1246,51.442],[-0.1241,51.4483],[-0.1154,51.462]]}},{"type":"Feature","properties":{"routeId":"249","name":"249","direction":"1","routeType":"regular","lengthKm":13.2,"stops":48},"geometry":{"type":"LineString","coordinates":[[-0.1411,51.4628],[-0.1392,51.461],[-0.1415,51.4595],[-0.1473,51.4532],[-0.1482,51.4486],[-0.1495,51.4465],[-0.1551,51.4408],[-0.157,51.4376],[-0.1596,51.4357],[-0.1538,51.4329],[-0.1491,51.4317],[-0.1328,51.43],[-0.131,51.4291],[-0.1312,51.4262],[-0.1296,51.423],[-0.1157,51.4236],[-0.1059,51.4226],[-0.1063,51.4192],[-0.1007,51.4182],[-0.0935,51.4152],[-0.0922,51.4139],[-0.0884,51.4123],[-0.087,51.4103],[-0.0814,51.417],[-0.0831,51.4197],[-0.0783,51.4199],[-0.0755,51.4191],[-0.0661,51.4114],[-0.0644,51.4124]]}},{"type":"Feature","properties":{"routeId":"254","name":"254","direction":"1","routeType":"regular","lengthKm":12.8,"stops":49},"geometry":{"type":"LineString","coordinates":[[-0.0747,51.5143],[-0.0656,51.5178],[-0.0569,51.5198],[-0.0549,51.5232],[-0.0556,51.5285],[-0.0573,51.5336],[-0.0571,51.5385],[-0.0552,51.5408],[-0.0551,51.5471],[-0.0595,51.5494],[-0.0545,51.5497],[-0.0516,51.5512],[-0.0557,51.5566],[-0.0575,51.5623],[-0.06,51.5648],[-0.0604,51.5668],[-0.0623,51.5692],[-0.0674,51.5721],[-0.0732,51.5737],[-0.0804,51.5748],[-0.0856,51.5745],[-0.0963,51.5705],[-0.1074,51.5633],[-0.1115,51.5582],[-0.1189,51.5554]]}},{"type":"Feature","properties":{"routeId":"255","name":"255","direction":"1","routeType":"regular","lengthKm":9.8,"stops":33},"geometry":{"type":"LineString","coordinates":[[-0.1281,51.3989],[-0.132,51.3956],[-0.1336,51.3964],[-0.1301,51.3995],[-0.1334,51.4001],[-0.1393,51.406],[-0.1346,51.4086],[-0.1222,51.4092],[-0.1246,51.4137],[-0.1241,51.4149],[-0.1281,51.4195],[-0.1313,51.4266],[-0.1311,51.4293],[-0.1295,51.4307],[-0.1271,51.438],[-0.1314,51.4396],[-0.1329,51.443],[-0.1354,51.4423],[-0.1369,51.4436],[-0.1365,51.4453],[-0.139,51.4469],[-0.1424,51.4457],[-0.1494,51.4467],[-0.1528,51.4435],[-0.1509,51.443]]}},{"type":"Feature","properties":{"routeId":"246","name":"246","direction":"2","routeType":"regular","lengthKm":22,"stops":55},"geometry":{"type":"LineString","coordinates":[[0.0722,51.267],[0.0715,51.2684],[0.0731,51.2691],[0.0748,51.2725],[0.074,51.2768],[0.0665,51.2816],[0.0646,51.2844],[0.0642,51.2868],[0.0602,51.2881],[0.0578,51.2898],[0.0549,51.2941],[0.0521,51.302],[0.0488,51.3058],[0.0377,51.3089],[0.0338,51.3126],[0.0322,51.3177],[0.0229,51.326],[0.0234,51.3286],[0.0263,51.3296],[0.0278,51.3339],[0.0302,51.3362],[0.0304,51.3419],[0.0352,51.3457],[0.0364,51.3477],[0.0352,51.3506],[0.0314,51.3518],[0.0328,51.3546],[0.0316,51.3583],[0.027,51.3628],[0.0177,51.3674],[0.0052,51.3705],[0.0015,51.3698],[-0.0026,51.3703],[0.0021,51.3743],[0.0076,51.376],[0.0105,51.3758],[0.0112,51.3765],[0.0102,51.3779],[0.0052,51.3798],[0.0048,51.3817],[0.0029,51.3833],[0.0026,51.3881],[0.0061,51.3899],[0.0133,51.3895],[0.0125,51.3937],[0.0148,51.3964],[0.0148,51.3984],[0.0173,51.3991],[0.0154,51.4024],[0.0187,51.4029],[0.0185,51.4063],[0.0154,51.406],[0.0139,51.408],[0.0143,51.409],[0.0155,51.4084],[0.0167,51.409]]}},{"type":"Feature","properties":{"routeId":"257","name":"257","direction":"1","routeType":"regular","lengthKm":8.4,"stops":28},"geometry":{"type":"LineString","coordinates":[[-0.0018,51.5413],[-0.0011,51.5426],[0.0042,51.5437],[0.0045,51.5459],[0.006,51.5464],[0.0051,51.5497],[0.0058,51.5517],[0.0054,51.5552],[0.0097,51.5635],[0.0109,51.5683],[0.016,51.5715],[0.0156,51.5731],[0.0109,51.5773],[0.0036,51.58],[0.0015,51.5811],[0.0014,51.5818],[-0.0069,51.5784],[-0.0076,51.5778],[-0.0076,51.5757],[-0.0098,51.5739],[-0.0156,51.5765],[-0.0183,51.5798],[-0.0189,51.5832],[-0.0203,51.5831],[-0.0203,51.5842]]}},{"type":"Feature","properties":{"routeId":"256","name":"256","direction":"1","routeType":"regular","lengthKm":11.6,"stops":39},"geometry":{"type":"LineString","coordinates":[[0.2157,51.5458],[0.2177,51.549],[0.2205,51.5572],[0.2209,51.5611],[0.2201,51.5623],[0.22,51.5675],[0.2192,51.568],[0.2196,51.5702],[0.2178,51.5738],[0.2203,51.5811],[0.2206,51.5848],[0.2214,51.5862],[0.2335,51.5894],[0.2324,51.5977],[0.2272,51.6047],[0.2247,51.606],[0.2229,51.6081],[0.2203,51.608],[0.2092,51.605],[0.2071,51.6097],[0.2171,51.6155],[0.2185,51.6145],[0.2188,51.6127],[0.2233,51.613],[0.2227,51.6152],[0.2211,51.6171]]}},{"type":"Feature","properties":{"routeId":"252","name":"252","direction":"2","routeType":"regular","lengthKm":13.7,"stops":41},"geometry":{"type":"LineString","coordinates":[[0.2213,51.5616],[0.2177,51.549],[0.2138,51.5429],[0.2083,51.5434],[0.2071,51.5427],[0.2048,51.5392],[0.2011,51.5389],[0.2026,51.5411],[0.2029,51.5456],[0.2008,51.5467],[0.1989,51.5509],[0.1947,51.5504],[0.1905,51.5515],[0.1912,51.5537],[0.1888,51.557],[0.1879,51.5599],[0.1893,51.5613],[0.1885,51.5651],[0.1857,51.5656],[0.1858,51.5665],[0.1867,51.5667],[0.1865,51.5702],[0.184,51.572],[0.1836,51.5748],[0.1824,51.5763],[0.1857,51.5783],[0.1837,51.5803],[0.1804,51.5804],[0.178,51.5797],[0.1771,51.5782],[0.1773,51.5762],[0.177,51.5782],[0.1695,51.5791],[0.165,51.5815],[0.1609,51.5899],[0.1575,51.5913],[0.1558,51.5946],[0.1559,51.5979],[0.1619,51.5989]]}},{"type":"Feature","properties":{"routeId":"251","name":"251","direction":"2","routeType":"regular","lengthKm":14.8,"stops":42},"geometry":{"type":"LineString","coordinates":[[-0.2746,51.613],[-0.2762,51.6136],[-0.2792,51.6108],[-0.2674,51.6006],[-0.2617,51.6037],[-0.2574,51.605],[-0.2476,51.6104],[-0.2504,51.6135],[-0.2452,51.6155],[-0.2442,51.6201],[-0.2371,51.6249],[-0.2406,51.6271],[-0.2417,51.627],[-0.2398,51.6289],[-0.2358,51.6305],[-0.2279,51.6307],[-0.2056,51.6346],[-0.202,51.634],[-0.2007,51.6322],[-0.1962,51.6302],[-0.1844,51.631],[-0.1747,51.6298],[-0.1716,51.6304],[-0.166,51.6293],[-0.1618,51.6276],[-0.1592,51.6256],[-0.151,51.6227],[-0.1422,51.6171],[-0.1399,51.6164],[-0.1339,51.6162]]}},{"type":"Feature","properties":{"routeId":"253","name":"253","direction":"2","routeType":"twentyfour","lengthKm":10.5,"stops":38},"geometry":{"type":"LineString","coordinates":[[-0.1404,51.5403],[-0.1292,51.5488],[-0.1194,51.5579],[-0.1045,51.5647],[-0.096,51.5708],[-0.0863,51.5745],[-0.0804,51.5748],[-0.0731,51.5736],[-0.0677,51.5723],[-0.0626,51.5695],[-0.0553,51.5586],[-0.0556,51.5565],[-0.0515,51.551],[-0.055,51.5495],[-0.0595,51.5494],[-0.0557,51.5475]]}},{"type":"Feature","properties":{"routeId":"258","name":"258","direction":"1","routeType":"regular","lengthKm":16.3,"stops":46},"geometry":{"type":"LineString","coordinates":[[-0.3961,51.663],[-0.397,51.6631],[-0.397,51.6576],[-0.3917,51.655],[-0.3914,51.6542],[-0.3925,51.6534],[-0.3881,51.6505],[-0.3865,51.6483],[-0.3824,51.6463],[-0.3838,51.6455],[-0.3841,51.6468],[-0.377,51.6466],[-0.3625,51.6442],[-0.3546,51.6387],[-0.3463,51.6368],[-0.3361,51.6311],[-0.3433,51.6241],[-0.3425,51.6222],[-0.3431,51.6196],[-0.3403,51.6146],[-0.3393,51.6108],[-0.3402,51.6054],[-0.337,51.5979],[-0.3335,51.5947],[-0.3352,51.5945],[-0.3351,51.5933],[-0.3332,51.5919],[-0.332,51.5872],[-0.3317,51.583],[-0.3341,51.58],[-0.3384,51.5801],[-0.3341,51.58],[-0.333,51.576],[-0.3396,51.5707],[-0.3397,51.5681],[-0.3468,51.5693],[-0.3523,51.5651]]}},{"type":"Feature","properties":{"routeId":"249","name":"249","direction":"2","routeType":"regular","lengthKm":13,"stops":42},"geometry":{"type":"LineString","coordinates":[[-0.0657,51.412],[-0.0661,51.4114],[-0.0668,51.4119],[-0.0755,51.4191],[-0.0785,51.4199],[-0.087,51.4103],[-0.0886,51.4125],[-0.0921,51.4138],[-0.0936,51.4153],[-0.1015,51.4184],[-0.1062,51.4192],[-0.1062,51.4226],[-0.1157,51.4236],[-0.1297,51.423],[-0.1313,51.4266],[-0.1311,51.4291],[-0.1336,51.4277],[-0.135,51.4287],[-0.1353,51.4302],[-0.1493,51.4317],[-0.1538,51.4329],[-0.1596,51.4357],[-0.157,51.4376],[-0.1554,51.4405],[-0.1482,51.4486],[-0.1473,51.4532],[-0.1415,51.4595],[-0.1435,51.4614],[-0.1425,51.4631]]}},{"type":"Feature","properties":{"routeId":"255","name":"255","direction":"2","routeType":"regular","lengthKm":8.9,"stops":29},"geometry":{"type":"LineString","coordinates":[[-0.1509,51.443],[-0.1497,51.4428],[-0.1513,51.4452],[-0.1494,51.4467],[-0.1424,51.4457],[-0.139,51.4469],[-0.1365,51.4454],[-0.1369,51.4436],[-0.1354,51.4423],[-0.1329,51.443],[-0.1314,51.4396],[-0.1268,51.4383],[-0.1295,51.4307],[-0.1309,51.4295],[-0.1312,51.4262],[-0.1279,51.4191],[-0.1242,51.415],[-0.1244,51.4132],[-0.1222,51.4092],[-0.1346,51.4086],[-0.1393,51.406],[-0.1333,51.4002],[-0.1281,51.3989]]}},{"type":"Feature","properties":{"routeId":"261","name":"261","direction":"1","routeType":"regular","lengthKm":14.5,"stops":40},"geometry":{"type":"LineString","coordinates":[[-0.0126,51.4638],[-0.0108,51.4637],[-0.0024,51.4588],[0.0065,51.4586],[0.0098,51.4566],[0.0115,51.4566],[0.0119,51.4523],[0.0133,51.448],[0.0147,51.4462],[0.0138,51.446],[0.0151,51.4424],[0.0212,51.4331],[0.0209,51.4265],[0.0224,51.425],[0.0215,51.4229],[0.0219,51.4213],[0.0173,51.4187],[0.0172,51.4164],[0.0185,51.4147],[0.0167,51.4141],[0.0144,51.4116],[0.0143,51.409],[0.0167,51.4081],[0.0187,51.4062],[0.0188,51.4029],[0.0155,51.4025],[0.0173,51.3991],[0.0204,51.3986],[0.0324,51.3918],[0.036,51.3887],[0.0427,51.3792],[0.0459,51.3718],[0.0507,51.3672],[0.055,51.3651],[0.0577,51.3662],[0.0582,51.3656]]}},{"type":"Feature","properties":{"routeId":"256","name":"256","direction":"2","routeType":"regular","lengthKm":10.8,"stops":34},"geometry":{"type":"LineString","coordinates":[[0.2211,51.6171],[0.2204,51.6175],[0.2112,51.6127],[0.2072,51.6097],[0.2091,51.6048],[0.223,51.6084],[0.2247,51.606],[0.2272,51.6047],[0.2324,51.5977],[0.2335,51.5895],[0.2215,51.5862],[0.2206,51.5848],[0.2203,51.5811],[0.2178,51.5738],[0.2196,51.5702],[0.2201,51.5623],[0.2216,51.5613],[0.2207,51.5607],[0.2202,51.5561],[0.2166,51.5473]]}},{"type":"Feature","properties":{"routeId":"254","name":"254","direction":"2","routeType":"regular","lengthKm":13,"stops":45},"geometry":{"type":"LineString","coordinates":[[-0.1225,51.5549],[-0.1194,51.5579],[-0.1045,51.5647],[-0.096,51.5708],[-0.0863,51.5745],[-0.0804,51.5748],[-0.0731,51.5736],[-0.0677,51.5723],[-0.0626,51.5695],[-0.0553,51.5586],[-0.0556,51.5565],[-0.0515,51.551],[-0.055,51.5495],[-0.0595,51.5494],[-0.0551,51.5471],[-0.0553,51.5407],[-0.057,51.5386],[-0.0573,51.5336],[-0.0556,51.5286],[-0.0549,51.5231],[-0.0564,51.5198],[-0.0659,51.5176],[-0.075,51.5141]]}},{"type":"Feature","properties":{"routeId":"259","name":"259","direction":"1","routeType":"regular","lengthKm":12.5,"stops":44},"geometry":{"type":"LineString","coordinates":[[-0.059,51.6254],[-0.0606,51.6245],[-0.0651,51.6115],[-0.0681,51.6074],[-0.0681,51.5975],[-0.0722,51.5832],[-0.0808,51.5794],[-0.087,51.5738],[-0.0963,51.5705],[-0.1077,51.5631],[-0.1115,51.5582],[-0.1178,51.5558],[-0.1181,51.5468],[-0.1165,51.5373],[-0.1171,51.5348],[-0.1207,51.532],[-0.121,51.5309],[-0.1177,51.5305]]}},{"type":"Feature","properties":{"routeId":"257","name":"257","direction":"2","routeType":"regular","lengthKm":8.8,"stops":30},"geometry":{"type":"LineString","coordinates":[[-0.0205,51.5834],[-0.0184,51.5831],[-0.0181,51.5794],[-0.0156,51.5765],[-0.0131,51.5755],[0.0014,51.5818],[0.0031,51.5802],[0.0109,51.5773],[0.0172,51.572],[0.0132,51.5698],[0.0119,51.5706],[0.0087,51.5685],[0.0109,51.5683],[0.0096,51.5632],[0.0051,51.5538],[0.0058,51.5517],[0.0051,51.5492],[0.0066,51.5464],[0.0046,51.5459],[0.0042,51.5437],[-0.0016,51.5423],[-0.0013,51.5404],[-0.002,51.5403],[-0.0023,51.5414]]}},{"type":"Feature","properties":{"routeId":"260","name":"260","direction":"1","routeType":"regular","lengthKm":16.7,"stops":55},"geometry":{"type":"LineString","coordinates":[[-0.2239,51.5086],[-0.2227,51.5083],[-0.2212,51.5096],[-0.2197,51.5095],[-0.2181,51.5044],[-0.2235,51.5034],[-0.2249,51.5052],[-0.2283,51.5059],[-0.2451,51.5068],[-0.2465,51.5108],[-0.2494,51.5138],[-0.2568,51.515],[-0.2616,51.5179],[-0.2666,51.5169],[-0.2633,51.5224],[-0.2657,51.5246],[-0.269,51.5303],[-0.2664,51.5305],[-0.2551,51.5375],[-0.2508,51.5358],[-0.2476,51.5357],[-0.2501,51.5386],[-0.2546,51.5404],[-0.255,51.5422],[-0.2504,51.5477],[-0.2479,51.5483],[-0.2477,51.5491],[-0.2424,51.5492],[-0.2407,51.5483],[-0.2391,51.5489],[-0.2358,51.5476],[-0.2307,51.547],[-0.2247,51.5475],[-0.2217,51.5486],[-0.2155,51.5569],[-0.2097,51.5601],[-0.1972,51.5631],[-0.1949,51.568],[-0.1955,51.5716],[-0.1941,51.5718]]}},{"type":"Feature","properties":{"routeId":"262","name":"262","direction":"1","routeType":"regular","lengthKm":9.6,"stops":29},"geometry":{"type":"LineString","coordinates":[[0.0796,51.5164],[0.079,51.5151],[0.082,51.5143],[0.0805,51.511],[0.0755,51.5102],[0.0746,51.5084],[0.0719,51.5083],[0.0703,51.5074],[0.0696,51.5079],[0.0694,51.5101],[0.0679,51.5115],[0.062,51.5126],[0.0607,51.5142],[0.0586,51.5139],[0.0607,51.5142],[0.0602,51.5157],[0.0321,51.517],[0.0317,51.5215],[0.0301,51.5246],[0.0259,51.529],[0.0074,51.5357],[0.0023,51.5409],[-0.0002,51.5396],[-0.002,51.5403],[-0.0023,51.5414]]}},{"type":"Feature","properties":{"routeId":"258","name":"258","direction":"2","routeType":"regular","lengthKm":16.6,"stops":45},"geometry":{"type":"LineString","coordinates":[[-0.3523,51.5651],[-0.3469,51.5694],[-0.3397,51.5681],[-0.3396,51.5707],[-0.333,51.5761],[-0.3341,51.58],[-0.3384,51.5801],[-0.3341,51.58],[-0.3318,51.5832],[-0.3321,51.5874],[-0.3334,51.5918],[-0.3351,51.5928],[-0.3351,51.5957],[-0.337,51.5979],[-0.3386,51.601],[-0.3387,51.603],[-0.34,51.6049],[-0.3395,51.611],[-0.3403,51.6146],[-0.343,51.6194],[-0.3425,51.6222],[-0.3433,51.624],[-0.3361,51.6311],[-0.3463,51.6368],[-0.3549,51.6389],[-0.3626,51.6442],[-0.377,51.6466],[-0.3821,51.6465],[-0.3838,51.6455],[-0.3861,51.6481],[-0.3886,51.6469],[-0.389,51.6489],[-0.3877,51.6499],[-0.3881,51.6505],[-0.3938,51.6541],[-0.3962,51.6532],[-0.3998,51.6563],[-0.3986,51.658],[-0.397,51.6579],[-0.3971,51.6634],[-0.3965,51.6633]]}},{"type":"Feature","properties":{"routeId":"263","name":"263","direction":"1","routeType":"regular","lengthKm":14.4,"stops":60},"geometry":{"type":"LineString","coordinates":[[-0.1206,51.557],[-0.1195,51.5578],[-0.1249,51.5618],[-0.1344,51.5655],[-0.1338,51.5663],[-0.1356,51.5661],[-0.1436,51.5698],[-0.1498,51.5714],[-0.1497,51.5742],[-0.1509,51.5758],[-0.1557,51.5809],[-0.164,51.5862],[-0.1645,51.5906],[-0.1716,51.5967],[-0.1749,51.604],[-0.1757,51.6124],[-0.1776,51.6127],[-0.1767,51.6145],[-0.1764,51.6239],[-0.1747,51.6292],[-0.1764,51.6351],[-0.1812,51.6416],[-0.1873,51.6466],[-0.1996,51.6529],[-0.2122,51.6529],[-0.2147,51.6519]]}},{"type":"Feature","properties":{"routeId":"261","name":"261","direction":"2","routeType":"regular","lengthKm":14.7,"stops":44},"geometry":{"type":"LineString","coordinates":[[0.0582,51.3656],[0.0549,51.3651],[0.0503,51.3676],[0.0459,51.3718],[0.0431,51.3784],[0.0351,51.3895],[0.0245,51.3963],[0.0174,51.399],[0.0154,51.4024],[0.0187,51.4029],[0.0187,51.4048],[0.0185,51.4063],[0.0154,51.406],[0.014,51.4077],[0.0144,51.4116],[0.0176,51.4151],[0.0169,51.4173],[0.0175,51.4192],[0.0221,51.4215],[0.0215,51.4229],[0.0224,51.425],[0.0209,51.4265],[0.0212,51.4331],[0.0151,51.4424],[0.0138,51.4459],[0.0146,51.4463],[0.0133,51.448],[0.012,51.4522],[0.0115,51.4566],[0.0098,51.4566],[0.0065,51.4586],[-0.0028,51.4589],[-0.0065,51.4615],[-0.0103,51.4627],[-0.0113,51.465],[-0.0132,51.4649]]}},{"type":"Feature","properties":{"routeId":"265","name":"265","direction":"1","routeType":"regular","lengthKm":18.6,"stops":50},"geometry":{"type":"LineString","coordinates":[[-0.2091,51.4682],[-0.2112,51.4684],[-0.2141,51.4658],[-0.217,51.4671],[-0.2239,51.4683],[-0.229,51.4684],[-0.2379,51.4699],[-0.2439,51.4652],[-0.2428,51.4571],[-0.2438,51.4518],[-0.2382,51.449],[-0.2391,51.4479],[-0.2386,51.4464],[-0.2407,51.4439],[-0.2426,51.4456],[-0.2382,51.449],[-0.2402,51.4497],[-0.2395,51.4497],[-0.2369,51.4483],[-0.2343,51.4444],[-0.2545,51.4368],[-0.2562,51.4355],[-0.257,51.4334],[-0.255,51.4247],[-0.2505,51.4184],[-0.2498,51.4133],[-0.2481,51.4114],[-0.2429,51.4083],[-0.2402,51.4038],[-0.2414,51.4015],[-0.2432,51.3992],[-0.2553,51.3987],[-0.2553,51.3967],[-0.2533,51.3945],[-0.2592,51.3933],[-0.2711,51.3877],[-0.2778,51.3818],[-0.2803,51.3786],[-0.2842,51.382],[-0.2883,51.3834]]}},{"type":"Feature","properties":{"routeId":"264","name":"264","direction":"1","routeType":"regular","lengthKm":11.1,"stops":35},"geometry":{"type":"LineString","coordinates":[[-0.1017,51.3789],[-0.1039,51.3757],[-0.1031,51.3751],[-0.1056,51.3736],[-0.1064,51.375],[-0.1072,51.3751],[-0.1089,51.3737],[-0.1074,51.3731],[-0.1067,51.3747],[-0.1088,51.3778],[-0.1144,51.3818],[-0.1217,51.3857],[-0.1343,51.3909],[-0.1589,51.3982],[-0.1613,51.4034],[-0.1641,51.4055],[-0.1615,51.4116],[-0.1621,51.4187],[-0.1604,51.4218],[-0.1605,51.423],[-0.1684,51.4282],[-0.174,51.43],[-0.1796,51.4271],[-0.177,51.4249]]}},{"type":"Feature","properties":{"routeId":"268","name":"268","direction":"1","routeType":"regular","lengthKm":6.2,"stops":19},"geometry":{"type":"LineString","coordinates":[[-0.1936,51.5714],[-0.1857,51.5693],[-0.181,51.5654],[-0.1792,51.561],[-0.1729,51.5604],[-0.1668,51.5567],[-0.165,51.5542],[-0.1692,51.5532],[-0.1663,51.5515],[-0.1721,51.5479],[-0.173,51.5457],[-0.175,51.5447],[-0.1738,51.5418],[-0.1751,51.5418],[-0.1755,51.5441],[-0.1785,51.5457],[-0.1811,51.5486],[-0.1834,51.5483]]}},{"type":"Feature","properties":{"routeId":"262","name":"262","direction":"2","routeType":"regular","lengthKm":8.9,"stops":31},"geometry":{"type":"LineString","coordinates":[[-0.0019,51.5405],[-0.0002,51.5396],[0.0023,51.5409],[0.0075,51.5356],[0.0259,51.529],[0.0296,51.5254],[0.0317,51.5215],[0.0325,51.5171],[0.0605,51.5158],[0.0614,51.513],[0.0688,51.5112],[0.0698,51.5089],[0.0716,51.5084],[0.0746,51.5084],[0.0752,51.51],[0.0806,51.5115],[0.0816,51.5142],[0.079,51.5151],[0.0796,51.5165]]}},{"type":"Feature","properties":{"routeId":"265","name":"265","direction":"2","routeType":"regular","lengthKm":16.7,"stops":43},"geometry":{"type":"LineString","coordinates":[[-0.2883,51.3834],[-0.2844,51.3822],[-0.2804,51.3796],[-0.2713,51.3878],[-0.2585,51.3937],[-0.2545,51.3946],[-0.2541,51.3953],[-0.256,51.3988],[-0.2437,51.3995],[-0.2422,51.4012],[-0.2415,51.405],[-0.243,51.4081],[-0.2487,51.4114],[-0.2508,51.4148],[-0.2515,51.4149],[-0.2507,51.4182],[-0.2557,51.4257],[-0.2572,51.4332],[-0.2564,51.4359],[-0.2482,51.4392],[-0.2477,51.4383],[-0.2482,51.4392],[-0.2386,51.4434],[-0.2386,51.4439],[-0.2403,51.4432],[-0.2426,51.4456],[-0.2382,51.449],[-0.2438,51.4518],[-0.2428,51.4571],[-0.2439,51.4652],[-0.2379,51.4699],[-0.229,51.4684],[-0.2243,51.4684],[-0.2142,51.466],[-0.2107,51.4684]]}},{"type":"Feature","properties":{"routeId":"267","name":"267","direction":"1","routeType":"regular","lengthKm":13.8,"stops":43},"geometry":{"type":"LineString","coordinates":[[-0.2238,51.4923],[-0.2243,51.4926],[-0.2236,51.4913],[-0.2248,51.4915],[-0.225,51.4929],[-0.2312,51.4926],[-0.242,51.4935],[-0.2598,51.4925],[-0.2706,51.4929],[-0.2807,51.4919],[-0.2812,51.4911],[-0.2836,51.491],[-0.2878,51.4888],[-0.3048,51.4837],[-0.3129,51.4823],[-0.3235,51.4786],[-0.3237,51.4773],[-0.3276,51.4738],[-0.3285,51.4697],[-0.3319,51.4622],[-0.33,51.4533],[-0.3318,51.4509],[-0.3298,51.4491],[-0.3283,51.4463],[-0.331,51.4453],[-0.3396,51.4448],[-0.3486,51.4389],[-0.3508,51.4361],[-0.3494,51.4358]]}},{"type":"Feature","properties":{"routeId":"269","name":"269","direction":"1","routeType":"regular","lengthKm":16.6,"stops":44},"geometry":{"type":"LineString","coordinates":[[0.1467,51.4565],[0.1463,51.4572],[0.1494,51.4566],[0.1491,51.4547],[0.1438,51.4554],[0.1441,51.4561],[0.1426,51.4562],[0.1425,51.4558],[0.144,51.4555],[0.1427,51.4529],[0.1322,51.4454],[0.1462,51.4417],[0.1336,51.4386],[0.1188,51.4395],[0.1203,51.4343],[0.1027,51.4329],[0.1012,51.4284],[0.101,51.4237],[0.0982,51.4185],[0.0939,51.4183],[0.0902,51.4166],[0.0823,51.4152],[0.0779,51.4131],[0.0655,51.4098],[0.0551,51.402],[0.0436,51.4017],[0.0342,51.406],[0.027,51.4069],[0.0229,51.4071],[0.0154,51.406],[0.0139,51.4084],[0.0143,51.409],[0.0155,51.4084],[0.0167,51.409]]}},{"type":"Feature","properties":{"routeId":"260","name":"260","direction":"2","routeType":"regular","lengthKm":16.7,"stops":54},"geometry":{"type":"LineString","coordinates":[[-0.1941,51.5718],[-0.1954,51.5712],[-0.1949,51.568],[-0.1973,51.563],[-0.1996,51.5629],[-0.2097,51.5601],[-0.2155,51.5569],[-0.2217,51.5486],[-0.2247,51.5475],[-0.2304,51.547],[-0.2358,51.5476],[-0.2391,51.5489],[-0.2407,51.5483],[-0.2424,51.5492],[-0.2475,51.5491],[-0.2502,51.5476],[-0.2549,51.542],[-0.2534,51.5399],[-0.2491,51.5388],[-0.2454,51.5362],[-0.2508,51.5358],[-0.2551,51.5375],[-0.2664,51.5305],[-0.269,51.5303],[-0.268,51.5305],[-0.2687,51.5298],[-0.2657,51.5246],[-0.2633,51.5224],[-0.2613,51.5233],[-0.2585,51.5226],[-0.2621,51.5197],[-0.2609,51.5174],[-0.2547,51.5145],[-0.249,51.514],[-0.2465,51.5108],[-0.2451,51.5068],[-0.2337,51.5065],[-0.2184,51.5044],[-0.2181,51.5057],[-0.2197,51.5095],[-0.2212,51.5096],[-0.2228,51.5082],[-0.224,51.5082],[-0.224,51.509]]}},{"type":"Feature","properties":{"routeId":"266","name":"266","direction":"1","routeType":"regular","lengthKm":12.7,"stops":43},"geometry":{"type":"LineString","coordinates":[[-0.2689,51.5068],[-0.2749,51.5084],[-0.2709,51.5113],[-0.2635,51.5217],[-0.2613,51.5233],[-0.2581,51.5229],[-0.2558,51.5255],[-0.2505,51.5284],[-0.2466,51.5325],[-0.2484,51.5353],[-0.2457,51.5366],[-0.2471,51.5374],[-0.2486,51.5369],[-0.2505,51.5389],[-0.2546,51.5405],[-0.255,51.5422],[-0.2504,51.5477],[-0.2479,51.5483],[-0.2477,51.5491],[-0.2424,51.5492],[-0.2407,51.5483],[-0.2391,51.5489],[-0.2358,51.5476],[-0.2307,51.547],[-0.2247,51.5475],[-0.2205,51.5496],[-0.2165,51.5548],[-0.2154,51.5567],[-0.2323,51.5712],[-0.2304,51.572],[-0.23,51.5731],[-0.2247,51.5734],[-0.2242,51.574],[-0.2247,51.5749],[-0.2234,51.5757]]}},{"type":"Feature","properties":{"routeId":"264","name":"264","direction":"2","routeType":"regular","lengthKm":10,"stops":30},"geometry":{"type":"LineString","coordinates":[[-0.1761,51.4246],[-0.1727,51.4236],[-0.168,51.4281],[-0.1604,51.4229],[-0.1621,51.4188],[-0.1614,51.4109],[-0.1638,51.4074],[-0.1641,51.4055],[-0.1611,51.4034],[-0.1586,51.3982],[-0.1343,51.3909],[-0.1211,51.3856],[-0.1085,51.3778],[-0.1062,51.3739],[-0.1011,51.379]]}},{"type":"Feature","properties":{"routeId":"268","name":"268","direction":"2","routeType":"regular","lengthKm":6.4,"stops":17},"geometry":{"type":"LineString","coordinates":[[-0.1834,51.5483],[-0.1877,51.5479],[-0.1811,51.5486],[-0.1783,51.5457],[-0.175,51.5441],[-0.1729,51.5458],[-0.1721,51.5479],[-0.1663,51.5515],[-0.1692,51.5532],[-0.165,51.5542],[-0.1668,51.5567],[-0.1729,51.5604],[-0.1792,51.561],[-0.181,51.5654],[-0.1852,51.5689],[-0.1897,51.5708],[-0.1954,51.5715],[-0.1948,51.5721]]}},{"type":"Feature","properties":{"routeId":"259","name":"259","direction":"2","routeType":"regular","lengthKm":13.1,"stops":48},"geometry":{"type":"LineString","coordinates":[[-0.12,51.5293],[-0.1226,51.5309],[-0.1224,51.5334],[-0.1188,51.5336],[-0.1171,51.5348],[-0.1165,51.5378],[-0.118,51.5499],[-0.1238,51.5534],[-0.1194,51.5579],[-0.1045,51.5647],[-0.096,51.5708],[-0.0872,51.5739],[-0.0808,51.5794],[-0.0724,51.5831],[-0.0681,51.5974],[-0.068,51.6076],[-0.0651,51.6115],[-0.0607,51.625],[-0.0589,51.6252]]}},{"type":"Feature","properties":{"routeId":"270","name":"270","direction":"1","routeType":"regular","lengthKm":10.5,"stops":35},"geometry":{"type":"LineString","coordinates":[[-0.2092,51.4678],[-0.2112,51.4684],[-0.2148,51.4648],[-0.2007,51.4606],[-0.1987,51.4595],[-0.198,51.4579],[-0.192,51.4587],[-0.1927,51.4549],[-0.1901,51.451],[-0.1894,51.4475],[-0.1895,51.4451],[-0.1904,51.4443],[-0.187,51.4409],[-0.1867,51.4364],[-0.1851,51.4337],[-0.1773,51.432],[-0.1738,51.4299],[-0.168,51.4281],[-0.1604,51.4229],[-0.1621,51.4188],[-0.1615,51.4114],[-0.1641,51.4066],[-0.1641,51.4055],[-0.1611,51.4034],[-0.1602,51.4007],[-0.1606,51.4015]]}},{"type":"Feature","properties":{"routeId":"272","name":"272","direction":"1","routeType":"regular","lengthKm":10,"stops":31},"geometry":{"type":"LineString","coordinates":[[-0.2688,51.4784],[-0.2668,51.4791],[-0.2705,51.4822],[-0.2657,51.4907],[-0.2659,51.4914],[-0.2688,51.4911],[-0.2667,51.4927],[-0.2601,51.4929],[-0.2602,51.4953],[-0.2482,51.4974],[-0.2518,51.5017],[-0.2533,51.5067],[-0.2451,51.5068],[-0.2469,51.5115],[-0.2482,51.513],[-0.2491,51.513],[-0.2494,51.5152],[-0.2272,51.517],[-0.2248,51.5118],[-0.2246,51.5052],[-0.2193,51.5044],[-0.22,51.504]]}},{"type":"Feature","properties":{"routeId":"269","name":"269","direction":"2","routeType":"regular","lengthKm":16.1,"stops":45},"geometry":{"type":"LineString","coordinates":[[0.0167,51.4082],[0.0187,51.4064],[0.0235,51.4071],[0.0342,51.406],[0.0446,51.4015],[0.0551,51.402],[0.0655,51.4098],[0.0779,51.4131],[0.0824,51.4152],[0.0903,51.4167],[0.0986,51.4194],[0.101,51.4237],[0.1012,51.4284],[0.1027,51.4329],[0.1203,51.4343],[0.1184,51.4395],[0.1329,51.4385],[0.1461,51.4417],[0.1322,51.4454],[0.143,51.4534],[0.1441,51.4561],[0.1425,51.4558],[0.1438,51.4554],[0.1392,51.4564],[0.1385,51.4574],[0.1454,51.4571]]}},{"type":"Feature","properties":{"routeId":"263","name":"263","direction":"2","routeType":"regular","lengthKm":14.2,"stops":59},"geometry":{"type":"LineString","coordinates":[[-0.214,51.652],[-0.2122,51.6529],[-0.1996,51.6529],[-0.1874,51.6467],[-0.1812,51.6416],[-0.1764,51.6351],[-0.1745,51.6291],[-0.1762,51.6249],[-0.1768,51.6173],[-0.1749,51.604],[-0.1716,51.5967],[-0.1642,51.5903],[-0.1638,51.5861],[-0.1551,51.5803],[-0.1498,51.5745],[-0.1498,51.5713],[-0.1436,51.5698],[-0.1356,51.5661],[-0.134,51.5664],[-0.1336,51.5652],[-0.1252,51.562],[-0.1184,51.5572]]}},{"type":"Feature","properties":{"routeId":"273","name":"273","direction":"1","routeType":"regular","lengthKm":18.8,"stops":56},"geometry":{"type":"LineString","coordinates":[[-0.0121,51.4662],[-0.0114,51.4669],[-0.0113,51.465],[-0.0134,51.4652],[-0.0125,51.4635],[-0.0108,51.4637],[-0.0019,51.4587],[-0.0014,51.4556],[0.0009,51.4541],[-0.0006,51.4531],[0.0048,51.4511],[0.0125,51.4508],[0.0135,51.4475],[0.0156,51.4454],[0.0205,51.447],[0.0205,51.4444],[0.0215,51.4427],[0.0244,51.4419],[0.0244,51.44],[0.0223,51.4373],[0.0229,51.4362],[0.0193,51.436],[0.0207,51.4344],[0.0213,51.4315],[0.0314,51.4316],[0.0339,51.428],[0.043,51.4299],[0.0492,51.4288],[0.0533,51.4292],[0.0566,51.426],[0.0659,51.4197],[0.0734,51.413],[0.0819,51.4079],[0.0874,51.4011],[0.103,51.3971],[0.1065,51.3978],[0.1073,51.3974],[0.1075,51.3952],[0.1119,51.3952],[0.1092,51.3879],[0.1059,51.3891],[0.0905,51.3911],[0.0747,51.3903],[0.0757,51.3892],[0.0745,51.3893]]}},{"type":"Feature","properties":{"routeId":"275","name":"275","direction":"1","routeType":"regular","lengthKm":17.4,"stops":51},"geometry":{"type":"LineString","coordinates":[[-0.0205,51.584],[-0.0204,51.5831],[-0.0189,51.5833],[-0.0208,51.588],[-0.0174,51.5902],[-0.0118,51.5901],[-0.0008,51.5925],[-0.0018,51.6001],[0.0027,51.6037],[0.0016,51.6065],[-0.0001,51.6075],[0.0003,51.6088],[0.0077,51.6155],[0.0108,51.6171],[0.0185,51.6119],[0.0201,51.6074],[0.0187,51.6049],[0.0174,51.6046],[0.013,51.5995],[0.0115,51.5968],[0.0123,51.5956],[0.0174,51.5954],[0.0268,51.5965],[0.0372,51.5943],[0.0405,51.599],[0.0431,51.6007],[0.0348,51.6029],[0.0341,51.6046],[0.0359,51.6078],[0.0382,51.6079],[0.0485,51.6049],[0.0657,51.6077],[0.0721,51.6054],[0.0856,51.5938],[0.0808,51.5885],[0.0804,51.587],[0.081,51.5865]]}},{"type":"Feature","properties":{"routeId":"266","name":"266","direction":"2","routeType":"regular","lengthKm":13.3,"stops":44},"geometry":{"type":"LineString","coordinates":[[-0.2229,51.5759],[-0.2224,51.5755],[-0.2256,51.5745],[-0.2245,51.5742],[-0.2234,51.5726],[-0.2222,51.5727],[-0.2223,51.5734],[-0.2266,51.5725],[-0.2279,51.5713],[-0.2302,51.5719],[-0.2314,51.5707],[-0.2156,51.5569],[-0.2165,51.5548],[-0.2205,51.5496],[-0.2247,51.5475],[-0.2304,51.547],[-0.2358,51.5476],[-0.2391,51.5489],[-0.2407,51.5483],[-0.2427,51.5492],[-0.2475,51.5491],[-0.2502,51.5476],[-0.2549,51.542],[-0.2534,51.5399],[-0.2491,51.5388],[-0.2457,51.5366],[-0.2484,51.5353],[-0.2466,51.5325],[-0.2505,51.5284],[-0.2562,51.5251],[-0.2584,51.5224],[-0.2622,51.5195],[-0.2646,51.52],[-0.2709,51.5114],[-0.2743,51.5086],[-0.2724,51.5075],[-0.2666,51.5067],[-0.2664,51.5061],[-0.2674,51.506]]}},{"type":"Feature","properties":{"routeId":"277","name":"277","direction":"1","routeType":"regular","lengthKm":12.4,"stops":44},"geometry":{"type":"LineString","coordinates":[[-0.0757,51.5453],[-0.0755,51.5462],[-0.0637,51.5458],[-0.0551,51.5467],[-0.0556,51.54],[-0.0505,51.5407],[-0.0478,51.542],[-0.0476,51.5412],[-0.0458,51.5408],[-0.0445,51.5369],[-0.043,51.5361],[-0.0402,51.5308],[-0.0351,51.5257],[-0.0339,51.5221],[-0.0304,51.5186],[-0.0278,51.5136],[-0.0281,51.5116],[-0.0257,51.5097],[-0.0273,51.5079],[-0.0271,51.5061],[-0.017,51.505],[-0.0177,51.5026],[-0.0257,51.5036],[-0.0257,51.4954],[-0.0246,51.4922],[-0.0204,51.489],[-0.0161,51.4873],[-0.0134,51.4872],[-0.0148,51.4917],[-0.0142,51.4951],[-0.0131,51.4949]]}},{"type":"Feature","properties":{"routeId":"272","name":"272","direction":"2","routeType":"regular","lengthKm":9.1,"stops":29},"geometry":{"type":"LineString","coordinates":[[-0.2241,51.5039],[-0.2247,51.505],[-0.2248,51.5118],[-0.2272,51.517],[-0.2494,51.5152],[-0.2462,51.5103],[-0.2451,51.5068],[-0.2533,51.5067],[-0.2518,51.5017],[-0.2482,51.4974],[-0.2602,51.4953],[-0.2598,51.4925],[-0.2656,51.4926],[-0.2666,51.4886],[-0.2705,51.4822],[-0.2688,51.4784]]}},{"type":"Feature","properties":{"routeId":"270","name":"270","direction":"2","routeType":"regular","lengthKm":9.7,"stops":36},"geometry":{"type":"LineString","coordinates":[[-0.1612,51.4028],[-0.1641,51.4055],[-0.1641,51.4066],[-0.1617,51.4108],[-0.1621,51.4187],[-0.1604,51.4218],[-0.1605,51.423],[-0.1684,51.4282],[-0.1738,51.4299],[-0.177,51.4319],[-0.1851,51.4337],[-0.1867,51.4364],[-0.187,51.4409],[-0.1904,51.4444],[-0.1895,51.4451],[-0.1897,51.4491],[-0.1901,51.451],[-0.1926,51.4544],[-0.1927,51.4568],[-0.1977,51.4572],[-0.1992,51.46],[-0.2148,51.4648],[-0.2107,51.4684]]}},{"type":"Feature","properties":{"routeId":"278","name":"278","direction":"1","routeType":"regular","lengthKm":17.4,"stops":48},"geometry":{"type":"LineString","coordinates":[[-0.4535,51.4714],[-0.4544,51.4712],[-0.4531,51.4733],[-0.4531,51.4803],[-0.4542,51.4808],[-0.4593,51.48],[-0.4594,51.4806],[-0.4556,51.4814],[-0.4345,51.4809],[-0.4342,51.484],[-0.4359,51.4878],[-0.4344,51.4912],[-0.4291,51.4927],[-0.4273,51.497],[-0.4241,51.5013],[-0.4215,51.5026],[-0.4191,51.5053],[-0.4187,51.5071],[-0.4212,51.5091],[-0.4201,51.5117],[-0.4199,51.5158],[-0.4172,51.5211],[-0.4231,51.5231],[-0.4372,51.5258],[-0.453,51.5328],[-0.4522,51.5359],[-0.4525,51.5379],[-0.45,51.5428],[-0.4489,51.5522],[-0.4478,51.5543],[-0.4482,51.556],[-0.4455,51.5576],[-0.4461,51.5609],[-0.4417,51.5673],[-0.4351,51.5713],[-0.425,51.5746],[-0.4225,51.5722],[-0.4214,51.572]]}},{"type":"Feature","properties":{"routeId":"275","name":"275","direction":"2","routeType":"regular","lengthKm":17.8,"stops":48},"geometry":{"type":"LineString","coordinates":[[0.081,51.5865],[0.0803,51.5869],[0.0808,51.5885],[0.0853,51.5941],[0.0773,51.6003],[0.0721,51.6054],[0.0657,51.6077],[0.0484,51.6047],[0.0382,51.6079],[0.0359,51.6078],[0.0341,51.6046],[0.0348,51.603],[0.0431,51.6007],[0.0405,51.599],[0.0369,51.5934],[0.0262,51.5963],[0.0117,51.5952],[0.0115,51.5968],[0.0129,51.5994],[0.0201,51.6074],[0.0185,51.6119],[0.0108,51.6171],[0.0077,51.6155],[0.0004,51.609],[-0.0001,51.6075],[0.0016,51.6065],[0.0027,51.6037],[-0.0018,51.6001],[-0.0008,51.5925],[-0.011,51.5902],[-0.0174,51.5902],[-0.0207,51.5881],[-0.0183,51.5829],[-0.0203,51.5831],[-0.0202,51.5836]]}},{"type":"Feature","properties":{"routeId":"274","name":"274","direction":"1","routeType":"twentyfour","lengthKm":11.3,"stops":40},"geometry":{"type":"LineString","coordinates":[[-0.1042,51.5309],[-0.1063,51.5319],[-0.1061,51.5332],[-0.1071,51.5346],[-0.1116,51.534],[-0.1111,51.5359],[-0.1166,51.5369],[-0.1181,51.5468],[-0.1206,51.5467],[-0.1263,51.5451],[-0.126,51.5434],[-0.1327,51.5429],[-0.1376,51.5409],[-0.1384,51.5418],[-0.1418,51.5396],[-0.1401,51.5377],[-0.1411,51.5371],[-0.1452,51.5364],[-0.149,51.5378],[-0.1527,51.5382],[-0.1527,51.5375],[-0.1603,51.5361],[-0.1645,51.5345],[-0.1676,51.53],[-0.1647,51.5275],[-0.1585,51.5242],[-0.1538,51.5139],[-0.1607,51.5124],[-0.162,51.5131],[-0.1757,51.5116],[-0.1759,51.5121]]}},{"type":"Feature","properties":{"routeId":"273","name":"273","direction":"2","routeType":"regular","lengthKm":18.1,"stops":55},"geometry":{"type":"LineString","coordinates":[[0.0745,51.3893],[0.0747,51.3903],[0.0907,51.3912],[0.1059,51.3891],[0.1092,51.3879],[0.1119,51.395],[0.1076,51.3952],[0.1073,51.3974],[0.1065,51.3978],[0.103,51.3971],[0.0874,51.4011],[0.0817,51.408],[0.0727,51.4135],[0.0669,51.4189],[0.0566,51.426],[0.0533,51.4292],[0.0492,51.4288],[0.0427,51.4299],[0.0339,51.428],[0.031,51.4321],[0.0271,51.434],[0.0262,51.4328],[0.0213,51.4327],[0.0193,51.436],[0.0229,51.4362],[0.0223,51.4373],[0.0244,51.44],[0.0244,51.4419],[0.0207,51.4428],[0.0186,51.4424],[0.0135,51.4475],[0.0125,51.4508],[0.0048,51.4511],[-0.0006,51.4531],[0.0009,51.4541],[-0.0014,51.4557],[-0.0019,51.4587],[-0.0065,51.4615],[-0.0103,51.4627],[-0.0114,51.4649],[-0.0112,51.4665],[-0.0121,51.4662]]}},{"type":"Feature","properties":{"routeId":"267","name":"267","direction":"2","routeType":"regular","lengthKm":13.9,"stops":48},"geometry":{"type":"LineString","coordinates":[[-0.3495,51.4357],[-0.3508,51.4361],[-0.3486,51.4389],[-0.3396,51.4448],[-0.3298,51.4456],[-0.3282,51.4466],[-0.3318,51.4508],[-0.33,51.4534],[-0.3319,51.4622],[-0.3285,51.4697],[-0.3276,51.4738],[-0.3237,51.4773],[-0.3235,51.4786],[-0.3126,51.4824],[-0.3048,51.4837],[-0.2885,51.4888],[-0.2824,51.4919],[-0.2708,51.4929],[-0.2615,51.4924],[-0.242,51.4935],[-0.2345,51.4928],[-0.234,51.4944],[-0.2316,51.4945],[-0.2274,51.4944],[-0.2238,51.4931],[-0.2243,51.4922],[-0.2234,51.4917],[-0.2238,51.4923]]}},{"type":"Feature","properties":{"routeId":"277","name":"277","direction":"2","routeType":"regular","lengthKm":12.3,"stops":45},"geometry":{"type":"LineString","coordinates":[[-0.0138,51.4945],[-0.0148,51.4917],[-0.0134,51.4872],[-0.0188,51.4883],[-0.0245,51.4921],[-0.0257,51.4954],[-0.0258,51.504],[-0.0176,51.5028],[-0.0172,51.5043],[-0.0274,51.5057],[-0.0266,51.5102],[-0.0283,51.5116],[-0.0278,51.5136],[-0.0305,51.5187],[-0.0339,51.5219],[-0.0351,51.5257],[-0.0402,51.5308],[-0.0457,51.5397],[-0.0489,51.5416],[-0.0505,51.5407],[-0.0559,51.54],[-0.0552,51.5408],[-0.0551,51.5467],[-0.0635,51.5458],[-0.0755,51.5462],[-0.0761,51.5443]]}},{"type":"Feature","properties":{"routeId":"278","name":"278","direction":"2","routeType":"regular","lengthKm":16.2,"stops":42},"geometry":{"type":"LineString","coordinates":[[-0.4227,51.5726],[-0.425,51.5746],[-0.4351,51.5713],[-0.4411,51.5679],[-0.4439,51.5644],[-0.4462,51.5604],[-0.4454,51.5578],[-0.4482,51.5559],[-0.4478,51.5543],[-0.4489,51.5521],[-0.4501,51.5425],[-0.4525,51.5379],[-0.4527,51.5331],[-0.4468,51.5299],[-0.4369,51.5259],[-0.4229,51.5232],[-0.4171,51.5211],[-0.4199,51.5158],[-0.4211,51.5091],[-0.4187,51.5071],[-0.4191,51.5053],[-0.4215,51.5026],[-0.424,51.5013],[-0.4279,51.496],[-0.4291,51.4927],[-0.4344,51.4912],[-0.4359,51.4878],[-0.4344,51.4848],[-0.4344,51.4806],[-0.4483,51.4811],[-0.4495,51.4804],[-0.4526,51.4806],[-0.4526,51.4716]]}},{"type":"Feature","properties":{"routeId":"279","name":"279","direction":"1","routeType":"regular","lengthKm":14.6,"stops":45},"geometry":{"type":"LineString","coordinates":[[-0.0313,51.6856],[-0.0291,51.6861],[-0.0291,51.6844],[-0.0333,51.6831],[-0.0345,51.6779],[-0.0402,51.6717],[-0.0471,51.6591],[-0.0485,51.6538],[-0.0464,51.6497],[-0.047,51.6466],[-0.0464,51.6448],[-0.0481,51.6392],[-0.0545,51.6325],[-0.056,51.6304],[-0.057,51.6268],[-0.0606,51.6245],[-0.0651,51.6115],[-0.0678,51.6082],[-0.0681,51.5975],[-0.0722,51.5832],[-0.0808,51.5794],[-0.087,51.5738],[-0.0944,51.5712]]}},{"type":"Feature","properties":{"routeId":"281","name":"281","direction":"1","routeType":"regular","lengthKm":19.7,"stops":58},"geometry":{"type":"LineString","coordinates":[[-0.3548,51.4709],[-0.3611,51.4681],[-0.3638,51.4655],[-0.3627,51.4649],[-0.3624,51.4576],[-0.3579,51.4533],[-0.3447,51.4538],[-0.3386,51.455],[-0.3317,51.4509],[-0.3282,51.4469],[-0.33,51.4455],[-0.3396,51.4448],[-0.3486,51.4389],[-0.3508,51.4361],[-0.3472,51.4354],[-0.3451,51.4302],[-0.3395,51.4261],[-0.3259,51.4277],[-0.3241,51.4289],[-0.3232,51.4261],[-0.3113,51.4131],[-0.3109,51.4114],[-0.3059,51.411],[-0.3051,51.4127],[-0.3026,51.4136],[-0.3008,51.4134],[-0.3006,51.4123],[-0.2964,51.4121],[-0.2974,51.4106],[-0.302,51.4106],[-0.3038,51.4089],[-0.3038,51.407],[-0.3077,51.4076],[-0.3079,51.4034],[-0.3036,51.4009],[-0.3049,51.3997],[-0.3039,51.3981],[-0.3043,51.3932],[-0.299,51.3952],[-0.2979,51.3895],[-0.2958,51.3856],[-0.2841,51.3821],[-0.28,51.3793],[-0.2815,51.3779],[-0.2796,51.3775]]}},{"type":"Feature","properties":{"routeId":"282","name":"282","direction":"1","routeType":"regular","lengthKm":19.3,"stops":55},"geometry":{"type":"LineString","coordinates":[[-0.3471,51.5079],[-0.3469,51.5087],[-0.3584,51.5099],[-0.3546,51.5105],[-0.3554,51.5154],[-0.3523,51.5275],[-0.3628,51.5294],[-0.3671,51.5322],[-0.3832,51.5329],[-0.3873,51.5338],[-0.3912,51.5358],[-0.3783,51.5432],[-0.3728,51.5449],[-0.3668,51.549],[-0.371,51.5496],[-0.3768,51.5535],[-0.381,51.5593],[-0.3809,51.5613],[-0.3954,51.5737],[-0.3993,51.5783],[-0.401,51.5824],[-0.4003,51.5836],[-0.4051,51.5858],[-0.4049,51.5867],[-0.4074,51.5885],[-0.4072,51.5916],[-0.4104,51.5966],[-0.4093,51.6025],[-0.4178,51.6048],[-0.4145,51.61],[-0.4191,51.6114],[-0.4266,51.612],[-0.4335,51.6114],[-0.4396,51.6152],[-0.4433,51.6166],[-0.4449,51.6164]]}},{"type":"Feature","properties":{"routeId":"274","name":"274","direction":"2","routeType":"twentyfour","lengthKm":11,"stops":38},"geometry":{"type":"LineString","coordinates":[[-0.1759,51.5121],[-0.1756,51.5128],[-0.1738,51.5118],[-0.1538,51.5139],[-0.1585,51.5242],[-0.1682,51.5301],[-0.1645,51.5345],[-0.1547,51.5373],[-0.155,51.5385],[-0.1463,51.5368],[-0.1395,51.5407],[-0.1375,51.5428],[-0.1359,51.542],[-0.126,51.5434],[-0.1263,51.5451],[-0.1181,51.5468],[-0.1166,51.5369],[-0.1111,51.5359],[-0.1116,51.534],[-0.1071,51.5346],[-0.106,51.5332],[-0.1063,51.5319],[-0.1048,51.5316]]}},{"type":"Feature","properties":{"routeId":"280","name":"280","direction":"1","routeType":"regular","lengthKm":11.6,"stops":37},"geometry":{"type":"LineString","coordinates":[[-0.1761,51.4246],[-0.1727,51.4236],[-0.168,51.4281],[-0.1628,51.424],[-0.1606,51.4231],[-0.1604,51.4219],[-0.1621,51.4188],[-0.1614,51.4109],[-0.1646,51.4047],[-0.173,51.3976],[-0.1739,51.3943],[-0.1791,51.3901],[-0.1901,51.384],[-0.1952,51.3686],[-0.1949,51.3677],[-0.1934,51.3677],[-0.191,51.3619],[-0.1895,51.3609],[-0.1917,51.3603],[-0.1911,51.358],[-0.1924,51.3516],[-0.1976,51.3443]]}},{"type":"Feature","properties":{"routeId":"276","name":"276","direction":"1","routeType":"regular","lengthKm":18.2,"stops":64},"geometry":{"type":"LineString","coordinates":[[0.0397,51.5207],[0.0388,51.521],[0.0389,51.522],[0.034,51.5226],[0.0312,51.5221],[0.0293,51.5259],[0.0107,51.517],[0.0105,51.5197],[0.0044,51.5207],[0.0047,51.5299],[0.0074,51.5317],[0.0086,51.5349],[0.002,51.541],[-0.0002,51.5396],[-0.0024,51.541],[-0.0005,51.5392],[-0.011,51.531],[-0.0137,51.5295],[-0.0192,51.5282],[-0.0241,51.5329],[-0.025,51.5324],[-0.0264,51.5336],[-0.0289,51.5372],[-0.0292,51.5379],[-0.0268,51.539],[-0.0256,51.538],[-0.0253,51.5386],[-0.0268,51.5419],[-0.0249,51.5424],[-0.0256,51.5433],[-0.0251,51.5442],[-0.0263,51.546],[-0.0292,51.5471],[-0.0273,51.5478],[-0.0311,51.5511],[-0.0406,51.5488],[-0.0421,51.5487],[-0.043,51.5502],[-0.0443,51.5499],[-0.0435,51.5484],[-0.0476,51.548],[-0.0477,51.5468],[-0.0504,51.5472],[-0.0539,51.5463],[-0.0548,51.5458],[-0.0546,51.5446],[-0.0554,51.5445],[-0.0551,51.5471],[-0.0653,51.5512],[-0.0684,51.5546],[-0.0687,51.5574],[-0.0745,51.5573],[-0.0733,51.5633],[-0.0678,51.5623],[-0.0686,51.5621]]}},{"type":"Feature","properties":{"routeId":"284","name":"284","direction":"1","routeType":"regular","lengthKm":10.8,"stops":36},"geometry":{"type":"LineString","coordinates":[[-0.0126,51.4641],[-0.0093,51.4624],[-0.0144,51.4565],[-0.0222,51.4565],[-0.0257,51.4541],[-0.03,51.4533],[-0.0305,51.4525],[-0.0298,51.4487],[-0.0283,51.4452],[-0.0259,51.444],[-0.0205,51.4449],[-0.0191,51.4461],[-0.0173,51.4458],[-0.0179,51.4438],[-0.0101,51.4422],[0.0038,51.4422],[0.0059,51.4376],[0.0089,51.4348],[0.0104,51.4316],[0.0132,51.4285],[0.0164,51.4304],[0.0213,51.4307],[0.0212,51.4331],[0.0193,51.436],[0.0229,51.4362],[0.031,51.4321],[0.0334,51.4293],[0.034,51.4264]]}},{"type":"Feature","properties":{"routeId":"285","name":"285","direction":"1","routeType":"regular","lengthKm":21,"stops":54},"geometry":{"type":"LineString","coordinates":[[-0.4535,51.4714],[-0.4544,51.4712],[-0.4531,51.4733],[-0.4531,51.4803],[-0.4542,51.4808],[-0.4595,51.4801],[-0.4585,51.4811],[-0.4343,51.4807],[-0.433,51.4795],[-0.4269,51.4793],[-0.4265,51.4764],[-0.4186,51.4757],[-0.4148,51.4718],[-0.4227,51.4681],[-0.424,51.4667],[-0.4229,51.4677],[-0.4214,51.4661],[-0.4176,51.4655],[-0.415,51.4633],[-0.4057,51.4521],[-0.4091,51.4473],[-0.4066,51.4475],[-0.3999,51.4455],[-0.3782,51.4368],[-0.378,51.4361],[-0.3745,51.4347],[-0.3751,51.4347],[-0.3693,51.4336],[-0.3649,51.4291],[-0.362,51.4228],[-0.3601,51.422],[-0.359,51.4218],[-0.3578,51.4248],[-0.3543,51.4291],[-0.3369,51.426],[-0.3329,51.4272],[-0.3259,51.4277],[-0.3241,51.4288],[-0.3232,51.4261],[-0.3113,51.4131],[-0.3109,51.4114],[-0.3059,51.411],[-0.3051,51.4127],[-0.3026,51.4136],[-0.3008,51.4134],[-0.3006,51.4123],[-0.2989,51.4123]]}},{"type":"Feature","properties":{"routeId":"279","name":"279","direction":"2","routeType":"regular","lengthKm":14.6,"stops":49},"geometry":{"type":"LineString","coordinates":[[-0.0943,51.5714],[-0.0872,51.5739],[-0.0808,51.5794],[-0.0724,51.5831],[-0.0681,51.5974],[-0.068,51.6076],[-0.0651,51.6115],[-0.0607,51.625],[-0.0577,51.6256],[-0.0548,51.6321],[-0.0481,51.6392],[-0.0464,51.6447],[-0.047,51.6466],[-0.0464,51.6497],[-0.0485,51.6539],[-0.047,51.6591],[-0.0402,51.6718],[-0.0345,51.678],[-0.0331,51.6835],[-0.0305,51.6837],[-0.0292,51.6846],[-0.0293,51.6855],[-0.0314,51.6858]]}},{"type":"Feature","properties":{"routeId":"287","name":"287","direction":"1","routeType":"regular","lengthKm":13.1,"stops":36},"geometry":{"type":"LineString","coordinates":[[0.0813,51.5393],[0.0806,51.5388],[0.0784,51.5395],[0.0791,51.5383],[0.0762,51.5377],[0.078,51.5347],[0.0789,51.5346],[0.0814,51.5362],[0.0842,51.5342],[0.0913,51.5354],[0.1025,51.5357],[0.107,51.5332],[0.1228,51.5318],[0.1362,51.5315],[0.1396,51.5308],[0.1482,51.5316],[0.1574,51.528],[0.1822,51.5227],[0.1903,51.522],[0.1895,51.5198],[0.194,51.5189],[0.2184,51.5229],[0.2172,51.5262],[0.2119,51.5255],[0.211,51.5288],[0.2135,51.5293]]}},{"type":"Feature","properties":{"routeId":"286","name":"286","direction":"1","routeType":"regular","lengthKm":14.9,"stops":47},"geometry":{"type":"LineString","coordinates":[[0.105,51.4188],[0.0991,51.42],[0.0999,51.4226],[0.101,51.4237],[0.1012,51.4284],[0.1028,51.4335],[0.1016,51.436],[0.0888,51.4396],[0.0823,51.4442],[0.0802,51.4507],[0.0697,51.4521],[0.0634,51.4507],[0.0521,51.4508],[0.0496,51.4602],[0.0417,51.4613],[0.0291,51.4661],[0.0245,51.4745],[0.0157,51.4736],[0.0189,51.4767],[0.0199,51.4812],[0.0198,51.4844],[0.0178,51.4864],[0.0088,51.4863],[-0.0091,51.4808],[-0.0101,51.4815],[-0.0086,51.4819]]}},{"type":"Feature","properties":{"routeId":"282","name":"282","direction":"2","routeType":"regular","lengthKm":19.1,"stops":56},"geometry":{"type":"LineString","coordinates":[[-0.4445,51.6165],[-0.4438,51.6172],[-0.4335,51.6116],[-0.4272,51.6121],[-0.42,51.6115],[-0.4145,51.61],[-0.4177,51.6049],[-0.4089,51.6026],[-0.4104,51.5965],[-0.4072,51.5916],[-0.4074,51.5885],[-0.4049,51.5867],[-0.4051,51.5858],[-0.4003,51.5836],[-0.401,51.5824],[-0.3993,51.5783],[-0.3955,51.5739],[-0.3806,51.5609],[-0.3804,51.559],[-0.3768,51.5535],[-0.371,51.5496],[-0.3667,51.549],[-0.3739,51.5443],[-0.3865,51.5389],[-0.3901,51.536],[-0.3865,51.5336],[-0.3675,51.5322],[-0.363,51.5294],[-0.3523,51.5275],[-0.3545,51.5209],[-0.3555,51.5149],[-0.3546,51.5107],[-0.3555,51.5095],[-0.3474,51.509],[-0.3464,51.5084],[-0.3467,51.5075],[-0.3471,51.5079]]}},{"type":"Feature","properties":{"routeId":"284","name":"284","direction":"2","routeType":"regular","lengthKm":10.6,"stops":35},"geometry":{"type":"LineString","coordinates":[[0.034,51.4264],[0.0334,51.4293],[0.031,51.4321],[0.0229,51.4362],[0.0193,51.436],[0.0212,51.4331],[0.0213,51.4307],[0.0164,51.4304],[0.0142,51.4297],[0.0133,51.4284],[0.0104,51.4316],[0.0089,51.4348],[0.0059,51.4376],[0.0038,51.4422],[-0.0095,51.4421],[-0.0203,51.4448],[-0.026,51.4439],[-0.0283,51.4452],[-0.0298,51.4487],[-0.0305,51.4525],[-0.03,51.4533],[-0.0257,51.4541],[-0.0222,51.4565],[-0.0145,51.4565],[-0.0122,51.4592],[-0.0126,51.4596],[-0.0093,51.4624],[-0.0103,51.4627],[-0.0113,51.465],[-0.0132,51.4649]]}},{"type":"Feature","properties":{"routeId":"281","name":"281","direction":"2","routeType":"regular","lengthKm":18.6,"stops":61},"geometry":{"type":"LineString","coordinates":[[-0.2796,51.3775],[-0.2842,51.382],[-0.2956,51.3854],[-0.2977,51.3889],[-0.299,51.3952],[-0.3045,51.3931],[-0.3039,51.3981],[-0.3048,51.3999],[-0.3036,51.4009],[-0.3079,51.4034],[-0.3083,51.4057],[-0.3077,51.4078],[-0.304,51.4072],[-0.3038,51.4089],[-0.3006,51.4112],[-0.3008,51.4122],[-0.3048,51.4127],[-0.3059,51.411],[-0.3112,51.4114],[-0.3113,51.4131],[-0.3232,51.426],[-0.3239,51.4287],[-0.3263,51.4276],[-0.3395,51.4261],[-0.3451,51.4302],[-0.3472,51.4354],[-0.3508,51.4361],[-0.3486,51.4389],[-0.3396,51.4448],[-0.3298,51.4456],[-0.3282,51.4467],[-0.3318,51.4508],[-0.3387,51.4551],[-0.3447,51.4538],[-0.3543,51.4539],[-0.358,51.4532],[-0.3592,51.4552],[-0.3624,51.4576],[-0.3627,51.4649],[-0.3638,51.4655],[-0.3627,51.4673],[-0.3557,51.4704]]}},{"type":"Feature","properties":{"routeId":"280","name":"280","direction":"2","routeType":"regular","lengthKm":12.3,"stops":40},"geometry":{"type":"LineString","coordinates":[[-0.1974,51.3446],[-0.192,51.3528],[-0.1914,51.3595],[-0.192,51.3604],[-0.1947,51.3599],[-0.1954,51.361],[-0.1942,51.3617],[-0.1964,51.368],[-0.1952,51.3684],[-0.1905,51.3841],[-0.1797,51.3897],[-0.174,51.3943],[-0.173,51.3977],[-0.1682,51.4014],[-0.1697,51.4024],[-0.1667,51.4027],[-0.1654,51.4038],[-0.1617,51.4108],[-0.1621,51.4187],[-0.1604,51.4218],[-0.1605,51.423],[-0.1684,51.4282],[-0.174,51.43],[-0.1796,51.4271],[-0.177,51.4249]]}},{"type":"Feature","properties":{"routeId":"288","name":"288","direction":"1","routeType":"regular","lengthKm":6.3,"stops":19},"geometry":{"type":"LineString","coordinates":[[-0.2855,51.5917],[-0.2846,51.5912],[-0.2829,51.5922],[-0.2862,51.5933],[-0.2852,51.5946],[-0.2901,51.5974],[-0.2909,51.5997],[-0.288,51.6017],[-0.2749,51.6069],[-0.2794,51.6107],[-0.2762,51.6136],[-0.2739,51.6127],[-0.2762,51.6136],[-0.2756,51.6156],[-0.2774,51.6179],[-0.2777,51.6214],[-0.2741,51.6215],[-0.2744,51.6229],[-0.2723,51.6295]]}},{"type":"Feature","properties":{"routeId":"276","name":"276","direction":"2","routeType":"regular","lengthKm":16.8,"stops":57},"geometry":{"type":"LineString","coordinates":[[-0.0704,51.5609],[-0.0684,51.5567],[-0.0684,51.5546],[-0.0658,51.5517],[-0.0552,51.5472],[-0.0552,51.5459],[-0.0507,51.5471],[-0.0478,51.5468],[-0.0477,51.5481],[-0.047,51.548],[-0.0475,51.5492],[-0.0443,51.5499],[-0.0435,51.5484],[-0.0311,51.5511],[-0.0273,51.5478],[-0.0292,51.5471],[-0.0263,51.5459],[-0.0251,51.5442],[-0.0256,51.5433],[-0.0249,51.5424],[-0.0268,51.5419],[-0.0252,51.5386],[-0.0256,51.538],[-0.0268,51.539],[-0.0292,51.5379],[-0.0288,51.5371],[-0.0265,51.5338],[-0.025,51.5324],[-0.0241,51.5329],[-0.0192,51.5282],[-0.0099,51.532],[-0.0008,51.5391],[-0.002,51.5405],[-0.0002,51.5396],[0.0023,51.5409],[0.0072,51.5358],[0.0087,51.5352],[0.0074,51.5317],[0.0047,51.5299],[0.0043,51.5213],[0.0105,51.5197],[0.0106,51.5178],[0.0087,51.5172],[0.0091,51.5163],[0.0293,51.5259],[0.0312,51.5221],[0.034,51.5226],[0.0389,51.522],[0.0389,51.5211],[0.0397,51.5207]]}},{"type":"Feature","properties":{"routeId":"289","name":"289","direction":"1","routeType":"regular","lengthKm":14.6,"stops":46},"geometry":{"type":"LineString","coordinates":[[-0.0485,51.3985],[-0.047,51.3981],[-0.0518,51.3941],[-0.053,51.3915],[-0.0615,51.3869],[-0.0652,51.3836],[-0.0774,51.3787],[-0.0974,51.3825],[-0.0991,51.3818],[-0.0998,51.3797],[-0.1027,51.378],[-0.1104,51.3861],[-0.1144,51.3936],[-0.1208,51.3903],[-0.1213,51.3849],[-0.1205,51.3801],[-0.121,51.3789],[-0.1174,51.3725],[-0.1172,51.3703],[-0.119,51.3678],[-0.1157,51.3552],[-0.1142,51.345],[-0.1174,51.3395],[-0.1156,51.3375],[-0.1151,51.3393],[-0.1139,51.3401],[-0.1127,51.3394],[-0.1133,51.3388]]}},{"type":"Feature","properties":{"routeId":"285","name":"285","direction":"2","routeType":"regular","lengthKm":19.4,"stops":51},"geometry":{"type":"LineString","coordinates":[[-0.2993,51.4123],[-0.2978,51.4124],[-0.3048,51.4127],[-0.3059,51.411],[-0.3112,51.4114],[-0.3113,51.4131],[-0.3232,51.426],[-0.3241,51.4288],[-0.3263,51.4276],[-0.3374,51.426],[-0.3543,51.4291],[-0.358,51.4245],[-0.359,51.4218],[-0.3602,51.422],[-0.362,51.4228],[-0.3644,51.4284],[-0.3688,51.4333],[-0.3791,51.4363],[-0.3999,51.4455],[-0.4066,51.4475],[-0.4091,51.4473],[-0.4057,51.4521],[-0.4176,51.4655],[-0.4215,51.4661],[-0.423,51.4676],[-0.415,51.4716],[-0.4151,51.4722],[-0.4186,51.4757],[-0.4268,51.4761],[-0.4272,51.4793],[-0.433,51.4794],[-0.4344,51.4806],[-0.4522,51.4807],[-0.4529,51.4802],[-0.4526,51.4716]]}},{"type":"Feature","properties":{"routeId":"287","name":"287","direction":"2","routeType":"regular","lengthKm":13.3,"stops":41},"geometry":{"type":"LineString","coordinates":[[0.2135,51.5293],[0.2145,51.5259],[0.2172,51.5262],[0.2184,51.5229],[0.1901,51.5184],[0.1892,51.5198],[0.1909,51.5194],[0.1891,51.5197],[0.1898,51.5216],[0.1578,51.5278],[0.1484,51.5315],[0.141,51.531],[0.1388,51.5297],[0.1354,51.5314],[0.1087,51.5327],[0.103,51.5355],[0.0993,51.5358],[0.0913,51.5354],[0.0854,51.5342],[0.0811,51.5355],[0.0781,51.5341],[0.0762,51.5377],[0.0791,51.5383],[0.0782,51.5394],[0.0806,51.5388],[0.0822,51.54]]}},{"type":"Feature","properties":{"routeId":"291","name":"291","direction":"1","routeType":"regular","lengthKm":5.4,"stops":16},"geometry":{"type":"LineString","coordinates":[[0.0508,51.4769],[0.0531,51.4807],[0.0578,51.4844],[0.0564,51.4873],[0.0627,51.4884],[0.062,51.4907],[0.0632,51.491],[0.0635,51.4905],[0.0653,51.4911],[0.0676,51.4894],[0.0686,51.49],[0.0732,51.4892],[0.0735,51.4861],[0.0839,51.4857],[0.0828,51.4824],[0.0802,51.4809],[0.0871,51.4798],[0.0861,51.4786]]}},{"type":"Feature","properties":{"routeId":"288","name":"288","direction":"2","routeType":"regular","lengthKm":6.8,"stops":21},"geometry":{"type":"LineString","coordinates":[[-0.2723,51.6295],[-0.2685,51.6293],[-0.2669,51.6268],[-0.273,51.6267],[-0.2744,51.6229],[-0.2741,51.6214],[-0.2777,51.6213],[-0.2774,51.6178],[-0.2756,51.6156],[-0.2762,51.6136],[-0.2739,51.6127],[-0.2762,51.6136],[-0.2792,51.6108],[-0.2749,51.6069],[-0.2874,51.602],[-0.2909,51.5997],[-0.2899,51.5972],[-0.2847,51.5946],[-0.2871,51.5924],[-0.2855,51.5917]]}},{"type":"Feature","properties":{"routeId":"290","name":"290","direction":"1","routeType":"regular","lengthKm":17.3,"stops":45},"geometry":{"type":"LineString","coordinates":[[-0.5096,51.4324],[-0.5084,51.4331],[-0.5089,51.435],[-0.5061,51.4352],[-0.4994,51.4322],[-0.4945,51.4286],[-0.475,51.4259],[-0.4649,51.43],[-0.4621,51.4329],[-0.4578,51.4318],[-0.4556,51.4328],[-0.4489,51.4231],[-0.4199,51.4194],[-0.4084,51.4232],[-0.4035,51.4294],[-0.4009,51.4309],[-0.3788,51.4369],[-0.3745,51.4347],[-0.3791,51.4363],[-0.379,51.4369],[-0.3776,51.4365],[-0.3615,51.4393],[-0.3567,51.4369],[-0.3508,51.4361],[-0.3486,51.4389],[-0.3396,51.4448],[-0.3298,51.4456],[-0.3266,51.4477],[-0.3282,51.4492],[-0.3291,51.449]]}},{"type":"Feature","properties":{"routeId":"286","name":"286","direction":"2","routeType":"regular","lengthKm":14.6,"stops":45},"geometry":{"type":"LineString","coordinates":[[-0.0084,51.4816],[0.0085,51.4863],[0.0148,51.4861],[0.0177,51.4869],[0.0182,51.4864],[0.0171,51.4864],[0.0172,51.4858],[0.0199,51.484],[0.0192,51.4779],[0.0207,51.4779],[0.016,51.4738],[0.0214,51.4743],[0.0246,51.4683],[0.0272,51.4665],[0.033,51.465],[0.0426,51.461],[0.0471,51.4602],[0.0495,51.4609],[0.0521,51.4508],[0.0634,51.4508],[0.0696,51.4521],[0.0807,51.4506],[0.0818,51.4453],[0.083,51.4436],[0.0897,51.439],[0.0977,51.4376],[0.102,51.4356],[0.1028,51.4335],[0.1012,51.4284],[0.101,51.4237],[0.0999,51.4226],[0.0992,51.4194]]}},{"type":"Feature","properties":{"routeId":"292","name":"292","direction":"1","routeType":"regular","lengthKm":14.7,"stops":42},"geometry":{"type":"LineString","coordinates":[[-0.2899,51.6685],[-0.2874,51.667],[-0.2836,51.6683],[-0.2811,51.6659],[-0.2867,51.6632],[-0.2812,51.6569],[-0.279,51.6532],[-0.2795,51.6532],[-0.2795,51.654],[-0.2713,51.6579],[-0.2702,51.6574],[-0.2714,51.6577],[-0.2701,51.6592],[-0.2617,51.66],[-0.2606,51.655],[-0.2609,51.65],[-0.2639,51.6477],[-0.2601,51.6443],[-0.2542,51.6434],[-0.2562,51.6406],[-0.2534,51.6337],[-0.2548,51.6214],[-0.2603,51.6167],[-0.2626,51.6177],[-0.2724,51.618],[-0.2755,51.6158],[-0.2762,51.6136],[-0.2739,51.6127],[-0.2762,51.6136],[-0.2792,51.6108],[-0.2606,51.595],[-0.262,51.5943]]}},{"type":"Feature","properties":{"routeId":"293","name":"293","direction":"1","routeType":"regular","lengthKm":12.1,"stops":35},"geometry":{"type":"LineString","coordinates":[[-0.1931,51.4028],[-0.1964,51.4005],[-0.1975,51.4018],[-0.1994,51.4015],[-0.2017,51.3994],[-0.2118,51.397],[-0.2169,51.393],[-0.2225,51.3907],[-0.2252,51.3909],[-0.2271,51.3897],[-0.2259,51.3854],[-0.2235,51.3829],[-0.2175,51.3806],[-0.2405,51.3589],[-0.2404,51.357],[-0.2493,51.3523],[-0.2502,51.3508],[-0.2491,51.349],[-0.2511,51.3463],[-0.2513,51.3438],[-0.2541,51.3408],[-0.2638,51.3351],[-0.2642,51.3341],[-0.2669,51.3333],[-0.267,51.3318],[-0.27,51.3313],[-0.2705,51.3287],[-0.2741,51.3265]]}},{"type":"Feature","properties":{"routeId":"294","name":"294","direction":"1","routeType":"regular","lengthKm":15.8,"stops":48},"geometry":{"type":"LineString","coordinates":[[0.1651,51.6091],[0.1657,51.6091],[0.1566,51.6088],[0.1548,51.6027],[0.1529,51.6012],[0.1531,51.5977],[0.1636,51.5995],[0.164,51.5961],[0.1668,51.59],[0.1715,51.5892],[0.173,51.5852],[0.1784,51.5802],[0.1845,51.5805],[0.1843,51.5798],[0.1862,51.578],[0.183,51.5767],[0.184,51.5756],[0.1834,51.5752],[0.184,51.572],[0.1861,51.5706],[0.198,51.5743],[0.2047,51.5749],[0.2079,51.578],[0.2051,51.5812],[0.2205,51.5837],[0.2214,51.5862],[0.2335,51.5894],[0.2324,51.5977],[0.2272,51.6047],[0.2247,51.606],[0.2226,51.6083],[0.23,51.6093],[0.2296,51.611],[0.228,51.6122],[0.2233,51.613],[0.2227,51.6152],[0.2211,51.6171]]}},{"type":"Feature","properties":{"routeId":"289","name":"289","direction":"2","routeType":"regular","lengthKm":14.7,"stops":47},"geometry":{"type":"LineString","coordinates":[[-0.1145,51.3381],[-0.116,51.3372],[-0.1195,51.3393],[-0.1175,51.3398],[-0.1142,51.3444],[-0.1151,51.3509],[-0.1183,51.3635],[-0.1183,51.3664],[-0.1191,51.3678],[-0.1172,51.3703],[-0.1174,51.3724],[-0.1212,51.3789],[-0.1206,51.3803],[-0.1214,51.3855],[-0.1208,51.3903],[-0.1144,51.3942],[-0.1104,51.3861],[-0.1023,51.3776],[-0.0999,51.3784],[-0.0999,51.38],[-0.0982,51.3827],[-0.0774,51.3787],[-0.0653,51.3835],[-0.0615,51.3869],[-0.053,51.3915],[-0.0518,51.3941],[-0.0474,51.3981],[-0.0488,51.3983]]}},{"type":"Feature","properties":{"routeId":"291","name":"291","direction":"2","routeType":"regular","lengthKm":6.9,"stops":24},"geometry":{"type":"LineString","coordinates":[[0.0861,51.4786],[0.083,51.4747],[0.0849,51.4728],[0.09,51.4771],[0.0871,51.4786],[0.0871,51.4798],[0.0802,51.4809],[0.0828,51.4824],[0.0839,51.4857],[0.0735,51.4861],[0.0729,51.4909],[0.0704,51.4914],[0.0676,51.4894],[0.0669,51.4901],[0.0609,51.4877],[0.0564,51.4873],[0.0578,51.4844],[0.0531,51.4807],[0.0511,51.4768]]}},{"type":"Feature","properties":{"routeId":"296","name":"296","direction":"1","routeType":"regular","lengthKm":13.3,"stops":30},"geometry":{"type":"LineString","coordinates":[[0.1835,51.5746],[0.1824,51.5764],[0.1856,51.5784],[0.1833,51.5804],[0.1779,51.5799],[0.1779,51.5807],[0.1726,51.5862],[0.1647,51.5815],[0.1615,51.5805],[0.1412,51.581],[0.1414,51.5827],[0.1366,51.5837],[0.1338,51.588],[0.1193,51.5856],[0.1176,51.5847],[0.1175,51.5823],[0.1075,51.5816],[0.0957,51.5762],[0.0842,51.5735],[0.0662,51.5763],[0.066,51.5738],[0.0636,51.5709],[0.0663,51.5661],[0.066,51.5648],[0.0702,51.5592],[0.0701,51.5576],[0.0682,51.557]]}},{"type":"Feature","properties":{"routeId":"298","name":"298","direction":"1","routeType":"regular","lengthKm":12.5,"stops":29},"geometry":{"type":"LineString","coordinates":[[-0.1337,51.616],[-0.1417,51.6169],[-0.1354,51.6216],[-0.1338,51.6242],[-0.1242,51.6247],[-0.1276,51.6287],[-0.1279,51.6326],[-0.1324,51.6336],[-0.1377,51.6362],[-0.1437,51.6409],[-0.1469,51.6452],[-0.1476,51.6483],[-0.1523,51.6549],[-0.156,51.6651],[-0.1598,51.6699],[-0.1653,51.6806],[-0.1671,51.6826],[-0.1783,51.6922],[-0.1867,51.6931],[-0.1936,51.6951],[-0.1918,51.6972],[-0.1922,51.6976]]}},{"type":"Feature","properties":{"routeId":"297","name":"297","direction":"1","routeType":"regular","lengthKm":15,"stops":43},"geometry":{"type":"LineString","coordinates":[[-0.2401,51.5477],[-0.2425,51.5492],[-0.2492,51.5491],[-0.2498,51.551],[-0.2487,51.5523],[-0.2502,51.5553],[-0.2497,51.558],[-0.2651,51.5656],[-0.2768,51.5654],[-0.2821,51.5616],[-0.2853,51.5618],[-0.2892,51.5608],[-0.2919,51.5568],[-0.2939,51.5555],[-0.2933,51.5537],[-0.299,51.552],[-0.2969,51.5443],[-0.2979,51.5413],[-0.3005,51.5397],[-0.2994,51.5383],[-0.3058,51.5368],[-0.3059,51.5394],[-0.3169,51.5402],[-0.321,51.5414],[-0.3247,51.5412],[-0.324,51.5338],[-0.3298,51.5338],[-0.3298,51.5315],[-0.3271,51.5293],[-0.3256,51.5263],[-0.3238,51.5246],[-0.3232,51.5213],[-0.3162,51.5221],[-0.3115,51.5213],[-0.3106,51.5186],[-0.3084,51.5168],[-0.3022,51.5163],[-0.3023,51.5156]]}},{"type":"Feature","properties":{"routeId":"295","name":"295","direction":"1","routeType":"regular","lengthKm":11.9,"stops":45},"geometry":{"type":"LineString","coordinates":[[-0.2159,51.5256],[-0.2149,51.5259],[-0.2105,51.5183],[-0.2175,51.5167],[-0.2178,51.5123],[-0.2144,51.506],[-0.2128,51.5055],[-0.2164,51.5042],[-0.2232,51.5033],[-0.2221,51.5016],[-0.2221,51.4997],[-0.2226,51.4975],[-0.224,51.496],[-0.2236,51.4929],[-0.2243,51.4923],[-0.2226,51.4881],[-0.2206,51.4862],[-0.2194,51.4835],[-0.2162,51.4833],[-0.2133,51.4817],[-0.2025,51.4801],[-0.1991,51.4807],[-0.1986,51.4799],[-0.1976,51.4805],[-0.1957,51.48],[-0.1917,51.4771],[-0.1928,51.4761],[-0.1905,51.4682],[-0.1858,51.4629],[-0.1817,51.4644],[-0.1785,51.4668],[-0.1762,51.4632],[-0.1734,51.4618],[-0.1678,51.4638],[-0.1681,51.4643]]}},{"type":"Feature","properties":{"routeId":"290","name":"290","direction":"2","routeType":"regular","lengthKm":16.9,"stops":46},"geometry":{"type":"LineString","coordinates":[[-0.3291,51.449],[-0.3284,51.4462],[-0.331,51.4453],[-0.3396,51.4448],[-0.3486,51.4389],[-0.3508,51.4361],[-0.3568,51.4369],[-0.3615,51.4393],[-0.3781,51.4363],[-0.3746,51.4347],[-0.3792,51.4362],[-0.394,51.4329],[-0.4022,51.4299],[-0.408,51.4233],[-0.4189,51.4187],[-0.4488,51.423],[-0.4549,51.4314],[-0.4617,51.4327],[-0.4649,51.43],[-0.475,51.4259],[-0.4945,51.4286],[-0.4994,51.4322],[-0.5061,51.4352],[-0.5089,51.4349],[-0.5082,51.4331],[-0.5096,51.4324]]}},{"type":"Feature","properties":{"routeId":"293","name":"293","direction":"2","routeType":"regular","lengthKm":13.4,"stops":37},"geometry":{"type":"LineString","coordinates":[[-0.2748,51.3262],[-0.2801,51.3248],[-0.2794,51.3211],[-0.2774,51.3214],[-0.2698,51.3253],[-0.2706,51.3286],[-0.2704,51.3329],[-0.2644,51.3341],[-0.2541,51.3408],[-0.2513,51.3438],[-0.2511,51.3462],[-0.2491,51.3491],[-0.2502,51.3508],[-0.2491,51.3525],[-0.2406,51.3569],[-0.2405,51.3589],[-0.2175,51.3806],[-0.2235,51.3829],[-0.2259,51.3854],[-0.2271,51.3897],[-0.2254,51.3908],[-0.2169,51.393],[-0.2118,51.397],[-0.2017,51.3994],[-0.1994,51.4015],[-0.1954,51.4017]]}},{"type":"Feature","properties":{"routeId":"299","name":"299","direction":"1","routeType":"regular","lengthKm":9.5,"stops":30},"geometry":{"type":"LineString","coordinates":[[-0.143,51.5919],[-0.1451,51.5956],[-0.1321,51.6015],[-0.1241,51.6069],[-0.1191,51.6167],[-0.1231,51.6181],[-0.1218,51.6218],[-0.1276,51.6287],[-0.1279,51.6326],[-0.1324,51.6336],[-0.1383,51.6366],[-0.1346,51.6385],[-0.1321,51.6417],[-0.1331,51.6419],[-0.1353,51.6469],[-0.1406,51.6455],[-0.1466,51.645],[-0.1476,51.6483],[-0.15,51.6515]]}},{"type":"Feature","properties":{"routeId":"298","name":"298","direction":"2","routeType":"regular","lengthKm":12.5,"stops":27},"geometry":{"type":"LineString","coordinates":[[-0.1922,51.6976],[-0.1917,51.6973],[-0.1936,51.6951],[-0.1867,51.6931],[-0.1783,51.6922],[-0.1693,51.686],[-0.1695,51.6847],[-0.1653,51.6806],[-0.1598,51.6699],[-0.156,51.6651],[-0.1525,51.6552],[-0.1477,51.6484],[-0.144,51.6412],[-0.1383,51.6366],[-0.1324,51.6336],[-0.1279,51.6326],[-0.1275,51.6286],[-0.124,51.6247],[-0.1338,51.6242],[-0.1349,51.622],[-0.1411,51.6172],[-0.1399,51.6164],[-0.1339,51.6162]]}},{"type":"Feature","properties":{"routeId":"296","name":"296","direction":"2","routeType":"regular","lengthKm":13.8,"stops":32},"geometry":{"type":"LineString","coordinates":[[0.0682,51.557],[0.0677,51.5576],[0.0702,51.5592],[0.0659,51.5649],[0.0663,51.5661],[0.0636,51.5709],[0.066,51.5738],[0.0661,51.5768],[0.0847,51.5737],[0.0906,51.5751],[0.0906,51.5759],[0.091,51.5752],[0.0961,51.5764],[0.1074,51.5817],[0.1176,51.5826],[0.1176,51.5847],[0.1194,51.5856],[0.1338,51.588],[0.1362,51.584],[0.1383,51.5829],[0.1414,51.5827],[0.142,51.5811],[0.1616,51.5806],[0.1729,51.5865],[0.173,51.5851],[0.1784,51.5802],[0.1845,51.5805],[0.1844,51.5798],[0.1862,51.578],[0.1833,51.5763],[0.184,51.5756],[0.1834,51.5752],[0.1838,51.5742],[0.1827,51.5739]]}},{"type":"Feature","properties":{"routeId":"300","name":"300","direction":"1","routeType":"regular","lengthKm":12.2,"stops":47},"geometry":{"type":"LineString","coordinates":[[0.0496,51.5416],[0.0477,51.5412],[0.0482,51.54],[0.0508,51.5402],[0.0518,51.5372],[0.0508,51.5367],[0.0521,51.5327],[0.0627,51.5338],[0.0644,51.5288],[0.0674,51.5264],[0.0673,51.5249],[0.063,51.5269],[0.0568,51.5256],[0.0573,51.5231],[0.0597,51.5192],[0.0607,51.5142],[0.0585,51.514],[0.0607,51.5142],[0.0598,51.5158],[0.0339,51.5172],[0.0324,51.517],[0.0316,51.514],[0.0342,51.5098],[0.0262,51.5099],[0.025,51.5125],[0.0255,51.5143],[0.0249,51.517],[0.0234,51.5178],[0.0243,51.5202],[0.0226,51.5224],[0.0087,51.516],[0.0088,51.5154],[0.0076,51.5151],[0.0081,51.5145]]}},{"type":"Feature","properties":{"routeId":"292","name":"292","direction":"2","routeType":"regular","lengthKm":14.4,"stops":43},"geometry":{"type":"LineString","coordinates":[[-0.2618,51.5943],[-0.2607,51.5949],[-0.2794,51.6107],[-0.2762,51.6136],[-0.2739,51.6127],[-0.2762,51.6136],[-0.2755,51.6158],[-0.2725,51.618],[-0.2626,51.6177],[-0.2603,51.6167],[-0.2547,51.6223],[-0.2535,51.6337],[-0.2563,51.6403],[-0.2553,51.6429],[-0.2612,51.6448],[-0.2639,51.6477],[-0.2611,51.6502],[-0.2608,51.6549],[-0.2616,51.6595],[-0.2643,51.6599],[-0.2695,51.6588],[-0.271,51.6578],[-0.2704,51.6573],[-0.2718,51.6576],[-0.2752,51.6561],[-0.2795,51.654],[-0.279,51.6532],[-0.2795,51.6532],[-0.2812,51.6569],[-0.2867,51.6632],[-0.2813,51.666],[-0.2836,51.6683],[-0.2874,51.667],[-0.2904,51.6687]]}},{"type":"Feature","properties":{"routeId":"297","name":"297","direction":"2","routeType":"regular","lengthKm":15.1,"stops":45},"geometry":{"type":"LineString","coordinates":[[-0.3043,51.5157],[-0.3098,51.5177],[-0.3116,51.5213],[-0.316,51.5219],[-0.3232,51.5212],[-0.3239,51.5247],[-0.3271,51.5293],[-0.3299,51.5317],[-0.33,51.534],[-0.324,51.5338],[-0.3247,51.5412],[-0.321,51.5414],[-0.3169,51.5402],[-0.3059,51.5394],[-0.3058,51.5368],[-0.3033,51.5371],[-0.3034,51.5379],[-0.2998,51.5381],[-0.3006,51.5397],[-0.2979,51.5413],[-0.2969,51.5443],[-0.2991,51.552],[-0.2935,51.5537],[-0.2939,51.5555],[-0.2919,51.5568],[-0.2892,51.5608],[-0.2807,51.5623],[-0.2773,51.5655],[-0.2655,51.5658],[-0.2559,51.5616],[-0.2551,51.5604],[-0.2496,51.5589],[-0.2504,51.5597],[-0.2512,51.5591],[-0.2486,51.5582],[-0.2497,51.5577],[-0.2502,51.5553],[-0.2487,51.5523],[-0.2498,51.551],[-0.2492,51.5491],[-0.2415,51.5488]]}},{"type":"Feature","properties":{"routeId":"302","name":"302","direction":"1","routeType":"regular","lengthKm":12.9,"stops":38},"geometry":{"type":"LineString","coordinates":[[-0.2489,51.6134],[-0.2503,51.6133],[-0.2486,51.6111],[-0.2507,51.6102],[-0.2579,51.6104],[-0.2655,51.6093],[-0.2627,51.6032],[-0.2706,51.5986],[-0.2702,51.5971],[-0.2658,51.5922],[-0.266,51.5895],[-0.2645,51.5877],[-0.2658,51.5842],[-0.2619,51.5829],[-0.2628,51.5787],[-0.2621,51.5734],[-0.2631,51.5694],[-0.2627,51.5677],[-0.2654,51.5658],[-0.2559,51.5616],[-0.2551,51.5604],[-0.2503,51.5587],[-0.2496,51.5589],[-0.2498,51.5594],[-0.2508,51.5599],[-0.2512,51.5591],[-0.2449,51.5561],[-0.2435,51.553],[-0.239,51.5489],[-0.2358,51.5476],[-0.2291,51.5471],[-0.2271,51.5461],[-0.2245,51.5431],[-0.2258,51.5426],[-0.2257,51.5409],[-0.2186,51.5335],[-0.2191,51.5337]]}},{"type":"Feature","properties":{"routeId":"294","name":"294","direction":"2","routeType":"regular","lengthKm":16.1,"stops":50},"geometry":{"type":"LineString","coordinates":[[0.2211,51.6171],[0.2204,51.6175],[0.2171,51.6155],[0.2185,51.6145],[0.2188,51.6127],[0.2275,51.6124],[0.2296,51.611],[0.23,51.6093],[0.223,51.6082],[0.2247,51.606],[0.2272,51.6047],[0.2324,51.5977],[0.2335,51.5894],[0.2215,51.5862],[0.2205,51.5837],[0.2051,51.5812],[0.2081,51.5781],[0.2044,51.5748],[0.1982,51.5744],[0.1861,51.5706],[0.184,51.572],[0.1836,51.5748],[0.1824,51.5763],[0.1857,51.5783],[0.1833,51.5804],[0.1779,51.5799],[0.1779,51.5807],[0.173,51.5851],[0.1715,51.5892],[0.1668,51.59],[0.1631,51.5992],[0.1531,51.5977],[0.1529,51.6012],[0.1548,51.6027],[0.1566,51.6088],[0.1651,51.6091]]}},{"type":"Feature","properties":{"routeId":"303","name":"303","direction":"1","routeType":"regular","lengthKm":11.3,"stops":33},"geometry":{"type":"LineString","coordinates":[[-0.2746,51.613],[-0.2762,51.6136],[-0.2792,51.6108],[-0.2749,51.6069],[-0.2661,51.6092],[-0.2651,51.6136],[-0.2609,51.6154],[-0.26,51.6169],[-0.254,51.6145],[-0.2489,51.6133],[-0.2491,51.6139],[-0.2503,51.6133],[-0.249,51.6115],[-0.2438,51.6067],[-0.2449,51.6062],[-0.2438,51.6051],[-0.2438,51.6028],[-0.24,51.6027],[-0.2395,51.5998],[-0.2418,51.597],[-0.2456,51.5967],[-0.2458,51.6007],[-0.2466,51.601],[-0.2458,51.6018],[-0.2466,51.601],[-0.2458,51.6007],[-0.2456,51.5967],[-0.2551,51.5932],[-0.2563,51.594],[-0.2585,51.593],[-0.2606,51.5949],[-0.2653,51.5933],[-0.2666,51.5939],[-0.2673,51.5937],[-0.2659,51.5922],[-0.2794,51.5892],[-0.2831,51.5878],[-0.2825,51.5861]]}},{"type":"Feature","properties":{"routeId":"306","name":"306","direction":"1","routeType":"regular","lengthKm":8.2,"stops":29},"geometry":{"type":"LineString","coordinates":[[-0.2485,51.5067],[-0.2451,51.5068],[-0.2427,51.5023],[-0.24,51.5013],[-0.239,51.4999],[-0.2379,51.5],[-0.2346,51.4961],[-0.2346,51.4945],[-0.2274,51.4944],[-0.2237,51.4931],[-0.2243,51.4923],[-0.2235,51.4917],[-0.2242,51.4926],[-0.2232,51.4931],[-0.2167,51.4934],[-0.2115,51.4951],[-0.2078,51.4926],[-0.206,51.4892],[-0.2041,51.4884],[-0.1986,51.4799],[-0.1976,51.4805],[-0.1957,51.48],[-0.1915,51.4763],[-0.1835,51.4737],[-0.1852,51.4703],[-0.1837,51.4698],[-0.186,51.4681]]}},{"type":"Feature","properties":{"routeId":"299","name":"299","direction":"2","routeType":"regular","lengthKm":9.5,"stops":28},"geometry":{"type":"LineString","coordinates":[[-0.1499,51.6515],[-0.146,51.6454],[-0.1406,51.6455],[-0.1353,51.6469],[-0.1331,51.6419],[-0.1321,51.6417],[-0.1346,51.6385],[-0.1383,51.6366],[-0.1324,51.6336],[-0.1279,51.6326],[-0.1275,51.6286],[-0.1218,51.6218],[-0.1231,51.6181],[-0.1191,51.6167],[-0.1241,51.6069],[-0.1321,51.6015],[-0.1451,51.5956],[-0.1428,51.5916]]}},{"type":"Feature","properties":{"routeId":"304","name":"304","direction":"1","routeType":"regular","lengthKm":8.3,"stops":29},"geometry":{"type":"LineString","coordinates":[[0.0255,51.51],[0.0342,51.5098],[0.0317,51.5135],[0.0322,51.5193],[0.0312,51.5221],[0.034,51.5226],[0.0397,51.5219],[0.0395,51.5243],[0.0409,51.5235],[0.0584,51.5212],[0.0573,51.5231],[0.0558,51.5309],[0.0518,51.5371],[0.0476,51.5507],[0.0466,51.5527],[0.0452,51.5527],[0.0449,51.5547]]}},{"type":"Feature","properties":{"routeId":"307","name":"307","direction":"1","routeType":"regular","lengthKm":15.5,"stops":42},"geometry":{"type":"LineString","coordinates":[[-0.0327,51.6546],[-0.0473,51.6569],[-0.0485,51.6538],[-0.0464,51.6484],[-0.0599,51.6493],[-0.0762,51.6524],[-0.0798,51.6523],[-0.0797,51.6508],[-0.0842,51.6506],[-0.0869,51.6516],[-0.087,51.6527],[-0.0888,51.6536],[-0.098,51.6539],[-0.1017,51.6553],[-0.1077,51.6551],[-0.1257,51.6514],[-0.1327,51.6474],[-0.1378,51.646],[-0.1464,51.645],[-0.1553,51.6452],[-0.161,51.644],[-0.1629,51.6427],[-0.1655,51.6433],[-0.1672,51.6472],[-0.1726,51.6502],[-0.1871,51.647],[-0.1908,51.6479],[-0.1996,51.6529],[-0.2122,51.6529],[-0.2145,51.6517]]}},{"type":"Feature","properties":{"routeId":"302","name":"302","direction":"2","routeType":"regular","lengthKm":12.6,"stops":39},"geometry":{"type":"LineString","coordinates":[[-0.2193,51.5339],[-0.2257,51.5409],[-0.2258,51.5425],[-0.2245,51.5431],[-0.2271,51.5461],[-0.2291,51.5471],[-0.2358,51.5476],[-0.2392,51.5489],[-0.2435,51.553],[-0.2449,51.5561],[-0.2558,51.5606],[-0.2582,51.5626],[-0.2656,51.5657],[-0.2627,51.5678],[-0.2631,51.5694],[-0.2621,51.5735],[-0.2628,51.5787],[-0.2619,51.5829],[-0.2658,51.5842],[-0.2645,51.5877],[-0.266,51.5895],[-0.2658,51.5922],[-0.269,51.5954],[-0.2706,51.5986],[-0.2627,51.6032],[-0.2659,51.6094],[-0.2579,51.6104],[-0.2507,51.6102],[-0.2486,51.6111],[-0.2504,51.6135],[-0.2489,51.6134]]}},{"type":"Feature","properties":{"routeId":"300","name":"300","direction":"2","routeType":"regular","lengthKm":11.8,"stops":42},"geometry":{"type":"LineString","coordinates":[[0.0086,51.5145],[0.0077,51.5159],[0.0226,51.5224],[0.0243,51.5202],[0.0234,51.5178],[0.0249,51.517],[0.0255,51.5143],[0.025,51.5125],[0.0262,51.5099],[0.0342,51.5098],[0.0317,51.5135],[0.0324,51.5171],[0.0604,51.5158],[0.0607,51.5142],[0.0585,51.514],[0.0607,51.5142],[0.0605,51.5154],[0.0568,51.5256],[0.063,51.5269],[0.0673,51.5249],[0.0674,51.5264],[0.0644,51.5289],[0.0627,51.5338],[0.0544,51.5331],[0.0518,51.5371],[0.0505,51.5417],[0.0499,51.5416]]}},{"type":"Feature","properties":{"routeId":"309","name":"309","direction":"1","routeType":"regular","lengthKm":7.9,"stops":24},"geometry":{"type":"LineString","coordinates":[[0.009,51.5141],[0.0075,51.5152],[0.0027,51.5142],[0.0003,51.5129],[-0.0057,51.5151],[-0.0087,51.5153],[-0.0099,51.5177],[-0.0135,51.5175],[-0.0103,51.5144],[-0.0142,51.5132],[-0.0144,51.5139],[-0.0201,51.5137],[-0.0197,51.5149],[-0.0231,51.5185],[-0.0297,51.5173],[-0.0354,51.5186],[-0.0431,51.5178],[-0.0436,51.5197],[-0.0499,51.5258],[-0.0512,51.5279],[-0.0556,51.5275],[-0.0559,51.5293],[-0.0483,51.531],[-0.0504,51.5319]]}},{"type":"Feature","properties":{"routeId":"304","name":"304","direction":"2","routeType":"regular","lengthKm":8.4,"stops":32},"geometry":{"type":"LineString","coordinates":[[0.0449,51.5547],[0.0464,51.5548],[0.0484,51.5486],[0.0518,51.5372],[0.0508,51.5365],[0.0515,51.534],[0.0521,51.5327],[0.0544,51.5331],[0.0553,51.5318],[0.0579,51.5221],[0.0555,51.5216],[0.0409,51.5235],[0.0395,51.5243],[0.0402,51.522],[0.034,51.5226],[0.0312,51.5221],[0.0325,51.5172],[0.0317,51.5136],[0.0342,51.5098],[0.0252,51.5099]]}},{"type":"Feature","properties":{"routeId":"301","name":"301","direction":"1","routeType":"regular","lengthKm":12.7,"stops":39},"geometry":{"type":"LineString","coordinates":[[0.1467,51.4565],[0.1463,51.4609],[0.1494,51.4642],[0.1435,51.467],[0.1371,51.4713],[0.1266,51.474],[0.124,51.477],[0.1223,51.4814],[0.127,51.4813],[0.1263,51.4826],[0.1271,51.4867],[0.1233,51.4898],[0.1213,51.4898],[0.1214,51.4891],[0.1221,51.49],[0.1207,51.4963],[0.1217,51.4999],[0.1198,51.5011],[0.1201,51.502],[0.1185,51.504],[0.1138,51.502],[0.1115,51.503],[0.1114,51.5053],[0.1096,51.5065],[0.1053,51.5053],[0.1036,51.5037],[0.1024,51.5001],[0.105,51.4986],[0.1038,51.4956],[0.0988,51.4955],[0.095,51.494],[0.0939,51.4925],[0.0884,51.4908],[0.086,51.4909],[0.0848,51.49],[0.0812,51.4909],[0.0738,51.4907],[0.0688,51.4917]]}},{"type":"Feature","properties":{"routeId":"306","name":"306","direction":"2","routeType":"regular","lengthKm":8.8,"stops":30},"geometry":{"type":"LineString","coordinates":[[-0.186,51.4681],[-0.1869,51.4681],[-0.1838,51.4738],[-0.1915,51.4763],[-0.1957,51.48],[-0.1976,51.4805],[-0.1986,51.4799],[-0.2041,51.4884],[-0.206,51.4893],[-0.2079,51.4927],[-0.2115,51.4951],[-0.2169,51.4933],[-0.2222,51.4931],[-0.2223,51.4914],[-0.2236,51.4913],[-0.2242,51.4926],[-0.2236,51.4913],[-0.2246,51.4914],[-0.225,51.4929],[-0.234,51.4928],[-0.2346,51.4961],[-0.238,51.4999],[-0.2391,51.4998],[-0.24,51.5013],[-0.2427,51.5023],[-0.2451,51.5068],[-0.2514,51.5067]]}},{"type":"Feature","properties":{"routeId":"310","name":"310","direction":"1","routeType":"regular","lengthKm":12.2,"stops":39},"geometry":{"type":"LineString","coordinates":[[-0.0716,51.5731],[-0.0792,51.5747],[-0.0862,51.5744],[-0.0963,51.5705],[-0.1051,51.5637],[-0.1057,51.5641],[-0.1048,51.5646],[-0.1089,51.5676],[-0.1151,51.5706],[-0.1221,51.5671],[-0.1239,51.5691],[-0.1243,51.571],[-0.1269,51.5714],[-0.1271,51.5704],[-0.1317,51.5681],[-0.1352,51.5642],[-0.1371,51.565],[-0.1359,51.5661],[-0.1398,51.5682],[-0.1499,51.5716],[-0.1605,51.5729],[-0.1699,51.5728],[-0.1733,51.5714],[-0.1798,51.5626],[-0.181,51.5654],[-0.1836,51.568],[-0.1878,51.5702],[-0.1936,51.5715]]}},{"type":"Feature","properties":{"routeId":"295","name":"295","direction":"2","routeType":"regular","lengthKm":12.7,"stops":42},"geometry":{"type":"LineString","coordinates":[[-0.169,51.4658],[-0.1679,51.4637],[-0.1734,51.4618],[-0.1759,51.4629],[-0.1786,51.4666],[-0.1848,51.462],[-0.186,51.4619],[-0.1864,51.4634],[-0.1908,51.469],[-0.193,51.4763],[-0.1917,51.4771],[-0.1957,51.48],[-0.1976,51.4805],[-0.1986,51.4799],[-0.1991,51.4807],[-0.2023,51.4801],[-0.2133,51.4817],[-0.2162,51.4833],[-0.2194,51.4835],[-0.2206,51.4862],[-0.2226,51.4881],[-0.2233,51.4918],[-0.2242,51.4926],[-0.2236,51.4913],[-0.2248,51.4916],[-0.222,51.501],[-0.2247,51.5048],[-0.2181,51.5044],[-0.2152,51.505],[-0.2144,51.506],[-0.2178,51.5123],[-0.2175,51.5167],[-0.2105,51.5183],[-0.2148,51.5256]]}},{"type":"Feature","properties":{"routeId":"313","name":"313","direction":"1","routeType":"regular","lengthKm":18.4,"stops":42},"geometry":{"type":"LineString","coordinates":[[0.0098,51.6335],[0.0008,51.6306],[-0.0008,51.6315],[-0.0079,51.6329],[-0.012,51.6357],[-0.0275,51.641],[-0.0322,51.6445],[-0.0372,51.6468],[-0.0444,51.6483],[-0.0599,51.6493],[-0.0762,51.6524],[-0.0798,51.6523],[-0.0797,51.6508],[-0.0842,51.6506],[-0.0869,51.6516],[-0.087,51.6527],[-0.0884,51.6535],[-0.0977,51.6539],[-0.0997,51.659],[-0.1043,51.6635],[-0.1014,51.6634],[-0.1021,51.6651],[-0.1036,51.6659],[-0.1054,51.6645],[-0.1245,51.6756],[-0.1366,51.6807],[-0.153,51.6813],[-0.1635,51.6859],[-0.1703,51.6854],[-0.1783,51.6922],[-0.1867,51.6931],[-0.1936,51.6951],[-0.1918,51.6972],[-0.1922,51.6976]]}},{"type":"Feature","properties":{"routeId":"308","name":"308","direction":"1","routeType":"regular","lengthKm":13.7,"stops":39},"geometry":{"type":"LineString","coordinates":[[0.0269,51.5769],[0.028,51.5756],[0.0232,51.5738],[0.025,51.5637],[0.02,51.5611],[0.0182,51.558],[0.0253,51.5526],[0.0249,51.5498],[0.007,51.5464],[0.0092,51.5428],[0.0041,51.542],[-0.0002,51.5396],[-0.0018,51.5414],[-0.0016,51.5423],[0.0005,51.5431],[-0.001,51.5465],[-0.0041,51.5461],[-0.0043,51.5432],[-0.0039,51.5455],[-0.0082,51.5455],[-0.0082,51.5486],[-0.0097,51.5526],[-0.016,51.5557],[-0.0205,51.5518],[-0.0297,51.5516],[-0.0331,51.5503],[-0.0421,51.5487],[-0.048,51.56],[-0.049,51.5607],[-0.0544,51.5587]]}},{"type":"Feature","properties":{"routeId":"315","name":"315","direction":"1","routeType":"regular","lengthKm":8.7,"stops":30},"geometry":{"type":"LineString","coordinates":[[-0.1044,51.4302],[-0.1037,51.4336],[-0.1047,51.4365],[-0.1089,51.4346],[-0.1088,51.4331],[-0.1137,51.4313],[-0.1178,51.4331],[-0.1209,51.4269],[-0.1261,51.4285],[-0.1312,51.4274],[-0.1312,51.4292],[-0.1336,51.4277],[-0.135,51.4287],[-0.1364,51.434],[-0.1415,51.4348],[-0.1454,51.4366],[-0.1475,51.4384],[-0.1496,51.4427],[-0.1528,51.4435],[-0.157,51.4376],[-0.1596,51.4357],[-0.1617,51.4371],[-0.1665,51.4355],[-0.1727,51.4389]]}},{"type":"Feature","properties":{"routeId":"310","name":"310","direction":"2","routeType":"regular","lengthKm":11.4,"stops":35},"geometry":{"type":"LineString","coordinates":[[-0.1936,51.5714],[-0.1857,51.5693],[-0.181,51.5654],[-0.1797,51.5626],[-0.1733,51.5714],[-0.1699,51.5728],[-0.1605,51.5729],[-0.1499,51.5717],[-0.1436,51.5698],[-0.1355,51.566],[-0.1333,51.5664],[-0.1312,51.5685],[-0.1271,51.5704],[-0.1269,51.5714],[-0.1243,51.571],[-0.1239,51.5691],[-0.1221,51.5671],[-0.1151,51.5706],[-0.1091,51.5677],[-0.1048,51.5646],[-0.096,51.5708],[-0.0863,51.5745],[-0.0804,51.5748],[-0.0731,51.5736]]}},{"type":"Feature","properties":{"routeId":"314","name":"314","direction":"1","routeType":"regular","lengthKm":22.5,"stops":65},"geometry":{"type":"LineString","coordinates":[[0.0521,51.4551],[0.0512,51.4549],[0.0521,51.4508],[0.0634,51.4508],[0.0642,51.4489],[0.0628,51.4475],[0.0629,51.4447],[0.0659,51.4423],[0.0686,51.4413],[0.0722,51.4376],[0.0634,51.4349],[0.0637,51.4337],[0.0585,51.4319],[0.0571,51.4289],[0.0533,51.4267],[0.0487,51.4218],[0.0462,51.4179],[0.0453,51.4138],[0.041,51.4137],[0.0397,51.411],[0.0387,51.4104],[0.0325,51.4097],[0.0279,51.4101],[0.0257,51.4116],[0.0247,51.4135],[0.0188,51.4147],[0.0155,51.413],[0.0144,51.4116],[0.0143,51.409],[0.0186,51.4066],[0.0189,51.4045],[0.0188,51.4029],[0.0155,51.4025],[0.0173,51.3991],[0.015,51.3985],[0.0147,51.3965],[0.0179,51.392],[0.0175,51.3883],[0.0155,51.3883],[0.0155,51.3864],[0.0121,51.3827],[0.0047,51.3818],[0.0052,51.3798],[0.0104,51.3779],[0.0113,51.3764],[0.0021,51.3743],[-0.0012,51.3711],[-0.0059,51.3682],[-0.0211,51.3631],[-0.0314,51.3569],[-0.0334,51.3566],[-0.0319,51.3563],[-0.0315,51.3567],[-0.0324,51.3572],[-0.0312,51.3575],[-0.0308,51.3557],[-0.0252,51.3525],[-0.0238,51.3506],[-0.0137,51.3535],[-0.0108,51.3525],[-0.0102,51.3502],[-0.0108,51.3481],[-0.0143,51.3437],[-0.0167,51.3428]]}},{"type":"Feature","properties":{"routeId":"303","name":"303","direction":"2","routeType":"regular","lengthKm":11.3,"stops":31},"geometry":{"type":"LineString","coordinates":[[-0.2825,51.5861],[-0.2831,51.5878],[-0.2794,51.5892],[-0.2659,51.5922],[-0.2673,51.5937],[-0.2666,51.5939],[-0.2653,51.5933],[-0.2606,51.5949],[-0.2575,51.5921],[-0.2456,51.5968],[-0.2458,51.6007],[-0.2466,51.601],[-0.2458,51.6018],[-0.2466,51.601],[-0.2458,51.6007],[-0.2456,51.5968],[-0.2416,51.5972],[-0.2394,51.6004],[-0.24,51.6027],[-0.2438,51.6028],[-0.2438,51.6051],[-0.2449,51.6062],[-0.2438,51.6067],[-0.249,51.6115],[-0.2504,51.6135],[-0.2489,51.6133],[-0.2491,51.6139],[-0.2537,51.6144],[-0.26,51.6169],[-0.2609,51.6154],[-0.2651,51.6135],[-0.2656,51.6092],[-0.2749,51.6069],[-0.2794,51.6107],[-0.2762,51.6136],[-0.2756,51.6133]]}},{"type":"Feature","properties":{"routeId":"301","name":"301","direction":"2","routeType":"regular","lengthKm":13,"stops":40},"geometry":{"type":"LineString","coordinates":[[0.0713,51.4913],[0.082,51.491],[0.0834,51.4923],[0.0856,51.4926],[0.086,51.4909],[0.0884,51.4908],[0.094,51.4926],[0.0948,51.4939],[0.0987,51.4954],[0.104,51.4957],[0.1048,51.4986],[0.1019,51.4996],[0.1031,51.5033],[0.1053,51.5056],[0.11,51.5068],[0.1116,51.5051],[0.1115,51.503],[0.1141,51.502],[0.1186,51.5041],[0.1217,51.5015],[0.1211,51.4938],[0.1222,51.4893],[0.1213,51.4888],[0.1213,51.4898],[0.1233,51.4898],[0.1271,51.4867],[0.1263,51.4825],[0.127,51.4813],[0.1223,51.4814],[0.124,51.477],[0.1267,51.4739],[0.1373,51.4712],[0.1435,51.467],[0.1494,51.4642],[0.1463,51.4608],[0.1463,51.4587],[0.1474,51.4587],[0.1479,51.4571]]}},{"type":"Feature","properties":{"routeId":"313","name":"313","direction":"2","routeType":"regular","lengthKm":17.4,"stops":37},"geometry":{"type":"LineString","coordinates":[[-0.1918,51.6975],[-0.1936,51.6951],[-0.1867,51.6931],[-0.1783,51.6922],[-0.1689,51.6858],[-0.1635,51.6859],[-0.153,51.6813],[-0.1366,51.6807],[-0.1245,51.6756],[-0.1054,51.6645],[-0.0998,51.6591],[-0.0973,51.6538],[-0.0886,51.6536],[-0.0862,51.6523],[-0.0727,51.6521],[-0.059,51.6492],[-0.0449,51.6484],[-0.0374,51.6469],[-0.0323,51.6449],[-0.0265,51.6406],[-0.0122,51.6358],[-0.0079,51.6329],[-0.0008,51.6315],[0.0007,51.6306],[0.0106,51.6336],[0.0098,51.6335]]}},{"type":"Feature","properties":{"routeId":"307","name":"307","direction":"2","routeType":"regular","lengthKm":15.2,"stops":42},"geometry":{"type":"LineString","coordinates":[[-0.2142,51.6519],[-0.2122,51.6529],[-0.2001,51.6531],[-0.1908,51.6479],[-0.1871,51.647],[-0.1726,51.6502],[-0.1672,51.6472],[-0.1655,51.6433],[-0.1631,51.6427],[-0.1611,51.6441],[-0.1553,51.6452],[-0.1436,51.6452],[-0.1377,51.6461],[-0.1305,51.6485],[-0.1253,51.6515],[-0.1082,51.6551],[-0.1014,51.6553],[-0.0978,51.6539],[-0.0886,51.6536],[-0.0862,51.6523],[-0.0727,51.6521],[-0.059,51.6492],[-0.0464,51.6484],[-0.0485,51.6535],[-0.0473,51.6569],[-0.0327,51.6546]]}},{"type":"Feature","properties":{"routeId":"317","name":"317","direction":"1","routeType":"regular","lengthKm":8.5,"stops":22},"geometry":{"type":"LineString","coordinates":[[-0.0311,51.6856],[-0.0291,51.6861],[-0.029,51.6846],[-0.0332,51.6832],[-0.034,51.6799],[-0.0415,51.6811],[-0.0511,51.6797],[-0.0591,51.6582],[-0.0597,51.6534],[-0.0568,51.6532],[-0.057,51.649],[-0.0762,51.6524],[-0.0798,51.6523],[-0.0796,51.6508],[-0.0844,51.6506],[-0.0869,51.6516],[-0.0861,51.6529]]}},{"type":"Feature","properties":{"routeId":"308","name":"308","direction":"2","routeType":"regular","lengthKm":13.2,"stops":38},"geometry":{"type":"LineString","coordinates":[[-0.0526,51.5592],[-0.049,51.5607],[-0.0477,51.5596],[-0.043,51.5502],[-0.0443,51.5499],[-0.0435,51.5484],[-0.0329,51.5504],[-0.0297,51.5516],[-0.0206,51.5519],[-0.016,51.5557],[-0.0097,51.5526],[-0.0082,51.5486],[-0.0082,51.5455],[-0.0039,51.5455],[-0.0045,51.5432],[-0.0041,51.5461],[-0.001,51.5465],[0.0005,51.5432],[0.0037,51.5436],[0.0041,51.5421],[0.0082,51.5425],[0.0092,51.5428],[0.007,51.5464],[0.025,51.55],[0.0253,51.5526],[0.0182,51.558],[0.02,51.5611],[0.025,51.5637],[0.0232,51.5738],[0.028,51.5756],[0.0268,51.5769]]}},{"type":"Feature","properties":{"routeId":"316","name":"316","direction":"1","routeType":"regular","lengthKm":12.3,"stops":41},"geometry":{"type":"LineString","coordinates":[[-0.228,51.5687],[-0.2295,51.5691],[-0.1922,51.5369],[-0.1938,51.5346],[-0.1923,51.5331],[-0.1929,51.5321],[-0.2057,51.5329],[-0.2168,51.531],[-0.215,51.526],[-0.2162,51.5252],[-0.215,51.526],[-0.2138,51.5241],[-0.2198,51.5232],[-0.2174,51.5191],[-0.2146,51.5173],[-0.2175,51.5167],[-0.2178,51.5125],[-0.2144,51.506],[-0.2128,51.5055],[-0.2183,51.5043],[-0.2181,51.5057],[-0.2197,51.5095],[-0.2212,51.5096],[-0.2228,51.5082],[-0.224,51.5082],[-0.224,51.509]]}},{"type":"Feature","properties":{"routeId":"309","name":"309","direction":"2","routeType":"regular","lengthKm":7.8,"stops":26},"geometry":{"type":"LineString","coordinates":[[-0.0504,51.5319],[-0.0522,51.5303],[-0.0559,51.5293],[-0.0555,51.5274],[-0.0512,51.5279],[-0.0499,51.5258],[-0.0437,51.5198],[-0.0431,51.5178],[-0.0354,51.5186],[-0.0297,51.5173],[-0.0231,51.5185],[-0.0197,51.5149],[-0.0201,51.5137],[-0.0144,51.5139],[-0.0142,51.5132],[-0.0103,51.5144],[-0.0135,51.5175],[-0.0095,51.5177],[-0.0084,51.5153],[0.0007,51.5133],[0.008,51.516],[0.0088,51.5155],[0.0076,51.5151],[0.0081,51.5145]]}},{"type":"Feature","properties":{"routeId":"312","name":"312","direction":"1","routeType":"regular","lengthKm":13.1,"stops":39},"geometry":{"type":"LineString","coordinates":[[-0.1151,51.3155],[-0.1163,51.3169],[-0.116,51.3192],[-0.1248,51.3316],[-0.1174,51.3381],[-0.1156,51.3372],[-0.1174,51.3378],[-0.1165,51.3388],[-0.1038,51.3458],[-0.0991,51.3514],[-0.0978,51.3535],[-0.0978,51.3585],[-0.1002,51.3708],[-0.0972,51.3711],[-0.097,51.3742],[-0.0906,51.3747],[-0.0915,51.3777],[-0.0868,51.3804],[-0.0764,51.3789],[-0.0653,51.3835],[-0.0629,51.3859],[-0.0658,51.3895],[-0.0653,51.3906],[-0.0677,51.3952],[-0.072,51.3978],[-0.0735,51.3968],[-0.074,51.3976]]}},{"type":"Feature","properties":{"routeId":"315","name":"315","direction":"2","routeType":"regular","lengthKm":8.8,"stops":30},"geometry":{"type":"LineString","coordinates":[[-0.1733,51.4392],[-0.1665,51.4355],[-0.1617,51.4371],[-0.1596,51.4357],[-0.157,51.4376],[-0.1529,51.4434],[-0.1497,51.4428],[-0.1475,51.4384],[-0.1457,51.4368],[-0.1419,51.4349],[-0.1364,51.434],[-0.1351,51.4302],[-0.1278,51.429],[-0.1209,51.4269],[-0.1178,51.4331],[-0.1137,51.4313],[-0.1089,51.4331],[-0.1103,51.4342],[-0.1101,51.4347],[-0.1047,51.4365],[-0.1015,51.43],[-0.1042,51.4297],[-0.1044,51.4289]]}},{"type":"Feature","properties":{"routeId":"314","name":"314","direction":"2","routeType":"regular","lengthKm":22.9,"stops":66},"geometry":{"type":"LineString","coordinates":[[-0.0173,51.343],[-0.0147,51.3434],[-0.0108,51.3481],[-0.0103,51.3505],[-0.0109,51.3525],[-0.0134,51.3535],[-0.0238,51.3506],[-0.0251,51.3524],[-0.0316,51.3568],[-0.0334,51.3566],[-0.0319,51.3563],[-0.0331,51.3565],[-0.0319,51.3563],[-0.032,51.3576],[-0.0274,51.3591],[-0.0211,51.3631],[-0.0056,51.3685],[0.0021,51.3743],[0.0065,51.3758],[0.0109,51.3762],[0.0102,51.3779],[0.0052,51.3798],[0.0047,51.3818],[0.0121,51.3827],[0.0155,51.3864],[0.0155,51.3883],[0.0175,51.3883],[0.0179,51.392],[0.0147,51.3965],[0.0148,51.3984],[0.0173,51.3991],[0.0154,51.4024],[0.0187,51.4029],[0.0187,51.4048],[0.0185,51.4063],[0.0154,51.406],[0.0139,51.4079],[0.0144,51.4116],[0.0155,51.413],[0.0177,51.415],[0.0247,51.4135],[0.0257,51.4116],[0.0278,51.4102],[0.0327,51.4097],[0.0391,51.4105],[0.0411,51.4138],[0.0453,51.4138],[0.0462,51.4179],[0.0487,51.4218],[0.0533,51.4267],[0.0571,51.4289],[0.0586,51.432],[0.0637,51.4337],[0.0634,51.4349],[0.0722,51.4376],[0.0684,51.4415],[0.0659,51.4423],[0.063,51.4446],[0.0628,51.4478],[0.0643,51.4492],[0.0638,51.4504],[0.0521,51.4508],[0.0512,51.4549],[0.0525,51.4553]]}},{"type":"Feature","properties":{"routeId":"323","name":"323","direction":"1","routeType":"regular","lengthKm":5.2,"stops":13},"geometry":{"type":"LineString","coordinates":[[0.0087,51.5143],[0.0073,51.5169],[0.0051,51.5183],[0.0047,51.5229],[0.0039,51.5229],[0.0038,51.5208],[-0.0046,51.5221],[-0.0056,51.5206],[-0.0046,51.5221],[-0.0056,51.5239],[-0.0105,51.5243],[-0.0118,51.5234],[-0.0176,51.5227],[-0.0199,51.5203],[-0.0231,51.5185],[-0.0272,51.5207],[-0.0338,51.5218],[-0.0344,51.5238]]}},{"type":"Feature","properties":{"routeId":"312","name":"312","direction":"2","routeType":"regular","lengthKm":12.8,"stops":43},"geometry":{"type":"LineString","coordinates":[[-0.074,51.3976],[-0.0731,51.3986],[-0.0677,51.3953],[-0.0654,51.3907],[-0.0658,51.3895],[-0.0629,51.3859],[-0.0652,51.3836],[-0.0763,51.3789],[-0.0867,51.3803],[-0.0915,51.3777],[-0.0906,51.3747],[-0.0965,51.3741],[-0.0987,51.3734],[-0.0985,51.3724],[-0.1004,51.3724],[-0.0978,51.3588],[-0.0978,51.3535],[-0.0987,51.3519],[-0.1038,51.3458],[-0.1165,51.3388],[-0.1168,51.3384],[-0.1156,51.3372],[-0.1178,51.3375],[-0.1248,51.3316],[-0.116,51.3192],[-0.1163,51.3169],[-0.1155,51.3159]]}},{"type":"Feature","properties":{"routeId":"321","name":"321","direction":"1","routeType":"regular","lengthKm":16.3,"stops":53},"geometry":{"type":"LineString","coordinates":[[0.1216,51.4125],[0.122,51.4133],[0.1213,51.4138],[0.1126,51.4127],[0.1148,51.4159],[0.118,51.4187],[0.1116,51.4214],[0.1035,51.4261],[0.0961,51.4268],[0.0864,51.4301],[0.0801,51.4312],[0.0737,51.4362],[0.0684,51.4415],[0.0659,51.4423],[0.063,51.4446],[0.0628,51.4478],[0.0643,51.4492],[0.0634,51.4507],[0.0519,51.4508],[0.04,51.4526],[0.0296,51.4529],[0.0098,51.4566],[0.0065,51.4586],[-0.0028,51.4589],[-0.0065,51.4615],[-0.0103,51.4627],[-0.0113,51.465],[-0.0167,51.4647],[-0.0273,51.4691],[-0.036,51.4754],[-0.0415,51.4747],[-0.0412,51.4761],[-0.0426,51.4759],[-0.0429,51.4766]]}},{"type":"Feature","properties":{"routeId":"320","name":"320","direction":"1","routeType":"regular","lengthKm":19.4,"stops":51},"geometry":{"type":"LineString","coordinates":[[0.0264,51.3102],[0.0276,51.3098],[0.0293,51.3133],[0.0342,51.3108],[0.0351,51.3112],[0.0335,51.3132],[0.0328,51.317],[0.0232,51.3256],[0.0228,51.3276],[0.0239,51.329],[0.0266,51.33],[0.0278,51.3339],[0.0304,51.3366],[0.0304,51.3419],[0.0352,51.3457],[0.0364,51.3477],[0.0352,51.3506],[0.0313,51.352],[0.0326,51.3539],[0.0371,51.3569],[0.0391,51.3609],[0.0395,51.3746],[0.0424,51.3793],[0.0351,51.3895],[0.0324,51.3918],[0.0199,51.3985],[0.0174,51.399],[0.0154,51.4024],[0.0187,51.4029],[0.0185,51.4063],[0.0145,51.4056],[0.0118,51.4071],[0.0063,51.4154],[-0.0018,51.4214],[-0.0042,51.4248],[-0.0109,51.4273],[-0.0144,51.4294],[-0.0173,51.4326],[-0.0192,51.4385],[-0.0204,51.4399],[-0.0201,51.4447],[-0.0241,51.4447]]}},{"type":"Feature","properties":{"routeId":"316","name":"316","direction":"2","routeType":"regular","lengthKm":11.9,"stops":41},"geometry":{"type":"LineString","coordinates":[[-0.2239,51.5083],[-0.2227,51.5083],[-0.2212,51.5096],[-0.2198,51.5095],[-0.2181,51.5044],[-0.2152,51.505],[-0.2144,51.506],[-0.2178,51.5125],[-0.2175,51.5167],[-0.2146,51.5173],[-0.2174,51.5189],[-0.2198,51.5232],[-0.214,51.5241],[-0.2151,51.5259],[-0.2162,51.5252],[-0.2151,51.526],[-0.2168,51.531],[-0.2042,51.5334],[-0.2017,51.5326],[-0.1929,51.5321],[-0.1923,51.5331],[-0.1938,51.5346],[-0.1922,51.5369],[-0.2183,51.5592],[-0.2259,51.5662],[-0.2248,51.5667],[-0.228,51.5687]]}},{"type":"Feature","properties":{"routeId":"317","name":"317","direction":"2","routeType":"regular","lengthKm":8,"stops":23},"geometry":{"type":"LineString","coordinates":[[-0.0865,51.6527],[-0.0727,51.6521],[-0.0569,51.6492],[-0.0569,51.6531],[-0.0599,51.6534],[-0.0593,51.6584],[-0.0511,51.68],[-0.0412,51.6812],[-0.0341,51.6802],[-0.0331,51.6836],[-0.0305,51.6837],[-0.0292,51.6846],[-0.0293,51.6855],[-0.0314,51.6858]]}},{"type":"Feature","properties":{"routeId":"323","name":"323","direction":"2","routeType":"regular","lengthKm":5.6,"stops":14},"geometry":{"type":"LineString","coordinates":[[-0.0352,51.5259],[-0.0336,51.5217],[-0.0272,51.5207],[-0.0231,51.5185],[-0.0199,51.5203],[-0.0176,51.5227],[-0.0118,51.5234],[-0.0105,51.5243],[-0.0056,51.5239],[-0.0042,51.5222],[-0.0056,51.5206],[-0.0044,51.5223],[-0.0035,51.5216],[0.0038,51.5208],[0.0039,51.5229],[0.0047,51.5229],[0.0048,51.519],[0.0088,51.5156],[0.0076,51.5151],[0.0081,51.5145]]}},{"type":"Feature","properties":{"routeId":"319","name":"319","direction":"1","routeType":"regular","lengthKm":11.8,"stops":41},"geometry":{"type":"LineString","coordinates":[[-0.1245,51.442],[-0.1275,51.437],[-0.1295,51.4307],[-0.1336,51.4277],[-0.135,51.4287],[-0.1353,51.4302],[-0.1466,51.4312],[-0.1542,51.433],[-0.161,51.4365],[-0.168,51.4438],[-0.1634,51.4483],[-0.1668,51.4529],[-0.1637,51.4535],[-0.1683,51.4649],[-0.1704,51.4672],[-0.1717,51.47],[-0.1655,51.4724],[-0.166,51.474],[-0.1758,51.4845],[-0.1589,51.492]]}},{"type":"Feature","properties":{"routeId":"325","name":"325","direction":"1","routeType":"regular","lengthKm":12.8,"stops":43},"geometry":{"type":"LineString","coordinates":[[0.067,51.5212],[0.0669,51.5201],[0.0749,51.5233],[0.0797,51.5233],[0.0786,51.5274],[0.0728,51.5291],[0.0724,51.533],[0.0693,51.5364],[0.0641,51.5339],[0.0544,51.5331],[0.0508,51.5402],[0.0421,51.5383],[0.0391,51.5401],[0.0366,51.5433],[0.0358,51.5475],[0.0256,51.5465],[0.0262,51.542],[0.0228,51.5416],[0.022,51.5368],[0.0226,51.533],[0.0213,51.5305],[0.0243,51.5295],[0.0242,51.5257],[0.0225,51.5225],[0.0243,51.5202],[0.0234,51.5178],[0.0249,51.517],[0.0255,51.5143],[0.025,51.5125],[0.0262,51.5099],[0.0346,51.5095]]}},{"type":"Feature","properties":{"routeId":"326","name":"326","direction":"1","routeType":"regular","lengthKm":18.2,"stops":65},"geometry":{"type":"LineString","coordinates":[[-0.2041,51.6565],[-0.2048,51.655],[-0.2017,51.6548],[-0.2012,51.6535],[-0.1907,51.6479],[-0.2,51.6462],[-0.1996,51.6441],[-0.2,51.6462],[-0.1924,51.6479],[-0.1852,51.6471],[-0.1728,51.6503],[-0.1674,51.6473],[-0.1654,51.6434],[-0.1791,51.6433],[-0.1809,51.6414],[-0.1764,51.6351],[-0.1749,51.6302],[-0.1824,51.6307],[-0.184,51.6273],[-0.1871,51.6236],[-0.1907,51.6215],[-0.1906,51.6151],[-0.1873,51.6138],[-0.1898,51.609],[-0.1935,51.6068],[-0.1962,51.6036],[-0.1931,51.6017],[-0.198,51.5971],[-0.1991,51.5982],[-0.2008,51.5978],[-0.2107,51.5918],[-0.2156,51.5899],[-0.2277,51.5897],[-0.2305,51.5859],[-0.227,51.5829],[-0.2246,51.5793],[-0.2179,51.5774],[-0.2193,51.5778],[-0.2205,51.5761],[-0.2234,51.5757]]}},{"type":"Feature","properties":{"routeId":"321","name":"321","direction":"2","routeType":"regular","lengthKm":16.2,"stops":52},"geometry":{"type":"LineString","coordinates":[[-0.0426,51.4767],[-0.0416,51.4769],[-0.041,51.4757],[-0.0416,51.4747],[-0.0329,51.4759],[-0.0319,51.4737],[-0.0325,51.4729],[-0.0274,51.4692],[-0.0166,51.4647],[-0.0128,51.4645],[-0.0122,51.4634],[-0.0108,51.4637],[-0.0024,51.4588],[0.0065,51.4586],[0.0098,51.4566],[0.0291,51.453],[0.0364,51.4532],[0.0519,51.4508],[0.0634,51.4508],[0.0643,51.4495],[0.0628,51.4475],[0.0631,51.4444],[0.0659,51.4423],[0.0686,51.4413],[0.0737,51.4362],[0.0801,51.4312],[0.0864,51.4301],[0.0957,51.4268],[0.1035,51.4261],[0.1111,51.4216],[0.118,51.4187],[0.1151,51.4162],[0.1133,51.4135],[0.1217,51.4139],[0.1216,51.4125]]}},{"type":"Feature","properties":{"routeId":"327","name":"327","direction":"1","routeType":"regular","lengthKm":2.7,"stops":6},"geometry":{"type":"LineString","coordinates":[[-0.0311,51.6856],[-0.0291,51.6861],[-0.029,51.6846],[-0.0332,51.6832],[-0.034,51.6799],[-0.0415,51.6811],[-0.0472,51.6805],[-0.0473,51.6793],[-0.0461,51.679],[-0.047,51.6764],[-0.0487,51.6753]]}},{"type":"Feature","properties":{"routeId":"322","name":"322","direction":"1","routeType":"regular","lengthKm":11.1,"stops":36},"geometry":{"type":"LineString","coordinates":[[-0.0781,51.4205],[-0.0814,51.417],[-0.0831,51.4197],[-0.0837,51.425],[-0.0853,51.4274],[-0.0861,51.4279],[-0.0891,51.4269],[-0.0935,51.4277],[-0.0938,51.4326],[-0.0923,51.4326],[-0.0938,51.4357],[-0.1037,51.4336],[-0.1061,51.4391],[-0.1062,51.4413],[-0.1052,51.4428],[-0.1048,51.4466],[-0.101,51.4498],[-0.1008,51.4512],[-0.1017,51.4523],[-0.1045,51.453],[-0.1036,51.4545],[-0.1094,51.4587],[-0.1119,51.4619],[-0.1148,51.4633],[-0.1143,51.4646],[-0.1183,51.4677],[-0.1204,51.4681],[-0.1391,51.4611],[-0.1434,51.4612],[-0.1423,51.4633],[-0.1411,51.4628]]}},{"type":"Feature","properties":{"routeId":"324","name":"324","direction":"1","routeType":"regular","lengthKm":17.5,"stops":47},"geometry":{"type":"LineString","coordinates":[[-0.3108,51.6404],[-0.3033,51.6388],[-0.3037,51.6368],[-0.3055,51.6345],[-0.3054,51.6332],[-0.2925,51.6217],[-0.3039,51.6198],[-0.3082,51.618],[-0.3148,51.6165],[-0.3092,51.6092],[-0.3077,51.6058],[-0.3071,51.6013],[-0.3028,51.5951],[-0.2941,51.5957],[-0.2898,51.5931],[-0.2863,51.5921],[-0.284,51.5901],[-0.2829,51.5868],[-0.2811,51.5848],[-0.2751,51.586],[-0.2658,51.5842],[-0.2646,51.5879],[-0.2553,51.5895],[-0.2547,51.59],[-0.2557,51.5908],[-0.2537,51.5921],[-0.2431,51.5909],[-0.2385,51.5882],[-0.2357,51.5877],[-0.2347,51.5883],[-0.2348,51.5877],[-0.2306,51.586],[-0.227,51.5829],[-0.2268,51.5817],[-0.2243,51.5792],[-0.2181,51.5779],[-0.2195,51.5777],[-0.2205,51.5761],[-0.2257,51.5746],[-0.2235,51.5727],[-0.2222,51.5727],[-0.222,51.5736],[-0.2179,51.5759],[-0.2147,51.5748]]}},{"type":"Feature","properties":{"routeId":"318","name":"318","direction":"1","routeType":"regular","lengthKm":8.4,"stops":32},"geometry":{"type":"LineString","coordinates":[[-0.076,51.6129],[-0.0751,51.6062],[-0.0783,51.6059],[-0.0783,51.6052],[-0.0796,51.605],[-0.0858,51.6054],[-0.0869,51.603],[-0.0811,51.6003],[-0.0774,51.5996],[-0.0768,51.5984],[-0.0561,51.5996],[-0.0576,51.5964],[-0.0604,51.5966],[-0.0608,51.5945],[-0.0692,51.5948],[-0.0696,51.5941],[-0.0732,51.5779],[-0.0724,51.5741],[-0.0674,51.5737]]}},{"type":"Feature","properties":{"routeId":"320","name":"320","direction":"2","routeType":"regular","lengthKm":20.5,"stops":53},"geometry":{"type":"LineString","coordinates":[[-0.0228,51.4461],[-0.023,51.4447],[-0.0205,51.4449],[-0.0193,51.4461],[-0.0173,51.4458],[-0.018,51.4439],[-0.0203,51.444],[-0.0205,51.4406],[-0.0181,51.4359],[-0.0172,51.4324],[-0.0145,51.4296],[-0.0101,51.4269],[-0.0044,51.425],[-0.0018,51.4214],[0.0059,51.4158],[0.0118,51.4071],[0.0143,51.4057],[0.0187,51.4063],[0.0188,51.4029],[0.0155,51.4025],[0.0173,51.3991],[0.0204,51.3986],[0.0324,51.3918],[0.036,51.3887],[0.0425,51.3793],[0.0395,51.3744],[0.0391,51.3609],[0.0371,51.3569],[0.0327,51.354],[0.0314,51.3522],[0.0353,51.3505],[0.0364,51.3476],[0.0352,51.3457],[0.0304,51.3419],[0.0304,51.3366],[0.0279,51.3341],[0.0264,51.3297],[0.0238,51.329],[0.0227,51.3275],[0.0232,51.3257],[0.0325,51.3174],[0.0336,51.3129],[0.0351,51.3112],[0.0342,51.3108],[0.0262,51.3151],[0.0256,51.315],[0.0268,51.3132],[0.0264,51.3102]]}},{"type":"Feature","properties":{"routeId":"324","name":"324","direction":"2","routeType":"regular","lengthKm":17,"stops":48},"geometry":{"type":"LineString","coordinates":[[-0.2147,51.5748],[-0.2169,51.5758],[-0.2187,51.5743],[-0.2205,51.5747],[-0.2222,51.5727],[-0.2235,51.5727],[-0.2256,51.5747],[-0.2206,51.5762],[-0.2205,51.5774],[-0.225,51.5794],[-0.2274,51.5831],[-0.2319,51.5865],[-0.2391,51.5883],[-0.2433,51.5909],[-0.2537,51.5921],[-0.2557,51.5908],[-0.2544,51.5899],[-0.2557,51.5893],[-0.2646,51.5879],[-0.2658,51.5842],[-0.2747,51.586],[-0.2815,51.5846],[-0.2823,51.585],[-0.284,51.5901],[-0.2864,51.5922],[-0.2948,51.5956],[-0.3031,51.5948],[-0.3073,51.601],[-0.3073,51.6037],[-0.3093,51.6094],[-0.3113,51.6112],[-0.3148,51.6165],[-0.3081,51.618],[-0.3039,51.6198],[-0.2929,51.6218],[-0.3054,51.6333],[-0.3036,51.6386],[-0.3125,51.6408],[-0.3108,51.6404]]}},{"type":"Feature","properties":{"routeId":"325","name":"325","direction":"2","routeType":"regular","lengthKm":13.1,"stops":41},"geometry":{"type":"LineString","coordinates":[[0.035,51.5096],[0.0262,51.5099],[0.025,51.5125],[0.0255,51.5143],[0.0249,51.517],[0.0234,51.5178],[0.0243,51.5202],[0.0225,51.5225],[0.0242,51.5257],[0.0243,51.5295],[0.0213,51.5305],[0.0226,51.533],[0.022,51.5368],[0.0228,51.5416],[0.0262,51.542],[0.0256,51.5465],[0.0359,51.5476],[0.0369,51.5427],[0.0391,51.5401],[0.0421,51.5383],[0.0508,51.5402],[0.0518,51.5372],[0.0508,51.5367],[0.0521,51.5327],[0.0647,51.5341],[0.0695,51.5369],[0.0716,51.5333],[0.0724,51.533],[0.0728,51.5291],[0.0786,51.5274],[0.0797,51.5233],[0.0749,51.5233],[0.0669,51.5201],[0.067,51.5212]]}},{"type":"Feature","properties":{"routeId":"326","name":"326","direction":"2","routeType":"regular","lengthKm":17.6,"stops":62},"geometry":{"type":"LineString","coordinates":[[-0.2226,51.5757],[-0.2206,51.5762],[-0.2205,51.5774],[-0.225,51.5794],[-0.2274,51.5831],[-0.2309,51.586],[-0.2273,51.5899],[-0.2199,51.5895],[-0.2138,51.5904],[-0.1933,51.6016],[-0.1962,51.6036],[-0.1937,51.6067],[-0.1898,51.609],[-0.1873,51.6138],[-0.1906,51.6151],[-0.1907,51.6215],[-0.1871,51.6236],[-0.184,51.6273],[-0.1824,51.6307],[-0.1749,51.6302],[-0.1764,51.6351],[-0.1809,51.6414],[-0.179,51.6433],[-0.1654,51.6433],[-0.1674,51.6473],[-0.1728,51.6503],[-0.1857,51.647],[-0.1924,51.6479],[-0.2,51.6462],[-0.1996,51.6441],[-0.2,51.6462],[-0.1907,51.6479],[-0.2012,51.6535],[-0.2019,51.6562],[-0.2033,51.657],[-0.2041,51.6565]]}},{"type":"Feature","properties":{"routeId":"327","name":"327","direction":"2","routeType":"regular","lengthKm":3.3,"stops":7},"geometry":{"type":"LineString","coordinates":[[-0.0487,51.6753],[-0.0508,51.6745],[-0.0516,51.673],[-0.0408,51.6707],[-0.0347,51.6775],[-0.0331,51.6835],[-0.0305,51.6837],[-0.0292,51.6846],[-0.0293,51.6855],[-0.0314,51.6858]]}},{"type":"Feature","properties":{"routeId":"322","name":"322","direction":"2","routeType":"regular","lengthKm":10.3,"stops":34},"geometry":{"type":"LineString","coordinates":[[-0.1411,51.4628],[-0.1391,51.4611],[-0.1296,51.4654],[-0.1243,51.4662],[-0.1194,51.469],[-0.1165,51.4657],[-0.1143,51.4646],[-0.1148,51.4633],[-0.1119,51.4619],[-0.1094,51.4587],[-0.1036,51.4545],[-0.1033,51.4534],[-0.1038,51.4528],[-0.1014,51.4524],[-0.1008,51.451],[-0.101,51.4498],[-0.105,51.4462],[-0.105,51.4439],[-0.1062,51.4413],[-0.1059,51.4385],[-0.1037,51.4336],[-0.0938,51.4357],[-0.0923,51.4326],[-0.0938,51.4326],[-0.0935,51.4277],[-0.0891,51.4269],[-0.0861,51.4279],[-0.0837,51.4251],[-0.0831,51.4197],[-0.0787,51.4198],[-0.0782,51.4208]]}},{"type":"Feature","properties":{"routeId":"328","name":"328","direction":"1","routeType":"regular","lengthKm":12.8,"stops":49},"geometry":{"type":"LineString","coordinates":[[-0.1939,51.5716],[-0.1954,51.5712],[-0.1949,51.568],[-0.1973,51.5622],[-0.197,51.5598],[-0.1958,51.5577],[-0.1968,51.5545],[-0.1919,51.5514],[-0.1911,51.5487],[-0.1912,51.5461],[-0.1932,51.5425],[-0.1922,51.5412],[-0.1954,51.5397],[-0.1922,51.5369],[-0.1938,51.5346],[-0.1923,51.5331],[-0.1966,51.5276],[-0.1972,51.5277],[-0.1975,51.5252],[-0.2012,51.5244],[-0.2018,51.5236],[-0.2012,51.5217],[-0.1985,51.5186],[-0.1964,51.5191],[-0.195,51.5149],[-0.1975,51.5129],[-0.1973,51.5097],[-0.1971,51.509],[-0.1941,51.5095],[-0.1938,51.5086],[-0.195,51.508],[-0.1943,51.5059],[-0.1909,51.5019],[-0.1987,51.499],[-0.1945,51.4933],[-0.1816,51.4817],[-0.178,51.4831]]}},{"type":"Feature","properties":{"routeId":"330","name":"330","direction":"1","routeType":"regular","lengthKm":8.5,"stops":26},"geometry":{"type":"LineString","coordinates":[[0.0252,51.5512],[0.0248,51.5491],[0.0256,51.5465],[0.0311,51.5469],[0.0323,51.5437],[0.0327,51.5396],[0.0379,51.5302],[0.0358,51.53],[0.0241,51.5229],[0.0076,51.515],[0.0095,51.5137],[0.0159,51.5061],[0.0188,51.5044],[0.027,51.5023],[0.0367,51.5027]]}},{"type":"Feature","properties":{"routeId":"319","name":"319","direction":"2","routeType":"regular","lengthKm":12.1,"stops":40},"geometry":{"type":"LineString","coordinates":[[-0.1571,51.4924],[-0.1758,51.4845],[-0.1667,51.4749],[-0.1635,51.4748],[-0.1626,51.4728],[-0.1717,51.47],[-0.1679,51.464],[-0.1675,51.4617],[-0.1637,51.4535],[-0.1668,51.4529],[-0.1634,51.4483],[-0.168,51.4438],[-0.161,51.4365],[-0.1538,51.4329],[-0.1466,51.4312],[-0.133,51.43],[-0.1314,51.4291],[-0.1295,51.4307],[-0.1277,51.4371],[-0.1247,51.4418]]}},{"type":"Feature","properties":{"routeId":"329","name":"329","direction":"1","routeType":"regular","lengthKm":8.8,"stops":33},"geometry":{"type":"LineString","coordinates":[[-0.0865,51.6527],[-0.0798,51.6523],[-0.0795,51.6517],[-0.0802,51.6504],[-0.0797,51.6471],[-0.0818,51.6448],[-0.0789,51.6413],[-0.0804,51.6379],[-0.0833,51.636],[-0.0907,51.6365],[-0.0938,51.635],[-0.0948,51.6321],[-0.0966,51.6308],[-0.0994,51.6259],[-0.1045,51.6231],[-0.1091,51.6177],[-0.1096,51.6109],[-0.1123,51.6024],[-0.1087,51.5946],[-0.1038,51.5908]]}},{"type":"Feature","properties":{"routeId":"318","name":"318","direction":"2","routeType":"regular","lengthKm":10.1,"stops":32},"geometry":{"type":"LineString","coordinates":[[-0.0674,51.5737],[-0.067,51.5729],[-0.0686,51.5725],[-0.0726,51.5734],[-0.0723,51.5748],[-0.0649,51.5757],[-0.0654,51.577],[-0.0636,51.5774],[-0.0645,51.5795],[-0.0732,51.578],[-0.0696,51.5941],[-0.0692,51.5948],[-0.0607,51.595],[-0.0604,51.5966],[-0.0576,51.5964],[-0.0561,51.5996],[-0.0768,51.5984],[-0.0774,51.5996],[-0.0805,51.6001],[-0.087,51.6028],[-0.086,51.6055],[-0.0805,51.605],[-0.0751,51.6062],[-0.0762,51.6131],[-0.0751,51.613],[-0.076,51.6129]]}},{"type":"Feature","properties":{"routeId":"330","name":"330","direction":"2","routeType":"regular","lengthKm":8.4,"stops":30},"geometry":{"type":"LineString","coordinates":[[0.0365,51.5027],[0.0269,51.5023],[0.0188,51.5044],[0.0163,51.5057],[0.0076,51.5155],[0.0238,51.5227],[0.0358,51.53],[0.0379,51.5302],[0.0327,51.5396],[0.0323,51.5437],[0.0311,51.5469],[0.0256,51.5465],[0.0248,51.5488],[0.0252,51.5513]]}},{"type":"Feature","properties":{"routeId":"331","name":"331","direction":"1","routeType":"regular","lengthKm":21.6,"stops":50},"geometry":{"type":"LineString","coordinates":[[-0.4215,51.5723],[-0.4226,51.5722],[-0.427,51.5769],[-0.4313,51.5789],[-0.4319,51.5808],[-0.4373,51.5808],[-0.4441,51.5829],[-0.4408,51.5861],[-0.4361,51.5879],[-0.4364,51.5892],[-0.4404,51.5944],[-0.4442,51.5974],[-0.4464,51.6006],[-0.4466,51.6031],[-0.445,51.606],[-0.4402,51.6097],[-0.4361,51.6088],[-0.4327,51.6108],[-0.4296,51.608],[-0.4247,51.6116],[-0.423,51.6104],[-0.4236,51.6114],[-0.4266,51.612],[-0.4335,51.6114],[-0.4396,51.6152],[-0.4433,51.6166],[-0.4451,51.6163],[-0.4438,51.6165],[-0.4435,51.6199],[-0.4451,51.6206],[-0.45,51.6149],[-0.4559,51.6126],[-0.4626,51.6119],[-0.4704,51.6063],[-0.4797,51.6035],[-0.4819,51.6043],[-0.4833,51.6024],[-0.4837,51.5979],[-0.4827,51.5965],[-0.4827,51.5926],[-0.4804,51.5898],[-0.4927,51.5843],[-0.5,51.5801],[-0.5038,51.5753],[-0.5052,51.5691],[-0.4974,51.5628],[-0.4936,51.5616],[-0.4932,51.5607],[-0.4942,51.5598],[-0.4891,51.5542],[-0.4861,51.5512],[-0.4834,51.5498],[-0.4831,51.5482],[-0.4817,51.5488],[-0.4805,51.5472],[-0.4798,51.5473]]}},{"type":"Feature","properties":{"routeId":"335","name":"335","direction":"1","routeType":"regular","lengthKm":8.4,"stops":22},"geometry":{"type":"LineString","coordinates":[[0.0215,51.4613],[0.0227,51.459],[0.0263,51.4594],[0.0267,51.4568],[0.0316,51.4573],[0.0309,51.4604],[0.0282,51.4615],[0.0263,51.461],[0.0262,51.462],[0.0282,51.4647],[0.0272,51.4665],[0.0293,51.4665],[0.0245,51.4745],[0.0157,51.4736],[0.0189,51.4767],[0.0199,51.4812],[0.0198,51.4844],[0.0172,51.4869],[0.0174,51.4891],[0.0121,51.4903],[0.0148,51.4929],[0.0082,51.4966],[0.0065,51.4993],[0.0034,51.4997],[0.0029,51.5006]]}},{"type":"Feature","properties":{"routeId":"337","name":"337","direction":"1","routeType":"regular","lengthKm":10.7,"stops":34},"geometry":{"type":"LineString","coordinates":[[-0.1679,51.4607],[-0.1671,51.4608],[-0.1679,51.4637],[-0.1797,51.4597],[-0.1796,51.4583],[-0.1897,51.4568],[-0.1961,51.4574],[-0.2032,51.4567],[-0.2232,51.4626],[-0.2415,51.4651],[-0.2513,51.4652],[-0.2782,51.4643],[-0.2867,51.4618],[-0.2944,51.4622],[-0.2996,51.461],[-0.303,51.4613],[-0.3021,51.4601],[-0.304,51.4594]]}},{"type":"Feature","properties":{"routeId":"336","name":"336","direction":"1","routeType":"regular","lengthKm":16.2,"stops":55},"geometry":{"type":"LineString","coordinates":[[-0.0228,51.4461],[-0.0223,51.4403],[-0.0249,51.4375],[-0.0187,51.4262],[-0.0123,51.4292],[-0.0034,51.4309],[-0.0033,51.4284],[0.0016,51.4287],[0.0022,51.426],[-0.0003,51.4253],[0.0002,51.4248],[0.0131,51.4207],[0.0157,51.4209],[0.0179,51.4195],[0.0169,51.4173],[0.0185,51.4147],[0.0155,51.413],[0.0143,51.41],[0.0143,51.409],[0.0167,51.4081],[0.0187,51.4064],[0.0188,51.4029],[0.0155,51.4025],[0.0173,51.3991],[0.0204,51.3986],[0.0257,51.3954],[0.0359,51.401],[0.0374,51.3984],[0.0458,51.399],[0.046,51.3963],[0.0446,51.3899],[0.0423,51.3892],[0.042,51.3882],[0.043,51.3874],[0.0428,51.3846],[0.0399,51.383],[0.0427,51.3792],[0.0465,51.3712],[0.0513,51.3669],[0.0532,51.3663],[0.0555,51.3675],[0.0559,51.3668]]}},{"type":"Feature","properties":{"routeId":"340","name":"340","direction":"1","routeType":"regular","lengthKm":9.9,"stops":27},"geometry":{"type":"LineString","coordinates":[[-0.2748,51.6131],[-0.2762,51.6136],[-0.2814,51.6095],[-0.2906,51.6076],[-0.3012,51.6073],[-0.3085,51.6179],[-0.3145,51.6165],[-0.3194,51.6168],[-0.3234,51.615],[-0.3313,51.6136],[-0.3336,51.6121],[-0.3391,51.6109],[-0.3402,51.6054],[-0.337,51.5979],[-0.3335,51.5947],[-0.3353,51.5944],[-0.3348,51.5928],[-0.3332,51.5919],[-0.3317,51.583],[-0.3341,51.58],[-0.3384,51.5801],[-0.3379,51.5799]]}},{"type":"Feature","properties":{"routeId":"329","name":"329","direction":"2","routeType":"regular","lengthKm":9,"stops":32},"geometry":{"type":"LineString","coordinates":[[-0.1022,51.5904],[-0.1028,51.5899],[-0.1088,51.5948],[-0.1123,51.6023],[-0.1096,51.6109],[-0.1096,51.6158],[-0.1091,51.6177],[-0.1045,51.6231],[-0.0994,51.6259],[-0.0967,51.6307],[-0.0946,51.6323],[-0.0936,51.6351],[-0.0905,51.6365],[-0.0833,51.636],[-0.0804,51.6379],[-0.0789,51.6412],[-0.0818,51.6448],[-0.0797,51.6471],[-0.0802,51.6505],[-0.0848,51.6508],[-0.0869,51.6517],[-0.0861,51.6529]]}},{"type":"Feature","properties":{"routeId":"333","name":"333","direction":"1","routeType":"regular","lengthKm":11.7,"stops":43},"geometry":{"type":"LineString","coordinates":[[-0.1668,51.4271],[-0.1605,51.423],[-0.147,51.4195],[-0.1418,51.4243],[-0.1319,51.4285],[-0.1297,51.4305],[-0.1277,51.4371],[-0.1246,51.442],[-0.1241,51.4483],[-0.1143,51.4646],[-0.1165,51.4657],[-0.1224,51.4723],[-0.1009,51.493],[-0.1012,51.4953],[-0.0998,51.4964]]}},{"type":"Feature","properties":{"routeId":"328","name":"328","direction":"2","routeType":"regular","lengthKm":13.1,"stops":50},"geometry":{"type":"LineString","coordinates":[[-0.178,51.4831],[-0.1833,51.4812],[-0.1925,51.4887],[-0.202,51.494],[-0.1967,51.4959],[-0.1987,51.499],[-0.1911,51.5022],[-0.1922,51.5041],[-0.1936,51.5046],[-0.1953,51.5091],[-0.1972,51.5091],[-0.1976,51.5125],[-0.195,51.5149],[-0.1964,51.5191],[-0.1985,51.5186],[-0.2018,51.5235],[-0.2012,51.5244],[-0.1975,51.5252],[-0.1972,51.5277],[-0.1966,51.5276],[-0.1923,51.5331],[-0.1938,51.5346],[-0.1922,51.5369],[-0.1954,51.5397],[-0.1922,51.5412],[-0.1932,51.5425],[-0.1912,51.5463],[-0.1914,51.5506],[-0.1931,51.5526],[-0.1969,51.5548],[-0.1958,51.5577],[-0.197,51.5598],[-0.1973,51.5628],[-0.1949,51.568],[-0.1955,51.5716],[-0.1948,51.5721]]}},{"type":"Feature","properties":{"routeId":"331","name":"331","direction":"2","routeType":"regular","lengthKm":22.1,"stops":49},"geometry":{"type":"LineString","coordinates":[[-0.4785,51.5466],[-0.4793,51.5475],[-0.4805,51.5472],[-0.4816,51.5486],[-0.4835,51.5476],[-0.4835,51.5497],[-0.4861,51.5512],[-0.4944,51.5598],[-0.4981,51.561],[-0.4979,51.5632],[-0.5061,51.5694],[-0.5037,51.5754],[-0.5,51.5801],[-0.4927,51.5843],[-0.4804,51.5898],[-0.4827,51.5925],[-0.4827,51.5965],[-0.4837,51.5978],[-0.4833,51.6024],[-0.482,51.6044],[-0.4797,51.6035],[-0.4704,51.6063],[-0.4626,51.6119],[-0.4559,51.6126],[-0.4501,51.6148],[-0.4451,51.6206],[-0.4435,51.6199],[-0.4433,51.6166],[-0.4451,51.6163],[-0.4438,51.6165],[-0.4438,51.6172],[-0.4335,51.6116],[-0.4272,51.6121],[-0.4236,51.6114],[-0.423,51.6103],[-0.4247,51.6116],[-0.4296,51.608],[-0.4327,51.6108],[-0.4361,51.6088],[-0.4402,51.6097],[-0.4447,51.6064],[-0.4467,51.602],[-0.4451,51.5985],[-0.4404,51.5944],[-0.4366,51.5896],[-0.4361,51.5879],[-0.4411,51.5859],[-0.4441,51.5829],[-0.4363,51.5806],[-0.4319,51.5808],[-0.4313,51.5789],[-0.427,51.5769],[-0.4225,51.5722],[-0.4214,51.572]]}},{"type":"Feature","properties":{"routeId":"337","name":"337","direction":"2","routeType":"regular","lengthKm":11.3,"stops":35},"geometry":{"type":"LineString","coordinates":[[-0.3046,51.4592],[-0.3064,51.4597],[-0.3036,51.4613],[-0.2996,51.461],[-0.2944,51.4622],[-0.2869,51.4618],[-0.2782,51.4643],[-0.2513,51.4652],[-0.2415,51.4651],[-0.2226,51.4625],[-0.2116,51.4596],[-0.2047,51.4568],[-0.1987,51.457],[-0.196,51.4584],[-0.1907,51.4592],[-0.1897,51.4569],[-0.1852,51.4577],[-0.1678,51.4638],[-0.1671,51.4608],[-0.1706,51.4601]]}},{"type":"Feature","properties":{"routeId":"340","name":"340","direction":"2","routeType":"regular","lengthKm":9.7,"stops":28},"geometry":{"type":"LineString","coordinates":[[-0.3374,51.5799],[-0.3341,51.58],[-0.3319,51.5828],[-0.3321,51.5874],[-0.3334,51.5918],[-0.3351,51.5928],[-0.3351,51.5957],[-0.337,51.5979],[-0.3386,51.601],[-0.3387,51.603],[-0.34,51.6049],[-0.3397,51.6109],[-0.3336,51.6121],[-0.3319,51.6136],[-0.3234,51.615],[-0.3194,51.6168],[-0.3145,51.6165],[-0.3081,51.618],[-0.3012,51.6073],[-0.2906,51.6076],[-0.2816,51.6095],[-0.2782,51.6114],[-0.2762,51.6136],[-0.2756,51.6133]]}},{"type":"Feature","properties":{"routeId":"339","name":"339","direction":"1","routeType":"regular","lengthKm":13.5,"stops":39},"geometry":{"type":"LineString","coordinates":[[0.0065,51.5674],[0.0023,51.5662],[0.0034,51.5637],[0,51.5608],[0.0045,51.5597],[0.0069,51.5581],[0.0052,51.5543],[0.0056,51.5526],[-0.005,51.5508],[-0.0031,51.549],[-0.0082,51.5472],[-0.0082,51.5455],[-0.0039,51.5455],[-0.004,51.5429],[-0.0073,51.5404],[-0.0084,51.5385],[-0.0093,51.539],[-0.008,51.5402],[-0.0077,51.5387],[-0.0113,51.536],[-0.014,51.5358],[-0.0186,51.537],[-0.0199,51.5386],[-0.0181,51.5414],[-0.0202,51.5411],[-0.0256,51.538],[-0.0221,51.5361],[-0.0225,51.5334],[-0.0303,51.5299],[-0.0323,51.5324],[-0.0402,51.5309],[-0.0347,51.525],[-0.04,51.523],[-0.0386,51.5181],[-0.0427,51.5178],[-0.0426,51.5168],[-0.0441,51.5166],[-0.053,51.5172],[-0.0536,51.5121],[-0.0564,51.512]]}},{"type":"Feature","properties":{"routeId":"341","name":"341","direction":"1","routeType":"regular","lengthKm":17.3,"stops":55},"geometry":{"type":"LineString","coordinates":[[-0.0471,51.6091],[-0.0496,51.6093],[-0.0499,51.6073],[-0.0543,51.6079],[-0.0547,51.6034],[-0.0559,51.6035],[-0.0549,51.6023],[-0.056,51.5997],[-0.0681,51.5986],[-0.0705,51.5885],[-0.0773,51.5895],[-0.0838,51.5884],[-0.0869,51.5863],[-0.0893,51.5864],[-0.0917,51.5816],[-0.0996,51.5814],[-0.0984,51.575],[-0.0943,51.5685],[-0.0903,51.556],[-0.0878,51.553],[-0.0845,51.5519],[-0.0871,51.5497],[-0.0877,51.5483],[-0.0866,51.5474],[-0.0878,51.5456],[-0.1039,51.5356],[-0.1062,51.5326],[-0.1053,51.53],[-0.1105,51.5254],[-0.1063,51.5211],[-0.1043,51.5142],[-0.1084,51.5142],[-0.1145,51.5128],[-0.1167,51.5133],[-0.1189,51.5123],[-0.1191,51.5112],[-0.1115,51.5036]]}},{"type":"Feature","properties":{"routeId":"336","name":"336","direction":"2","routeType":"regular","lengthKm":16.7,"stops":56},"geometry":{"type":"LineString","coordinates":[[0.0559,51.3668],[0.055,51.3672],[0.0531,51.3661],[0.0516,51.3667],[0.0462,51.3714],[0.0431,51.3784],[0.0399,51.383],[0.0428,51.3846],[0.043,51.3874],[0.042,51.3882],[0.0423,51.3892],[0.0446,51.3899],[0.046,51.3963],[0.0458,51.399],[0.0374,51.3984],[0.0359,51.401],[0.0257,51.3954],[0.0199,51.3985],[0.0174,51.399],[0.0154,51.4024],[0.0187,51.4029],[0.0185,51.4063],[0.0154,51.406],[0.0139,51.4079],[0.0144,51.4116],[0.0176,51.4151],[0.0169,51.4173],[0.0179,51.4195],[0.0157,51.4209],[0.0133,51.4207],[0.0002,51.4248],[-0.0003,51.4253],[0.0048,51.4259],[0.0049,51.4265],[0.0022,51.4285],[-0.0009,51.4286],[-0.0021,51.431],[-0.0123,51.4291],[-0.0187,51.4261],[-0.0249,51.4375],[-0.0232,51.44],[-0.0205,51.4398],[-0.0201,51.4446],[-0.0241,51.4447]]}},{"type":"Feature","properties":{"routeId":"335","name":"335","direction":"2","routeType":"regular","lengthKm":8.6,"stops":22},"geometry":{"type":"LineString","coordinates":[[0.0029,51.5003],[0.0058,51.4989],[0.0065,51.4993],[0.0082,51.4966],[0.0148,51.4929],[0.012,51.4903],[0.0176,51.4891],[0.0174,51.4872],[0.0182,51.4864],[0.0171,51.4864],[0.0172,51.4858],[0.0199,51.484],[0.0192,51.4779],[0.0207,51.4779],[0.016,51.4738],[0.0215,51.4742],[0.0246,51.4683],[0.0281,51.4654],[0.0274,51.463],[0.0262,51.462],[0.0263,51.461],[0.0282,51.4615],[0.0309,51.4604],[0.0316,51.4573],[0.0267,51.4568],[0.0263,51.4594],[0.0227,51.459],[0.0211,51.4629],[0.0215,51.4613]]}},{"type":"Feature","properties":{"routeId":"350","name":"350","direction":"1","routeType":"regular","lengthKm":12.8,"stops":29},"geometry":{"type":"LineString","coordinates":[[-0.4247,51.5004],[-0.4207,51.5033],[-0.4187,51.5071],[-0.4238,51.5104],[-0.4245,51.5124],[-0.4269,51.5127],[-0.4307,51.5145],[-0.437,51.5142],[-0.4343,51.5129],[-0.4355,51.5096],[-0.4398,51.5097],[-0.4446,51.5087],[-0.4465,51.5094],[-0.4476,51.5118],[-0.4526,51.5112],[-0.4571,51.5118],[-0.4598,51.5111],[-0.473,51.5113],[-0.4739,51.5104],[-0.4725,51.5102],[-0.4741,51.5101],[-0.4738,51.5089],[-0.4705,51.5068],[-0.4696,51.5052],[-0.4672,51.5043],[-0.4667,51.5026],[-0.4686,51.4983],[-0.4693,51.4923],[-0.4762,51.489],[-0.4766,51.4817],[-0.4889,51.4835],[-0.4929,51.4828],[-0.4946,51.4796],[-0.4937,51.4783],[-0.4946,51.4761],[-0.4918,51.4755],[-0.4897,51.4731]]}},{"type":"Feature","properties":{"routeId":"343","name":"343","direction":"1","routeType":"twentyfour","lengthKm":13.2,"stops":41},"geometry":{"type":"LineString","coordinates":[[-0.0732,51.5099],[-0.0775,51.5024],[-0.0859,51.5057],[-0.0887,51.5059],[-0.0933,51.5011],[-0.0973,51.4989],[-0.1011,51.4955],[-0.1005,51.4936],[-0.0981,51.4919],[-0.094,51.4928],[-0.0882,51.4911],[-0.0824,51.4852],[-0.086,51.4839],[-0.0854,51.4784],[-0.081,51.4775],[-0.0786,51.476],[-0.0775,51.4742],[-0.0704,51.4734],[-0.0656,51.4739],[-0.0656,51.4724],[-0.0697,51.4716],[-0.066,51.4669],[-0.0661,51.4652],[-0.0648,51.4628],[-0.0503,51.4562],[-0.0473,51.4578],[-0.0448,51.4566],[-0.0434,51.4592],[-0.0441,51.4682],[-0.0403,51.4716],[-0.041,51.4742]]}},{"type":"Feature","properties":{"routeId":"346","name":"346","direction":"1","routeType":"regular","lengthKm":15.4,"stops":40},"geometry":{"type":"LineString","coordinates":[[0.2435,51.6056],[0.2405,51.6083],[0.2338,51.6096],[0.2203,51.608],[0.2136,51.6059],[0.2195,51.601],[0.2217,51.6003],[0.2182,51.598],[0.2217,51.5952],[0.2194,51.5945],[0.221,51.5924],[0.22,51.592],[0.2202,51.5928],[0.2201,51.5921],[0.2248,51.5904],[0.228,51.5935],[0.2326,51.5936],[0.2335,51.5894],[0.2404,51.5913],[0.2528,51.5904],[0.2529,51.5812],[0.2538,51.5791],[0.2557,51.5787],[0.2576,51.5748],[0.2565,51.5682],[0.2519,51.5627],[0.2494,51.5563],[0.2588,51.5575],[0.2662,51.5572],[0.2671,51.5619],[0.2718,51.5631],[0.2773,51.5698],[0.2707,51.571]]}},{"type":"Feature","properties":{"routeId":"349","name":"349","direction":"1","routeType":"regular","lengthKm":9.3,"stops":31},"geometry":{"type":"LineString","coordinates":[[-0.0487,51.6486],[-0.0464,51.6484],[-0.047,51.6466],[-0.0465,51.6438],[-0.0481,51.6392],[-0.0545,51.6325],[-0.056,51.6304],[-0.057,51.6268],[-0.0606,51.6245],[-0.0651,51.6115],[-0.0681,51.6074],[-0.0681,51.5975],[-0.0696,51.5938],[-0.0732,51.5779],[-0.0724,51.5741],[-0.0675,51.574],[-0.0671,51.5731]]}},{"type":"Feature","properties":{"routeId":"345","name":"345","direction":"1","routeType":"regular","lengthKm":14.6,"stops":51},"geometry":{"type":"LineString","coordinates":[[-0.0676,51.4734],[-0.0656,51.4739],[-0.0656,51.4724],[-0.0697,51.472],[-0.0699,51.4733],[-0.0758,51.4743],[-0.0875,51.4735],[-0.0923,51.4741],[-0.0932,51.4729],[-0.0921,51.4723],[-0.0943,51.4706],[-0.0975,51.4692],[-0.103,51.4656],[-0.1034,51.4646],[-0.1077,51.463],[-0.1108,51.465],[-0.1145,51.4648],[-0.1165,51.4657],[-0.1224,51.4723],[-0.1276,51.4682],[-0.13,51.4651],[-0.1391,51.4611],[-0.149,51.4613],[-0.1505,51.4663],[-0.1679,51.4637],[-0.1717,51.47],[-0.1657,51.4721],[-0.1659,51.4739],[-0.1735,51.4822],[-0.1791,51.4871],[-0.1718,51.4918],[-0.1747,51.4941],[-0.1751,51.4956],[-0.1763,51.4955]]}},{"type":"Feature","properties":{"routeId":"352","name":"352","direction":"1","routeType":"regular","lengthKm":13.6,"stops":43},"geometry":{"type":"LineString","coordinates":[[0.0163,51.4082],[0.0186,51.4066],[0.0188,51.4029],[0.0155,51.4025],[0.0173,51.3991],[0.015,51.3985],[0.0148,51.3964],[0.0125,51.3937],[0.0133,51.3895],[0.0061,51.3899],[0.0024,51.388],[-0.0031,51.3831],[-0.0068,51.3818],[-0.0096,51.3822],[-0.013,51.3812],[-0.0128,51.3828],[-0.0094,51.3843],[-0.0109,51.3891],[-0.0153,51.3959],[-0.0164,51.3987],[-0.0194,51.3991],[-0.0287,51.3967],[-0.0303,51.3987],[-0.0309,51.4016],[-0.0294,51.4065],[-0.0322,51.4072],[-0.03,51.4107],[-0.0342,51.4115],[-0.035,51.4138],[-0.0333,51.4143],[-0.0336,51.4169],[-0.0278,51.4158],[-0.0258,51.4206],[-0.027,51.4224],[-0.0316,51.4242],[-0.0319,51.4279],[-0.0375,51.4287],[-0.0376,51.4307],[-0.0346,51.4307]]}},{"type":"Feature","properties":{"routeId":"350","name":"350","direction":"2","routeType":"regular","lengthKm":13.7,"stops":30},"geometry":{"type":"LineString","coordinates":[[-0.4897,51.4722],[-0.4897,51.4702],[-0.4911,51.4694],[-0.4948,51.4751],[-0.4937,51.4783],[-0.4951,51.4791],[-0.4929,51.4836],[-0.4766,51.4819],[-0.4762,51.489],[-0.4693,51.4923],[-0.4686,51.4983],[-0.4667,51.5027],[-0.4672,51.5043],[-0.4695,51.5051],[-0.4705,51.5068],[-0.4738,51.5089],[-0.4741,51.5101],[-0.4725,51.5103],[-0.4739,51.5103],[-0.473,51.5113],[-0.4636,51.511],[-0.458,51.5118],[-0.4531,51.5113],[-0.4446,51.5119],[-0.4438,51.5087],[-0.4401,51.5097],[-0.4355,51.5098],[-0.4348,51.5106],[-0.4331,51.5099],[-0.4337,51.5126],[-0.437,51.5142],[-0.4311,51.5146],[-0.4269,51.5127],[-0.4245,51.5124],[-0.4238,51.5104],[-0.4187,51.5071],[-0.4207,51.5033],[-0.4243,51.501]]}},{"type":"Feature","properties":{"routeId":"343","name":"343","direction":"2","routeType":"twentyfour","lengthKm":13.3,"stops":44},"geometry":{"type":"LineString","coordinates":[[-0.041,51.4742],[-0.0458,51.4741],[-0.0438,51.4682],[-0.0434,51.4592],[-0.0448,51.4566],[-0.0473,51.4578],[-0.0503,51.4562],[-0.0648,51.4628],[-0.0667,51.4624],[-0.0659,51.4668],[-0.0696,51.4713],[-0.0699,51.4733],[-0.0775,51.4742],[-0.0786,51.476],[-0.0811,51.4775],[-0.0867,51.4789],[-0.0854,51.4793],[-0.0862,51.4839],[-0.0826,51.4854],[-0.0882,51.4911],[-0.094,51.4928],[-0.0981,51.4919],[-0.0989,51.493],[-0.1007,51.4935],[-0.1011,51.4955],[-0.0973,51.4989],[-0.0931,51.5014],[-0.0885,51.5061],[-0.0773,51.5028],[-0.0743,51.5073],[-0.0739,51.5093],[-0.0751,51.5107]]}},{"type":"Feature","properties":{"routeId":"341","name":"341","direction":"2","routeType":"regular","lengthKm":17.2,"stops":57},"geometry":{"type":"LineString","coordinates":[[-0.1117,51.5037],[-0.114,51.5046],[-0.1192,51.5112],[-0.1189,51.5122],[-0.117,51.5133],[-0.1045,51.5142],[-0.1063,51.5211],[-0.1106,51.5252],[-0.1053,51.53],[-0.1062,51.533],[-0.104,51.5355],[-0.0876,51.5458],[-0.0866,51.5474],[-0.0877,51.5483],[-0.0856,51.5519],[-0.0879,51.5531],[-0.0903,51.556],[-0.0943,51.5685],[-0.0983,51.5747],[-0.0998,51.5824],[-0.0945,51.5813],[-0.0917,51.5816],[-0.0893,51.5864],[-0.0869,51.5863],[-0.084,51.5883],[-0.0773,51.5895],[-0.0706,51.5885],[-0.0681,51.5986],[-0.0559,51.6],[-0.0547,51.603],[-0.0545,51.6079],[-0.0499,51.6073],[-0.0497,51.6094],[-0.0475,51.6091]]}},{"type":"Feature","properties":{"routeId":"349","name":"349","direction":"2","routeType":"regular","lengthKm":9.5,"stops":36},"geometry":{"type":"LineString","coordinates":[[-0.0671,51.5731],[-0.0686,51.5725],[-0.0726,51.5734],[-0.0723,51.575],[-0.0732,51.5776],[-0.0723,51.5838],[-0.0681,51.5974],[-0.068,51.6076],[-0.0651,51.6115],[-0.0607,51.625],[-0.0577,51.6256],[-0.0552,51.6314],[-0.0481,51.6392],[-0.0464,51.6447],[-0.047,51.6466],[-0.0464,51.6484],[-0.0481,51.6486]]}},{"type":"Feature","properties":{"routeId":"346","name":"346","direction":"2","routeType":"regular","lengthKm":17.1,"stops":48},"geometry":{"type":"LineString","coordinates":[[0.2707,51.571],[0.27,51.5683],[0.2685,51.5685],[0.2695,51.5725],[0.271,51.5724],[0.2708,51.5714],[0.2736,51.5709],[0.2733,51.5703],[0.2773,51.5698],[0.2718,51.5631],[0.2671,51.5619],[0.2662,51.5572],[0.2591,51.5575],[0.249,51.5561],[0.2519,51.5627],[0.2565,51.5682],[0.2567,51.5723],[0.2576,51.5748],[0.2557,51.5787],[0.2538,51.579],[0.2529,51.5812],[0.2528,51.5904],[0.2404,51.5913],[0.2335,51.5894],[0.2326,51.5936],[0.228,51.5935],[0.2248,51.5904],[0.2209,51.5923],[0.22,51.592],[0.2202,51.5928],[0.2201,51.592],[0.221,51.5924],[0.2193,51.5946],[0.2215,51.5955],[0.2182,51.598],[0.2217,51.6003],[0.2192,51.6012],[0.2136,51.6059],[0.2228,51.6085],[0.2335,51.6096],[0.2378,51.609],[0.238,51.6037],[0.2438,51.6036],[0.2435,51.6056]]}},{"type":"Feature","properties":{"routeId":"345","name":"345","direction":"2","routeType":"regular","lengthKm":14.5,"stops":53},"geometry":{"type":"LineString","coordinates":[[-0.1763,51.4955],[-0.1777,51.4954],[-0.1774,51.494],[-0.1746,51.4941],[-0.1718,51.4918],[-0.1791,51.4871],[-0.1667,51.4749],[-0.1635,51.4748],[-0.1626,51.4728],[-0.1716,51.4701],[-0.1704,51.4672],[-0.1676,51.4639],[-0.1505,51.4663],[-0.149,51.4613],[-0.1391,51.4611],[-0.1299,51.4651],[-0.1277,51.4681],[-0.1225,51.4724],[-0.1165,51.4657],[-0.1145,51.4648],[-0.1108,51.465],[-0.1077,51.463],[-0.1034,51.4646],[-0.103,51.4656],[-0.0975,51.4692],[-0.0943,51.4706],[-0.0931,51.472],[-0.0931,51.4741],[-0.0867,51.4735],[-0.0755,51.4743],[-0.0704,51.4734],[-0.0669,51.4736]]}},{"type":"Feature","properties":{"routeId":"352","name":"352","direction":"2","routeType":"regular","lengthKm":14,"stops":46},"geometry":{"type":"LineString","coordinates":[[-0.0351,51.4307],[-0.0372,51.4306],[-0.0374,51.4296],[-0.0319,51.4279],[-0.0316,51.4242],[-0.027,51.4224],[-0.0258,51.4206],[-0.0278,51.4158],[-0.0336,51.4169],[-0.0333,51.4143],[-0.035,51.4138],[-0.0342,51.4115],[-0.03,51.4107],[-0.0319,51.4072],[-0.0294,51.4065],[-0.0308,51.4018],[-0.0303,51.3987],[-0.0287,51.3967],[-0.0182,51.3993],[-0.0164,51.3987],[-0.0109,51.3891],[-0.0094,51.3843],[-0.0128,51.3828],[-0.013,51.3812],[-0.0096,51.3822],[-0.0066,51.3818],[-0.0034,51.383],[0.0024,51.388],[0.0061,51.3899],[0.0133,51.3895],[0.0125,51.3937],[0.0148,51.3964],[0.0148,51.3984],[0.0173,51.3991],[0.0154,51.4024],[0.0187,51.4029],[0.0185,51.4063],[0.0154,51.406],[0.0139,51.408],[0.0143,51.409],[0.0155,51.4084],[0.0167,51.409]]}},{"type":"Feature","properties":{"routeId":"353","name":"353","direction":"1","routeType":"regular","lengthKm":16.9,"stops":42},"geometry":{"type":"LineString","coordinates":[[0.121,51.3756],[0.1197,51.3742],[0.1181,51.3744],[0.1174,51.3737],[0.1159,51.3743],[0.1158,51.3773],[0.1088,51.3783],[0.1085,51.3807],[0.1073,51.3821],[0.1039,51.3807],[0.1018,51.3788],[0.0977,51.3731],[0.0915,51.3718],[0.0887,51.3727],[0.0687,51.3734],[0.0531,51.3661],[0.0448,51.3674],[0.025,51.3676],[0.0232,51.371],[0.0175,51.3774],[0.0104,51.3779],[0.0113,51.3767],[0.0106,51.3758],[0.0074,51.376],[0.0021,51.3743],[-0.0012,51.3711],[-0.0059,51.3682],[-0.0211,51.3631],[-0.0314,51.3569],[-0.0334,51.3566],[-0.0319,51.3563],[-0.0331,51.3565],[-0.0319,51.3563],[-0.0318,51.3569],[-0.0329,51.3568],[-0.0363,51.3549],[-0.0378,51.3521],[-0.0352,51.3479],[-0.0379,51.3413]]}},{"type":"Feature","properties":{"routeId":"355","name":"355","direction":"1","routeType":"regular","lengthKm":10.3,"stops":38},"geometry":{"type":"LineString","coordinates":[[-0.1612,51.4028],[-0.1641,51.4055],[-0.1641,51.4066],[-0.1617,51.4108],[-0.1621,51.4187],[-0.1604,51.4218],[-0.1605,51.423],[-0.1681,51.428],[-0.1628,51.4338],[-0.157,51.4376],[-0.154,51.4422],[-0.1496,51.4465],[-0.1482,51.4486],[-0.1472,51.454],[-0.1427,51.4527],[-0.1418,51.4509],[-0.1319,51.4478],[-0.1295,51.4546],[-0.1292,51.4598],[-0.1209,51.4599],[-0.1158,51.4612],[-0.1153,51.4624]]}},{"type":"Feature","properties":{"routeId":"354","name":"354","direction":"1","routeType":"regular","lengthKm":11,"stops":37},"geometry":{"type":"LineString","coordinates":[[-0.0537,51.4157],[-0.0605,51.4183],[-0.063,51.4165],[-0.0668,51.4155],[-0.068,51.4128],[-0.0641,51.41],[-0.0599,51.409],[-0.0533,51.4018],[-0.0457,51.4063],[-0.0428,51.4092],[-0.0296,51.4065],[-0.0256,51.4077],[-0.0252,51.4116],[-0.0242,51.4132],[-0.0121,51.4123],[-0.0091,51.4131],[-0.0064,51.41],[-0.0041,51.4102],[-0.0023,51.4092],[-0.0055,51.4126],[0,51.4124],[0.0015,51.4118],[0.0061,51.4072],[0.0081,51.4066],[0.0116,51.4073],[0.0145,51.4056],[0.0155,51.4063],[0.0139,51.4078],[0.0143,51.409],[0.0155,51.4084],[0.0167,51.409]]}},{"type":"Feature","properties":{"routeId":"356","name":"356","direction":"1","routeType":"regular","lengthKm":16.1,"stops":51},"geometry":{"type":"LineString","coordinates":[[-0.0651,51.4358],[-0.0668,51.4339],[-0.0729,51.4321],[-0.0618,51.4306],[-0.0596,51.431],[-0.0626,51.435],[-0.0637,51.4383],[-0.0614,51.4405],[-0.0584,51.4406],[-0.054,51.4391],[-0.0537,51.4402],[-0.0524,51.4402],[-0.0529,51.4385],[-0.0511,51.4364],[-0.0466,51.4351],[-0.043,51.4352],[-0.0421,51.4334],[-0.0379,51.4308],[-0.0316,51.4309],[-0.0372,51.4306],[-0.0375,51.4286],[-0.044,51.4258],[-0.0415,51.4211],[-0.0449,51.4165],[-0.0509,51.4143],[-0.0573,51.4098],[-0.0676,51.4046],[-0.0637,51.4024],[-0.0572,51.4059],[-0.0515,51.4001],[-0.0494,51.3989],[-0.0469,51.3982],[-0.0431,51.3991],[-0.0436,51.3977],[-0.0428,51.3953],[-0.04,51.3919],[-0.0335,51.3921],[-0.027,51.3902],[-0.0237,51.3865],[-0.0254,51.3849],[-0.0279,51.3786],[-0.0296,51.3772],[-0.0292,51.3775]]}},{"type":"Feature","properties":{"routeId":"357","name":"357","direction":"1","routeType":"regular","lengthKm":9.2,"stops":33},"geometry":{"type":"LineString","coordinates":[[0.0089,51.6198],[0.0085,51.6201],[0.0088,51.6186],[0.0004,51.6191],[-0.0027,51.6182],[-0.0175,51.617],[-0.018,51.6103],[-0.0171,51.6084],[-0.0166,51.6015],[-0.0158,51.6008],[-0.0154,51.5972],[-0.0161,51.5946],[-0.0183,51.5935],[-0.0174,51.5902],[-0.0199,51.5889],[-0.0208,51.5875],[-0.0184,51.583],[-0.0183,51.5798],[-0.0156,51.5765],[-0.0131,51.5755],[0.0014,51.5818],[0.0031,51.5802],[0.0002,51.5793],[0.0027,51.5774]]}},{"type":"Feature","properties":{"routeId":"354","name":"354","direction":"2","routeType":"regular","lengthKm":11,"stops":39},"geometry":{"type":"LineString","coordinates":[[0.0167,51.4082],[0.0187,51.4063],[0.0145,51.4056],[0.0116,51.4073],[0.0081,51.4066],[0.0061,51.4072],[0.0015,51.4118],[0,51.4124],[-0.0055,51.4126],[-0.0023,51.4092],[-0.0041,51.4102],[-0.0064,51.41],[-0.0091,51.4131],[-0.0113,51.4123],[-0.0242,51.4132],[-0.0252,51.4116],[-0.0256,51.4077],[-0.0292,51.4065],[-0.0428,51.4092],[-0.0457,51.4063],[-0.0533,51.4018],[-0.0599,51.409],[-0.0637,51.4098],[-0.068,51.4128],[-0.0672,51.4151],[-0.0659,51.4158],[-0.0671,51.4165],[-0.0614,51.4187],[-0.0544,51.416]]}},{"type":"Feature","properties":{"routeId":"353","name":"353","direction":"2","routeType":"regular","lengthKm":16.9,"stops":44},"geometry":{"type":"LineString","coordinates":[[-0.0376,51.3392],[-0.0374,51.3437],[-0.0352,51.3479],[-0.038,51.352],[-0.036,51.3554],[-0.0343,51.3564],[-0.0319,51.3563],[-0.0331,51.3565],[-0.0319,51.3563],[-0.032,51.3576],[-0.0274,51.3591],[-0.0211,51.3631],[-0.0056,51.3685],[0.0021,51.3743],[0.0076,51.376],[0.0105,51.3758],[0.0111,51.3769],[0.0102,51.3779],[0.0175,51.3774],[0.0232,51.371],[0.025,51.3676],[0.0448,51.3674],[0.0532,51.3663],[0.0687,51.3734],[0.0886,51.3727],[0.0913,51.3718],[0.0974,51.3733],[0.1032,51.3799],[0.1022,51.3813],[0.103,51.3824],[0.1063,51.3818],[0.108,51.3823],[0.1089,51.3782],[0.1216,51.3767],[0.121,51.3756]]}},{"type":"Feature","properties":{"routeId":"355","name":"355","direction":"2","routeType":"regular","lengthKm":11.5,"stops":37},"geometry":{"type":"LineString","coordinates":[[-0.1138,51.4656],[-0.1157,51.461],[-0.1156,51.4592],[-0.1167,51.4594],[-0.1163,51.4611],[-0.1222,51.4597],[-0.1292,51.4598],[-0.1294,51.4547],[-0.1319,51.4477],[-0.142,51.451],[-0.1425,51.4526],[-0.1464,51.4541],[-0.1477,51.4523],[-0.1482,51.4486],[-0.1498,51.4462],[-0.1551,51.4408],[-0.157,51.4376],[-0.1628,51.4338],[-0.1678,51.4282],[-0.1628,51.424],[-0.1604,51.4229],[-0.1621,51.4188],[-0.1614,51.4109],[-0.1641,51.4066],[-0.1641,51.4055],[-0.1611,51.4034],[-0.1602,51.4007],[-0.1606,51.4015]]}},{"type":"Feature","properties":{"routeId":"362","name":"362","direction":"1","routeType":"regular","lengthKm":12.5,"stops":32},"geometry":{"type":"LineString","coordinates":[[0.0943,51.6139],[0.0963,51.6112],[0.1005,51.6124],[0.1039,51.6121],[0.1075,51.613],[0.1105,51.6079],[0.1216,51.6134],[0.1366,51.6037],[0.1419,51.5966],[0.1427,51.5932],[0.1419,51.5908],[0.1379,51.5901],[0.1341,51.5878],[0.1366,51.5837],[0.1414,51.5827],[0.1408,51.5749],[0.1421,51.5722],[0.1354,51.5717],[0.1193,51.5685],[0.119,51.5692],[0.1204,51.5709],[0.1204,51.5731],[0.1221,51.5767],[0.121,51.5796],[0.118,51.5811],[0.1155,51.5803],[0.1145,51.5784],[0.1111,51.5795]]}},{"type":"Feature","properties":{"routeId":"360","name":"360","direction":"1","routeType":"regular","lengthKm":10.2,"stops":31},"geometry":{"type":"LineString","coordinates":[[-0.0999,51.4963],[-0.1012,51.495],[-0.1077,51.4974],[-0.1115,51.4965],[-0.1109,51.4947],[-0.1112,51.4893],[-0.1217,51.4924],[-0.1234,51.4865],[-0.122,51.486],[-0.1233,51.4844],[-0.1246,51.4843],[-0.1238,51.4862],[-0.1315,51.4895],[-0.145,51.4873],[-0.1456,51.4857],[-0.1488,51.4857],[-0.1501,51.4858],[-0.1569,51.4903],[-0.1576,51.4924],[-0.1594,51.4917],[-0.1601,51.4927],[-0.1631,51.4911],[-0.169,51.4935],[-0.1718,51.492],[-0.1747,51.4941],[-0.1736,51.4952],[-0.1747,51.5017],[-0.1802,51.5015],[-0.1799,51.4997],[-0.179,51.4997]]}},{"type":"Feature","properties":{"routeId":"359","name":"359","direction":"1","routeType":"regular","lengthKm":10.6,"stops":33},"geometry":{"type":"LineString","coordinates":[[-0.1157,51.3393],[-0.1169,51.3386],[-0.1156,51.3375],[-0.1141,51.3402],[-0.1044,51.3454],[-0.1048,51.3439],[-0.0903,51.3381],[-0.0817,51.3376],[-0.0772,51.3362],[-0.0729,51.339],[-0.0685,51.3402],[-0.0575,51.346],[-0.0432,51.3493],[-0.046,51.3504],[-0.0471,51.3491],[-0.0497,51.3485],[-0.0529,51.3525],[-0.0563,51.3524],[-0.0545,51.3497],[-0.0512,51.3482],[-0.0472,51.349],[-0.046,51.3504],[-0.0432,51.3493],[-0.0384,51.3517],[-0.036,51.3554],[-0.0326,51.3563]]}},{"type":"Feature","properties":{"routeId":"357","name":"357","direction":"2","routeType":"regular","lengthKm":9.2,"stops":28},"geometry":{"type":"LineString","coordinates":[[0.0037,51.5766],[0.0002,51.5793],[0.0031,51.5802],[0.0014,51.5818],[-0.0069,51.5784],[-0.0076,51.5778],[-0.0076,51.5757],[-0.0098,51.5739],[-0.0156,51.5765],[-0.0177,51.5789],[-0.0183,51.5829],[-0.0208,51.5877],[-0.0174,51.5902],[-0.0183,51.5935],[-0.0161,51.5946],[-0.0154,51.5976],[-0.0172,51.601],[-0.0165,51.6049],[-0.0181,51.6113],[-0.0175,51.617],[-0.0027,51.6182],[-0.0001,51.6192],[0.0061,51.6188]]}},{"type":"Feature","properties":{"routeId":"362","name":"362","direction":"2","routeType":"regular","lengthKm":12.5,"stops":30},"geometry":{"type":"LineString","coordinates":[[0.1117,51.5798],[0.1126,51.5789],[0.1149,51.5792],[0.1172,51.5817],[0.1209,51.5797],[0.1221,51.5767],[0.1204,51.5731],[0.1204,51.5709],[0.119,51.5692],[0.1193,51.5685],[0.1349,51.5716],[0.1419,51.5722],[0.1408,51.5749],[0.1414,51.5827],[0.1366,51.5837],[0.1341,51.5878],[0.1379,51.5901],[0.1419,51.5908],[0.1423,51.595],[0.1416,51.5972],[0.1366,51.6037],[0.1214,51.6133],[0.1105,51.6079],[0.1075,51.613],[0.1039,51.6121],[0.1005,51.6124],[0.0963,51.6112],[0.0939,51.6139]]}},{"type":"Feature","properties":{"routeId":"363","name":"363","direction":"1","routeType":"regular","lengthKm":11.8,"stops":39},"geometry":{"type":"LineString","coordinates":[[-0.0776,51.4218],[-0.0751,51.4257],[-0.0739,51.4263],[-0.0751,51.4289],[-0.0744,51.4305],[-0.0727,51.4323],[-0.0666,51.434],[-0.0635,51.4375],[-0.0641,51.4409],[-0.0664,51.4424],[-0.0659,51.4444],[-0.0637,51.4442],[-0.0619,51.4477],[-0.0576,51.4503],[-0.0628,51.4543],[-0.0661,51.4591],[-0.0667,51.4624],[-0.0659,51.4668],[-0.0697,51.472],[-0.0656,51.4724],[-0.0656,51.4739],[-0.0687,51.474],[-0.0713,51.4795],[-0.074,51.4814],[-0.074,51.4869],[-0.0811,51.4906],[-0.0851,51.4937],[-0.0996,51.4951],[-0.1046,51.4984],[-0.1065,51.4977]]}},{"type":"Feature","properties":{"routeId":"365","name":"365","direction":"1","routeType":"regular","lengthKm":15.4,"stops":44},"geometry":{"type":"LineString","coordinates":[[0.1679,51.5258],[0.1813,51.523],[0.1826,51.5242],[0.1846,51.5245],[0.1872,51.5275],[0.1905,51.5297],[0.191,51.5324],[0.1922,51.534],[0.198,51.5365],[0.1925,51.54],[0.1948,51.5441],[0.1998,51.5484],[0.1987,51.551],[0.207,51.5536],[0.2091,51.5587],[0.2128,51.5629],[0.2104,51.5629],[0.2041,51.5648],[0.1887,51.5648],[0.1857,51.5656],[0.1855,51.5674],[0.1841,51.5687],[0.1812,51.5686],[0.1796,51.5701],[0.1791,51.5708],[0.1807,51.5716],[0.1841,51.5719],[0.1836,51.5748],[0.1824,51.5764],[0.1857,51.5781],[0.1833,51.5804],[0.1779,51.5799],[0.1779,51.5807],[0.173,51.5851],[0.1715,51.5892],[0.1668,51.59],[0.163,51.5992],[0.1657,51.6039],[0.1656,51.6088]]}},{"type":"Feature","properties":{"routeId":"356","name":"356","direction":"2","routeType":"regular","lengthKm":16,"stops":54},"geometry":{"type":"LineString","coordinates":[[-0.0288,51.3777],[-0.024,51.3864],[-0.0271,51.3902],[-0.0338,51.3921],[-0.0402,51.392],[-0.0424,51.3947],[-0.0437,51.3982],[-0.047,51.3981],[-0.0508,51.3997],[-0.0572,51.4059],[-0.0637,51.4024],[-0.0676,51.4046],[-0.0575,51.4097],[-0.051,51.4143],[-0.0449,51.4165],[-0.0415,51.4211],[-0.044,51.4258],[-0.0376,51.4287],[-0.0376,51.4307],[-0.0316,51.4309],[-0.0379,51.4308],[-0.042,51.4333],[-0.043,51.4352],[-0.0465,51.4351],[-0.0511,51.4364],[-0.0529,51.4385],[-0.0524,51.4402],[-0.0537,51.4402],[-0.054,51.439],[-0.0584,51.4406],[-0.0614,51.4405],[-0.0637,51.4384],[-0.0626,51.435],[-0.0596,51.431],[-0.0618,51.4306],[-0.0729,51.4321],[-0.0666,51.434],[-0.0643,51.4371]]}},{"type":"Feature","properties":{"routeId":"333","name":"333","direction":"2","routeType":"regular","lengthKm":11.7,"stops":45},"geometry":{"type":"LineString","coordinates":[[-0.0993,51.497],[-0.1012,51.4953],[-0.1005,51.4933],[-0.1222,51.4724],[-0.1166,51.4659],[-0.1143,51.4646],[-0.1156,51.4613],[-0.124,51.4484],[-0.1245,51.4418],[-0.1275,51.437],[-0.1297,51.4305],[-0.1319,51.4284],[-0.1418,51.4243],[-0.147,51.4195],[-0.1606,51.423],[-0.1665,51.4269]]}},{"type":"Feature","properties":{"routeId":"344","name":"344","direction":"1","routeType":"twentyfour","lengthKm":11.3,"stops":40},"geometry":{"type":"LineString","coordinates":[[-0.17,51.4631],[-0.1678,51.4638],[-0.1716,51.4701],[-0.1602,51.4737],[-0.1487,51.4762],[-0.1367,51.482],[-0.1291,51.4846],[-0.1247,51.4853],[-0.125,51.4844],[-0.126,51.4847],[-0.1237,51.4867],[-0.121,51.4945],[-0.1081,51.4973],[-0.1092,51.4983],[-0.1048,51.4989],[-0.1009,51.4956],[-0.1001,51.4958],[-0.0996,51.4999],[-0.0959,51.5032],[-0.0957,51.5049],[-0.0908,51.5047],[-0.0887,51.5059],[-0.0867,51.5109],[-0.0856,51.5112],[-0.082,51.5159],[-0.0836,51.5163],[-0.0827,51.518]]}},{"type":"Feature","properties":{"routeId":"364","name":"364","direction":"1","routeType":"regular","lengthKm":12.7,"stops":35},"geometry":{"type":"LineString","coordinates":[[0.0769,51.5597],[0.0756,51.5594],[0.0758,51.5585],[0.0724,51.5573],[0.0716,51.5586],[0.0701,51.5585],[0.0694,51.5609],[0.0678,51.5627],[0.0708,51.5638],[0.0718,51.5625],[0.0732,51.563],[0.0722,51.5643],[0.0815,51.5688],[0.0838,51.5689],[0.0837,51.5703],[0.0955,51.5701],[0.0957,51.5711],[0.1117,51.5707],[0.1102,51.5632],[0.1187,51.5632],[0.1246,51.5618],[0.1277,51.5565],[0.1243,51.5514],[0.1305,51.5518],[0.1303,51.5513],[0.1357,51.5473],[0.1493,51.5427],[0.153,51.5428],[0.1602,51.545],[0.1655,51.5456],[0.1662,51.5439],[0.1654,51.5396],[0.1662,51.5384],[0.1652,51.5385],[0.1654,51.5395]]}},{"type":"Feature","properties":{"routeId":"358","name":"358","direction":"1","routeType":"regular","lengthKm":25.2,"stops":78},"geometry":{"type":"LineString","coordinates":[[0.0895,51.3735],[0.0903,51.3721],[0.0926,51.3718],[0.0974,51.3733],[0.0992,51.3757],[0.1025,51.375],[0.0992,51.3757],[0.0982,51.3743],[0.0949,51.3665],[0.0887,51.3603],[0.0893,51.3559],[0.0864,51.3575],[0.0819,51.3585],[0.0731,51.3596],[0.0662,51.3593],[0.051,51.367],[0.0462,51.3714],[0.0431,51.3784],[0.0351,51.3895],[0.0324,51.3918],[0.0199,51.3985],[0.0174,51.399],[0.0154,51.4024],[0.0187,51.4029],[0.0185,51.4063],[0.0145,51.4056],[0.0116,51.4073],[0.0081,51.4066],[0.0056,51.4072],[0.0013,51.4063],[-0.0005,51.4035],[-0.0067,51.3996],[-0.018,51.3992],[-0.0232,51.3946],[-0.0238,51.3864],[-0.0285,51.3909],[-0.0338,51.3921],[-0.0402,51.392],[-0.0444,51.3986],[-0.0413,51.3991],[-0.0342,51.4046],[-0.0324,51.4073],[-0.0441,51.4094],[-0.0517,51.4139],[-0.0596,51.4086],[-0.0637,51.4098],[-0.0724,51.416],[-0.0755,51.4191],[-0.0785,51.4199],[-0.0782,51.4208]]}},{"type":"Feature","properties":{"routeId":"365","name":"365","direction":"2","routeType":"regular","lengthKm":15.7,"stops":46},"geometry":{"type":"LineString","coordinates":[[0.1656,51.6088],[0.1657,51.6039],[0.1633,51.5988],[0.1668,51.59],[0.1715,51.5892],[0.173,51.5852],[0.1784,51.5802],[0.1845,51.5805],[0.1843,51.5798],[0.1862,51.5781],[0.1833,51.5763],[0.184,51.5756],[0.1834,51.5752],[0.1841,51.5718],[0.1791,51.5708],[0.1809,51.5687],[0.1839,51.569],[0.1857,51.567],[0.1858,51.5658],[0.2041,51.5648],[0.2104,51.5629],[0.2128,51.5629],[0.2091,51.5587],[0.207,51.5536],[0.1989,51.5509],[0.2001,51.5484],[0.1948,51.5441],[0.1925,51.54],[0.198,51.5365],[0.192,51.5337],[0.1901,51.5292],[0.1858,51.526],[0.1824,51.5276],[0.1821,51.5268],[0.1776,51.5281],[0.168,51.5289],[0.1663,51.5261],[0.1679,51.5258]]}},{"type":"Feature","properties":{"routeId":"339","name":"339","direction":"2","routeType":"regular","lengthKm":13.6,"stops":40},"geometry":{"type":"LineString","coordinates":[[-0.0564,51.512],[-0.0568,51.513],[-0.0535,51.513],[-0.053,51.5172],[-0.0443,51.5166],[-0.0426,51.5168],[-0.0427,51.5178],[-0.0386,51.5181],[-0.04,51.523],[-0.0349,51.525],[-0.0402,51.5309],[-0.0323,51.5324],[-0.0303,51.5299],[-0.0225,51.5334],[-0.0221,51.5361],[-0.0256,51.538],[-0.0202,51.5411],[-0.0181,51.5414],[-0.0199,51.5386],[-0.0186,51.537],[-0.014,51.5358],[-0.0113,51.536],[-0.0077,51.5387],[-0.008,51.5402],[-0.0093,51.539],[-0.0084,51.5385],[-0.0073,51.5404],[-0.0043,51.5424],[-0.0039,51.5455],[-0.0082,51.5455],[-0.0082,51.5472],[-0.0025,51.5493],[-0.0042,51.5511],[0.0056,51.5526],[0.0052,51.5544],[0.0069,51.5581],[0.0045,51.5597],[-0.0001,51.5609],[0.0034,51.5637],[0.0022,51.5661],[0.0063,51.5672],[0.0076,51.5683]]}},{"type":"Feature","properties":{"routeId":"367","name":"367","direction":"1","routeType":"regular","lengthKm":19.8,"stops":63},"geometry":{"type":"LineString","coordinates":[[-0.1011,51.3791],[-0.0998,51.3797],[-0.0983,51.3764],[-0.0954,51.3771],[-0.0939,51.3745],[-0.0906,51.3747],[-0.0915,51.3777],[-0.0868,51.3804],[-0.0774,51.3787],[-0.0653,51.3835],[-0.0635,51.3821],[-0.0612,51.3778],[-0.0535,51.3786],[-0.0538,51.3801],[-0.0497,51.3811],[-0.0495,51.3798],[-0.0482,51.3791],[-0.0529,51.3783],[-0.0511,51.3743],[-0.0453,51.3755],[-0.0421,51.38],[-0.0429,51.3827],[-0.0424,51.3839],[-0.0453,51.3873],[-0.0487,51.3887],[-0.0491,51.3908],[-0.0519,51.3933],[-0.0516,51.3944],[-0.0475,51.398],[-0.0412,51.3991],[-0.0319,51.396],[-0.0287,51.3967],[-0.0303,51.3987],[-0.0307,51.4022],[-0.0294,51.4065],[-0.0256,51.4077],[-0.0251,51.4088],[-0.0149,51.4063],[-0.0071,51.4024],[-0.0058,51.405],[-0.0015,51.403],[0.001,51.4056],[0.0047,51.4028],[0.0024,51.4026],[-0.0002,51.4011],[0.0055,51.3987],[0.0091,51.3959],[0.0173,51.3991],[0.0154,51.4024],[0.0187,51.4029],[0.0185,51.4063],[0.0154,51.406],[0.0139,51.408],[0.0143,51.409],[0.0155,51.4084],[0.0167,51.409]]}},{"type":"Feature","properties":{"routeId":"344","name":"344","direction":"2","routeType":"twentyfour","lengthKm":11.6,"stops":37},"geometry":{"type":"LineString","coordinates":[[-0.0827,51.518],[-0.0836,51.5164],[-0.0816,51.5162],[-0.0866,51.5108],[-0.0865,51.5095],[-0.0931,51.5108],[-0.095,51.5073],[-0.096,51.503],[-0.0973,51.5026],[-0.0999,51.4991],[-0.0969,51.4991],[-0.1012,51.495],[-0.1077,51.4974],[-0.1202,51.4944],[-0.1213,51.4938],[-0.123,51.4892],[-0.1234,51.4865],[-0.122,51.486],[-0.1229,51.4848],[-0.1239,51.4863],[-0.125,51.4844],[-0.1286,51.4846],[-0.1349,51.4827],[-0.1496,51.4758],[-0.1602,51.4737],[-0.1716,51.4701],[-0.1704,51.4672],[-0.1678,51.4639],[-0.1698,51.4631]]}},{"type":"Feature","properties":{"routeId":"364","name":"364","direction":"2","routeType":"regular","lengthKm":12.3,"stops":33},"geometry":{"type":"LineString","coordinates":[[0.1654,51.5397],[0.1662,51.5439],[0.1655,51.5456],[0.1602,51.545],[0.153,51.5428],[0.1493,51.5427],[0.1357,51.5473],[0.1303,51.5518],[0.1236,51.5512],[0.1276,51.5564],[0.1271,51.5578],[0.1246,51.5618],[0.1186,51.5632],[0.1102,51.5632],[0.1117,51.5707],[0.0957,51.5711],[0.0955,51.5701],[0.0837,51.5703],[0.0838,51.5689],[0.0815,51.5688],[0.0708,51.5638],[0.07,51.5646],[0.0673,51.5636],[0.0696,51.5605],[0.0708,51.5567],[0.0736,51.5572],[0.0758,51.5585],[0.0759,51.5595]]}},{"type":"Feature","properties":{"routeId":"368","name":"368","direction":"1","routeType":"regular","lengthKm":10.1,"stops":31},"geometry":{"type":"LineString","coordinates":[[0.1291,51.5702],[0.1305,51.5707],[0.1296,51.5668],[0.13,51.5617],[0.1246,51.5618],[0.1266,51.5583],[0.1218,51.5575],[0.1138,51.5516],[0.1125,51.5381],[0.1095,51.5328],[0.1057,51.5336],[0.103,51.5355],[0.0993,51.5358],[0.0913,51.5354],[0.0854,51.5342],[0.0811,51.5355],[0.0782,51.5341],[0.0761,51.5378],[0.0791,51.5383],[0.078,51.5393],[0.0788,51.5396],[0.0806,51.5388],[0.0825,51.5406],[0.079,51.5412],[0.0748,51.5403],[0.0735,51.5419],[0.0718,51.5412],[0.0713,51.5417]]}},{"type":"Feature","properties":{"routeId":"360","name":"360","direction":"2","routeType":"regular","lengthKm":9.8,"stops":28},"geometry":{"type":"LineString","coordinates":[[-0.178,51.4998],[-0.1744,51.5001],[-0.1734,51.4952],[-0.1746,51.4941],[-0.169,51.4935],[-0.1631,51.4911],[-0.1601,51.4927],[-0.157,51.4928],[-0.1576,51.4924],[-0.1569,51.4903],[-0.1501,51.4858],[-0.1456,51.4857],[-0.145,51.4873],[-0.1325,51.4889],[-0.1315,51.4897],[-0.1241,51.4865],[-0.1249,51.4845],[-0.1259,51.4844],[-0.1237,51.4867],[-0.1217,51.4924],[-0.1112,51.4893],[-0.1109,51.4947],[-0.1115,51.4965],[-0.1079,51.4974],[-0.1092,51.4984],[-0.1047,51.4989],[-0.1009,51.4956],[-0.0998,51.4964]]}},{"type":"Feature","properties":{"routeId":"370","name":"370","direction":"1","routeType":"regular","lengthKm":20.3,"stops":50},"geometry":{"type":"LineString","coordinates":[[0.1849,51.5792],[0.1862,51.578],[0.1833,51.5763],[0.184,51.5756],[0.1834,51.5752],[0.1838,51.5741],[0.1965,51.5778],[0.208,51.5784],[0.2112,51.5752],[0.2179,51.5735],[0.2196,51.5702],[0.2201,51.5623],[0.2213,51.5616],[0.2481,51.5562],[0.2494,51.5565],[0.2503,51.5587],[0.2519,51.5587],[0.2503,51.5587],[0.2474,51.553],[0.2469,51.5491],[0.2476,51.5454],[0.2513,51.5426],[0.26,51.5432],[0.262,51.5404],[0.2729,51.542],[0.2864,51.5429],[0.294,51.5444],[0.2979,51.5377],[0.2996,51.5309],[0.2993,51.5287],[0.293,51.5148],[0.293,51.507],[0.2943,51.5045],[0.2941,51.5012],[0.2964,51.5002],[0.295,51.4979],[0.2966,51.4926],[0.2849,51.4916],[0.2863,51.4923],[0.2876,51.492],[0.2876,51.4913],[0.2836,51.4908],[0.2835,51.4902]]}},{"type":"Feature","properties":{"routeId":"372","name":"372","direction":"1","routeType":"regular","lengthKm":18.3,"stops":42},"geometry":{"type":"LineString","coordinates":[[0.2207,51.5616],[0.2181,51.5628],[0.2128,51.5629],[0.2091,51.5587],[0.207,51.5536],[0.1989,51.551],[0.2001,51.5484],[0.1948,51.5441],[0.1925,51.54],[0.198,51.5365],[0.192,51.5337],[0.1901,51.5292],[0.1871,51.5275],[0.1846,51.5244],[0.1824,51.5241],[0.1814,51.523],[0.1905,51.5219],[0.1895,51.5198],[0.1908,51.5194],[0.1892,51.5194],[0.1906,51.517],[0.1913,51.5174],[0.202,51.5154],[0.2067,51.5108],[0.213,51.5069],[0.2255,51.5062],[0.2275,51.5033],[0.2475,51.5045],[0.2475,51.5037],[0.2508,51.5021],[0.2518,51.4993],[0.2477,51.4989],[0.2471,51.4961],[0.2476,51.4939],[0.2564,51.4963],[0.2575,51.4942],[0.2611,51.492],[0.2632,51.4884],[0.2644,51.4877],[0.2688,51.4878],[0.272,51.4896],[0.2841,51.4912],[0.2865,51.4923],[0.2877,51.4917],[0.2871,51.4909],[0.2836,51.4908],[0.2835,51.4902]]}},{"type":"Feature","properties":{"routeId":"359","name":"359","direction":"2","routeType":"regular","lengthKm":10.1,"stops":31},"geometry":{"type":"LineString","coordinates":[[-0.0326,51.3565],[-0.0315,51.3566],[-0.0345,51.3561],[-0.0363,51.3549],[-0.0384,51.3517],[-0.0432,51.3493],[-0.046,51.3504],[-0.0471,51.3491],[-0.0497,51.3485],[-0.0529,51.3525],[-0.0563,51.3524],[-0.0545,51.3497],[-0.0512,51.3482],[-0.0472,51.349],[-0.046,51.3504],[-0.0432,51.3493],[-0.0576,51.346],[-0.0685,51.3402],[-0.0729,51.339],[-0.0775,51.3357],[-0.0817,51.3376],[-0.0903,51.3381],[-0.1064,51.3443],[-0.1147,51.3399]]}},{"type":"Feature","properties":{"routeId":"367","name":"367","direction":"2","routeType":"regular","lengthKm":19.1,"stops":61},"geometry":{"type":"LineString","coordinates":[[0.0163,51.4082],[0.0187,51.4062],[0.0188,51.4029],[0.0155,51.4025],[0.0173,51.3991],[0.0091,51.3959],[0.0056,51.3987],[-0.0002,51.4011],[0.0024,51.4026],[0.0047,51.4028],[0.001,51.4056],[-0.0015,51.403],[-0.0058,51.405],[-0.0071,51.4024],[-0.0149,51.4063],[-0.0251,51.4088],[-0.0256,51.4077],[-0.0294,51.4065],[-0.0309,51.4011],[-0.0303,51.3987],[-0.0287,51.3967],[-0.0316,51.396],[-0.0412,51.3991],[-0.0478,51.3977],[-0.0518,51.3941],[-0.0519,51.3933],[-0.0491,51.3908],[-0.0487,51.3887],[-0.0453,51.3872],[-0.0438,51.3847],[-0.0424,51.3839],[-0.0429,51.3826],[-0.0421,51.3801],[-0.0453,51.3755],[-0.0511,51.3743],[-0.0529,51.3782],[-0.0482,51.3791],[-0.05,51.3811],[-0.0538,51.3801],[-0.0535,51.3786],[-0.061,51.3777],[-0.0635,51.3821],[-0.0653,51.3835],[-0.0774,51.3787],[-0.0867,51.3803],[-0.0915,51.3777],[-0.0906,51.3747],[-0.097,51.3742],[-0.1001,51.3792]]}},{"type":"Feature","properties":{"routeId":"371","name":"371","direction":"1","routeType":"regular","lengthKm":12.3,"stops":41},"geometry":{"type":"LineString","coordinates":[[-0.2881,51.4662],[-0.2886,51.4661],[-0.2883,51.4674],[-0.289,51.4675],[-0.3003,51.4646],[-0.302,51.4636],[-0.3034,51.4614],[-0.2981,51.4615],[-0.2963,51.4588],[-0.2959,51.4563],[-0.2937,51.4583],[-0.2908,51.4573],[-0.2966,51.4508],[-0.2966,51.4488],[-0.2989,51.4466],[-0.3033,51.4461],[-0.3027,51.4444],[-0.3036,51.4407],[-0.3139,51.4396],[-0.3132,51.4382],[-0.3191,51.436],[-0.3148,51.4326],[-0.3033,51.4295],[-0.2987,51.427],[-0.2905,51.4243],[-0.2873,51.4138],[-0.2919,51.4109],[-0.3017,51.4108],[-0.3035,51.409],[-0.3063,51.409],[-0.3077,51.4079],[-0.3063,51.4076]]}},{"type":"Feature","properties":{"routeId":"358","name":"358","direction":"2","routeType":"regular","lengthKm":24.7,"stops":76},"geometry":{"type":"LineString","coordinates":[[-0.0781,51.4205],[-0.0785,51.4199],[-0.0755,51.4191],[-0.0641,51.41],[-0.0596,51.4086],[-0.0517,51.4139],[-0.0448,51.4097],[-0.0319,51.4072],[-0.0407,51.3995],[-0.0431,51.3989],[-0.0436,51.3977],[-0.0428,51.3953],[-0.04,51.3919],[-0.0346,51.3922],[-0.0275,51.3904],[-0.0241,51.3867],[-0.0231,51.3947],[-0.0182,51.3993],[-0.0067,51.3996],[-0.0005,51.4035],[0.0013,51.4063],[0.0055,51.4072],[0.0083,51.4066],[0.0116,51.4073],[0.0147,51.4057],[0.0187,51.4063],[0.0188,51.4029],[0.0155,51.4025],[0.0173,51.3991],[0.0204,51.3986],[0.0324,51.3918],[0.036,51.3887],[0.0427,51.3792],[0.0465,51.3712],[0.051,51.367],[0.0662,51.3593],[0.0727,51.3596],[0.0826,51.3584],[0.0864,51.3575],[0.0891,51.3559],[0.0887,51.3603],[0.0949,51.3665],[0.0973,51.3732],[0.0992,51.3757],[0.1005,51.3753],[0.0991,51.3732],[0.0956,51.3731],[0.0926,51.3718],[0.0903,51.3721],[0.0896,51.3732]]}},{"type":"Feature","properties":{"routeId":"368","name":"368","direction":"2","routeType":"regular","lengthKm":9.8,"stops":28},"geometry":{"type":"LineString","coordinates":[[0.0713,51.5417],[0.073,51.5424],[0.0747,51.5404],[0.0833,51.5411],[0.0806,51.5388],[0.0784,51.5395],[0.0791,51.5383],[0.0762,51.5377],[0.0785,51.5346],[0.0814,51.5362],[0.0842,51.5342],[0.0913,51.5354],[0.1025,51.5357],[0.1061,51.5335],[0.1095,51.5333],[0.1116,51.5356],[0.1125,51.5381],[0.1138,51.5516],[0.1215,51.5575],[0.1264,51.5584],[0.1246,51.5618],[0.1298,51.5617],[0.1301,51.5692],[0.1291,51.5702]]}},{"type":"Feature","properties":{"routeId":"375","name":"375","direction":"1","routeType":"regular","lengthKm":12.1,"stops":28},"geometry":{"type":"LineString","coordinates":[[0.1835,51.5746],[0.1824,51.5764],[0.1856,51.5784],[0.1833,51.5804],[0.1779,51.5799],[0.1779,51.5807],[0.173,51.5851],[0.1715,51.5892],[0.1668,51.59],[0.163,51.5992],[0.1713,51.6009],[0.1765,51.6036],[0.1805,51.6038],[0.1784,51.6069],[0.178,51.6099],[0.1802,51.6113],[0.1811,51.6152],[0.1835,51.6158],[0.1825,51.6195],[0.1897,51.6249],[0.1887,51.6264],[0.1821,51.6283],[0.174,51.6321],[0.1695,51.636],[0.1652,51.6418],[0.1656,51.6456],[0.1684,51.6482],[0.1715,51.6542]]}},{"type":"Feature","properties":{"routeId":"377","name":"377","direction":"1","routeType":"regular","lengthKm":9.6,"stops":32},"geometry":{"type":"LineString","coordinates":[[-0.0487,51.6486],[-0.0464,51.6484],[-0.047,51.6466],[-0.0466,51.6436],[-0.0604,51.6449],[-0.0611,51.642],[-0.0634,51.6398],[-0.0684,51.6416],[-0.0729,51.64],[-0.0745,51.6448],[-0.076,51.6446],[-0.0797,51.6471],[-0.0804,51.6507],[-0.0847,51.6507],[-0.0869,51.6516],[-0.087,51.6527],[-0.0884,51.6535],[-0.098,51.6539],[-0.1017,51.6553],[-0.1106,51.6545],[-0.108,51.6522],[-0.109,51.6492],[-0.1155,51.649],[-0.1185,51.6468],[-0.1221,51.6464],[-0.124,51.6444],[-0.1312,51.6483],[-0.1325,51.6475]]}},{"type":"Feature","properties":{"routeId":"363","name":"363","direction":"2","routeType":"regular","lengthKm":11.4,"stops":36},"geometry":{"type":"LineString","coordinates":[[-0.1014,51.496],[-0.0945,51.4942],[-0.0853,51.4939],[-0.08,51.49],[-0.074,51.4869],[-0.074,51.4814],[-0.0713,51.4795],[-0.0687,51.4741],[-0.0656,51.4739],[-0.0656,51.4724],[-0.0697,51.472],[-0.0659,51.4668],[-0.0667,51.4624],[-0.0661,51.4591],[-0.0628,51.4543],[-0.0576,51.4503],[-0.0618,51.4478],[-0.0637,51.4442],[-0.0659,51.4444],[-0.0663,51.4423],[-0.0641,51.4409],[-0.0636,51.4374],[-0.0668,51.4339],[-0.0734,51.4316],[-0.0751,51.4289],[-0.0738,51.4262],[-0.0753,51.4253],[-0.0782,51.4209]]}},{"type":"Feature","properties":{"routeId":"380","name":"380","direction":"1","routeType":"regular","lengthKm":15.3,"stops":47},"geometry":{"type":"LineString","coordinates":[[0.0895,51.4974],[0.0887,51.4979],[0.0892,51.499],[0.0966,51.501],[0.0947,51.502],[0.0913,51.5014],[0.0885,51.5019],[0.0874,51.5004],[0.0846,51.4997],[0.0847,51.4974],[0.0836,51.494],[0.0807,51.4939],[0.0801,51.4923],[0.0822,51.4918],[0.0858,51.4925],[0.086,51.4909],[0.0848,51.49],[0.0801,51.491],[0.0704,51.4914],[0.0676,51.4894],[0.0669,51.4901],[0.0609,51.4877],[0.0564,51.4873],[0.0528,51.4901],[0.0531,51.4928],[0.0505,51.4921],[0.0417,51.4864],[0.0401,51.4841],[0.0405,51.482],[0.0377,51.482],[0.0359,51.4811],[0.0326,51.4858],[0.0307,51.4855],[0.029,51.4834],[0.0255,51.4838],[0.0231,51.4825],[0.0229,51.4789],[0.0192,51.4769],[0.0151,51.4772],[0.0098,51.475],[0.0095,51.4686],[0.0086,51.4664],[-0.0062,51.4714],[-0.0113,51.465],[-0.0134,51.4652],[-0.0126,51.4637],[-0.013,51.4611]]}},{"type":"Feature","properties":{"routeId":"376","name":"376","direction":"1","routeType":"regular","lengthKm":10.3,"stops":37},"geometry":{"type":"LineString","coordinates":[[0.0594,51.5143],[0.0607,51.5142],[0.0627,51.5123],[0.0663,51.5119],[0.0667,51.5143],[0.068,51.5142],[0.0678,51.5121],[0.0663,51.5119],[0.0688,51.511],[0.0668,51.5089],[0.0483,51.5094],[0.0474,51.5096],[0.0466,51.5115],[0.043,51.5129],[0.0417,51.5165],[0.0321,51.517],[0.0312,51.5221],[0.034,51.5226],[0.0399,51.5221],[0.0393,51.5258],[0.0376,51.5292],[0.0378,51.5306],[0.0344,51.5373],[0.0379,51.5368],[0.0463,51.5396],[0.0508,51.5402],[0.0518,51.5372],[0.0508,51.5365],[0.0521,51.5327],[0.0544,51.5331],[0.055,51.5322]]}},{"type":"Feature","properties":{"routeId":"379","name":"379","direction":"1","routeType":"regular","lengthKm":3.3,"stops":13},"geometry":{"type":"LineString","coordinates":[[0.0098,51.6335],[0.0009,51.6306],[-0.0082,51.6331],[-0.0105,51.6348],[-0.0085,51.6409],[-0.0114,51.6407],[-0.0117,51.6418],[-0.0103,51.6464]]}},{"type":"Feature","properties":{"routeId":"370","name":"370","direction":"2","routeType":"regular","lengthKm":20.4,"stops":50},"geometry":{"type":"LineString","coordinates":[[0.2827,51.4901],[0.2807,51.4904],[0.2876,51.4913],[0.2876,51.492],[0.2863,51.4923],[0.2857,51.4918],[0.2961,51.493],[0.295,51.4982],[0.2964,51.5002],[0.294,51.5015],[0.2943,51.5045],[0.293,51.5073],[0.293,51.5148],[0.2993,51.5287],[0.2996,51.5309],[0.2978,51.5379],[0.294,51.5444],[0.2864,51.5429],[0.2729,51.542],[0.2621,51.5404],[0.26,51.5432],[0.2513,51.5426],[0.2476,51.5454],[0.2469,51.5491],[0.2474,51.553],[0.2503,51.5587],[0.2519,51.5587],[0.2503,51.5587],[0.2488,51.5562],[0.2242,51.5613],[0.221,51.5611],[0.2201,51.5623],[0.22,51.5675],[0.2192,51.568],[0.2196,51.5702],[0.2178,51.5735],[0.2115,51.5751],[0.2077,51.5782],[0.1965,51.5778],[0.1838,51.5741],[0.1824,51.5764],[0.1857,51.578],[0.1849,51.579]]}},{"type":"Feature","properties":{"routeId":"366","name":"366","direction":"1","routeType":"regular","lengthKm":19.6,"stops":48},"geometry":{"type":"LineString","coordinates":[[0.0437,51.5856],[0.0419,51.5838],[0.0435,51.5813],[0.044,51.5782],[0.0454,51.5768],[0.0451,51.5761],[0.0523,51.5762],[0.0586,51.5683],[0.0659,51.5651],[0.0673,51.5636],[0.0694,51.5609],[0.0708,51.5567],[0.0736,51.5572],[0.0758,51.5585],[0.0756,51.5594],[0.0797,51.5596],[0.0814,51.5606],[0.0857,51.5516],[0.0944,51.5535],[0.0926,51.5507],[0.0861,51.5496],[0.0843,51.5478],[0.0767,51.5461],[0.0781,51.5439],[0.0833,51.5411],[0.0806,51.5388],[0.0787,51.5395],[0.0782,51.5392],[0.0789,51.5382],[0.0723,51.5376],[0.0695,51.5366],[0.0724,51.533],[0.0728,51.5291],[0.0786,51.5274],[0.0797,51.5233],[0.0749,51.5233],[0.0669,51.5201],[0.067,51.5213],[0.0669,51.5201],[0.0726,51.5225],[0.0734,51.5202],[0.0717,51.5152],[0.079,51.5151],[0.0797,51.5167],[0.079,51.5151],[0.082,51.5143],[0.0805,51.511],[0.0755,51.5102],[0.0746,51.5084],[0.0719,51.5083],[0.0703,51.5074],[0.0696,51.5077],[0.0687,51.511],[0.0671,51.509],[0.0633,51.5091],[0.0617,51.5118],[0.0619,51.5128],[0.0607,51.5142],[0.0597,51.5141]]}},{"type":"Feature","properties":{"routeId":"375","name":"375","direction":"2","routeType":"regular","lengthKm":12.3,"stops":29},"geometry":{"type":"LineString","coordinates":[[0.1715,51.6541],[0.1683,51.648],[0.1656,51.6456],[0.1652,51.6418],[0.1695,51.636],[0.174,51.6321],[0.1821,51.6283],[0.1887,51.6265],[0.1897,51.6249],[0.1825,51.6195],[0.1835,51.6158],[0.1811,51.6152],[0.1802,51.6113],[0.178,51.6099],[0.1784,51.6069],[0.1805,51.6038],[0.1765,51.6036],[0.1718,51.6011],[0.1653,51.6],[0.1633,51.5988],[0.167,51.5899],[0.1715,51.5892],[0.173,51.5852],[0.1784,51.5802],[0.1845,51.5805],[0.1844,51.5798],[0.1862,51.578],[0.1833,51.5763],[0.184,51.5756],[0.1834,51.5752],[0.1838,51.5742],[0.1827,51.5739]]}},{"type":"Feature","properties":{"routeId":"377","name":"377","direction":"2","routeType":"regular","lengthKm":9.8,"stops":36},"geometry":{"type":"LineString","coordinates":[[-0.1325,51.6475],[-0.1312,51.6483],[-0.124,51.6444],[-0.1221,51.6464],[-0.1185,51.6468],[-0.1155,51.649],[-0.109,51.6492],[-0.108,51.6522],[-0.1106,51.6546],[-0.1014,51.6553],[-0.0978,51.6539],[-0.0886,51.6536],[-0.0858,51.6523],[-0.0798,51.6523],[-0.0797,51.6471],[-0.076,51.6446],[-0.0745,51.6448],[-0.0729,51.64],[-0.0684,51.6416],[-0.0636,51.6398],[-0.061,51.6424],[-0.0606,51.6449],[-0.0466,51.6436],[-0.047,51.6466],[-0.0464,51.6484],[-0.0481,51.6486]]}},{"type":"Feature","properties":{"routeId":"379","name":"379","direction":"2","routeType":"regular","lengthKm":4,"stops":16},"geometry":{"type":"LineString","coordinates":[[-0.0103,51.6464],[-0.0084,51.6459],[-0.0088,51.6434],[-0.0059,51.6421],[-0.0116,51.6414],[-0.0114,51.6407],[-0.0085,51.6409],[-0.0105,51.6348],[-0.0082,51.6331],[0.0009,51.6306],[0.0106,51.6336],[0.0098,51.6335]]}},{"type":"Feature","properties":{"routeId":"378","name":"378","direction":"1","routeType":"regular","lengthKm":4.5,"stops":15},"geometry":{"type":"LineString","coordinates":[[-0.2595,51.4679],[-0.2599,51.4698],[-0.2559,51.4706],[-0.2514,51.4736],[-0.2474,51.4734],[-0.2393,51.4753],[-0.2369,51.4716],[-0.2379,51.4699],[-0.229,51.4684],[-0.2243,51.4684],[-0.2142,51.466],[-0.2117,51.468]]}},{"type":"Feature","properties":{"routeId":"380","name":"380","direction":"2","routeType":"regular","lengthKm":14.5,"stops":49},"geometry":{"type":"LineString","coordinates":[[-0.0104,51.4612],[-0.0093,51.4624],[-0.0103,51.4627],[-0.0111,51.4644],[-0.011,51.466],[-0.0062,51.4714],[0.0069,51.4672],[0.0095,51.4686],[0.0092,51.4729],[0.0098,51.475],[0.0151,51.4772],[0.0189,51.477],[0.0192,51.4779],[0.0229,51.4789],[0.0231,51.4826],[0.0255,51.4838],[0.0296,51.483],[0.0326,51.4858],[0.0356,51.4815],[0.0405,51.482],[0.0401,51.4841],[0.0413,51.486],[0.0503,51.4917],[0.0533,51.4918],[0.0528,51.4901],[0.0564,51.4873],[0.061,51.4877],[0.0669,51.4901],[0.0676,51.4894],[0.0702,51.4915],[0.074,51.4908],[0.0824,51.491],[0.0822,51.4918],[0.0798,51.4919],[0.0814,51.4943],[0.0825,51.4935],[0.0836,51.494],[0.0847,51.4974],[0.0842,51.4993],[0.0849,51.5],[0.0873,51.5005],[0.0885,51.5019],[0.0915,51.5014],[0.0947,51.502],[0.0966,51.501],[0.0893,51.4989],[0.0887,51.4979],[0.0904,51.4977],[0.0895,51.4974]]}},{"type":"Feature","properties":{"routeId":"372","name":"372","direction":"2","routeType":"regular","lengthKm":18.6,"stops":43},"geometry":{"type":"LineString","coordinates":[[0.2829,51.4901],[0.2807,51.4904],[0.2867,51.4908],[0.2877,51.4917],[0.2865,51.4923],[0.2855,51.4914],[0.2745,51.4898],[0.2678,51.4867],[0.2649,51.4862],[0.2611,51.492],[0.2577,51.494],[0.2564,51.4963],[0.2476,51.4939],[0.2471,51.4964],[0.2477,51.4989],[0.2518,51.4993],[0.2508,51.5021],[0.2493,51.5032],[0.2461,51.5043],[0.2269,51.5032],[0.2251,51.5062],[0.2131,51.5069],[0.2068,51.5107],[0.202,51.5154],[0.1907,51.5176],[0.1892,51.5194],[0.1909,51.5194],[0.1891,51.5197],[0.1898,51.5216],[0.1813,51.5229],[0.1826,51.5242],[0.1846,51.5245],[0.1872,51.5275],[0.1901,51.5292],[0.1922,51.534],[0.198,51.5365],[0.1925,51.54],[0.1948,51.5441],[0.1998,51.5484],[0.1987,51.551],[0.207,51.5536],[0.2091,51.5587],[0.2128,51.5629],[0.2181,51.5628],[0.2213,51.5616]]}},{"type":"Feature","properties":{"routeId":"376","name":"376","direction":"2","routeType":"regular","lengthKm":10,"stops":35},"geometry":{"type":"LineString","coordinates":[[0.0562,51.5333],[0.0538,51.5336],[0.0508,51.5402],[0.0462,51.5396],[0.0379,51.5368],[0.0344,51.5373],[0.0378,51.5306],[0.0376,51.5292],[0.0402,51.522],[0.034,51.5226],[0.0312,51.5221],[0.0324,51.5171],[0.0417,51.5165],[0.0427,51.5132],[0.0466,51.5115],[0.0474,51.5096],[0.0668,51.5089],[0.0684,51.511],[0.0663,51.5119],[0.0667,51.5143],[0.068,51.5142],[0.0678,51.5121],[0.0663,51.5119],[0.0629,51.5123],[0.0607,51.5142],[0.0597,51.5141]]}},{"type":"Feature","properties":{"routeId":"371","name":"371","direction":"2","routeType":"regular","lengthKm":13.4,"stops":39},"geometry":{"type":"LineString","coordinates":[[-0.3054,51.4074],[-0.3077,51.4079],[-0.3063,51.409],[-0.3035,51.4091],[-0.3005,51.4113],[-0.3004,51.4123],[-0.2967,51.4123],[-0.2967,51.4108],[-0.2946,51.4106],[-0.2916,51.411],[-0.2877,51.4136],[-0.2905,51.4243],[-0.2987,51.427],[-0.3033,51.4295],[-0.3148,51.4326],[-0.3191,51.436],[-0.3132,51.4382],[-0.3139,51.4396],[-0.3036,51.4407],[-0.3027,51.4444],[-0.3033,51.4461],[-0.2989,51.4466],[-0.2966,51.4488],[-0.2966,51.4508],[-0.2908,51.4573],[-0.2937,51.4583],[-0.2959,51.4563],[-0.2964,51.4588],[-0.2981,51.4615],[-0.303,51.4613],[-0.3021,51.4601],[-0.3049,51.459],[-0.3063,51.4598],[-0.3034,51.4615],[-0.3006,51.4649],[-0.2931,51.4662],[-0.2883,51.4678],[-0.2881,51.4662]]}},{"type":"Feature","properties":{"routeId":"366","name":"366","direction":"2","routeType":"regular","lengthKm":20.6,"stops":53},"geometry":{"type":"LineString","coordinates":[[0.0589,51.5139],[0.0607,51.5142],[0.0623,51.5127],[0.0616,51.512],[0.0633,51.5091],[0.0671,51.509],[0.0685,51.5112],[0.07,51.5087],[0.0746,51.5084],[0.0752,51.51],[0.0806,51.5115],[0.0816,51.5142],[0.079,51.5151],[0.0797,51.5167],[0.0786,51.5152],[0.0714,51.5152],[0.0733,51.5195],[0.0724,51.5224],[0.0669,51.5201],[0.067,51.5213],[0.0669,51.5201],[0.0749,51.5233],[0.0797,51.5233],[0.0787,51.5273],[0.0728,51.5291],[0.0724,51.533],[0.0684,51.5367],[0.0722,51.5379],[0.0789,51.5382],[0.078,51.5393],[0.0788,51.5396],[0.0806,51.5388],[0.0826,51.5404],[0.0827,51.5414],[0.0782,51.5438],[0.0767,51.5461],[0.0843,51.5478],[0.0864,51.5497],[0.0926,51.5507],[0.0944,51.5535],[0.0857,51.5516],[0.0817,51.56],[0.0791,51.5591],[0.0775,51.5598],[0.0756,51.5594],[0.0758,51.5585],[0.0724,51.5573],[0.0717,51.5585],[0.0702,51.5584],[0.069,51.5615],[0.0659,51.5651],[0.0586,51.5683],[0.0523,51.5762],[0.0457,51.5759],[0.0445,51.5752],[0.0429,51.5757],[0.0435,51.5767],[0.0457,51.5761],[0.045,51.5767],[0.0518,51.5777],[0.0445,51.5856],[0.0437,51.5856]]}},{"type":"Feature","properties":{"routeId":"378","name":"378","direction":"2","routeType":"regular","lengthKm":4.5,"stops":14},"geometry":{"type":"LineString","coordinates":[[-0.2119,51.4678],[-0.2142,51.466],[-0.2239,51.4683],[-0.229,51.4684],[-0.2379,51.4699],[-0.2369,51.4717],[-0.2393,51.4753],[-0.2475,51.4731],[-0.2514,51.4736],[-0.2559,51.4706],[-0.2599,51.4698],[-0.2593,51.468]]}},{"type":"Feature","properties":{"routeId":"383","name":"383","direction":"1","routeType":"regular","lengthKm":12.7,"stops":33},"geometry":{"type":"LineString","coordinates":[[-0.2041,51.6565],[-0.2048,51.655],[-0.2017,51.6548],[-0.2012,51.6535],[-0.1966,51.6511],[-0.189,51.6534],[-0.1819,51.6531],[-0.1791,51.6514],[-0.1783,51.649],[-0.1756,51.6497],[-0.1735,51.6489],[-0.175,51.6499],[-0.1726,51.6502],[-0.1696,51.649],[-0.167,51.6468],[-0.1655,51.6433],[-0.1721,51.6431],[-0.171,51.6406],[-0.1661,51.6368],[-0.1674,51.6347],[-0.1667,51.6328],[-0.1724,51.6322],[-0.1751,51.6307],[-0.1747,51.6276],[-0.1726,51.6259],[-0.1684,51.6247],[-0.1651,51.6216],[-0.1604,51.6197],[-0.1593,51.6169],[-0.1651,51.6174],[-0.1768,51.6168],[-0.1768,51.6173],[-0.1852,51.6179],[-0.1768,51.6173],[-0.1751,51.6074],[-0.1767,51.6074],[-0.1768,51.6059]]}},{"type":"Feature","properties":{"routeId":"381","name":"381","direction":"1","routeType":"regular","lengthKm":14.4,"stops":52},"geometry":{"type":"LineString","coordinates":[[-0.0679,51.4734],[-0.0675,51.4739],[-0.0686,51.474],[-0.07,51.4771],[-0.0688,51.4774],[-0.065,51.4834],[-0.0664,51.484],[-0.0658,51.4849],[-0.0616,51.4873],[-0.0658,51.4872],[-0.0652,51.4923],[-0.061,51.4922],[-0.0577,51.4888],[-0.0519,51.4914],[-0.0472,51.4915],[-0.0486,51.4939],[-0.0524,51.4963],[-0.0497,51.4975],[-0.0494,51.4981],[-0.0501,51.4984],[-0.0496,51.4976],[-0.0479,51.4988],[-0.0459,51.498],[-0.046,51.4958],[-0.045,51.495],[-0.0391,51.4967],[-0.0354,51.4997],[-0.0366,51.5046],[-0.0392,51.5057],[-0.0439,51.5051],[-0.0552,51.4995],[-0.0553,51.4987],[-0.0663,51.4979],[-0.0708,51.499],[-0.0786,51.5031],[-0.088,51.5061],[-0.0899,51.5049],[-0.0928,51.5047],[-0.1068,51.5072],[-0.1131,51.505],[-0.1166,51.5021]]}},{"type":"Feature","properties":{"routeId":"384","name":"384","direction":"1","routeType":"regular","lengthKm":16.4,"stops":50},"geometry":{"type":"LineString","coordinates":[[-0.2743,51.6127],[-0.2762,51.6136],[-0.2756,51.6157],[-0.2725,51.618],[-0.2626,51.6177],[-0.2603,51.6167],[-0.2555,51.6209],[-0.2547,51.6223],[-0.2535,51.6337],[-0.2563,51.6404],[-0.2549,51.6435],[-0.2513,51.6414],[-0.2448,51.641],[-0.2373,51.6452],[-0.2269,51.6496],[-0.2237,51.6469],[-0.2188,51.6446],[-0.2157,51.6466],[-0.2179,51.6479],[-0.2188,51.6495],[-0.2122,51.6529],[-0.2069,51.6531],[-0.2083,51.6559],[-0.2017,51.6548],[-0.2012,51.6535],[-0.188,51.647],[-0.1685,51.6507],[-0.1669,51.6523],[-0.1673,51.6539],[-0.1712,51.6536],[-0.1702,51.655],[-0.1673,51.6539],[-0.1669,51.6523],[-0.1624,51.6513],[-0.1596,51.6522],[-0.1546,51.6497],[-0.1491,51.6504],[-0.15,51.6515]]}},{"type":"Feature","properties":{"routeId":"385","name":"385","direction":"1","routeType":"regular","lengthKm":7.2,"stops":22},"geometry":{"type":"LineString","coordinates":[[0.0098,51.6335],[0.0009,51.6306],[-0.0008,51.6315],[-0.0079,51.6329],[-0.0129,51.636],[-0.0146,51.6313],[-0.0203,51.6272],[-0.0274,51.6175],[-0.0175,51.617],[-0.0181,51.6113],[-0.0165,51.6031],[-0.0194,51.6027],[-0.0209,51.6035],[-0.0201,51.6041],[-0.0191,51.6035],[-0.0201,51.6033]]}},{"type":"Feature","properties":{"routeId":"389","name":"389","direction":"1","routeType":"regular","lengthKm":2.9,"stops":14},"geometry":{"type":"LineString","coordinates":[[-0.2041,51.6565],[-0.2048,51.655],[-0.2017,51.6548],[-0.2012,51.6535],[-0.1907,51.6479],[-0.1926,51.6479],[-0.1925,51.647],[-0.1903,51.647],[-0.1859,51.6406],[-0.1885,51.6406]]}},{"type":"Feature","properties":{"routeId":"382","name":"382","direction":"1","routeType":"regular","lengthKm":14,"stops":43},"geometry":{"type":"LineString","coordinates":[[-0.1282,51.6325],[-0.1324,51.6336],[-0.1383,51.6366],[-0.143,51.6321],[-0.1471,51.6365],[-0.153,51.6342],[-0.1506,51.6328],[-0.1471,51.6229],[-0.1409,51.6176],[-0.1406,51.6166],[-0.133,51.616],[-0.134,51.6161],[-0.1358,51.6133],[-0.1405,51.6125],[-0.1439,51.6158],[-0.153,51.6134],[-0.1585,51.613],[-0.1615,51.6118],[-0.1664,51.6078],[-0.1751,51.6074],[-0.1749,51.604],[-0.1739,51.6025],[-0.1818,51.6001],[-0.1889,51.6047],[-0.1931,51.6017],[-0.201,51.6052],[-0.2045,51.6039],[-0.2077,51.6047],[-0.2082,51.6069],[-0.2127,51.6104],[-0.2092,51.6115],[-0.2063,51.6113],[-0.2069,51.6104]]}},{"type":"Feature","properties":{"routeId":"386","name":"386","direction":"1","routeType":"regular","lengthKm":16.7,"stops":54},"geometry":{"type":"LineString","coordinates":[[0.064,51.4939],[0.0634,51.4938],[0.0643,51.4921],[0.0611,51.4931],[0.0621,51.4908],[0.0653,51.4911],[0.0676,51.4894],[0.0686,51.49],[0.0732,51.4892],[0.0735,51.4879],[0.0722,51.4877],[0.0711,51.4821],[0.0699,51.4821],[0.0687,51.4796],[0.0618,51.4759],[0.0606,51.4761],[0.0595,51.4782],[0.0615,51.4822],[0.053,51.4804],[0.0509,51.477],[0.0474,51.4742],[0.0479,51.4726],[0.0456,51.473],[0.0444,51.4702],[0.0398,51.4709],[0.0374,51.4693],[0.0301,51.4681],[0.0286,51.4707],[0.0351,51.4721],[0.0356,51.4746],[0.019,51.4769],[0.0192,51.4786],[0.0115,51.4787],[0.0081,51.4799],[0.0086,51.4836],[0.0076,51.486],[-0.0093,51.4807],[-0.0151,51.4732],[-0.0133,51.4724],[-0.0082,51.4728],[-0.0009,51.4718],[0.0097,51.4731],[0.0095,51.4686],[0.0086,51.4664],[0.0072,51.4674]]}},{"type":"Feature","properties":{"routeId":"389","name":"389","direction":"2","routeType":"regular","lengthKm":2.4,"stops":14},"geometry":{"type":"LineString","coordinates":[[-0.1885,51.6406],[-0.1882,51.6415],[-0.1904,51.6477],[-0.2012,51.6535],[-0.2019,51.6562],[-0.2033,51.657],[-0.2041,51.6565]]}},{"type":"Feature","properties":{"routeId":"383","name":"383","direction":"2","routeType":"regular","lengthKm":12.8,"stops":34},"geometry":{"type":"LineString","coordinates":[[-0.1768,51.6059],[-0.1767,51.6074],[-0.1751,51.6074],[-0.1757,51.6124],[-0.1776,51.6127],[-0.1767,51.6145],[-0.1768,51.6173],[-0.1852,51.6179],[-0.1768,51.6173],[-0.1768,51.6168],[-0.1651,51.6174],[-0.1593,51.6169],[-0.1604,51.6197],[-0.1652,51.6217],[-0.1684,51.6247],[-0.1725,51.6259],[-0.1748,51.6276],[-0.1751,51.6307],[-0.1724,51.6322],[-0.1667,51.6328],[-0.1674,51.6347],[-0.1661,51.6368],[-0.1709,51.6405],[-0.1721,51.6431],[-0.1655,51.6433],[-0.1666,51.6461],[-0.1696,51.649],[-0.1726,51.6502],[-0.175,51.6499],[-0.1735,51.6489],[-0.1756,51.6497],[-0.1783,51.649],[-0.1791,51.6514],[-0.1818,51.6531],[-0.1888,51.6534],[-0.1966,51.6511],[-0.2014,51.6536],[-0.2019,51.6562],[-0.2033,51.657],[-0.2041,51.6565]]}},{"type":"Feature","properties":{"routeId":"390","name":"390","direction":"1","routeType":"twentyfour","lengthKm":11.6,"stops":37},"geometry":{"type":"LineString","coordinates":[[-0.1349,51.5648],[-0.1384,51.5569],[-0.1311,51.5516],[-0.1301,51.5496],[-0.1271,51.5475],[-0.1248,51.5394],[-0.123,51.5385],[-0.1225,51.5371],[-0.1224,51.5336],[-0.1189,51.5334],[-0.1208,51.5319],[-0.121,51.5305],[-0.1227,51.5305],[-0.1379,51.5248],[-0.1304,51.5164],[-0.1583,51.5133],[-0.1567,51.5103],[-0.151,51.5055],[-0.1509,51.5034],[-0.1498,51.5031],[-0.1513,51.5017],[-0.1471,51.4983],[-0.1439,51.4981],[-0.1452,51.4962],[-0.1438,51.4961]]}},{"type":"Feature","properties":{"routeId":"385","name":"385","direction":"2","routeType":"regular","lengthKm":7,"stops":19},"geometry":{"type":"LineString","coordinates":[[-0.0201,51.6033],[-0.0194,51.6027],[-0.0165,51.6033],[-0.0181,51.6113],[-0.0175,51.617],[-0.0276,51.6173],[-0.0221,51.6254],[-0.0146,51.6313],[-0.0129,51.636],[-0.0079,51.6329],[-0.0008,51.6315],[0.0009,51.6306],[0.0106,51.6336],[0.0098,51.6335]]}},{"type":"Feature","properties":{"routeId":"393","name":"393","direction":"1","routeType":"regular","lengthKm":13.9,"stops":50},"geometry":{"type":"LineString","coordinates":[[-0.0565,51.5598],[-0.0574,51.5618],[-0.0522,51.5627],[-0.0522,51.5645],[-0.0506,51.5665],[-0.0523,51.567],[-0.0538,51.5662],[-0.0664,51.5657],[-0.0731,51.5638],[-0.0717,51.5629],[-0.0678,51.5623],[-0.07,51.5614],[-0.0706,51.5602],[-0.0739,51.5607],[-0.0738,51.562],[-0.0803,51.5621],[-0.0847,51.5611],[-0.0904,51.5577],[-0.092,51.5599],[-0.0925,51.5552],[-0.0918,51.551],[-0.0983,51.548],[-0.0992,51.5466],[-0.1025,51.5461],[-0.105,51.5471],[-0.1171,51.5561],[-0.1179,51.5556],[-0.1182,51.55],[-0.1271,51.5475],[-0.1267,51.5459],[-0.1312,51.5482],[-0.1331,51.5507],[-0.1407,51.5509],[-0.1418,51.5465],[-0.1559,51.5457],[-0.1496,51.543]]}},{"type":"Feature","properties":{"routeId":"384","name":"384","direction":"2","routeType":"regular","lengthKm":16.2,"stops":47},"geometry":{"type":"LineString","coordinates":[[-0.1499,51.6515],[-0.1491,51.6504],[-0.1548,51.6498],[-0.1596,51.6522],[-0.1624,51.6513],[-0.1669,51.6523],[-0.1673,51.6539],[-0.1712,51.6536],[-0.1702,51.655],[-0.1673,51.6539],[-0.1669,51.6523],[-0.1685,51.6507],[-0.188,51.647],[-0.2012,51.6535],[-0.2025,51.6566],[-0.2062,51.6568],[-0.2086,51.6556],[-0.2068,51.6529],[-0.2122,51.6529],[-0.2188,51.6495],[-0.2179,51.6479],[-0.2155,51.6467],[-0.2188,51.6446],[-0.2239,51.6471],[-0.2269,51.6496],[-0.2373,51.6452],[-0.2448,51.641],[-0.2505,51.6412],[-0.2551,51.6427],[-0.2562,51.6404],[-0.2534,51.6337],[-0.2548,51.6214],[-0.2603,51.6167],[-0.2626,51.6177],[-0.2724,51.618],[-0.2756,51.6157],[-0.2762,51.6136],[-0.2756,51.6133]]}},{"type":"Feature","properties":{"routeId":"386","name":"386","direction":"2","routeType":"regular","lengthKm":15.2,"stops":47},"geometry":{"type":"LineString","coordinates":[[0.0076,51.4676],[0.0095,51.4686],[0.0092,51.4728],[-0.0009,51.4718],[-0.0153,51.473],[-0.013,51.4756],[-0.0123,51.478],[-0.0093,51.4802],[-0.0101,51.4817],[-0.0088,51.4822],[-0.0081,51.4812],[0.0076,51.486],[0.0086,51.4836],[0.0081,51.4799],[0.0119,51.4787],[0.0185,51.4788],[0.0192,51.4779],[0.0221,51.4786],[0.0194,51.4771],[0.0356,51.4746],[0.0351,51.4721],[0.0286,51.4707],[0.0301,51.4681],[0.0374,51.4693],[0.0398,51.4709],[0.0444,51.4702],[0.0456,51.473],[0.0479,51.4726],[0.0474,51.4742],[0.0508,51.4769],[0.053,51.4804],[0.0615,51.4822],[0.0595,51.4782],[0.0606,51.4761],[0.0616,51.4759],[0.069,51.4797],[0.07,51.4822],[0.0697,51.4838],[0.0656,51.4878],[0.0682,51.4898]]}},{"type":"Feature","properties":{"routeId":"395","name":"395","direction":"1","routeType":"regular","lengthKm":9.4,"stops":31},"geometry":{"type":"LineString","coordinates":[[-0.3376,51.5801],[-0.3418,51.58],[-0.344,51.5733],[-0.3468,51.5693],[-0.3548,51.5636],[-0.3623,51.5572],[-0.3617,51.5561],[-0.3594,51.5552],[-0.3602,51.5533],[-0.3624,51.5535],[-0.3658,51.5515],[-0.3719,51.5513],[-0.3755,51.5486],[-0.3708,51.5462],[-0.3674,51.5486],[-0.3636,51.5501],[-0.361,51.548],[-0.3575,51.5476],[-0.3552,51.5484],[-0.3508,51.5518],[-0.3475,51.5499],[-0.3441,51.5492],[-0.3456,51.543],[-0.3431,51.5424],[-0.3423,51.5438],[-0.3408,51.543],[-0.3414,51.5433]]}},{"type":"Feature","properties":{"routeId":"381","name":"381","direction":"2","routeType":"regular","lengthKm":14.6,"stops":52},"geometry":{"type":"LineString","coordinates":[[-0.1167,51.5022],[-0.114,51.5051],[-0.1067,51.5072],[-0.0928,51.5047],[-0.09,51.5049],[-0.0882,51.5061],[-0.0786,51.5031],[-0.0693,51.4985],[-0.0655,51.498],[-0.0539,51.4996],[-0.043,51.5053],[-0.039,51.5056],[-0.0368,51.5049],[-0.0354,51.4997],[-0.039,51.4968],[-0.0451,51.4951],[-0.0461,51.496],[-0.0459,51.498],[-0.0479,51.4988],[-0.0502,51.4984],[-0.0496,51.4976],[-0.0523,51.4963],[-0.0477,51.4935],[-0.0454,51.4938],[-0.0468,51.493],[-0.0451,51.4918],[-0.0526,51.4911],[-0.0577,51.4888],[-0.061,51.4922],[-0.0652,51.4923],[-0.0658,51.4872],[-0.0616,51.4873],[-0.0658,51.4849],[-0.0664,51.484],[-0.065,51.4834],[-0.0688,51.4774],[-0.07,51.4771],[-0.0687,51.4741],[-0.0669,51.4736]]}},{"type":"Feature","properties":{"routeId":"382","name":"382","direction":"2","routeType":"regular","lengthKm":14.1,"stops":44},"geometry":{"type":"LineString","coordinates":[[-0.207,51.6106],[-0.2063,51.6113],[-0.2097,51.6115],[-0.2127,51.6104],[-0.2099,51.6088],[-0.2077,51.6052],[-0.2054,51.604],[-0.201,51.6052],[-0.1964,51.6037],[-0.1931,51.6017],[-0.1889,51.6047],[-0.1818,51.6001],[-0.1742,51.6026],[-0.1751,51.6074],[-0.1664,51.6078],[-0.1617,51.6119],[-0.1585,51.613],[-0.1533,51.6134],[-0.1439,51.6158],[-0.1405,51.6125],[-0.1358,51.6133],[-0.134,51.6162],[-0.133,51.616],[-0.1416,51.6166],[-0.1412,51.6175],[-0.1428,51.6194],[-0.1471,51.623],[-0.1506,51.6328],[-0.153,51.6342],[-0.1471,51.6365],[-0.1429,51.6323],[-0.1383,51.6366],[-0.1324,51.6336],[-0.127,51.6323],[-0.1281,51.6322]]}},{"type":"Feature","properties":{"routeId":"388","name":"388","direction":"1","routeType":"regular","lengthKm":9.9,"stops":28},"geometry":{"type":"LineString","coordinates":[[-0.0042,51.5439],[-0.0043,51.5424],[-0.0067,51.5408],[-0.0114,51.544],[-0.0184,51.5443],[-0.0223,51.549],[-0.0288,51.5474],[-0.0301,51.5463],[-0.0303,51.5449],[-0.0335,51.5447],[-0.0419,51.5388],[-0.0571,51.5354],[-0.0573,51.5332],[-0.0555,51.5274],[-0.0688,51.5259],[-0.0738,51.524],[-0.0773,51.5237],[-0.0797,51.5183],[-0.0866,51.5108],[-0.0883,51.5061],[-0.0868,51.5054]]}},{"type":"Feature","properties":{"routeId":"394","name":"394","direction":"1","routeType":"regular","lengthKm":8.3,"stops":31},"geometry":{"type":"LineString","coordinates":[[-0.0446,51.5498],[-0.0435,51.5484],[-0.0476,51.548],[-0.0477,51.5468],[-0.0504,51.5472],[-0.0539,51.5463],[-0.0548,51.5458],[-0.0554,51.5436],[-0.0644,51.5432],[-0.062,51.5384],[-0.0594,51.5375],[-0.0597,51.5343],[-0.0623,51.5357],[-0.063,51.535],[-0.077,51.5345],[-0.0772,51.5307],[-0.0829,51.531],[-0.0831,51.5324],[-0.0851,51.5322],[-0.0866,51.5317],[-0.0863,51.5312],[-0.0925,51.5305],[-0.0919,51.5283],[-0.1057,51.5318],[-0.1112,51.5316],[-0.1116,51.534],[-0.1103,51.5342]]}},{"type":"Feature","properties":{"routeId":"393","name":"393","direction":"2","routeType":"regular","lengthKm":13.3,"stops":45},"geometry":{"type":"LineString","coordinates":[[-0.1512,51.5434],[-0.1559,51.5457],[-0.1418,51.5465],[-0.1407,51.5509],[-0.1308,51.5507],[-0.1271,51.5475],[-0.1182,51.55],[-0.1238,51.5534],[-0.1194,51.5579],[-0.1052,51.5473],[-0.1025,51.5461],[-0.0992,51.5466],[-0.0982,51.5481],[-0.0918,51.551],[-0.0925,51.5552],[-0.092,51.5599],[-0.0904,51.5577],[-0.0847,51.5611],[-0.0803,51.5621],[-0.0738,51.562],[-0.0731,51.5638],[-0.0681,51.5654],[-0.0538,51.5662],[-0.0523,51.567],[-0.0506,51.5665],[-0.0522,51.5645],[-0.0522,51.5627],[-0.0574,51.5618],[-0.0562,51.5593]]}},{"type":"Feature","properties":{"routeId":"399","name":"399","direction":"1","routeType":"regular","lengthKm":6.6,"stops":23},"geometry":{"type":"LineString","coordinates":[[-0.2041,51.6565],[-0.2048,51.655],[-0.2017,51.6548],[-0.2018,51.6567],[-0.1991,51.663],[-0.1931,51.661],[-0.1905,51.6624],[-0.1735,51.6662],[-0.174,51.6628],[-0.1708,51.6635],[-0.1706,51.6666],[-0.1578,51.6677],[-0.159,51.6691],[-0.1764,51.6683]]}},{"type":"Feature","properties":{"routeId":"401","name":"401","direction":"1","routeType":"regular","lengthKm":12.2,"stops":33},"geometry":{"type":"LineString","coordinates":[[0.1089,51.5074],[0.11,51.5068],[0.1153,51.5081],[0.1174,51.5095],[0.1207,51.5094],[0.1234,51.5105],[0.1276,51.5084],[0.1269,51.5069],[0.1216,51.5063],[0.1188,51.5044],[0.1205,51.5019],[0.1217,51.5016],[0.1216,51.4964],[0.1307,51.4964],[0.1388,51.4939],[0.1516,51.4945],[0.153,51.4958],[0.1528,51.4976],[0.1544,51.4983],[0.1583,51.4973],[0.1573,51.4969],[0.1557,51.4903],[0.1512,51.4906],[0.151,51.4895],[0.1497,51.4886],[0.1499,51.4864],[0.1486,51.4859],[0.1482,51.4844],[0.144,51.4809],[0.1432,51.4793],[0.1452,51.4776],[0.1446,51.4754],[0.1454,51.4717],[0.1423,51.4678],[0.1494,51.4642],[0.1463,51.4609],[0.1463,51.4587],[0.1474,51.4587],[0.1475,51.4572],[0.1464,51.4565]]}},{"type":"Feature","properties":{"routeId":"395","name":"395","direction":"2","routeType":"regular","lengthKm":9.5,"stops":27},"geometry":{"type":"LineString","coordinates":[[-0.3414,51.5433],[-0.3423,51.5436],[-0.3431,51.5424],[-0.3456,51.543],[-0.3441,51.5492],[-0.3506,51.5515],[-0.3549,51.5484],[-0.3575,51.5476],[-0.361,51.548],[-0.3636,51.5501],[-0.3669,51.5489],[-0.3708,51.5462],[-0.3755,51.5486],[-0.3719,51.5513],[-0.3658,51.5515],[-0.3624,51.5535],[-0.3602,51.5533],[-0.3601,51.555],[-0.3623,51.5572],[-0.347,51.5693],[-0.344,51.5732],[-0.3422,51.5807],[-0.3404,51.5799],[-0.3405,51.5809],[-0.3388,51.5811],[-0.3379,51.5799]]}},{"type":"Feature","properties":{"routeId":"401","name":"401","direction":"2","routeType":"regular","lengthKm":12.4,"stops":38},"geometry":{"type":"LineString","coordinates":[[0.1467,51.4565],[0.1463,51.4609],[0.1494,51.4642],[0.142,51.468],[0.1454,51.4717],[0.1446,51.4754],[0.1452,51.4779],[0.143,51.4791],[0.1445,51.4813],[0.1432,51.4841],[0.1481,51.4842],[0.1486,51.4859],[0.15,51.4865],[0.1497,51.4886],[0.1517,51.4909],[0.1554,51.4904],[0.1576,51.4973],[0.1538,51.4979],[0.1528,51.4952],[0.1509,51.4943],[0.1388,51.4938],[0.1307,51.4963],[0.1209,51.496],[0.1217,51.4999],[0.1198,51.5011],[0.1201,51.502],[0.1184,51.5041],[0.1223,51.5065],[0.1269,51.5069],[0.1274,51.5083],[0.1234,51.5103],[0.1217,51.5095],[0.1169,51.5093],[0.1154,51.5076],[0.1098,51.5065],[0.1086,51.5075]]}},{"type":"Feature","properties":{"routeId":"403","name":"403","direction":"1","routeType":"regular","lengthKm":10.3,"stops":27},"geometry":{"type":"LineString","coordinates":[[-0.0433,51.307],[-0.0425,51.307],[-0.0562,51.3095],[-0.0606,51.314],[-0.0696,51.3262],[-0.0736,51.3287],[-0.078,51.3362],[-0.0818,51.3377],[-0.0883,51.3421],[-0.0931,51.3465],[-0.0915,51.3526],[-0.0918,51.3559],[-0.0931,51.3565],[-0.0933,51.3593],[-0.0949,51.3593],[-0.0961,51.3622],[-0.0982,51.3625],[-0.099,51.365],[-0.0958,51.3656],[-0.097,51.371],[-0.0968,51.3735],[-0.0998,51.3784],[-0.101,51.3787]]}},{"type":"Feature","properties":{"routeId":"399","name":"399","direction":"2","routeType":"regular","lengthKm":3.1,"stops":10},"geometry":{"type":"LineString","coordinates":[[-0.1764,51.6683],[-0.179,51.667],[-0.1782,51.6656],[-0.1905,51.6624],[-0.1931,51.661],[-0.1991,51.663],[-0.2019,51.6562],[-0.2033,51.657],[-0.2041,51.6565]]}},{"type":"Feature","properties":{"routeId":"398","name":"398","direction":"1","routeType":"regular","lengthKm":10,"stops":29},"geometry":{"type":"LineString","coordinates":[[-0.4214,51.572],[-0.4134,51.5738],[-0.4108,51.5706],[-0.3958,51.5742],[-0.3982,51.5772],[-0.3951,51.5778],[-0.3821,51.5782],[-0.3743,51.5767],[-0.369,51.5776],[-0.3711,51.5741],[-0.3713,51.572],[-0.3656,51.5639],[-0.3614,51.5651],[-0.3567,51.5652],[-0.3541,51.5642],[-0.3518,51.5649],[-0.3541,51.5642],[-0.3621,51.5574],[-0.3617,51.5561],[-0.3559,51.5538],[-0.3497,51.5563],[-0.3463,51.5547]]}},{"type":"Feature","properties":{"routeId":"394","name":"394","direction":"2","routeType":"regular","lengthKm":8.2,"stops":34},"geometry":{"type":"LineString","coordinates":[[-0.1082,51.5345],[-0.1071,51.5346],[-0.106,51.5332],[-0.1063,51.5319],[-0.0919,51.5283],[-0.0929,51.5315],[-0.0896,51.5319],[-0.0904,51.5332],[-0.0881,51.5339],[-0.0866,51.5317],[-0.0831,51.5324],[-0.0829,51.531],[-0.0772,51.5307],[-0.077,51.5345],[-0.063,51.535],[-0.0621,51.5359],[-0.0598,51.5357],[-0.0594,51.5375],[-0.062,51.5384],[-0.0644,51.5432],[-0.0554,51.5436],[-0.0553,51.5459],[-0.0507,51.5471],[-0.0478,51.5468],[-0.0477,51.5481],[-0.047,51.548],[-0.0475,51.5492],[-0.0452,51.5496]]}},{"type":"Feature","properties":{"routeId":"397","name":"397","direction":"1","routeType":"regular","lengthKm":15.8,"stops":41},"geometry":{"type":"LineString","coordinates":[[-0.0201,51.6033],[-0.0194,51.6027],[-0.0165,51.6033],[-0.0181,51.6113],[-0.0167,51.6232],[-0.0057,51.624],[-0.0053,51.6256],[0.0031,51.6237],[0.0082,51.6242],[0.0074,51.627],[0.0027,51.6287],[0.001,51.6304],[0.0111,51.6341],[0.0144,51.6341],[0.0176,51.6275],[0.0214,51.6254],[0.0237,51.6205],[0.0267,51.6186],[0.0277,51.6207],[0.0299,51.6226],[0.0342,51.629],[0.0429,51.6394],[0.0482,51.6416],[0.0521,51.6444],[0.055,51.6419],[0.0521,51.6444],[0.0571,51.6496],[0.0669,51.648],[0.0754,51.6481],[0.0776,51.647],[0.0805,51.6473],[0.0811,51.6467],[0.085,51.6485],[0.0857,51.648],[0.0822,51.647]]}},{"type":"Feature","properties":{"routeId":"396","name":"396","direction":"1","routeType":"regular","lengthKm":7,"stops":19},"geometry":{"type":"LineString","coordinates":[[0.1118,51.5793],[0.1149,51.5792],[0.1174,51.5822],[0.113,51.5824],[0.1075,51.5816],[0.0957,51.5762],[0.0842,51.5735],[0.0662,51.5763],[0.066,51.5738],[0.0636,51.5709],[0.0663,51.5661],[0.066,51.5648],[0.0702,51.5592],[0.0701,51.5576],[0.0682,51.557]]}},{"type":"Feature","properties":{"routeId":"390","name":"390","direction":"2","routeType":"twentyfour","lengthKm":11.6,"stops":36},"geometry":{"type":"LineString","coordinates":[[-0.1438,51.4961],[-0.1429,51.4966],[-0.1463,51.4972],[-0.152,51.5021],[-0.1523,51.503],[-0.1511,51.5034],[-0.1522,51.5043],[-0.1522,51.5062],[-0.1599,51.5131],[-0.1304,51.5164],[-0.138,51.5252],[-0.1226,51.5307],[-0.1225,51.5371],[-0.123,51.5385],[-0.1248,51.5394],[-0.1265,51.5456],[-0.1312,51.5482],[-0.133,51.5507],[-0.1308,51.5507],[-0.1309,51.5514],[-0.1384,51.5569],[-0.1349,51.5649]]}},{"type":"Feature","properties":{"routeId":"403","name":"403","direction":"2","routeType":"regular","lengthKm":10.3,"stops":27},"geometry":{"type":"LineString","coordinates":[[-0.1011,51.379],[-0.0998,51.3797],[-0.0995,51.378],[-0.0964,51.3734],[-0.0968,51.3693],[-0.0958,51.3656],[-0.0989,51.3645],[-0.096,51.3621],[-0.0949,51.3593],[-0.0933,51.3593],[-0.0931,51.3565],[-0.0918,51.3559],[-0.0915,51.3526],[-0.0931,51.3465],[-0.0885,51.3422],[-0.0818,51.3377],[-0.0774,51.3361],[-0.0736,51.3287],[-0.0696,51.3262],[-0.0606,51.314],[-0.0566,51.3101],[-0.0504,51.308],[-0.0433,51.307]]}},{"type":"Feature","properties":{"routeId":"405","name":"405","direction":"1","routeType":"regular","lengthKm":17.7,"stops":44},"geometry":{"type":"LineString","coordinates":[[-0.1668,51.2406],[-0.1662,51.2418],[-0.1678,51.2425],[-0.1646,51.2537],[-0.1589,51.2564],[-0.1543,51.2609],[-0.1523,51.263],[-0.1528,51.2648],[-0.1511,51.2672],[-0.1518,51.273],[-0.1568,51.2749],[-0.1578,51.2767],[-0.1565,51.2794],[-0.157,51.2821],[-0.1552,51.2847],[-0.1556,51.2874],[-0.1549,51.2907],[-0.1511,51.3006],[-0.1439,51.312],[-0.143,51.3119],[-0.1386,51.3153],[-0.1383,51.3164],[-0.1392,51.3189],[-0.1385,51.3207],[-0.1284,51.3277],[-0.1174,51.3381],[-0.1195,51.3394],[-0.1167,51.3401],[-0.1112,51.3445],[-0.1114,51.3467],[-0.108,51.3493],[-0.1054,51.3556],[-0.1065,51.3591],[-0.1062,51.3624],[-0.0985,51.3638],[-0.1002,51.3708],[-0.0972,51.3711],[-0.0968,51.3734],[-0.0982,51.3735]]}},{"type":"Feature","properties":{"routeId":"404","name":"404","direction":"1","routeType":"regular","lengthKm":13.3,"stops":44},"geometry":{"type":"LineString","coordinates":[[-0.1473,51.3134],[-0.1486,51.3137],[-0.1456,51.3141],[-0.1419,51.3166],[-0.1399,51.316],[-0.1395,51.3172],[-0.138,51.3176],[-0.1352,51.3202],[-0.1351,51.3229],[-0.1387,51.3204],[-0.1388,51.3176],[-0.1343,51.3134],[-0.1322,51.3148],[-0.1297,51.314],[-0.1289,51.3159],[-0.1278,51.3165],[-0.1277,51.318],[-0.1264,51.3184],[-0.1233,51.3125],[-0.1271,51.3121],[-0.1284,51.3106],[-0.1191,51.3063],[-0.1187,51.3038],[-0.1233,51.3031],[-0.12,51.3004],[-0.121,51.3],[-0.1206,51.2994],[-0.1256,51.2987],[-0.1259,51.2993],[-0.12,51.3002],[-0.1233,51.3031],[-0.1155,51.3039],[-0.1143,51.3058],[-0.1118,51.307],[-0.1076,51.3043],[-0.1144,51.3019],[-0.113,51.2997],[-0.1157,51.299],[-0.1022,51.2932],[-0.0984,51.2879],[-0.0933,51.2875]]}},{"type":"Feature","properties":{"routeId":"406","name":"406","direction":"1","routeType":"regular","lengthKm":12,"stops":34},"geometry":{"type":"LineString","coordinates":[[-0.2984,51.4123],[-0.2964,51.4121],[-0.2967,51.411],[-0.3017,51.4108],[-0.3038,51.4089],[-0.3038,51.407],[-0.3076,51.4077],[-0.3083,51.4057],[-0.3079,51.4034],[-0.3045,51.4018],[-0.3024,51.3991],[-0.3,51.3979],[-0.2979,51.3895],[-0.2958,51.3856],[-0.2841,51.3821],[-0.2801,51.3794],[-0.2737,51.3729],[-0.2673,51.3701],[-0.2494,51.3582],[-0.2518,51.355],[-0.2509,51.3535],[-0.2509,51.3514],[-0.2491,51.3491],[-0.2511,51.3463],[-0.2513,51.3438],[-0.2553,51.3398],[-0.2653,51.3339]]}},{"type":"Feature","properties":{"routeId":"398","name":"398","direction":"2","routeType":"regular","lengthKm":10.5,"stops":30},"geometry":{"type":"LineString","coordinates":[[-0.3463,51.5547],[-0.3445,51.5544],[-0.3443,51.555],[-0.3464,51.5555],[-0.347,51.5548],[-0.3497,51.5563],[-0.3558,51.5534],[-0.3616,51.5561],[-0.3621,51.5574],[-0.3541,51.5642],[-0.3518,51.5649],[-0.3541,51.5642],[-0.3564,51.5652],[-0.3617,51.5651],[-0.3656,51.5639],[-0.3709,51.5709],[-0.3713,51.573],[-0.3706,51.5752],[-0.3713,51.5771],[-0.3747,51.5767],[-0.3821,51.5782],[-0.3951,51.5778],[-0.3982,51.5772],[-0.3958,51.5742],[-0.411,51.5703],[-0.4134,51.5738],[-0.4216,51.5724],[-0.4217,51.5716],[-0.4214,51.572]]}},{"type":"Feature","properties":{"routeId":"388","name":"388","direction":"2","routeType":"regular","lengthKm":10.2,"stops":29},"geometry":{"type":"LineString","coordinates":[[-0.0866,51.5053],[-0.0869,51.5047],[-0.0889,51.5057],[-0.0869,51.5104],[-0.0799,51.5181],[-0.0773,51.5237],[-0.0746,51.5237],[-0.0688,51.5259],[-0.0556,51.5276],[-0.0573,51.5336],[-0.0571,51.5385],[-0.0559,51.54],[-0.0505,51.5407],[-0.0489,51.5417],[-0.0358,51.5452],[-0.0307,51.5449],[-0.0288,51.5474],[-0.0223,51.549],[-0.0183,51.5442],[-0.0114,51.544],[-0.0067,51.5408],[-0.0039,51.5433]]}},{"type":"Feature","properties":{"routeId":"396","name":"396","direction":"2","routeType":"regular","lengthKm":7.6,"stops":21},"geometry":{"type":"LineString","coordinates":[[0.0682,51.557],[0.0677,51.5576],[0.0702,51.5592],[0.0659,51.5649],[0.0663,51.5661],[0.0636,51.5709],[0.066,51.5738],[0.0661,51.5768],[0.0842,51.5737],[0.0906,51.5751],[0.0906,51.5759],[0.091,51.5752],[0.0961,51.5764],[0.1086,51.582],[0.1158,51.5826],[0.1175,51.5824],[0.1172,51.5817],[0.1186,51.5813],[0.1155,51.5803],[0.1145,51.5784],[0.111,51.5793],[0.1117,51.5798]]}},{"type":"Feature","properties":{"routeId":"397","name":"397","direction":"2","routeType":"regular","lengthKm":15.5,"stops":38},"geometry":{"type":"LineString","coordinates":[[0.0822,51.647],[0.0776,51.647],[0.0754,51.6481],[0.0712,51.6484],[0.0669,51.648],[0.0571,51.6496],[0.0521,51.6444],[0.055,51.6419],[0.0521,51.6444],[0.0485,51.6418],[0.0429,51.6394],[0.0341,51.6289],[0.0269,51.6185],[0.0237,51.6205],[0.0214,51.6254],[0.0176,51.6275],[0.0144,51.6341],[0.0111,51.6341],[0.0013,51.6306],[0.0029,51.6286],[0.0074,51.627],[0.0082,51.6242],[0.0031,51.6237],[-0.0053,51.6256],[-0.0057,51.624],[-0.0167,51.6232],[-0.0181,51.6113],[-0.0165,51.6031],[-0.0194,51.6027],[-0.0209,51.6035],[-0.0201,51.6041],[-0.0191,51.6035],[-0.0201,51.6033]]}},{"type":"Feature","properties":{"routeId":"411","name":"411","direction":"1","routeType":"regular","lengthKm":6.9,"stops":18},"geometry":{"type":"LineString","coordinates":[[-0.299,51.4125],[-0.3048,51.4127],[-0.3058,51.411],[-0.3115,51.4112],[-0.3233,51.4075],[-0.3347,51.4064],[-0.34,51.407],[-0.3432,51.4022],[-0.3476,51.401],[-0.349,51.3999],[-0.3491,51.3987],[-0.3701,51.4033],[-0.3769,51.4027],[-0.3804,51.4016],[-0.3794,51.4002]]}},{"type":"Feature","properties":{"routeId":"410","name":"410","direction":"1","routeType":"regular","lengthKm":15.4,"stops":48},"geometry":{"type":"LineString","coordinates":[[-0.0781,51.4205],[-0.0785,51.4199],[-0.0755,51.4191],[-0.0738,51.4176],[-0.0724,51.416],[-0.0735,51.4155],[-0.0727,51.4144],[-0.0749,51.4107],[-0.0777,51.4107],[-0.0804,51.412],[-0.0813,51.4091],[-0.0795,51.4068],[-0.0746,51.4033],[-0.078,51.4015],[-0.0747,51.3995],[-0.0818,51.3967],[-0.0794,51.3938],[-0.0752,51.3929],[-0.0769,51.3908],[-0.0755,51.3904],[-0.0769,51.3908],[-0.079,51.3891],[-0.0799,51.3896],[-0.079,51.3891],[-0.0878,51.3837],[-0.0886,51.3807],[-0.086,51.3804],[-0.0915,51.3777],[-0.0906,51.3747],[-0.097,51.3742],[-0.1003,51.3796],[-0.103,51.3776],[-0.1039,51.3757],[-0.1031,51.3751],[-0.1056,51.3736],[-0.1064,51.375],[-0.1073,51.375],[-0.11,51.3727],[-0.1101,51.3718],[-0.1172,51.3713],[-0.119,51.3677],[-0.1322,51.3677],[-0.1338,51.3689],[-0.1403,51.3698],[-0.1502,51.3684],[-0.1537,51.3672],[-0.15,51.3604],[-0.1498,51.3594],[-0.1515,51.3591],[-0.1513,51.3577]]}},{"type":"Feature","properties":{"routeId":"411","name":"411","direction":"2","routeType":"regular","lengthKm":7.2,"stops":17},"geometry":{"type":"LineString","coordinates":[[-0.3794,51.4002],[-0.3798,51.3999],[-0.3804,51.4016],[-0.3769,51.4027],[-0.3701,51.4033],[-0.3491,51.3987],[-0.349,51.3999],[-0.3476,51.401],[-0.3432,51.4022],[-0.34,51.407],[-0.3347,51.4064],[-0.3221,51.4077],[-0.3111,51.4115],[-0.3059,51.411],[-0.3051,51.4127],[-0.3026,51.4136],[-0.3008,51.4134],[-0.3006,51.4123],[-0.2989,51.4123]]}},{"type":"Feature","properties":{"routeId":"413","name":"413","direction":"1","routeType":"regular","lengthKm":10.6,"stops":29},"geometry":{"type":"LineString","coordinates":[[-0.1982,51.3697],[-0.1949,51.3705],[-0.1949,51.3677],[-0.1934,51.3677],[-0.191,51.3619],[-0.1896,51.3608],[-0.1945,51.3599],[-0.196,51.3613],[-0.2062,51.3599],[-0.2057,51.3617],[-0.2066,51.363],[-0.2056,51.3664],[-0.2099,51.3736],[-0.2146,51.3766],[-0.2198,51.3787],[-0.2114,51.3858],[-0.2159,51.3884],[-0.2218,51.3901],[-0.2258,51.3949],[-0.2213,51.3959],[-0.2168,51.4018],[-0.214,51.4039],[-0.211,51.403],[-0.2035,51.4027],[-0.1996,51.4015],[-0.1954,51.4017]]}},{"type":"Feature","properties":{"routeId":"407","name":"407","direction":"1","routeType":"regular","lengthKm":21.7,"stops":60},"geometry":{"type":"LineString","coordinates":[[-0.1939,51.3678],[-0.1906,51.3616],[-0.1836,51.3628],[-0.1684,51.3627],[-0.1644,51.3651],[-0.1604,51.3654],[-0.1426,51.3698],[-0.1341,51.369],[-0.1318,51.3677],[-0.119,51.3677],[-0.1172,51.3713],[-0.1101,51.3718],[-0.1089,51.3737],[-0.1072,51.3731],[-0.1068,51.3742],[-0.1058,51.3739],[-0.1034,51.3761],[-0.101,51.3795],[-0.0998,51.3797],[-0.0995,51.378],[-0.0967,51.3741],[-0.0987,51.3734],[-0.0985,51.3724],[-0.1004,51.3724],[-0.1005,51.3716],[-0.0983,51.363],[-0.0978,51.3535],[-0.1043,51.3449],[-0.1169,51.3386],[-0.1062,51.3281],[-0.0927,51.3226],[-0.0843,51.3173],[-0.0825,51.3137],[-0.0794,51.3102],[-0.0798,51.3081],[-0.0763,51.3031],[-0.0721,51.2987],[-0.0703,51.2978],[-0.0722,51.2938],[-0.0785,51.287],[-0.0791,51.2846],[-0.0771,51.2822],[-0.0777,51.2827]]}},{"type":"Feature","properties":{"routeId":"412","name":"412","direction":"1","routeType":"regular","lengthKm":10.2,"stops":33},"geometry":{"type":"LineString","coordinates":[[-0.1157,51.3393],[-0.1168,51.3384],[-0.1126,51.3348],[-0.105,51.331],[-0.0929,51.3301],[-0.086,51.331],[-0.0844,51.3329],[-0.0729,51.339],[-0.0685,51.3402],[-0.0629,51.3433],[-0.0623,51.3428],[-0.065,51.3421],[-0.0707,51.3462],[-0.0786,51.3485],[-0.0931,51.3565],[-0.0933,51.3593],[-0.0949,51.3593],[-0.096,51.3621],[-0.0982,51.3625],[-0.0989,51.3645],[-0.1002,51.3708],[-0.0972,51.3711],[-0.0968,51.3734],[-0.0982,51.3735]]}},{"type":"Feature","properties":{"routeId":"406","name":"406","direction":"2","routeType":"regular","lengthKm":11.8,"stops":36},"geometry":{"type":"LineString","coordinates":[[-0.2681,51.3332],[-0.2644,51.3341],[-0.2599,51.3368],[-0.2548,51.3402],[-0.2513,51.3438],[-0.2511,51.3462],[-0.2491,51.3491],[-0.2509,51.3514],[-0.2509,51.3536],[-0.2518,51.3549],[-0.2499,51.3582],[-0.2673,51.37],[-0.2738,51.3727],[-0.2842,51.382],[-0.2956,51.3854],[-0.2977,51.3889],[-0.2999,51.3978],[-0.3025,51.3992],[-0.3045,51.4018],[-0.3079,51.4034],[-0.3083,51.4057],[-0.3077,51.4078],[-0.304,51.4072],[-0.3038,51.4089],[-0.3005,51.4113],[-0.3005,51.4123],[-0.2989,51.4123]]}},{"type":"Feature","properties":{"routeId":"405","name":"405","direction":"2","routeType":"regular","lengthKm":17.6,"stops":44},"geometry":{"type":"LineString","coordinates":[[-0.0979,51.3735],[-0.0987,51.3734],[-0.0985,51.3724],[-0.1004,51.3724],[-0.1005,51.3716],[-0.0985,51.3638],[-0.1061,51.3623],[-0.1065,51.3591],[-0.1055,51.355],[-0.1079,51.3494],[-0.1114,51.3467],[-0.1111,51.3446],[-0.1173,51.3399],[-0.1163,51.3377],[-0.1179,51.3375],[-0.1282,51.3278],[-0.1385,51.3206],[-0.1392,51.319],[-0.1386,51.3153],[-0.1442,51.3111],[-0.151,51.3007],[-0.1554,51.2883],[-0.1551,51.2834],[-0.1537,51.2803],[-0.1573,51.2772],[-0.1575,51.2762],[-0.1566,51.275],[-0.1518,51.273],[-0.151,51.2674],[-0.1528,51.2648],[-0.1523,51.263],[-0.1558,51.2594],[-0.159,51.2564],[-0.1644,51.2539],[-0.1677,51.2426],[-0.166,51.2417],[-0.1664,51.2401],[-0.1668,51.2406]]}},{"type":"Feature","properties":{"routeId":"404","name":"404","direction":"2","routeType":"regular","lengthKm":13.9,"stops":46},"geometry":{"type":"LineString","coordinates":[[-0.0933,51.2875],[-0.0911,51.2873],[-0.0968,51.2845],[-0.097,51.2861],[-0.1022,51.2932],[-0.1157,51.299],[-0.113,51.2997],[-0.1144,51.3019],[-0.1076,51.3043],[-0.1118,51.307],[-0.1141,51.3059],[-0.1155,51.3039],[-0.1233,51.3031],[-0.12,51.3002],[-0.121,51.3],[-0.1206,51.2994],[-0.1256,51.2987],[-0.1259,51.2993],[-0.12,51.3002],[-0.1233,51.3031],[-0.1187,51.3038],[-0.1191,51.3063],[-0.1284,51.3106],[-0.1271,51.3121],[-0.1233,51.3125],[-0.1264,51.3184],[-0.1277,51.318],[-0.1278,51.3165],[-0.1289,51.3159],[-0.1297,51.314],[-0.1322,51.3148],[-0.1343,51.3134],[-0.1366,51.3163],[-0.1389,51.3174],[-0.1352,51.3202],[-0.1351,51.3229],[-0.1387,51.3204],[-0.1392,51.319],[-0.1385,51.3173],[-0.1395,51.3171],[-0.1399,51.316],[-0.1419,51.3166],[-0.1473,51.3134]]}},{"type":"Feature","properties":{"routeId":"417","name":"417","direction":"1","routeType":"regular","lengthKm":9.5,"stops":34},"geometry":{"type":"LineString","coordinates":[[-0.0781,51.4205],[-0.0814,51.417],[-0.0831,51.4197],[-0.087,51.4195],[-0.0935,51.4227],[-0.1062,51.4226],[-0.1145,51.4235],[-0.114,51.4254],[-0.1146,51.4313],[-0.1172,51.4329],[-0.1226,51.4344],[-0.1271,51.438],[-0.1246,51.442],[-0.1245,51.4451],[-0.1319,51.4477],[-0.1295,51.4546],[-0.1292,51.4598],[-0.1335,51.4592],[-0.1377,51.462],[-0.1391,51.4611],[-0.1434,51.4612],[-0.1421,51.4635]]}},{"type":"Feature","properties":{"routeId":"415","name":"415","direction":"1","routeType":"regular","lengthKm":8.6,"stops":28},"geometry":{"type":"LineString","coordinates":[[-0.1085,51.4412],[-0.1129,51.4467],[-0.1133,51.4543],[-0.1152,51.459],[-0.1167,51.4596],[-0.1125,51.4685],[-0.1127,51.4747],[-0.1121,51.4783],[-0.1108,51.4811],[-0.1111,51.4833],[-0.1009,51.493],[-0.1009,51.4956],[-0.0945,51.4942],[-0.0851,51.4942],[-0.0809,51.4906],[-0.0774,51.4887]]}},{"type":"Feature","properties":{"routeId":"419","name":"419","direction":"1","routeType":"regular","lengthKm":12.2,"stops":33},"geometry":{"type":"LineString","coordinates":[[-0.3047,51.4607],[-0.3006,51.4649],[-0.2931,51.4662],[-0.2884,51.4678],[-0.2835,51.4679],[-0.2761,51.4693],[-0.271,51.4687],[-0.268,51.4697],[-0.2559,51.4706],[-0.2514,51.4736],[-0.2477,51.48],[-0.2415,51.4791],[-0.2444,51.4847],[-0.2394,51.4862],[-0.2332,51.4859],[-0.2361,51.4827],[-0.2393,51.4754],[-0.2369,51.4718],[-0.237,51.4708],[-0.2439,51.4652],[-0.2428,51.4571],[-0.2438,51.4518],[-0.2382,51.449],[-0.2391,51.4479],[-0.2386,51.4464],[-0.2402,51.4446]]}},{"type":"Feature","properties":{"routeId":"413","name":"413","direction":"2","routeType":"regular","lengthKm":10.3,"stops":25},"geometry":{"type":"LineString","coordinates":[[-0.1931,51.4028],[-0.1966,51.4005],[-0.1975,51.4018],[-0.214,51.4038],[-0.2168,51.4018],[-0.2213,51.3959],[-0.2258,51.3949],[-0.2218,51.3901],[-0.2159,51.3885],[-0.2114,51.3858],[-0.2198,51.3787],[-0.2146,51.3766],[-0.2099,51.3736],[-0.2056,51.3664],[-0.2066,51.363],[-0.2057,51.3617],[-0.2062,51.3599],[-0.1943,51.3615],[-0.1963,51.3679],[-0.1993,51.3669],[-0.2006,51.3684],[-0.1985,51.3693]]}},{"type":"Feature","properties":{"routeId":"407","name":"407","direction":"2","routeType":"regular","lengthKm":22.5,"stops":60},"geometry":{"type":"LineString","coordinates":[[-0.0777,51.2827],[-0.0791,51.2857],[-0.0759,51.2904],[-0.0718,51.2943],[-0.071,51.2974],[-0.0761,51.3028],[-0.0798,51.3081],[-0.0797,51.3105],[-0.0827,51.314],[-0.0841,51.3171],[-0.0931,51.3228],[-0.1058,51.3279],[-0.1139,51.3362],[-0.1175,51.338],[-0.1038,51.3458],[-0.0978,51.3535],[-0.098,51.3606],[-0.1002,51.3708],[-0.0984,51.3709],[-0.0987,51.3734],[-0.0969,51.3738],[-0.1002,51.3796],[-0.1015,51.3793],[-0.103,51.3776],[-0.1039,51.3757],[-0.1031,51.3751],[-0.1056,51.3736],[-0.1064,51.375],[-0.1073,51.375],[-0.11,51.3727],[-0.1101,51.3718],[-0.1172,51.3713],[-0.119,51.3677],[-0.1322,51.3677],[-0.1343,51.369],[-0.1431,51.3698],[-0.1606,51.3654],[-0.1645,51.3651],[-0.1684,51.3627],[-0.1842,51.3628],[-0.1897,51.3618],[-0.1897,51.3607],[-0.1947,51.3599],[-0.1954,51.361],[-0.1942,51.3617],[-0.1945,51.3633],[-0.1964,51.368],[-0.1939,51.3678]]}},{"type":"Feature","properties":{"routeId":"417","name":"417","direction":"2","routeType":"regular","lengthKm":8.7,"stops":31},"geometry":{"type":"LineString","coordinates":[[-0.1411,51.4635],[-0.1398,51.4618],[-0.1376,51.462],[-0.1334,51.4594],[-0.1292,51.4598],[-0.1294,51.4547],[-0.1319,51.4478],[-0.1243,51.4452],[-0.1245,51.4418],[-0.1268,51.4381],[-0.1226,51.4344],[-0.1166,51.4327],[-0.1146,51.4312],[-0.114,51.4254],[-0.1145,51.4235],[-0.1062,51.4226],[-0.0935,51.4227],[-0.0862,51.4193],[-0.0787,51.4198],[-0.0782,51.4208]]}},{"type":"Feature","properties":{"routeId":"412","name":"412","direction":"2","routeType":"regular","lengthKm":11.1,"stops":34},"geometry":{"type":"LineString","coordinates":[[-0.0979,51.3735],[-0.0987,51.3734],[-0.0985,51.3724],[-0.1004,51.3724],[-0.099,51.3648],[-0.096,51.3621],[-0.0949,51.3593],[-0.0933,51.3593],[-0.0931,51.3565],[-0.0791,51.3489],[-0.0713,51.3465],[-0.0649,51.342],[-0.0629,51.3433],[-0.0623,51.3428],[-0.0729,51.339],[-0.0775,51.3358],[-0.0844,51.3329],[-0.086,51.331],[-0.0926,51.3302],[-0.1036,51.3304],[-0.1128,51.3349],[-0.1139,51.3362],[-0.1199,51.3395],[-0.1167,51.3401],[-0.1139,51.3422],[-0.1124,51.3411],[-0.1147,51.3399]]}},{"type":"Feature","properties":{"routeId":"410","name":"410","direction":"2","routeType":"regular","lengthKm":15.6,"stops":49},"geometry":{"type":"LineString","coordinates":[[-0.1513,51.3577],[-0.1511,51.3568],[-0.1494,51.3573],[-0.1504,51.3612],[-0.151,51.3606],[-0.1504,51.3612],[-0.1515,51.364],[-0.1538,51.3674],[-0.1421,51.3699],[-0.1341,51.369],[-0.1318,51.3677],[-0.119,51.3677],[-0.1172,51.3713],[-0.1101,51.3718],[-0.1089,51.3737],[-0.1072,51.3731],[-0.1004,51.3797],[-0.0998,51.3797],[-0.0983,51.3764],[-0.0954,51.3771],[-0.0939,51.3745],[-0.0906,51.3747],[-0.0915,51.3777],[-0.0868,51.3803],[-0.0886,51.3807],[-0.0878,51.3837],[-0.079,51.3891],[-0.0799,51.3896],[-0.079,51.3891],[-0.0769,51.3908],[-0.0755,51.3904],[-0.0769,51.3908],[-0.0752,51.3929],[-0.0794,51.3938],[-0.0818,51.3967],[-0.0747,51.3995],[-0.078,51.4015],[-0.0746,51.4033],[-0.0803,51.4075],[-0.0813,51.4091],[-0.0804,51.412],[-0.0779,51.4108],[-0.0749,51.4107],[-0.0727,51.4144],[-0.0735,51.4155],[-0.0724,51.416],[-0.0755,51.4191],[-0.0785,51.4199],[-0.0782,51.4208]]}},{"type":"Feature","properties":{"routeId":"418","name":"418","direction":"1","routeType":"regular","lengthKm":12.6,"stops":33},"geometry":{"type":"LineString","coordinates":[[-0.2984,51.4123],[-0.2964,51.4121],[-0.2967,51.411],[-0.3017,51.4108],[-0.3038,51.4089],[-0.3038,51.407],[-0.3076,51.4077],[-0.3083,51.4057],[-0.3079,51.4034],[-0.3045,51.4018],[-0.3024,51.3991],[-0.3,51.3979],[-0.2967,51.3867],[-0.2946,51.385],[-0.2841,51.3821],[-0.2801,51.3794],[-0.2737,51.3729],[-0.2649,51.3685],[-0.2689,51.3646],[-0.2739,51.3639],[-0.2811,51.3604],[-0.2619,51.35],[-0.2638,51.3448],[-0.2679,51.3414],[-0.2654,51.3364],[-0.2675,51.3363],[-0.2683,51.3354],[-0.2673,51.3338]]}},{"type":"Feature","properties":{"routeId":"422","name":"422","direction":"1","routeType":"regular","lengthKm":18.8,"stops":53},"geometry":{"type":"LineString","coordinates":[[0.0044,51.4996],[0.0066,51.4993],[0.0081,51.4969],[0.0123,51.4949],[0.0093,51.4927],[0.0072,51.4862],[0.0148,51.4861],[0.0177,51.4869],[0.0182,51.4864],[0.0171,51.4864],[0.0172,51.4858],[0.0199,51.484],[0.0192,51.4779],[0.0245,51.4793],[0.033,51.4798],[0.0356,51.4804],[0.0362,51.4816],[0.0377,51.482],[0.0456,51.4821],[0.0493,51.4851],[0.0538,51.4871],[0.061,51.4877],[0.0669,51.4901],[0.0676,51.4894],[0.0702,51.4915],[0.074,51.4908],[0.0818,51.491],[0.0913,51.4877],[0.1025,51.4855],[0.1018,51.4835],[0.102,51.4804],[0.1077,51.4771],[0.1118,51.4731],[0.1157,51.4721],[0.1193,51.4722],[0.138,51.4785],[0.1432,51.4791],[0.145,51.4782],[0.1452,51.4769],[0.1362,51.4733],[0.1305,51.4587],[0.1423,51.457],[0.1433,51.4576],[0.1475,51.4572],[0.1464,51.4565]]}},{"type":"Feature","properties":{"routeId":"415","name":"415","direction":"2","routeType":"regular","lengthKm":8.7,"stops":28},"geometry":{"type":"LineString","coordinates":[[-0.0775,51.4886],[-0.0851,51.4937],[-0.0947,51.4942],[-0.1009,51.4956],[-0.1005,51.4933],[-0.1111,51.4833],[-0.1108,51.4811],[-0.1121,51.4783],[-0.1128,51.4735],[-0.1125,51.4685],[-0.1157,51.4609],[-0.1131,51.4537],[-0.113,51.4471],[-0.1092,51.4422],[-0.1063,51.441],[-0.1063,51.4403],[-0.1076,51.4403]]}},{"type":"Feature","properties":{"routeId":"419","name":"419","direction":"2","routeType":"regular","lengthKm":12.6,"stops":35},"geometry":{"type":"LineString","coordinates":[[-0.2404,51.4444],[-0.2409,51.4438],[-0.2426,51.4457],[-0.2382,51.449],[-0.2438,51.4518],[-0.2428,51.4571],[-0.2439,51.4652],[-0.237,51.4708],[-0.2369,51.4718],[-0.2393,51.4754],[-0.2361,51.4827],[-0.2332,51.4859],[-0.2394,51.4862],[-0.2444,51.4847],[-0.2415,51.4791],[-0.2477,51.48],[-0.2514,51.4736],[-0.2561,51.4705],[-0.2676,51.4697],[-0.271,51.4687],[-0.276,51.4692],[-0.289,51.4675],[-0.3008,51.4644],[-0.3034,51.4615],[-0.3021,51.4601],[-0.304,51.4594]]}},{"type":"Feature","properties":{"routeId":"428","name":"428","direction":"1","routeType":"regular","lengthKm":15.6,"stops":28},"geometry":{"type":"LineString","coordinates":[[0.1786,51.4807],[0.1778,51.48],[0.1816,51.4763],[0.1811,51.4669],[0.1833,51.4672],[0.1847,51.4666],[0.1902,51.4673],[0.1904,51.466],[0.1871,51.4638],[0.1965,51.4564],[0.1934,51.4547],[0.18,51.453],[0.1788,51.4515],[0.1802,51.4505],[0.2121,51.4452],[0.2138,51.4469],[0.2181,51.4466],[0.2197,51.4462],[0.2215,51.4438],[0.2623,51.4368],[0.2618,51.4357],[0.2592,51.4355],[0.2615,51.4359],[0.262,51.4369],[0.2765,51.4341],[0.2789,51.4344],[0.2799,51.4316],[0.2782,51.4326],[0.2776,51.4339],[0.2789,51.4406],[0.2777,51.4402],[0.2778,51.4377],[0.2765,51.4375]]}},{"type":"Feature","properties":{"routeId":"427","name":"427","direction":"1","routeType":"regular","lengthKm":11.1,"stops":35},"geometry":{"type":"LineString","coordinates":[[-0.4767,51.5476],[-0.4774,51.5483],[-0.4793,51.5475],[-0.4786,51.5466],[-0.4818,51.5486],[-0.4832,51.547],[-0.4822,51.5454],[-0.4804,51.5447],[-0.477,51.545],[-0.4733,51.5437],[-0.4721,51.5415],[-0.4725,51.5389],[-0.4697,51.5362],[-0.4584,51.5353],[-0.4369,51.5259],[-0.4229,51.5232],[-0.4094,51.5184],[-0.4035,51.5173],[-0.3932,51.5138],[-0.3756,51.5112],[-0.379,51.5053],[-0.3759,51.5054],[-0.3761,51.5044]]}},{"type":"Feature","properties":{"routeId":"424","name":"424","direction":"1","routeType":"regular","lengthKm":12.2,"stops":28},"geometry":{"type":"LineString","coordinates":[[-0.2223,51.4529],[-0.2273,51.449],[-0.2329,51.452],[-0.2278,51.4528],[-0.2276,51.4551],[-0.227,51.4562],[-0.226,51.4562],[-0.2261,51.4575],[-0.2188,51.457],[-0.2142,51.4659],[-0.2065,51.4713],[-0.1994,51.4728],[-0.1985,51.4708],[-0.1922,51.4656],[-0.1876,51.4676],[-0.1851,51.4705],[-0.1878,51.4711],[-0.1909,51.4729],[-0.1887,51.4749],[-0.1923,51.4768],[-0.1917,51.4771],[-0.1957,51.48],[-0.1974,51.4805],[-0.2071,51.4743],[-0.214,51.4826],[-0.2192,51.4836],[-0.2181,51.4814],[-0.2215,51.4804],[-0.221,51.4797],[-0.2226,51.4792],[-0.2222,51.4776],[-0.2202,51.4783],[-0.2198,51.4776],[-0.2219,51.477]]}},{"type":"Feature","properties":{"routeId":"423","name":"423","direction":"1","routeType":"regular","lengthKm":14.6,"stops":32},"geometry":{"type":"LineString","coordinates":[[-0.3559,51.4702],[-0.3623,51.4688],[-0.3617,51.4678],[-0.363,51.4672],[-0.366,51.4666],[-0.3672,51.4677],[-0.3881,51.463],[-0.3888,51.4648],[-0.3865,51.4672],[-0.3936,51.4675],[-0.3979,51.4693],[-0.4014,51.4673],[-0.4061,51.4709],[-0.4057,51.4719],[-0.4203,51.4672],[-0.4201,51.4659],[-0.4211,51.466],[-0.423,51.4681],[-0.415,51.4718],[-0.4186,51.4757],[-0.4268,51.4761],[-0.4272,51.4793],[-0.433,51.4794],[-0.4344,51.4806],[-0.4622,51.4809],[-0.4792,51.482],[-0.4885,51.4816],[-0.4943,51.4789],[-0.4937,51.4783],[-0.4945,51.4759],[-0.4918,51.4755],[-0.4897,51.4731]]}},{"type":"Feature","properties":{"routeId":"430","name":"430","direction":"1","routeType":"regular","lengthKm":10.8,"stops":36},"geometry":{"type":"LineString","coordinates":[[-0.2483,51.4522],[-0.2456,51.4503],[-0.2417,51.4496],[-0.2363,51.4504],[-0.2386,51.4648],[-0.2226,51.4625],[-0.2171,51.4608],[-0.2142,51.4659],[-0.2102,51.4697],[-0.2173,51.4784],[-0.2194,51.4835],[-0.2138,51.4826],[-0.2048,51.4845],[-0.1904,51.4894],[-0.18,51.4913],[-0.1748,51.4938],[-0.1751,51.4956],[-0.1723,51.4958]]}},{"type":"Feature","properties":{"routeId":"418","name":"418","direction":"2","routeType":"regular","lengthKm":12.3,"stops":36},"geometry":{"type":"LineString","coordinates":[[-0.2681,51.3332],[-0.2671,51.3334],[-0.2683,51.3353],[-0.2677,51.3362],[-0.2654,51.3364],[-0.2679,51.3414],[-0.2638,51.3448],[-0.2619,51.3499],[-0.2738,51.3555],[-0.2747,51.3568],[-0.2812,51.3602],[-0.2739,51.3639],[-0.2691,51.3645],[-0.2655,51.3687],[-0.2738,51.3727],[-0.2842,51.382],[-0.2952,51.3851],[-0.2967,51.3867],[-0.2999,51.3978],[-0.3025,51.3992],[-0.3045,51.4018],[-0.3079,51.4034],[-0.3083,51.4057],[-0.3077,51.4078],[-0.304,51.4072],[-0.3038,51.4089],[-0.3005,51.4113],[-0.3005,51.4123],[-0.2989,51.4123]]}},{"type":"Feature","properties":{"routeId":"425","name":"425","direction":"1","routeType":"regular","lengthKm":15.4,"stops":50},"geometry":{"type":"LineString","coordinates":[[0.0759,51.5595],[0.0758,51.5585],[0.0731,51.5574],[0.0722,51.5574],[0.0716,51.5586],[0.0703,51.5584],[0.0691,51.5572],[0.0673,51.5574],[0.0411,51.5486],[0.0213,51.5459],[0.0041,51.542],[-0.0002,51.5396],[-0.0025,51.5413],[-0.0005,51.5392],[-0.0137,51.5295],[-0.0348,51.5249],[-0.0402,51.5308],[-0.043,51.5361],[-0.0445,51.537],[-0.0457,51.5397],[-0.0476,51.5412],[-0.0472,51.5438],[-0.0461,51.545],[-0.0478,51.5468],[-0.0477,51.5481],[-0.0421,51.5487],[-0.043,51.5502],[-0.0443,51.5499],[-0.0435,51.5484],[-0.0477,51.548],[-0.0504,51.5487],[-0.0561,51.5581],[-0.0594,51.5583]]}},{"type":"Feature","properties":{"routeId":"433","name":"433","direction":"1","routeType":"regular","lengthKm":10.1,"stops":33},"geometry":{"type":"LineString","coordinates":[[-0.0326,51.3565],[-0.0363,51.3549],[-0.0378,51.3527],[-0.0352,51.3479],[-0.0365,51.3455],[-0.0393,51.3468],[-0.0423,51.347],[-0.045,51.346],[-0.0445,51.3455],[-0.0452,51.3449],[-0.0474,51.3442],[-0.0469,51.343],[-0.0537,51.3404],[-0.053,51.339],[-0.0547,51.3375],[-0.0598,51.3406],[-0.0669,51.3465],[-0.0701,51.3535],[-0.0728,51.3559],[-0.0803,51.3591],[-0.0923,51.3623],[-0.0901,51.3657],[-0.0874,51.3667],[-0.0861,51.3684],[-0.0861,51.3701],[-0.0885,51.375],[-0.0982,51.3735]]}},{"type":"Feature","properties":{"routeId":"427","name":"427","direction":"2","routeType":"regular","lengthKm":11,"stops":34},"geometry":{"type":"LineString","coordinates":[[-0.3772,51.5054],[-0.3791,51.5051],[-0.3756,51.5112],[-0.3918,51.5133],[-0.3982,51.5155],[-0.4015,51.5156],[-0.4042,51.5174],[-0.4092,51.5182],[-0.4208,51.5224],[-0.4372,51.5258],[-0.4583,51.5352],[-0.469,51.5358],[-0.4731,51.539],[-0.4722,51.5412],[-0.4732,51.5433],[-0.4771,51.545],[-0.4815,51.5441],[-0.4835,51.5477],[-0.4817,51.5488],[-0.4805,51.5472],[-0.4773,51.5484],[-0.4764,51.5472]]}},{"type":"Feature","properties":{"routeId":"424","name":"424","direction":"2","routeType":"regular","lengthKm":12.1,"stops":27},"geometry":{"type":"LineString","coordinates":[[-0.2219,51.477],[-0.2226,51.4792],[-0.221,51.4797],[-0.2215,51.4804],[-0.2181,51.4814],[-0.2191,51.4836],[-0.214,51.4826],[-0.2072,51.4743],[-0.1974,51.4805],[-0.1957,51.48],[-0.1917,51.4771],[-0.1923,51.4768],[-0.1887,51.4749],[-0.1909,51.4729],[-0.1878,51.4711],[-0.1851,51.4705],[-0.1867,51.4681],[-0.1922,51.4656],[-0.1985,51.4708],[-0.1994,51.4728],[-0.2065,51.4713],[-0.2087,51.4695],[-0.2103,51.4693],[-0.2143,51.4657],[-0.2188,51.457],[-0.2261,51.4575],[-0.226,51.4562],[-0.227,51.4562],[-0.2276,51.4551],[-0.2278,51.4528],[-0.2329,51.452],[-0.2273,51.449],[-0.2265,51.4503],[-0.2209,51.4535],[-0.2223,51.4529]]}},{"type":"Feature","properties":{"routeId":"423","name":"423","direction":"2","routeType":"regular","lengthKm":16,"stops":32},"geometry":{"type":"LineString","coordinates":[[-0.4897,51.4722],[-0.4897,51.4702],[-0.4911,51.4694],[-0.4918,51.4713],[-0.4945,51.4742],[-0.495,51.4761],[-0.4937,51.4783],[-0.495,51.4792],[-0.4926,51.4793],[-0.4885,51.4816],[-0.4796,51.4818],[-0.4813,51.4826],[-0.4605,51.4809],[-0.4343,51.4807],[-0.433,51.4795],[-0.4274,51.4795],[-0.4265,51.4788],[-0.4265,51.4764],[-0.4186,51.4757],[-0.4148,51.4718],[-0.4227,51.4681],[-0.424,51.4667],[-0.4236,51.4676],[-0.4218,51.4669],[-0.4054,51.4722],[-0.4061,51.4709],[-0.4014,51.4673],[-0.3979,51.4693],[-0.3936,51.4675],[-0.3865,51.4672],[-0.3888,51.4648],[-0.3881,51.463],[-0.3669,51.4677],[-0.3661,51.4667],[-0.3627,51.4673],[-0.3544,51.4707]]}},{"type":"Feature","properties":{"routeId":"430","name":"430","direction":"2","routeType":"regular","lengthKm":11,"stops":37},"geometry":{"type":"LineString","coordinates":[[-0.1723,51.4958],[-0.1714,51.4959],[-0.1801,51.4913],[-0.1856,51.4908],[-0.205,51.4844],[-0.2138,51.4826],[-0.2194,51.4835],[-0.2173,51.4784],[-0.211,51.4716],[-0.2102,51.4697],[-0.2143,51.4657],[-0.2171,51.4608],[-0.2232,51.4626],[-0.2386,51.4648],[-0.2368,51.4523],[-0.2358,51.4514],[-0.2363,51.4504],[-0.2417,51.4496],[-0.2456,51.4503],[-0.2491,51.4527]]}},{"type":"Feature","properties":{"routeId":"434","name":"434","direction":"1","routeType":"regular","lengthKm":15.4,"stops":37},"geometry":{"type":"LineString","coordinates":[[-0.1542,51.3136],[-0.1509,51.3188],[-0.1474,51.3195],[-0.1439,51.3192],[-0.1382,51.3209],[-0.1298,51.3269],[-0.1301,51.3282],[-0.1342,51.3291],[-0.1382,51.3311],[-0.1365,51.3328],[-0.1295,51.3344],[-0.1209,51.3397],[-0.1176,51.3397],[-0.1139,51.3362],[-0.1183,51.3297],[-0.114,51.3244],[-0.1076,51.3207],[-0.1102,51.3192],[-0.1101,51.3185],[-0.108,51.3183],[-0.1065,51.3193],[-0.1071,51.3219],[-0.1034,51.3248],[-0.102,51.3249],[-0.1013,51.3261],[-0.0927,51.3226],[-0.084,51.3169],[-0.0825,51.3137],[-0.0794,51.3102],[-0.0798,51.3081],[-0.0763,51.3031],[-0.0721,51.2987],[-0.0703,51.2978],[-0.0722,51.2938],[-0.0785,51.287],[-0.0791,51.2846],[-0.0771,51.2822],[-0.0777,51.2827]]}},{"type":"Feature","properties":{"routeId":"433","name":"433","direction":"2","routeType":"regular","lengthKm":10.1,"stops":33},"geometry":{"type":"LineString","coordinates":[[-0.0968,51.373],[-0.0969,51.3742],[-0.0885,51.375],[-0.086,51.3699],[-0.0861,51.3684],[-0.0874,51.3667],[-0.09,51.3657],[-0.0923,51.3623],[-0.0799,51.359],[-0.0724,51.3557],[-0.0699,51.3531],[-0.0669,51.3465],[-0.0598,51.3406],[-0.0547,51.3375],[-0.053,51.339],[-0.0537,51.3404],[-0.0469,51.343],[-0.0473,51.3442],[-0.0452,51.3449],[-0.0445,51.3455],[-0.045,51.346],[-0.0423,51.347],[-0.039,51.3468],[-0.0365,51.3455],[-0.0352,51.3479],[-0.038,51.352],[-0.0375,51.3538],[-0.035,51.3561],[-0.0326,51.3563]]}},{"type":"Feature","properties":{"routeId":"436","name":"436","direction":"1","routeType":"regular","lengthKm":12,"stops":40},"geometry":{"type":"LineString","coordinates":[[-0.0111,51.4604],[-0.0093,51.4624],[-0.0103,51.4627],[-0.0113,51.465],[-0.0167,51.4647],[-0.0266,51.4688],[-0.0361,51.4755],[-0.0528,51.473],[-0.0656,51.4739],[-0.0656,51.4724],[-0.0697,51.472],[-0.0699,51.4733],[-0.0758,51.4743],[-0.0875,51.4735],[-0.0933,51.4741],[-0.1134,51.4828],[-0.1157,51.483],[-0.1201,51.4854],[-0.1231,51.4848],[-0.1239,51.4863],[-0.125,51.4844],[-0.1283,51.4847],[-0.1349,51.4827],[-0.1463,51.4779]]}},{"type":"Feature","properties":{"routeId":"444","name":"444","direction":"1","routeType":"regular","lengthKm":12.5,"stops":36},"geometry":{"type":"LineString","coordinates":[[-0.1025,51.5901],[-0.1035,51.5905],[-0.095,51.5954],[-0.095,51.5981],[-0.0922,51.598],[-0.091,51.6018],[-0.0871,51.603],[-0.0857,51.608],[-0.0866,51.6128],[-0.0844,51.6131],[-0.0796,51.6118],[-0.0694,51.612],[-0.0703,51.6146],[-0.0644,51.6148],[-0.0526,51.6133],[-0.0473,51.6115],[-0.0443,51.6116],[-0.0374,51.6135],[-0.0315,51.6119],[-0.0294,51.6137],[-0.0276,51.6174],[-0.0147,51.6169],[-0.0009,51.6188],[0.0039,51.6282],[0.001,51.6304],[0.0105,51.6335]]}},{"type":"Feature","properties":{"routeId":"425","name":"425","direction":"2","routeType":"regular","lengthKm":15.7,"stops":51},"geometry":{"type":"LineString","coordinates":[[-0.0598,51.5587],[-0.0598,51.5597],[-0.0566,51.5599],[-0.0553,51.5586],[-0.0556,51.5565],[-0.0504,51.5487],[-0.047,51.548],[-0.0475,51.5492],[-0.0443,51.5499],[-0.0435,51.5484],[-0.0476,51.548],[-0.0477,51.5469],[-0.0452,51.5441],[-0.0486,51.5428],[-0.0489,51.5417],[-0.0475,51.5421],[-0.0476,51.5412],[-0.0455,51.5404],[-0.0446,51.5371],[-0.043,51.5361],[-0.0402,51.5308],[-0.0345,51.5252],[-0.0182,51.5284],[-0.0123,51.5306],[-0.0008,51.5391],[-0.0025,51.5413],[-0.0002,51.5396],[0.004,51.5419],[0.0213,51.5459],[0.0411,51.5486],[0.0697,51.5583],[0.0708,51.5567],[0.0736,51.5572],[0.0758,51.5585],[0.0759,51.5595]]}},{"type":"Feature","properties":{"routeId":"434","name":"434","direction":"2","routeType":"regular","lengthKm":15.5,"stops":34},"geometry":{"type":"LineString","coordinates":[[-0.0777,51.2827],[-0.0791,51.2857],[-0.0759,51.2904],[-0.0718,51.2943],[-0.071,51.2974],[-0.0761,51.3028],[-0.0798,51.3081],[-0.0797,51.3105],[-0.0827,51.314],[-0.0841,51.3171],[-0.0931,51.3228],[-0.1013,51.3261],[-0.102,51.3249],[-0.1034,51.3248],[-0.1071,51.3219],[-0.1065,51.3193],[-0.108,51.3183],[-0.1101,51.3185],[-0.1102,51.3192],[-0.1076,51.3207],[-0.114,51.3244],[-0.1183,51.3298],[-0.1139,51.3362],[-0.1202,51.3396],[-0.1293,51.3345],[-0.1365,51.3328],[-0.1382,51.3311],[-0.1342,51.3291],[-0.1301,51.3282],[-0.1298,51.3269],[-0.1382,51.3209],[-0.1438,51.3192],[-0.1473,51.3195],[-0.1509,51.3188],[-0.1527,51.3157],[-0.1575,51.315],[-0.1542,51.3136]]}},{"type":"Feature","properties":{"routeId":"440","name":"440","direction":"1","routeType":"regular","lengthKm":15,"stops":47},"geometry":{"type":"LineString","coordinates":[[-0.2646,51.4926],[-0.2656,51.4926],[-0.2659,51.4914],[-0.278,51.4904],[-0.2784,51.4922],[-0.2746,51.4925],[-0.2746,51.4936],[-0.2734,51.4936],[-0.2728,51.4954],[-0.2734,51.4969],[-0.2725,51.4975],[-0.2777,51.5006],[-0.269,51.5021],[-0.2664,51.5036],[-0.2683,51.5067],[-0.2743,51.5086],[-0.2709,51.5113],[-0.2635,51.5217],[-0.2621,51.5228],[-0.2594,51.5217],[-0.2585,51.5223],[-0.2617,51.5235],[-0.26,51.5257],[-0.2594,51.5285],[-0.2672,51.5273],[-0.269,51.5302],[-0.268,51.5305],[-0.2685,51.5297],[-0.2695,51.5299],[-0.2723,51.5321],[-0.2745,51.5326],[-0.2756,51.5369],[-0.2789,51.5398],[-0.2754,51.5433],[-0.2731,51.5446],[-0.2733,51.5458],[-0.2804,51.5491],[-0.2867,51.5537],[-0.2861,51.5572],[-0.285,51.5588],[-0.2706,51.559],[-0.2698,51.5584],[-0.2697,51.5556],[-0.2762,51.5555],[-0.2755,51.5579]]}},{"type":"Feature","properties":{"routeId":"452","name":"452","direction":"1","routeType":"regular","lengthKm":10.6,"stops":34},"geometry":{"type":"LineString","coordinates":[[-0.194,51.5091],[-0.195,51.508],[-0.1943,51.5059],[-0.191,51.502],[-0.1604,51.5017],[-0.1578,51.4927],[-0.1568,51.4926],[-0.1576,51.4924],[-0.157,51.4904],[-0.1501,51.486],[-0.148,51.478],[-0.1483,51.4763],[-0.1464,51.475],[-0.1481,51.4736],[-0.1505,51.4663],[-0.1466,51.4672],[-0.1348,51.4724],[-0.13,51.477],[-0.1269,51.484],[-0.1251,51.4853],[-0.1246,51.4848]]}},{"type":"Feature","properties":{"routeId":"444","name":"444","direction":"2","routeType":"regular","lengthKm":12.5,"stops":37},"geometry":{"type":"LineString","coordinates":[[0.0105,51.6335],[0.0013,51.6306],[0.0039,51.6282],[-0.0003,51.6204],[0,51.6189],[-0.0147,51.6169],[-0.0274,51.6173],[-0.0294,51.6137],[-0.0316,51.6117],[-0.036,51.6133],[-0.0473,51.6112],[-0.0528,51.6131],[-0.0666,51.6146],[-0.0703,51.6146],[-0.0694,51.612],[-0.0796,51.6118],[-0.0844,51.6131],[-0.0866,51.6128],[-0.0855,51.6086],[-0.0858,51.6055],[-0.087,51.6029],[-0.0909,51.6016],[-0.092,51.598],[-0.093,51.5981],[-0.0952,51.5952],[-0.1033,51.5904],[-0.1025,51.5895],[-0.1022,51.5899]]}},{"type":"Feature","properties":{"routeId":"432","name":"432","direction":"1","routeType":"regular","lengthKm":8,"stops":31},"geometry":{"type":"LineString","coordinates":[[-0.1138,51.4656],[-0.1157,51.4609],[-0.1131,51.4537],[-0.113,51.4471],[-0.1092,51.4422],[-0.1063,51.441],[-0.1036,51.4333],[-0.0971,51.423],[-0.0928,51.4226],[-0.0864,51.4193],[-0.0775,51.4198],[-0.0755,51.4191],[-0.0661,51.4114],[-0.0644,51.4124]]}},{"type":"Feature","properties":{"routeId":"440","name":"440","direction":"2","routeType":"regular","lengthKm":13.9,"stops":44},"geometry":{"type":"LineString","coordinates":[[-0.2755,51.5579],[-0.2757,51.5586],[-0.285,51.5587],[-0.2867,51.5537],[-0.2798,51.5489],[-0.273,51.5455],[-0.2757,51.5444],[-0.2748,51.5437],[-0.2789,51.5398],[-0.2754,51.5371],[-0.2745,51.5327],[-0.2723,51.5321],[-0.2695,51.5299],[-0.2681,51.5305],[-0.2688,51.5302],[-0.2679,51.5283],[-0.2599,51.5301],[-0.2593,51.5286],[-0.2597,51.5265],[-0.2617,51.5235],[-0.2585,51.5223],[-0.2622,51.5195],[-0.2646,51.52],[-0.2709,51.5114],[-0.2743,51.5086],[-0.2724,51.5075],[-0.2666,51.5067],[-0.2664,51.5061],[-0.2679,51.5059],[-0.2664,51.5036],[-0.269,51.5021],[-0.2777,51.5006],[-0.2725,51.4975],[-0.2734,51.4969],[-0.273,51.4942],[-0.2746,51.4935],[-0.2746,51.4924],[-0.2784,51.4922],[-0.278,51.4904],[-0.2691,51.4909],[-0.2637,51.4917],[-0.2628,51.4925],[-0.2641,51.4925]]}},{"type":"Feature","properties":{"routeId":"453","name":"453","direction":"1","routeType":"twentyfour","lengthKm":13.4,"stops":38},"geometry":{"type":"LineString","coordinates":[[-0.0232,51.4744],[-0.0326,51.4759],[-0.0328,51.4751],[-0.0348,51.4747],[-0.0373,51.4756],[-0.0427,51.4744],[-0.0463,51.4744],[-0.0475,51.4758],[-0.0498,51.4769],[-0.0755,51.4875],[-0.0851,51.4937],[-0.0947,51.4942],[-0.1003,51.4956],[-0.1012,51.495],[-0.1157,51.5006],[-0.1262,51.501],[-0.1262,51.5041],[-0.1277,51.5072],[-0.1326,51.5071],[-0.1351,51.51],[-0.1382,51.5103],[-0.1416,51.514],[-0.1459,51.522],[-0.1438,51.5224],[-0.1442,51.524],[-0.161,51.5215],[-0.1616,51.5224],[-0.1624,51.5223],[-0.1621,51.5217]]}},{"type":"Feature","properties":{"routeId":"452","name":"452","direction":"2","routeType":"regular","lengthKm":10.2,"stops":35},"geometry":{"type":"LineString","coordinates":[[-0.1247,51.485],[-0.1266,51.4841],[-0.1302,51.4767],[-0.1348,51.4725],[-0.1459,51.4675],[-0.1505,51.4663],[-0.1481,51.4736],[-0.1464,51.475],[-0.1482,51.4761],[-0.1491,51.4778],[-0.1501,51.4859],[-0.1569,51.4903],[-0.1581,51.4924],[-0.1604,51.5017],[-0.1909,51.5019],[-0.1922,51.5041],[-0.1936,51.5046],[-0.1951,51.5081]]}},{"type":"Feature","properties":{"routeId":"462","name":"462","direction":"1","routeType":"regular","lengthKm":13.5,"stops":33},"geometry":{"type":"LineString","coordinates":[[0.0896,51.6056],[0.0867,51.6048],[0.0841,51.6096],[0.0823,51.6092],[0.0818,51.6106],[0.0943,51.6142],[0.0978,51.6096],[0.1046,51.6082],[0.1101,51.6086],[0.1162,51.6029],[0.0866,51.5942],[0.0847,51.5933],[0.082,51.5901],[0.0772,51.5907],[0.0585,51.5821],[0.0669,51.5766],[0.0603,51.5765],[0.0648,51.5725],[0.0637,51.5706],[0.0663,51.5661],[0.066,51.5648],[0.0702,51.5592],[0.0703,51.5573],[0.0716,51.5566],[0.0736,51.5572],[0.0758,51.5585],[0.0759,51.5595]]}},{"type":"Feature","properties":{"routeId":"432","name":"432","direction":"2","routeType":"regular","lengthKm":8.2,"stops":30},"geometry":{"type":"LineString","coordinates":[[-0.0657,51.412],[-0.0661,51.4114],[-0.0762,51.4194],[-0.0785,51.4199],[-0.0814,51.417],[-0.0831,51.4197],[-0.0864,51.4193],[-0.0926,51.4225],[-0.097,51.4227],[-0.1015,51.4298],[-0.1043,51.4298],[-0.1038,51.4341],[-0.1062,51.4401],[-0.1087,51.4405],[-0.1085,51.4416],[-0.1131,51.4473],[-0.1133,51.4543],[-0.1152,51.459],[-0.1167,51.4594],[-0.1154,51.462]]}},{"type":"Feature","properties":{"routeId":"456","name":"456","direction":"1","routeType":"regular","lengthKm":15.7,"stops":37},"geometry":{"type":"LineString","coordinates":[[-0.104,51.6803],[-0.098,51.6813],[-0.0941,51.673],[-0.0853,51.6718],[-0.073,51.6673],[-0.0685,51.664],[-0.0762,51.6556],[-0.0765,51.6524],[-0.0798,51.6523],[-0.0797,51.6508],[-0.0842,51.6506],[-0.0869,51.6516],[-0.087,51.6527],[-0.0884,51.6535],[-0.098,51.6539],[-0.1017,51.6553],[-0.1106,51.6545],[-0.108,51.6519],[-0.1093,51.6482],[-0.1094,51.644],[-0.1118,51.6422],[-0.1107,51.638],[-0.1028,51.6341],[-0.0898,51.6296],[-0.0886,51.626],[-0.0913,51.6196],[-0.0879,51.6177],[-0.0877,51.6166],[-0.0807,51.6167],[-0.0729,51.6158],[-0.0718,51.6149],[-0.0681,51.615],[-0.0761,51.614],[-0.0761,51.6119],[-0.0749,51.612]]}},{"type":"Feature","properties":{"routeId":"453","name":"453","direction":"2","routeType":"twentyfour","lengthKm":13.5,"stops":38},"geometry":{"type":"LineString","coordinates":[[-0.1621,51.5217],[-0.1432,51.5247],[-0.1442,51.5234],[-0.1428,51.5201],[-0.1447,51.5198],[-0.1416,51.5142],[-0.1375,51.51],[-0.1334,51.5101],[-0.1311,51.5077],[-0.1275,51.5075],[-0.1262,51.5043],[-0.1261,51.501],[-0.1159,51.5008],[-0.1103,51.4983],[-0.1046,51.4989],[-0.1009,51.4956],[-0.095,51.4942],[-0.0852,51.4948],[-0.0809,51.4906],[-0.0752,51.4874],[-0.0495,51.4768],[-0.0459,51.4744],[-0.0329,51.4759],[-0.0231,51.4746]]}},{"type":"Feature","properties":{"routeId":"428","name":"428","direction":"2","routeType":"regular","lengthKm":15.9,"stops":28},"geometry":{"type":"LineString","coordinates":[[0.276,51.4376],[0.275,51.4378],[0.2769,51.4371],[0.2777,51.4382],[0.2771,51.4415],[0.28,51.4405],[0.2784,51.4359],[0.2788,51.434],[0.263,51.4367],[0.2601,51.4354],[0.2591,51.4357],[0.2615,51.4359],[0.2618,51.4366],[0.2214,51.4438],[0.2192,51.4462],[0.2171,51.4466],[0.2132,51.4468],[0.2126,51.445],[0.1798,51.4507],[0.1777,51.4504],[0.1769,51.4514],[0.1788,51.4517],[0.18,51.453],[0.1934,51.4547],[0.1959,51.4563],[0.1868,51.4634],[0.1905,51.4661],[0.1902,51.4673],[0.1847,51.4666],[0.1833,51.4672],[0.1809,51.4669],[0.1813,51.4762],[0.1796,51.4782],[0.181,51.4788],[0.1819,51.4808],[0.1803,51.4808]]}},{"type":"Feature","properties":{"routeId":"462","name":"462","direction":"2","routeType":"regular","lengthKm":13.5,"stops":31},"geometry":{"type":"LineString","coordinates":[[0.0769,51.5597],[0.0731,51.5574],[0.0722,51.5574],[0.0716,51.5586],[0.0701,51.5585],[0.069,51.5615],[0.0659,51.5649],[0.0663,51.5661],[0.0637,51.5706],[0.0647,51.5723],[0.0602,51.5766],[0.0661,51.5769],[0.0578,51.5819],[0.0771,51.5909],[0.082,51.5901],[0.085,51.5939],[0.1162,51.6029],[0.1101,51.6086],[0.1046,51.6082],[0.0984,51.6094],[0.0938,51.6141],[0.0818,51.6106],[0.0823,51.6092],[0.0848,51.6102],[0.0874,51.61],[0.0896,51.6088],[0.091,51.6061],[0.0896,51.6056]]}},{"type":"Feature","properties":{"routeId":"436","name":"436","direction":"2","routeType":"regular","lengthKm":12,"stops":40},"geometry":{"type":"LineString","coordinates":[[-0.1469,51.477],[-0.1349,51.4827],[-0.1284,51.4848],[-0.1263,51.4846],[-0.1248,51.4853],[-0.1248,51.4846],[-0.1239,51.4863],[-0.1249,51.4846],[-0.1236,51.4861],[-0.1192,51.4864],[-0.1185,51.4847],[-0.1157,51.483],[-0.1134,51.4828],[-0.0936,51.4742],[-0.0867,51.4735],[-0.0755,51.4743],[-0.0704,51.4734],[-0.0623,51.4741],[-0.0534,51.4729],[-0.0329,51.4759],[-0.0319,51.4737],[-0.0325,51.4729],[-0.0274,51.4692],[-0.0166,51.4647],[-0.0128,51.4645],[-0.013,51.4611]]}},{"type":"Feature","properties":{"routeId":"456","name":"456","direction":"2","routeType":"regular","lengthKm":15.3,"stops":35},"geometry":{"type":"LineString","coordinates":[[-0.0746,51.612],[-0.0694,51.612],[-0.0703,51.6146],[-0.0681,51.615],[-0.0718,51.6149],[-0.073,51.6159],[-0.0812,51.6167],[-0.0871,51.616],[-0.0867,51.617],[-0.0913,51.6196],[-0.0887,51.6258],[-0.0898,51.6296],[-0.1028,51.6341],[-0.1109,51.6382],[-0.1118,51.6422],[-0.1095,51.644],[-0.1094,51.6484],[-0.108,51.6519],[-0.1107,51.6545],[-0.1019,51.6553],[-0.0978,51.6539],[-0.0886,51.6536],[-0.0863,51.6523],[-0.0766,51.6525],[-0.0762,51.6556],[-0.0685,51.664],[-0.073,51.6673],[-0.0853,51.6718],[-0.0942,51.6731],[-0.098,51.6813],[-0.104,51.6803]]}},{"type":"Feature","properties":{"routeId":"450","name":"450","direction":"1","routeType":"regular","lengthKm":13.6,"stops":46},"geometry":{"type":"LineString","coordinates":[[-0.1011,51.3791],[-0.1,51.3797],[-0.0986,51.3826],[-0.0997,51.383],[-0.0996,51.3837],[-0.0981,51.3838],[-0.0965,51.3871],[-0.1004,51.3855],[-0.104,51.389],[-0.1062,51.3898],[-0.1052,51.3925],[-0.1037,51.3933],[-0.1058,51.3965],[-0.0986,51.3989],[-0.1009,51.4032],[-0.099,51.4055],[-0.1009,51.408],[-0.0984,51.4085],[-0.0936,51.4111],[-0.0921,51.4138],[-0.0886,51.4165],[-0.0899,51.4176],[-0.0952,51.4191],[-0.0918,51.422],[-0.0864,51.4193],[-0.0785,51.4199],[-0.076,51.4241],[-0.076,51.426],[-0.077,51.427],[-0.0797,51.4261],[-0.0829,51.4276],[-0.0807,51.4282],[-0.0802,51.4296],[-0.0782,51.4297],[-0.0777,51.4284],[-0.0746,51.426],[-0.066,51.4267],[-0.0608,51.4282],[-0.0533,51.4263],[-0.0445,51.4257],[-0.0376,51.4287],[-0.0376,51.4307],[-0.0346,51.4307]]}},{"type":"Feature","properties":{"routeId":"463","name":"463","direction":"1","routeType":"regular","lengthKm":21.3,"stops":63},"geometry":{"type":"LineString","coordinates":[[-0.1385,51.3156],[-0.1391,51.3196],[-0.136,51.3225],[-0.1365,51.3228],[-0.1607,51.3182],[-0.1612,51.3194],[-0.1555,51.3212],[-0.1581,51.3244],[-0.1534,51.3265],[-0.1512,51.3238],[-0.1443,51.3209],[-0.1403,51.3224],[-0.1375,51.327],[-0.138,51.3306],[-0.1394,51.3335],[-0.1436,51.3385],[-0.1466,51.3443],[-0.1483,51.3488],[-0.1479,51.3516],[-0.15,51.3604],[-0.1504,51.3612],[-0.151,51.3606],[-0.1504,51.3612],[-0.1509,51.3626],[-0.1539,51.3674],[-0.1426,51.3698],[-0.1338,51.3689],[-0.1315,51.3719],[-0.1317,51.377],[-0.1311,51.377],[-0.1311,51.3758],[-0.1308,51.3773],[-0.1295,51.3774],[-0.1291,51.3766],[-0.1269,51.3772],[-0.1282,51.3805],[-0.1308,51.3825],[-0.1301,51.3857],[-0.136,51.3873],[-0.1402,51.3861],[-0.1418,51.3893],[-0.146,51.394],[-0.1459,51.3977],[-0.1451,51.3986],[-0.1459,51.399],[-0.1446,51.4001],[-0.1505,51.4038],[-0.1544,51.4077],[-0.1513,51.4098],[-0.1464,51.4111],[-0.1423,51.409],[-0.1421,51.4078],[-0.1364,51.4036],[-0.1333,51.4002],[-0.1283,51.3989]]}},{"type":"Feature","properties":{"routeId":"439","name":"439","direction":"1","routeType":"regular","lengthKm":10.8,"stops":31},"geometry":{"type":"LineString","coordinates":[[-0.1182,51.3766],[-0.1167,51.3755],[-0.1187,51.3743],[-0.1174,51.3725],[-0.1172,51.3703],[-0.119,51.3678],[-0.1157,51.3552],[-0.1142,51.345],[-0.1174,51.3395],[-0.1139,51.3362],[-0.1163,51.3332],[-0.1136,51.3317],[-0.111,51.3279],[-0.1081,51.3261],[-0.1042,51.3242],[-0.1033,51.3249],[-0.1007,51.3245],[-0.0904,51.3184],[-0.0846,51.3124],[-0.0824,51.3083],[-0.0797,51.3101],[-0.0798,51.3081],[-0.0726,51.2992]]}},{"type":"Feature","properties":{"routeId":"464","name":"464","direction":"1","routeType":"regular","lengthKm":9.9,"stops":21},"geometry":{"type":"LineString","coordinates":[[0.0253,51.2929],[0.0269,51.2911],[0.0329,51.2912],[0.0357,51.2944],[0.0386,51.2998],[0.0375,51.3017],[0.0346,51.3041],[0.0328,51.3077],[0.0275,51.3093],[0.0293,51.3133],[0.0342,51.3108],[0.0351,51.3112],[0.0335,51.3132],[0.0322,51.3177],[0.029,51.3199],[0.0261,51.3236],[0.0191,51.3277],[0.0138,51.3284],[0.0108,51.3314],[0.0021,51.3326],[-0.0006,51.3345],[-0.0017,51.3374],[-0.0036,51.3391],[-0.0063,51.3387],[-0.0133,51.3396],[-0.0181,51.3429]]}},{"type":"Feature","properties":{"routeId":"422","name":"422","direction":"2","routeType":"regular","lengthKm":18.7,"stops":53},"geometry":{"type":"LineString","coordinates":[[0.1464,51.4565],[0.1463,51.4572],[0.1423,51.457],[0.1305,51.4587],[0.1362,51.4733],[0.1452,51.4769],[0.1449,51.4782],[0.1431,51.479],[0.138,51.4785],[0.1191,51.4722],[0.1157,51.4721],[0.1118,51.4731],[0.1077,51.4771],[0.1021,51.4802],[0.1017,51.4825],[0.1025,51.4855],[0.0913,51.4877],[0.0812,51.4909],[0.0704,51.4914],[0.0676,51.4894],[0.0669,51.4901],[0.0609,51.4877],[0.0538,51.4871],[0.0494,51.4851],[0.0456,51.4821],[0.0379,51.4821],[0.0362,51.4816],[0.0355,51.4804],[0.0245,51.4793],[0.0193,51.4773],[0.0199,51.484],[0.0178,51.4864],[0.0073,51.4859],[0.0086,51.4892],[0.009,51.4927],[0.0121,51.4949],[0.0082,51.4966],[0.0065,51.4993],[0.0034,51.4997],[0.0029,51.5006]]}},{"type":"Feature","properties":{"routeId":"466","name":"466","direction":"1","routeType":"regular","lengthKm":19.2,"stops":50},"geometry":{"type":"LineString","coordinates":[[-0.0329,51.3566],[-0.0315,51.3566],[-0.0345,51.3561],[-0.0372,51.3534],[-0.0486,51.3554],[-0.0556,51.3584],[-0.0556,51.3607],[-0.0514,51.3633],[-0.0561,51.3733],[-0.0602,51.3763],[-0.069,51.3743],[-0.0899,51.3752],[-0.1003,51.3732],[-0.0978,51.3588],[-0.0978,51.3535],[-0.0987,51.3519],[-0.1043,51.3449],[-0.1165,51.3388],[-0.1164,51.3376],[-0.1179,51.3375],[-0.1305,51.3265],[-0.1284,51.3255],[-0.1293,51.3244],[-0.128,51.3208],[-0.1227,51.3114],[-0.1225,51.3085],[-0.1191,51.3063],[-0.1174,51.3005],[-0.1136,51.2976],[-0.1069,51.2957],[-0.1022,51.2932],[-0.0984,51.2879],[-0.0933,51.2875]]}},{"type":"Feature","properties":{"routeId":"469","name":"469","direction":"1","routeType":"regular","lengthKm":16.6,"stops":51},"geometry":{"type":"LineString","coordinates":[[0.0508,51.4769],[0.053,51.4804],[0.0619,51.4825],[0.0634,51.4871],[0.0667,51.4885],[0.0702,51.4915],[0.074,51.4908],[0.0818,51.491],[0.0913,51.4877],[0.0994,51.4858],[0.1015,51.4857],[0.1016,51.4887],[0.1057,51.4889],[0.1048,51.4859],[0.1069,51.4855],[0.1082,51.4924],[0.1128,51.4944],[0.1116,51.4948],[0.1052,51.493],[0.1031,51.4933],[0.1037,51.495],[0.1141,51.4984],[0.1161,51.4959],[0.1214,51.4964],[0.1213,51.4922],[0.1222,51.4893],[0.1213,51.4888],[0.1213,51.4898],[0.1233,51.4898],[0.127,51.4869],[0.1263,51.4825],[0.127,51.4813],[0.1331,51.4817],[0.1384,51.4838],[0.1481,51.4842],[0.1486,51.4859],[0.15,51.4865],[0.1497,51.4886],[0.1517,51.4909],[0.1665,51.4896],[0.1813,51.4811],[0.1803,51.4808]]}},{"type":"Feature","properties":{"routeId":"464","name":"464","direction":"2","routeType":"regular","lengthKm":9.9,"stops":20},"geometry":{"type":"LineString","coordinates":[[-0.0173,51.343],[-0.0134,51.3399],[-0.0063,51.3387],[-0.0036,51.3391],[-0.0017,51.3374],[-0.0006,51.3345],[0.0028,51.3323],[0.0108,51.3314],[0.0138,51.3284],[0.0177,51.3281],[0.021,51.3261],[0.0232,51.3257],[0.0325,51.3174],[0.0336,51.3129],[0.0351,51.3112],[0.0342,51.3108],[0.0294,51.3131],[0.0275,51.3093],[0.0328,51.3077],[0.0346,51.3041],[0.0375,51.3017],[0.0386,51.2998],[0.0357,51.2944],[0.0329,51.2912],[0.0269,51.2911],[0.0253,51.2929]]}},{"type":"Feature","properties":{"routeId":"450","name":"450","direction":"2","routeType":"regular","lengthKm":13.9,"stops":49},"geometry":{"type":"LineString","coordinates":[[-0.0356,51.4307],[-0.0376,51.4304],[-0.0375,51.4286],[-0.0446,51.4257],[-0.0531,51.4263],[-0.0608,51.4282],[-0.0658,51.4267],[-0.0747,51.4259],[-0.0757,51.4274],[-0.078,51.4287],[-0.0782,51.4297],[-0.0802,51.4296],[-0.0807,51.4282],[-0.0829,51.4276],[-0.0794,51.4262],[-0.0765,51.4268],[-0.0759,51.4242],[-0.0786,51.4197],[-0.0814,51.417],[-0.0831,51.4197],[-0.0864,51.4193],[-0.0918,51.422],[-0.0952,51.4191],[-0.0899,51.4176],[-0.0886,51.4165],[-0.0921,51.4138],[-0.0936,51.4111],[-0.1009,51.408],[-0.0983,51.406],[-0.1009,51.4032],[-0.0984,51.3989],[-0.1058,51.3965],[-0.1037,51.3933],[-0.1052,51.3925],[-0.1061,51.3898],[-0.104,51.389],[-0.1004,51.3855],[-0.0965,51.3871],[-0.0986,51.3829],[-0.0976,51.3824],[-0.0979,51.382],[-0.0991,51.3818],[-0.0998,51.3797],[-0.1013,51.3794]]}},{"type":"Feature","properties":{"routeId":"463","name":"463","direction":"2","routeType":"regular","lengthKm":22.1,"stops":64},"geometry":{"type":"LineString","coordinates":[[-0.1281,51.3989],[-0.1259,51.3983],[-0.1255,51.3989],[-0.1294,51.4025],[-0.1326,51.4013],[-0.1334,51.4001],[-0.1363,51.4035],[-0.1421,51.4078],[-0.1423,51.409],[-0.1461,51.411],[-0.1513,51.4098],[-0.1542,51.4079],[-0.1505,51.4038],[-0.1446,51.4001],[-0.1459,51.399],[-0.1451,51.3986],[-0.1459,51.3977],[-0.146,51.3941],[-0.14,51.3863],[-0.1365,51.3874],[-0.1298,51.3858],[-0.1306,51.385],[-0.1308,51.3825],[-0.1282,51.3805],[-0.1269,51.3772],[-0.1291,51.3766],[-0.1295,51.3774],[-0.1308,51.3774],[-0.1312,51.3758],[-0.1311,51.377],[-0.1317,51.377],[-0.1316,51.3717],[-0.1338,51.3689],[-0.1431,51.3698],[-0.1539,51.3674],[-0.1514,51.3638],[-0.1504,51.3612],[-0.151,51.3606],[-0.1504,51.3612],[-0.15,51.3604],[-0.1479,51.3516],[-0.1482,51.3486],[-0.1466,51.3443],[-0.1436,51.3385],[-0.1393,51.3334],[-0.1375,51.327],[-0.1403,51.3224],[-0.1443,51.3209],[-0.1508,51.3236],[-0.1525,51.3247],[-0.1533,51.3265],[-0.1581,51.3244],[-0.1555,51.3212],[-0.1612,51.3195],[-0.1607,51.3182],[-0.1365,51.3228],[-0.136,51.3225],[-0.139,51.3198],[-0.1383,51.3164],[-0.1388,51.3151]]}},{"type":"Feature","properties":{"routeId":"460","name":"460","direction":"1","routeType":"regular","lengthKm":10.2,"stops":35},"geometry":{"type":"LineString","coordinates":[[-0.2401,51.5477],[-0.2407,51.5483],[-0.2392,51.5489],[-0.2358,51.5476],[-0.2307,51.547],[-0.2224,51.5483],[-0.2205,51.5496],[-0.2155,51.5569],[-0.2097,51.5601],[-0.1972,51.5632],[-0.1948,51.5684],[-0.196,51.574],[-0.1999,51.5841],[-0.1997,51.5913],[-0.1984,51.5963],[-0.1965,51.599],[-0.1918,51.6028],[-0.1779,51.6123],[-0.1764,51.6125]]}},{"type":"Feature","properties":{"routeId":"469","name":"469","direction":"2","routeType":"regular","lengthKm":15.8,"stops":48},"geometry":{"type":"LineString","coordinates":[[0.1797,51.4808],[0.1777,51.4807],[0.1778,51.4828],[0.1667,51.4895],[0.1517,51.4909],[0.1497,51.4886],[0.15,51.4865],[0.1486,51.4859],[0.1481,51.4842],[0.1384,51.4838],[0.1334,51.4817],[0.127,51.4813],[0.1263,51.4826],[0.127,51.4869],[0.1233,51.4898],[0.1213,51.4898],[0.1214,51.4891],[0.1221,51.49],[0.121,51.4959],[0.1161,51.4959],[0.1141,51.4984],[0.1037,51.495],[0.1031,51.4933],[0.1054,51.493],[0.1116,51.4948],[0.1128,51.4944],[0.1084,51.4926],[0.1078,51.4882],[0.1016,51.4887],[0.1015,51.4857],[0.0913,51.4877],[0.0812,51.4909],[0.0704,51.4914],[0.0654,51.4876],[0.062,51.4824],[0.053,51.4804],[0.0511,51.4768]]}},{"type":"Feature","properties":{"routeId":"470","name":"470","direction":"1","routeType":"regular","lengthKm":10.3,"stops":28},"geometry":{"type":"LineString","coordinates":[[-0.178,51.4177],[-0.1793,51.417],[-0.1781,51.4164],[-0.1788,51.4143],[-0.1925,51.4125],[-0.1916,51.4034],[-0.1951,51.4017],[-0.1916,51.4034],[-0.187,51.3989],[-0.1943,51.3948],[-0.1905,51.39],[-0.2042,51.3828],[-0.1975,51.3753],[-0.2028,51.3742],[-0.1945,51.3718],[-0.195,51.3679],[-0.1934,51.3677],[-0.191,51.3619],[-0.1895,51.3609],[-0.1917,51.3604],[-0.1912,51.3586],[-0.1908,51.3591]]}},{"type":"Feature","properties":{"routeId":"467","name":"467","direction":"1","routeType":"regular","lengthKm":9.3,"stops":35},"geometry":{"type":"LineString","coordinates":[[-0.3058,51.3705],[-0.3081,51.3643],[-0.3076,51.3631],[-0.311,51.3589],[-0.3116,51.3563],[-0.3079,51.3563],[-0.3031,51.3579],[-0.3001,51.3579],[-0.2988,51.3588],[-0.2955,51.3591],[-0.2914,51.3628],[-0.2812,51.3604],[-0.2623,51.3501],[-0.257,51.3496],[-0.2536,51.3507],[-0.2527,51.3518],[-0.2502,51.351],[-0.2491,51.3491],[-0.2511,51.3463],[-0.2513,51.3438],[-0.2553,51.3398],[-0.2655,51.3338]]}},{"type":"Feature","properties":{"routeId":"473","name":"473","direction":"1","routeType":"regular","lengthKm":9.4,"stops":27},"geometry":{"type":"LineString","coordinates":[[0.0608,51.4989],[0.0632,51.4988],[0.0634,51.5],[0.0462,51.5021],[0.0426,51.5036],[0.0469,51.504],[0.0511,51.503],[0.0394,51.5044],[0.04,51.5094],[0.0342,51.5098],[0.0319,51.5129],[0.0317,51.5215],[0.0286,51.5267],[0.0255,51.5292],[0.0074,51.5357],[0.0023,51.5409],[-0.0002,51.5396],[-0.002,51.5403],[-0.0023,51.5414]]}},{"type":"Feature","properties":{"routeId":"439","name":"439","direction":"2","routeType":"regular","lengthKm":10.7,"stops":32},"geometry":{"type":"LineString","coordinates":[[-0.0749,51.3015],[-0.0798,51.3081],[-0.0797,51.3101],[-0.0824,51.3083],[-0.0846,51.3124],[-0.0904,51.3184],[-0.1007,51.3245],[-0.1033,51.3249],[-0.1042,51.3242],[-0.1081,51.3261],[-0.111,51.3279],[-0.1136,51.3317],[-0.1163,51.3332],[-0.1139,51.3362],[-0.1195,51.3393],[-0.1175,51.3398],[-0.1142,51.3444],[-0.119,51.3678],[-0.1172,51.3703],[-0.1174,51.3724],[-0.1197,51.3761],[-0.1182,51.3766]]}},{"type":"Feature","properties":{"routeId":"470","name":"470","direction":"2","routeType":"regular","lengthKm":10.1,"stops":25},"geometry":{"type":"LineString","coordinates":[[-0.1908,51.3591],[-0.1899,51.3596],[-0.1894,51.359],[-0.1912,51.3585],[-0.1917,51.3603],[-0.1947,51.3599],[-0.1954,51.361],[-0.1942,51.3617],[-0.1964,51.368],[-0.1952,51.3684],[-0.1945,51.3718],[-0.2028,51.3742],[-0.1975,51.3753],[-0.2042,51.3828],[-0.1908,51.3899],[-0.1914,51.3919],[-0.1943,51.3948],[-0.1875,51.3991],[-0.1903,51.4016],[-0.1951,51.4017],[-0.1917,51.4035],[-0.1925,51.4127],[-0.1794,51.4145],[-0.1783,51.4153],[-0.178,51.4171]]}},{"type":"Feature","properties":{"routeId":"474","name":"474","direction":"1","routeType":"regular","lengthKm":15.4,"stops":50},"geometry":{"type":"LineString","coordinates":[[0.0135,51.5185],[0.0076,51.515],[0.0104,51.5126],[0.0117,51.5135],[0.0157,51.5136],[0.0141,51.5111],[0.0187,51.511],[0.0187,51.5096],[0.0404,51.5095],[0.0398,51.5047],[0.0419,51.5046],[0.0426,51.5036],[0.0467,51.504],[0.0511,51.503],[0.0469,51.504],[0.0426,51.5036],[0.0464,51.502],[0.0601,51.5002],[0.0593,51.4986],[0.0633,51.4989],[0.0634,51.5],[0.0708,51.5014],[0.0701,51.5024],[0.0713,51.506],[0.0696,51.5078],[0.0687,51.511],[0.0671,51.509],[0.0633,51.5091],[0.0607,51.5142],[0.0585,51.514],[0.0607,51.5142],[0.0597,51.5192],[0.0573,51.5231],[0.0558,51.5309],[0.0518,51.5371],[0.0468,51.5522]]}},{"type":"Feature","properties":{"routeId":"465","name":"465","direction":"1","routeType":"regular","lengthKm":26.7,"stops":62},"geometry":{"type":"LineString","coordinates":[[-0.2985,51.4123],[-0.2964,51.4121],[-0.2969,51.4108],[-0.3016,51.4108],[-0.3035,51.409],[-0.3063,51.409],[-0.3077,51.4079],[-0.3083,51.4057],[-0.3079,51.4034],[-0.3036,51.4009],[-0.3049,51.3997],[-0.3039,51.3981],[-0.3043,51.3931],[-0.3091,51.3912],[-0.3009,51.3868],[-0.3004,51.3845],[-0.3081,51.3643],[-0.3076,51.3631],[-0.3112,51.3585],[-0.314,51.3483],[-0.3212,51.3355],[-0.3278,51.3256],[-0.3307,51.3184],[-0.3303,51.3153],[-0.3348,51.3161],[-0.3352,51.3151],[-0.3352,51.3129],[-0.3338,51.3121],[-0.3296,51.3031],[-0.3314,51.2973],[-0.3298,51.2951],[-0.3347,51.2935],[-0.3433,51.2869],[-0.3451,51.2848],[-0.3506,51.2824],[-0.3488,51.2821],[-0.3371,51.2842],[-0.3333,51.2841],[-0.3272,51.2825],[-0.3249,51.2772],[-0.3208,51.275],[-0.3196,51.2729],[-0.32,51.2716],[-0.3237,51.2701],[-0.3238,51.2654],[-0.3245,51.2642],[-0.3243,51.2633],[-0.3219,51.2617],[-0.323,51.2572],[-0.322,51.2549],[-0.3229,51.2542],[-0.3243,51.2491],[-0.3243,51.2448],[-0.3256,51.2413],[-0.3254,51.2399],[-0.3244,51.2407],[-0.3253,51.2397],[-0.3248,51.2386],[-0.3221,51.2357],[-0.3277,51.2342],[-0.3343,51.2307],[-0.3349,51.2277]]}},{"type":"Feature","properties":{"routeId":"468","name":"468","direction":"1","routeType":"regular","lengthKm":17.9,"stops":61},"geometry":{"type":"LineString","coordinates":[[-0.0984,51.3633],[-0.1002,51.3708],[-0.0972,51.371],[-0.0968,51.3732],[-0.1,51.3788],[-0.0986,51.3826],[-0.0998,51.3832],[-0.0981,51.3838],[-0.0946,51.3908],[-0.0925,51.3963],[-0.0929,51.3975],[-0.0865,51.3992],[-0.0815,51.4043],[-0.0864,51.4082],[-0.0886,51.4125],[-0.0995,51.4178],[-0.1066,51.4196],[-0.1037,51.4336],[-0.1062,51.4397],[-0.1049,51.444],[-0.1051,51.4461],[-0.1008,51.4502],[-0.1011,51.4539],[-0.0962,51.4572],[-0.0923,51.461],[-0.0902,51.4652],[-0.0902,51.4664],[-0.0929,51.4705],[-0.0946,51.4829],[-0.094,51.4855],[-0.0989,51.493],[-0.1006,51.4934],[-0.1012,51.495],[-0.0965,51.4994],[-0.0994,51.4991]]}},{"type":"Feature","properties":{"routeId":"473","name":"473","direction":"2","routeType":"regular","lengthKm":9.3,"stops":31},"geometry":{"type":"LineString","coordinates":[[-0.0019,51.5405],[-0.0002,51.5396],[0.0023,51.5409],[0.0075,51.5356],[0.0259,51.529],[0.0294,51.5258],[0.0317,51.5215],[0.0325,51.5172],[0.0317,51.5136],[0.0342,51.5096],[0.0405,51.5094],[0.0398,51.5047],[0.0419,51.5046],[0.0426,51.5036],[0.0467,51.504],[0.0511,51.503],[0.0469,51.504],[0.0426,51.5036],[0.0464,51.502],[0.0634,51.5],[0.0636,51.499],[0.0619,51.4989]]}},{"type":"Feature","properties":{"routeId":"465","name":"465","direction":"2","routeType":"regular","lengthKm":27,"stops":59},"geometry":{"type":"LineString","coordinates":[[-0.3356,51.2272],[-0.3365,51.2273],[-0.3381,51.2317],[-0.3328,51.2316],[-0.3226,51.2358],[-0.3254,51.2391],[-0.3258,51.2411],[-0.3233,51.2545],[-0.322,51.255],[-0.323,51.2572],[-0.3219,51.2617],[-0.3245,51.2642],[-0.3238,51.2654],[-0.3239,51.2703],[-0.3208,51.2714],[-0.3199,51.2731],[-0.3211,51.2748],[-0.3252,51.2771],[-0.3273,51.282],[-0.3321,51.2839],[-0.3371,51.2842],[-0.351,51.2821],[-0.3452,51.2846],[-0.3347,51.2935],[-0.3298,51.2952],[-0.3343,51.2966],[-0.3337,51.2991],[-0.3336,51.2981],[-0.3308,51.2982],[-0.3296,51.3031],[-0.3339,51.3119],[-0.3352,51.3129],[-0.3353,51.3148],[-0.3348,51.3161],[-0.3306,51.3163],[-0.3307,51.3184],[-0.3283,51.3247],[-0.314,51.3484],[-0.3112,51.3584],[-0.3079,51.3626],[-0.3082,51.3643],[-0.3003,51.3841],[-0.301,51.3868],[-0.3091,51.3912],[-0.3045,51.3931],[-0.3039,51.3981],[-0.3048,51.3999],[-0.3036,51.4009],[-0.3079,51.4034],[-0.3083,51.4057],[-0.3073,51.4083],[-0.3037,51.409],[-0.3005,51.4113],[-0.3005,51.4123],[-0.2989,51.4123]]}},{"type":"Feature","properties":{"routeId":"476","name":"476","direction":"1","routeType":"regular","lengthKm":12.2,"stops":40},"geometry":{"type":"LineString","coordinates":[[-0.0552,51.6026],[-0.056,51.5997],[-0.0681,51.5986],[-0.0695,51.5942],[-0.0731,51.5782],[-0.0723,51.575],[-0.0732,51.5635],[-0.0678,51.5623],[-0.07,51.5614],[-0.0708,51.5602],[-0.0739,51.5607],[-0.0738,51.562],[-0.0759,51.5622],[-0.0835,51.5612],[-0.0824,51.5579],[-0.0839,51.5567],[-0.0854,51.5522],[-0.0845,51.5519],[-0.0848,51.551],[-0.0861,51.5509],[-0.0877,51.5483],[-0.0866,51.5474],[-0.0876,51.5458],[-0.1039,51.5356],[-0.1063,51.5319],[-0.1211,51.5304],[-0.1226,51.5313]]}},{"type":"Feature","properties":{"routeId":"482","name":"482","direction":"1","routeType":"regular","lengthKm":19.8,"stops":32},"geometry":{"type":"LineString","coordinates":[[-0.3763,51.51],[-0.379,51.5051],[-0.3823,51.502],[-0.3833,51.4994],[-0.3892,51.5005],[-0.393,51.4983],[-0.3983,51.4971],[-0.3967,51.4953],[-0.3884,51.4929],[-0.3814,51.4921],[-0.3814,51.4861],[-0.3807,51.4849],[-0.3732,51.4857],[-0.3739,51.4816],[-0.3723,51.4799],[-0.3729,51.4778],[-0.3843,51.4763],[-0.3869,51.4732],[-0.3852,51.4726],[-0.3921,51.4747],[-0.3964,51.4751],[-0.4203,51.4672],[-0.4201,51.4659],[-0.4233,51.4676],[-0.424,51.4669],[-0.4233,51.4669],[-0.4267,51.465],[-0.4378,51.4604],[-0.4412,51.4599],[-0.4433,51.4576],[-0.4473,51.4584],[-0.4455,51.4597],[-0.4432,51.4577],[-0.4507,51.4559],[-0.4605,51.4575],[-0.4604,51.4593],[-0.4605,51.4575],[-0.4682,51.4583],[-0.4679,51.4593],[-0.4679,51.4582],[-0.4732,51.4589],[-0.4773,51.4614],[-0.4895,51.4619],[-0.4891,51.4631],[-0.4921,51.4642],[-0.4912,51.4692],[-0.4901,51.4696],[-0.493,51.4732],[-0.4914,51.4744],[-0.4897,51.4731]]}},{"type":"Feature","properties":{"routeId":"481","name":"481","direction":"1","routeType":"regular","lengthKm":13.7,"stops":44},"geometry":{"type":"LineString","coordinates":[[-0.2988,51.4125],[-0.3048,51.4127],[-0.3059,51.411],[-0.3121,51.411],[-0.3148,51.4135],[-0.3175,51.4144],[-0.3195,51.4169],[-0.3281,51.4201],[-0.3347,51.4211],[-0.3347,51.4264],[-0.3399,51.4263],[-0.3451,51.4302],[-0.3472,51.4354],[-0.3568,51.4369],[-0.3647,51.441],[-0.3674,51.4527],[-0.3547,51.4539],[-0.3534,51.4556],[-0.3472,51.4537],[-0.3387,51.4551],[-0.3409,51.4574],[-0.3404,51.4593],[-0.3389,51.4585],[-0.3404,51.4593],[-0.3318,51.4607],[-0.3317,51.4632],[-0.3269,51.4747],[-0.3256,51.4741],[-0.3251,51.4722]]}},{"type":"Feature","properties":{"routeId":"474","name":"474","direction":"2","routeType":"regular","lengthKm":15.3,"stops":52},"geometry":{"type":"LineString","coordinates":[[0.0466,51.5528],[0.0518,51.5372],[0.0508,51.5367],[0.0514,51.5344],[0.0521,51.5327],[0.0544,51.5331],[0.0558,51.5309],[0.0573,51.5231],[0.0597,51.5192],[0.0609,51.5137],[0.0623,51.5127],[0.0616,51.512],[0.0633,51.5091],[0.0671,51.509],[0.0685,51.5112],[0.0697,51.5089],[0.0711,51.5085],[0.0713,51.5053],[0.0701,51.5024],[0.0707,51.5013],[0.0634,51.5],[0.0633,51.4989],[0.0607,51.4987],[0.0632,51.4988],[0.0634,51.5],[0.0462,51.5021],[0.0426,51.5036],[0.0469,51.504],[0.0511,51.503],[0.0394,51.5044],[0.0397,51.5095],[0.0187,51.5096],[0.0185,51.5117],[0.0149,51.5128],[0.014,51.5115],[0.0114,51.5114],[0.0076,51.5157],[0.012,51.5175]]}},{"type":"Feature","properties":{"routeId":"467","name":"467","direction":"2","routeType":"regular","lengthKm":9.8,"stops":34},"geometry":{"type":"LineString","coordinates":[[-0.2673,51.3338],[-0.2644,51.3341],[-0.2541,51.3408],[-0.2513,51.3438],[-0.2511,51.3462],[-0.2491,51.3491],[-0.25,51.3503],[-0.2524,51.3497],[-0.2536,51.3507],[-0.2573,51.3496],[-0.2623,51.3501],[-0.2738,51.3555],[-0.2747,51.3568],[-0.2812,51.3604],[-0.2912,51.3627],[-0.2953,51.3588],[-0.3035,51.3578],[-0.308,51.3562],[-0.3116,51.3563],[-0.311,51.3589],[-0.3079,51.3626],[-0.3082,51.3643],[-0.3046,51.3736]]}},{"type":"Feature","properties":{"routeId":"466","name":"466","direction":"2","routeType":"regular","lengthKm":19.5,"stops":52},"geometry":{"type":"LineString","coordinates":[[-0.0933,51.2875],[-0.0911,51.2873],[-0.0968,51.2845],[-0.097,51.2861],[-0.1022,51.2932],[-0.1069,51.2957],[-0.1136,51.2976],[-0.1174,51.3005],[-0.1191,51.3063],[-0.1225,51.3085],[-0.1227,51.3114],[-0.1281,51.321],[-0.1293,51.3244],[-0.1284,51.3255],[-0.1305,51.3265],[-0.1273,51.3286],[-0.117,51.3384],[-0.1038,51.3458],[-0.0991,51.3514],[-0.0978,51.3535],[-0.0978,51.3585],[-0.1002,51.3708],[-0.0984,51.3709],[-0.0987,51.3734],[-0.0906,51.3747],[-0.0904,51.3753],[-0.069,51.3743],[-0.06,51.3764],[-0.0562,51.3738],[-0.0514,51.3633],[-0.0558,51.3605],[-0.0547,51.3581],[-0.0486,51.3555],[-0.0377,51.3538],[-0.035,51.3561],[-0.0326,51.3563]]}},{"type":"Feature","properties":{"routeId":"484","name":"484","direction":"1","routeType":"regular","lengthKm":10.7,"stops":39},"geometry":{"type":"LineString","coordinates":[[-0.0126,51.4641],[-0.0093,51.4624],[-0.0138,51.457],[-0.0145,51.4565],[-0.0198,51.4566],[-0.0219,51.4602],[-0.0212,51.4609],[-0.0215,51.463],[-0.0291,51.4619],[-0.0284,51.4629],[-0.0321,51.464],[-0.0361,51.4637],[-0.0364,51.4655],[-0.0396,51.466],[-0.04,51.4686],[-0.0438,51.4682],[-0.0434,51.4592],[-0.0448,51.4566],[-0.0473,51.4578],[-0.0503,51.4562],[-0.0648,51.4628],[-0.0752,51.4606],[-0.0769,51.4617],[-0.0796,51.4615],[-0.083,51.4637],[-0.0866,51.4682],[-0.091,51.4674],[-0.0928,51.47],[-0.0932,51.4731]]}},{"type":"Feature","properties":{"routeId":"483","name":"483","direction":"1","routeType":"regular","lengthKm":16.8,"stops":46},"geometry":{"type":"LineString","coordinates":[[-0.355,51.5078],[-0.3542,51.5093],[-0.3469,51.5089],[-0.3467,51.5075],[-0.3469,51.5089],[-0.3425,51.5082],[-0.3345,51.5088],[-0.3018,51.514],[-0.2999,51.5141],[-0.2928,51.5117],[-0.2921,51.5123],[-0.2913,51.5182],[-0.2927,51.5296],[-0.2947,51.5303],[-0.2954,51.5339],[-0.3006,51.5397],[-0.2979,51.5413],[-0.2969,51.5441],[-0.2991,51.552],[-0.2935,51.5537],[-0.2873,51.5534],[-0.286,51.5571],[-0.2917,51.5602],[-0.2923,51.562],[-0.2961,51.5619],[-0.3032,51.5631],[-0.3141,51.5628],[-0.3197,51.5618],[-0.321,51.5638],[-0.3217,51.569],[-0.3248,51.5733],[-0.3262,51.578],[-0.3333,51.5772],[-0.3341,51.58],[-0.3376,51.5801]]}},{"type":"Feature","properties":{"routeId":"476","name":"476","direction":"2","routeType":"regular","lengthKm":11.5,"stops":42},"geometry":{"type":"LineString","coordinates":[[-0.1214,51.5335],[-0.1189,51.5335],[-0.121,51.5309],[-0.1092,51.5318],[-0.1093,51.5328],[-0.1062,51.5328],[-0.104,51.5355],[-0.0876,51.5458],[-0.0866,51.5474],[-0.0877,51.5483],[-0.0853,51.5523],[-0.0839,51.5568],[-0.0824,51.5579],[-0.0835,51.5612],[-0.0803,51.5621],[-0.0737,51.562],[-0.0723,51.575],[-0.0732,51.5776],[-0.0724,51.5832],[-0.0681,51.5986],[-0.0571,51.5995],[-0.0559,51.6],[-0.0547,51.603]]}},{"type":"Feature","properties":{"routeId":"485","name":"485","direction":"1","routeType":"regular","lengthKm":7.5,"stops":24},"geometry":{"type":"LineString","coordinates":[[-0.2334,51.4854],[-0.2361,51.4827],[-0.2393,51.4753],[-0.2474,51.4734],[-0.2464,51.4715],[-0.2446,51.4703],[-0.2398,51.4704],[-0.217,51.4671],[-0.2142,51.466],[-0.2148,51.4648],[-0.2108,51.4632],[-0.1992,51.46],[-0.1993,51.4606],[-0.1966,51.461],[-0.197,51.4618],[-0.1953,51.4619],[-0.1951,51.4611],[-0.1993,51.4606],[-0.1982,51.458],[-0.1928,51.459],[-0.192,51.4587],[-0.1922,51.4579]]}},{"type":"Feature","properties":{"routeId":"460","name":"460","direction":"2","routeType":"regular","lengthKm":10.1,"stops":35},"geometry":{"type":"LineString","coordinates":[[-0.1769,51.6127],[-0.1934,51.6016],[-0.1984,51.5963],[-0.1997,51.5913],[-0.1999,51.5841],[-0.195,51.5717],[-0.1948,51.5684],[-0.1973,51.563],[-0.1996,51.5629],[-0.2097,51.5601],[-0.2155,51.5569],[-0.2205,51.5496],[-0.2247,51.5475],[-0.2304,51.547],[-0.2401,51.5486]]}},{"type":"Feature","properties":{"routeId":"481","name":"481","direction":"2","routeType":"regular","lengthKm":14,"stops":42},"geometry":{"type":"LineString","coordinates":[[-0.3251,51.4722],[-0.3238,51.472],[-0.3234,51.4727],[-0.3253,51.4729],[-0.3256,51.4741],[-0.3269,51.4747],[-0.3317,51.4632],[-0.3316,51.4605],[-0.3399,51.4593],[-0.3389,51.4585],[-0.3404,51.459],[-0.3409,51.4574],[-0.3387,51.4551],[-0.3472,51.4537],[-0.3533,51.4556],[-0.3547,51.4539],[-0.3579,51.4532],[-0.3675,51.4526],[-0.3645,51.4409],[-0.3567,51.4369],[-0.3472,51.4354],[-0.3451,51.4302],[-0.3399,51.4263],[-0.3346,51.4263],[-0.3347,51.4211],[-0.3281,51.4201],[-0.3195,51.4169],[-0.3175,51.4144],[-0.3148,51.4135],[-0.3121,51.411],[-0.3058,51.411],[-0.3051,51.4127],[-0.3026,51.4136],[-0.3008,51.4134],[-0.3006,51.4123],[-0.2989,51.4123]]}},{"type":"Feature","properties":{"routeId":"486","name":"486","direction":"1","routeType":"regular","lengthKm":14.7,"stops":38},"geometry":{"type":"LineString","coordinates":[[0.0044,51.4996],[0.0066,51.4993],[0.0082,51.4968],[0.0145,51.4933],[0.0147,51.4926],[0.0121,51.4903],[0.0174,51.4891],[0.0178,51.4907],[0.0209,51.4901],[0.03,51.4902],[0.0356,51.4815],[0.0456,51.4821],[0.0493,51.4851],[0.0538,51.4871],[0.0564,51.4873],[0.0578,51.4844],[0.0553,51.4829],[0.0509,51.477],[0.0474,51.4742],[0.0483,51.4724],[0.1326,51.4583],[0.1454,51.4571]]}},{"type":"Feature","properties":{"routeId":"482","name":"482","direction":"2","routeType":"regular","lengthKm":18.3,"stops":31},"geometry":{"type":"LineString","coordinates":[[-0.4897,51.472],[-0.4897,51.4702],[-0.4911,51.4694],[-0.4921,51.4644],[-0.4892,51.4632],[-0.4886,51.4621],[-0.477,51.4615],[-0.4718,51.4587],[-0.4681,51.4584],[-0.4679,51.4593],[-0.4679,51.4583],[-0.4605,51.4576],[-0.4604,51.4593],[-0.4605,51.4576],[-0.4508,51.4561],[-0.4444,51.4579],[-0.4473,51.4584],[-0.4455,51.4597],[-0.4435,51.458],[-0.441,51.4599],[-0.4383,51.4602],[-0.4256,51.4655],[-0.4231,51.467],[-0.4239,51.4668],[-0.4236,51.4675],[-0.4218,51.4669],[-0.396,51.4757],[-0.3869,51.4732],[-0.3842,51.4765],[-0.3728,51.478],[-0.3723,51.48],[-0.3739,51.4816],[-0.3731,51.4852],[-0.3807,51.4848],[-0.3813,51.486],[-0.3814,51.4921],[-0.3884,51.4929],[-0.3965,51.4953],[-0.3983,51.4971],[-0.3929,51.4984],[-0.3893,51.5004],[-0.3827,51.501],[-0.3755,51.5107]]}},{"type":"Feature","properties":{"routeId":"484","name":"484","direction":"2","routeType":"regular","lengthKm":11,"stops":40},"geometry":{"type":"LineString","coordinates":[[-0.093,51.4736],[-0.0928,51.47],[-0.091,51.4674],[-0.0867,51.4684],[-0.0845,51.4653],[-0.0796,51.4615],[-0.0772,51.4618],[-0.0751,51.4608],[-0.0648,51.4628],[-0.0503,51.4562],[-0.0473,51.4578],[-0.0448,51.4566],[-0.0434,51.4592],[-0.044,51.4683],[-0.0389,51.4687],[-0.0384,51.4656],[-0.0364,51.4655],[-0.0361,51.4637],[-0.0321,51.464],[-0.0284,51.4629],[-0.0291,51.4619],[-0.0215,51.463],[-0.0212,51.4609],[-0.0219,51.4602],[-0.0198,51.4566],[-0.0145,51.4565],[-0.0122,51.4592],[-0.0126,51.4596],[-0.0098,51.4616],[-0.0093,51.4624],[-0.0103,51.4627],[-0.0113,51.465],[-0.0132,51.4649]]}},{"type":"Feature","properties":{"routeId":"487","name":"487","direction":"1","routeType":"regular","lengthKm":13.8,"stops":37},"geometry":{"type":"LineString","coordinates":[[-0.3523,51.565],[-0.3621,51.5574],[-0.3617,51.5561],[-0.3562,51.5538],[-0.3492,51.5524],[-0.3385,51.5541],[-0.3278,51.5531],[-0.3118,51.5481],[-0.308,51.5462],[-0.3043,51.5421],[-0.301,51.5402],[-0.2956,51.5342],[-0.2947,51.5318],[-0.2928,51.5312],[-0.2924,51.5299],[-0.2846,51.5274],[-0.2731,51.526],[-0.2664,51.5239],[-0.2634,51.5218],[-0.269,51.5302],[-0.2672,51.5311],[-0.2693,51.5327],[-0.2648,51.5332],[-0.2643,51.5322],[-0.2579,51.5351],[-0.2567,51.5368],[-0.2551,51.5375],[-0.2481,51.5355],[-0.2466,51.5325],[-0.2452,51.5322]]}},{"type":"Feature","properties":{"routeId":"483","name":"483","direction":"2","routeType":"regular","lengthKm":16.9,"stops":45},"geometry":{"type":"LineString","coordinates":[[-0.3376,51.5799],[-0.3341,51.58],[-0.3333,51.5772],[-0.3252,51.5788],[-0.326,51.5776],[-0.3249,51.5735],[-0.3216,51.5688],[-0.321,51.5637],[-0.3197,51.5618],[-0.3144,51.5628],[-0.3034,51.5631],[-0.2961,51.5619],[-0.2923,51.562],[-0.2918,51.5603],[-0.2899,51.5588],[-0.2859,51.5572],[-0.2873,51.5534],[-0.2935,51.5537],[-0.299,51.5518],[-0.2969,51.5441],[-0.2979,51.5413],[-0.3005,51.5397],[-0.2956,51.5342],[-0.2947,51.5318],[-0.2928,51.5312],[-0.2913,51.5172],[-0.2921,51.5123],[-0.2928,51.5117],[-0.2997,51.514],[-0.302,51.514],[-0.3345,51.5088],[-0.3425,51.5082],[-0.3467,51.5087],[-0.3467,51.5075],[-0.3469,51.5087],[-0.3537,51.5092],[-0.3546,51.5082]]}},{"type":"Feature","properties":{"routeId":"468","name":"468","direction":"2","routeType":"regular","lengthKm":18.1,"stops":62},"geometry":{"type":"LineString","coordinates":[[-0.0994,51.4991],[-0.1044,51.4985],[-0.1009,51.4956],[-0.1005,51.4936],[-0.0989,51.493],[-0.094,51.4855],[-0.0946,51.4829],[-0.0928,51.47],[-0.09,51.4656],[-0.0923,51.461],[-0.0957,51.4576],[-0.1011,51.4539],[-0.1008,51.4502],[-0.105,51.4462],[-0.1062,51.4395],[-0.1015,51.43],[-0.1043,51.4296],[-0.1066,51.4196],[-0.0995,51.4178],[-0.0888,51.4126],[-0.0864,51.4083],[-0.0815,51.4043],[-0.0865,51.3992],[-0.0929,51.3975],[-0.0925,51.3964],[-0.0943,51.3914],[-0.0986,51.3829],[-0.0976,51.3824],[-0.0991,51.3818],[-0.0998,51.3796],[-0.0967,51.3739],[-0.0987,51.3734],[-0.0985,51.3724],[-0.1004,51.3724],[-0.0985,51.3638],[-0.0994,51.3636]]}},{"type":"Feature","properties":{"routeId":"485","name":"485","direction":"2","routeType":"regular","lengthKm":7.4,"stops":24},"geometry":{"type":"LineString","coordinates":[[-0.1935,51.4569],[-0.1977,51.4572],[-0.1992,51.46],[-0.1993,51.4606],[-0.1966,51.461],[-0.197,51.4618],[-0.1953,51.4619],[-0.1951,51.4611],[-0.1993,51.4606],[-0.1992,51.46],[-0.2108,51.4632],[-0.2148,51.4648],[-0.2145,51.4661],[-0.217,51.4671],[-0.2398,51.4704],[-0.2446,51.4703],[-0.2464,51.4715],[-0.2477,51.4733],[-0.2393,51.4753],[-0.2361,51.4827],[-0.2336,51.4852]]}},{"type":"Feature","properties":{"routeId":"490","name":"490","direction":"1","routeType":"regular","lengthKm":22,"stops":45},"geometry":{"type":"LineString","coordinates":[[-0.3055,51.4653],[-0.2991,51.465],[-0.3011,51.4642],[-0.3028,51.4624],[-0.3034,51.4614],[-0.3021,51.4601],[-0.3049,51.459],[-0.3063,51.4594],[-0.3056,51.4583],[-0.3118,51.4549],[-0.3134,51.4536],[-0.3133,51.4526],[-0.32,51.451],[-0.33,51.4455],[-0.347,51.444],[-0.3573,51.44],[-0.3786,51.4362],[-0.3999,51.4455],[-0.4066,51.4475],[-0.4091,51.4473],[-0.4057,51.4521],[-0.4176,51.4655],[-0.4215,51.4661],[-0.423,51.4675],[-0.4267,51.465],[-0.4378,51.4604],[-0.4412,51.4599],[-0.4433,51.4576],[-0.4473,51.4584],[-0.4455,51.4597],[-0.4432,51.4577],[-0.452,51.456],[-0.4605,51.4575],[-0.4604,51.4593],[-0.4605,51.4575],[-0.4682,51.4583],[-0.4679,51.4593],[-0.4679,51.4582],[-0.4732,51.4589],[-0.4773,51.4614],[-0.4897,51.4621],[-0.4891,51.4631],[-0.4921,51.4644],[-0.4912,51.4692],[-0.4901,51.4696],[-0.493,51.4732],[-0.4913,51.475],[-0.4897,51.4731]]}},{"type":"Feature","properties":{"routeId":"491","name":"491","direction":"1","routeType":"regular","lengthKm":16.4,"stops":35},"geometry":{"type":"LineString","coordinates":[[-0.0313,51.6856],[-0.0291,51.6861],[-0.0291,51.6844],[-0.0333,51.6831],[-0.034,51.6802],[-0.0306,51.6793],[-0.0195,51.6795],[-0.0208,51.678],[-0.0211,51.6748],[-0.0243,51.675],[-0.0182,51.6747],[-0.0193,51.6711],[-0.0147,51.6702],[-0.0156,51.667],[-0.015,51.6659],[-0.0156,51.667],[-0.0147,51.6702],[-0.0265,51.6711],[-0.0279,51.6629],[-0.0292,51.6614],[-0.0298,51.6585],[-0.0287,51.6529],[-0.0299,51.6485],[-0.0322,51.6446],[-0.0372,51.6468],[-0.0464,51.6484],[-0.047,51.6466],[-0.0465,51.6438],[-0.048,51.6394],[-0.0557,51.6399],[-0.0601,51.6382],[-0.0623,51.636],[-0.0628,51.6323],[-0.06,51.6307],[-0.056,51.6304],[-0.057,51.6268],[-0.0606,51.6245],[-0.0645,51.6145],[-0.0759,51.6141],[-0.0762,51.6131],[-0.0751,51.613],[-0.0758,51.6129]]}},{"type":"Feature","properties":{"routeId":"488","name":"488","direction":"1","routeType":"regular","lengthKm":10.1,"stops":37},"geometry":{"type":"LineString","coordinates":[[-0.0107,51.5268],[-0.0114,51.5255],[-0.0103,51.5236],[-0.0098,51.5241],[-0.011,51.5241],[-0.0115,51.526],[-0.0138,51.5282],[-0.0131,51.5289],[-0.0137,51.5293],[-0.0191,51.5282],[-0.0241,51.5329],[-0.025,51.5324],[-0.0264,51.5336],[-0.0292,51.5379],[-0.0268,51.539],[-0.0256,51.538],[-0.0253,51.5386],[-0.0281,51.5439],[-0.0304,51.5448],[-0.0358,51.5452],[-0.038,51.5492],[-0.0421,51.5487],[-0.043,51.5502],[-0.0443,51.5499],[-0.0435,51.5484],[-0.0477,51.548],[-0.0505,51.5488],[-0.0563,51.5583],[-0.0638,51.5586],[-0.0656,51.5555],[-0.0682,51.5556],[-0.0688,51.554],[-0.0723,51.5511],[-0.0752,51.5506],[-0.0761,51.5443]]}},{"type":"Feature","properties":{"routeId":"486","name":"486","direction":"2","routeType":"regular","lengthKm":15.1,"stops":38},"geometry":{"type":"LineString","coordinates":[[0.1464,51.4565],[0.1463,51.4572],[0.1386,51.4573],[0.0478,51.4725],[0.0474,51.4742],[0.0511,51.4773],[0.0553,51.4829],[0.0577,51.4842],[0.0579,51.4852],[0.0564,51.4873],[0.0536,51.487],[0.0494,51.4851],[0.0456,51.4821],[0.0386,51.4822],[0.0359,51.4811],[0.03,51.4899],[0.0181,51.4904],[0.0176,51.4891],[0.0163,51.4891],[0.0121,51.4903],[0.0148,51.4929],[0.0082,51.4966],[0.0065,51.4993],[0.0034,51.4997],[0.0029,51.5006]]}},{"type":"Feature","properties":{"routeId":"498","name":"498","direction":"1","routeType":"regular","lengthKm":11.9,"stops":26},"geometry":{"type":"LineString","coordinates":[[0.1812,51.5686],[0.1791,51.5708],[0.1838,51.572],[0.1838,51.5742],[0.1824,51.5764],[0.1857,51.5781],[0.1837,51.5804],[0.1941,51.5851],[0.2072,51.5888],[0.2125,51.5929],[0.2575,51.6066],[0.2611,51.6082],[0.2618,51.6093],[0.2649,51.6085],[0.2951,51.6187],[0.3057,51.6214],[0.3051,51.6219],[0.3037,51.6215],[0.3043,51.6217]]}},{"type":"Feature","properties":{"routeId":"496","name":"496","direction":"1","routeType":"regular","lengthKm":12.9,"stops":41},"geometry":{"type":"LineString","coordinates":[[0.2335,51.5934],[0.2356,51.5941],[0.2358,51.595],[0.2405,51.5978],[0.2489,51.6006],[0.2471,51.6029],[0.2447,51.6025],[0.2432,51.6062],[0.2418,51.6075],[0.2378,51.609],[0.238,51.6037],[0.2336,51.606],[0.2275,51.6044],[0.2278,51.6039],[0.2229,51.6021],[0.2213,51.5998],[0.2188,51.5983],[0.2124,51.5963],[0.2133,51.5927],[0.21,51.591],[0.2117,51.5899],[0.211,51.5855],[0.2092,51.5835],[0.2088,51.5814],[0.2051,51.5812],[0.2081,51.578],[0.1965,51.5778],[0.1838,51.5741],[0.1824,51.5764],[0.1857,51.578],[0.184,51.5801],[0.1807,51.5805],[0.178,51.5797],[0.1772,51.5768],[0.1795,51.5728],[0.1813,51.5714],[0.1791,51.5708],[0.181,51.5687]]}},{"type":"Feature","properties":{"routeId":"492","name":"492","direction":"1","routeType":"regular","lengthKm":22.7,"stops":60},"geometry":{"type":"LineString","coordinates":[[0.1054,51.4335],[0.1057,51.4329],[0.1027,51.4329],[0.1009,51.4265],[0.1035,51.4261],[0.1129,51.4208],[0.1267,51.4153],[0.1329,51.4203],[0.1347,51.4254],[0.1372,51.4284],[0.1527,51.4389],[0.1532,51.4399],[0.1505,51.4417],[0.1521,51.4448],[0.1562,51.4468],[0.1568,51.4486],[0.1551,51.4505],[0.152,51.452],[0.1524,51.4553],[0.1475,51.4572],[0.1475,51.4566],[0.1528,51.4588],[0.1615,51.4602],[0.1727,51.4577],[0.1735,51.4542],[0.1761,51.4538],[0.1802,51.4505],[0.1821,51.4502],[0.1804,51.447],[0.1809,51.4441],[0.1835,51.4444],[0.187,51.4429],[0.1934,51.4444],[0.1961,51.4415],[0.2007,51.4438],[0.2056,51.4439],[0.2066,51.4461],[0.2121,51.4452],[0.213,51.4466],[0.2144,51.4469],[0.2197,51.4462],[0.2215,51.4438],[0.2339,51.4417],[0.2443,51.4428],[0.2474,51.4441],[0.2515,51.4438],[0.2791,51.4487],[0.2816,51.4455],[0.2817,51.4438],[0.2811,51.4418],[0.2778,51.4416],[0.2778,51.4377],[0.2765,51.4375]]}},{"type":"Feature","properties":{"routeId":"487","name":"487","direction":"2","routeType":"regular","lengthKm":15,"stops":43},"geometry":{"type":"LineString","coordinates":[[-0.2456,51.5323],[-0.2466,51.5325],[-0.2481,51.5355],[-0.2551,51.5375],[-0.2567,51.5368],[-0.2577,51.5353],[-0.2643,51.5322],[-0.2648,51.5332],[-0.2694,51.5326],[-0.2671,51.531],[-0.2689,51.5303],[-0.268,51.5305],[-0.2687,51.5298],[-0.2653,51.5241],[-0.2631,51.5223],[-0.2613,51.5233],[-0.2585,51.5226],[-0.2626,51.5195],[-0.265,51.523],[-0.2684,51.5245],[-0.2743,51.5262],[-0.2852,51.5272],[-0.2945,51.5302],[-0.2954,51.5339],[-0.301,51.5401],[-0.3043,51.5421],[-0.3082,51.5463],[-0.3114,51.5477],[-0.3278,51.5531],[-0.3387,51.5541],[-0.3492,51.5524],[-0.3558,51.5534],[-0.3601,51.5549],[-0.362,51.5565],[-0.3621,51.5574],[-0.3548,51.5636],[-0.3518,51.565]]}},{"type":"Feature","properties":{"routeId":"601","name":"601","direction":"1","routeType":"school","lengthKm":17.7,"stops":41},"geometry":{"type":"LineString","coordinates":[[0.1089,51.5074],[0.11,51.5068],[0.1153,51.5081],[0.1174,51.5095],[0.1207,51.5094],[0.1234,51.5105],[0.1276,51.5084],[0.1269,51.5069],[0.1216,51.5063],[0.1188,51.5044],[0.1205,51.5019],[0.1217,51.5016],[0.1216,51.4964],[0.1307,51.4964],[0.1388,51.4939],[0.1516,51.4945],[0.153,51.4958],[0.1528,51.4976],[0.1544,51.4983],[0.1583,51.4973],[0.1573,51.4969],[0.1557,51.4903],[0.1512,51.4906],[0.151,51.4895],[0.1497,51.4886],[0.1499,51.4864],[0.1486,51.4859],[0.1482,51.4844],[0.144,51.4809],[0.1432,51.4791],[0.1452,51.4776],[0.1446,51.4754],[0.1454,51.4717],[0.1423,51.4678],[0.1506,51.4637],[0.1532,51.4611],[0.1531,51.4557],[0.1519,51.4524],[0.1553,51.4504],[0.1572,51.4482],[0.1554,51.4461],[0.1519,51.4446],[0.1505,51.4417],[0.1532,51.44],[0.1528,51.4389],[0.1574,51.4362],[0.1626,51.4371],[0.1676,51.4346],[0.1762,51.4353],[0.1874,51.4331],[0.1933,51.4303]]}},{"type":"Feature","properties":{"routeId":"499","name":"499","direction":"1","routeType":"regular","lengthKm":17.7,"stops":48},"geometry":{"type":"LineString","coordinates":[[0.2199,51.5926],[0.2201,51.592],[0.2186,51.5916],[0.2167,51.5937],[0.2125,51.5925],[0.2132,51.5937],[0.2114,51.599],[0.2086,51.5986],[0.2033,51.6],[0.2041,51.6009],[0.2039,51.6022],[0.2097,51.6037],[0.2094,51.6049],[0.2225,51.6084],[0.2184,51.6107],[0.2185,51.6145],[0.2171,51.6155],[0.2,51.6056],[0.1943,51.6033],[0.185,51.603],[0.1805,51.6038],[0.1798,51.6017],[0.1747,51.5966],[0.1804,51.5941],[0.1889,51.5826],[0.1843,51.5801],[0.1862,51.578],[0.183,51.5767],[0.184,51.5756],[0.1834,51.5752],[0.1841,51.5718],[0.1791,51.5708],[0.1818,51.5685],[0.1791,51.5708],[0.1736,51.5693],[0.1604,51.5684],[0.1442,51.569],[0.148,51.5611],[0.1476,51.5585],[0.1515,51.5573]]}},{"type":"Feature","properties":{"routeId":"533","name":"533","direction":"1","routeType":"regular","lengthKm":13.7,"stops":20},"geometry":{"type":"LineString","coordinates":[[-0.2229,51.4924],[-0.2222,51.4914],[-0.2259,51.492],[-0.228,51.4907],[-0.241,51.4911],[-0.2497,51.4882],[-0.2553,51.485],[-0.2636,51.4771],[-0.276,51.4692],[-0.271,51.4687],[-0.268,51.4697],[-0.2559,51.4706],[-0.2514,51.4736],[-0.245,51.4844],[-0.2401,51.4861],[-0.2331,51.4859],[-0.2361,51.4827],[-0.2393,51.4753],[-0.2476,51.4734],[-0.2514,51.4736],[-0.245,51.4844],[-0.2394,51.4862],[-0.2329,51.4858],[-0.2334,51.4854]]}},{"type":"Feature","properties":{"routeId":"493","name":"493","direction":"1","routeType":"regular","lengthKm":20.6,"stops":64},"geometry":{"type":"LineString","coordinates":[[-0.1749,51.4277],[-0.1737,51.4284],[-0.1715,51.4273],[-0.1754,51.4247],[-0.1779,51.4258],[-0.1776,51.4271],[-0.1754,51.4275],[-0.1765,51.4283],[-0.174,51.43],[-0.1679,51.428],[-0.1727,51.4236],[-0.1785,51.4257],[-0.1811,51.4295],[-0.1836,51.4316],[-0.1874,51.4287],[-0.1905,51.4276],[-0.2003,51.4272],[-0.2035,51.424],[-0.2094,51.4203],[-0.2104,51.4205],[-0.2083,51.422],[-0.2115,51.4238],[-0.2158,51.4242],[-0.2176,51.4254],[-0.2129,51.4289],[-0.2124,51.4334],[-0.2137,51.4356],[-0.2136,51.4369],[-0.2066,51.4448],[-0.2146,51.4443],[-0.2157,51.446],[-0.2134,51.4467],[-0.2155,51.4483],[-0.2166,51.4513],[-0.2225,51.4479],[-0.2235,51.448],[-0.2208,51.4535],[-0.235,51.4516],[-0.239,51.4498],[-0.2413,51.45],[-0.2439,51.4521],[-0.2428,51.4571],[-0.2439,51.4652],[-0.2782,51.4643],[-0.2867,51.4618],[-0.2944,51.4622],[-0.2996,51.461],[-0.303,51.4613],[-0.3021,51.4601],[-0.304,51.4594]]}},{"type":"Feature","properties":{"routeId":"491","name":"491","direction":"2","routeType":"regular","lengthKm":16.1,"stops":35},"geometry":{"type":"LineString","coordinates":[[-0.0758,51.6129],[-0.0759,51.614],[-0.0644,51.615],[-0.0607,51.625],[-0.0577,51.6256],[-0.056,51.6304],[-0.06,51.6307],[-0.0628,51.6323],[-0.0623,51.636],[-0.0601,51.6382],[-0.0557,51.6399],[-0.048,51.6394],[-0.0465,51.6438],[-0.047,51.6466],[-0.0464,51.6484],[-0.032,51.6453],[-0.0287,51.6534],[-0.0299,51.6579],[-0.0294,51.6609],[-0.0279,51.6629],[-0.0265,51.6711],[-0.0147,51.6702],[-0.0156,51.667],[-0.015,51.6659],[-0.0156,51.667],[-0.0147,51.6702],[-0.0196,51.6707],[-0.0185,51.6748],[-0.0243,51.675],[-0.0214,51.675],[-0.02,51.6792],[-0.0341,51.6799],[-0.0331,51.6836],[-0.0305,51.6837],[-0.0292,51.6846],[-0.0293,51.6855],[-0.0314,51.6858]]}},{"type":"Feature","properties":{"routeId":"488","name":"488","direction":"2","routeType":"regular","lengthKm":9.1,"stops":33},"geometry":{"type":"LineString","coordinates":[[-0.0757,51.5453],[-0.0752,51.5506],[-0.0724,51.5512],[-0.069,51.5538],[-0.0682,51.5556],[-0.0656,51.5555],[-0.0638,51.5586],[-0.0558,51.5588],[-0.0553,51.5584],[-0.0559,51.5577],[-0.0556,51.5565],[-0.0505,51.5488],[-0.047,51.548],[-0.0475,51.5492],[-0.0443,51.5499],[-0.0435,51.5484],[-0.038,51.5492],[-0.0356,51.5453],[-0.0305,51.5449],[-0.0281,51.5439],[-0.0252,51.5386],[-0.0256,51.538],[-0.0268,51.539],[-0.0292,51.5379],[-0.0265,51.5338],[-0.025,51.5324],[-0.0241,51.5329],[-0.0192,51.5282],[-0.0141,51.53],[-0.0116,51.528]]}},{"type":"Feature","properties":{"routeId":"490","name":"490","direction":"2","routeType":"regular","lengthKm":20.5,"stops":42},"geometry":{"type":"LineString","coordinates":[[-0.4897,51.472],[-0.4897,51.4702],[-0.4911,51.4694],[-0.4921,51.4644],[-0.4892,51.4632],[-0.4886,51.4621],[-0.477,51.4615],[-0.4718,51.4587],[-0.4681,51.4584],[-0.4679,51.4593],[-0.4679,51.4583],[-0.4605,51.4576],[-0.4604,51.4593],[-0.4605,51.4576],[-0.4519,51.4561],[-0.4445,51.4578],[-0.4473,51.4584],[-0.4455,51.4597],[-0.4433,51.4581],[-0.441,51.4599],[-0.4378,51.4604],[-0.4259,51.4654],[-0.4229,51.4675],[-0.4214,51.4661],[-0.4176,51.4655],[-0.4057,51.4521],[-0.4091,51.4473],[-0.4066,51.4475],[-0.3999,51.4455],[-0.3776,51.4365],[-0.358,51.4399],[-0.3463,51.4441],[-0.3298,51.4456],[-0.3197,51.4511],[-0.3133,51.4526],[-0.3133,51.4537],[-0.3118,51.4549],[-0.3056,51.4583],[-0.3063,51.4598],[-0.3034,51.4615],[-0.3006,51.4647],[-0.3055,51.4653]]}},{"type":"Feature","properties":{"routeId":"498","name":"498","direction":"2","routeType":"regular","lengthKm":11.7,"stops":26},"geometry":{"type":"LineString","coordinates":[[0.3043,51.6217],[0.3058,51.6214],[0.2951,51.6187],[0.2671,51.6096],[0.2635,51.6076],[0.258,51.6067],[0.2139,51.5929],[0.2108,51.5916],[0.2072,51.5888],[0.1944,51.5852],[0.1845,51.5804],[0.1862,51.578],[0.183,51.5767],[0.184,51.5756],[0.1834,51.5752],[0.1841,51.5718],[0.1791,51.5708],[0.181,51.5687]]}},{"type":"Feature","properties":{"routeId":"496","name":"496","direction":"2","routeType":"regular","lengthKm":13,"stops":41},"geometry":{"type":"LineString","coordinates":[[0.1811,51.5687],[0.1791,51.5708],[0.1804,51.5717],[0.1769,51.5764],[0.1779,51.5802],[0.1845,51.5805],[0.1844,51.5798],[0.1862,51.578],[0.1833,51.5763],[0.184,51.5756],[0.1834,51.5752],[0.1838,51.5741],[0.1965,51.5778],[0.2077,51.5782],[0.2051,51.5812],[0.2086,51.5814],[0.2093,51.5837],[0.211,51.5855],[0.2117,51.5899],[0.21,51.591],[0.2131,51.5932],[0.2124,51.5963],[0.2185,51.5981],[0.2213,51.5998],[0.223,51.6022],[0.2278,51.6039],[0.2275,51.6044],[0.2336,51.606],[0.238,51.6037],[0.2378,51.609],[0.2417,51.6076],[0.2432,51.6062],[0.2438,51.6036],[0.245,51.6027],[0.247,51.603],[0.2489,51.6006],[0.2405,51.5978],[0.2358,51.595],[0.2356,51.5941],[0.2328,51.593]]}},{"type":"Feature","properties":{"routeId":"492","name":"492","direction":"2","routeType":"regular","lengthKm":23.6,"stops":58},"geometry":{"type":"LineString","coordinates":[[0.2758,51.4377],[0.275,51.4378],[0.2775,51.4376],[0.2772,51.4389],[0.2778,51.4395],[0.277,51.4414],[0.2807,51.4424],[0.2815,51.4437],[0.2811,51.446],[0.2789,51.4484],[0.263,51.4463],[0.2515,51.4438],[0.2469,51.444],[0.2443,51.4428],[0.2342,51.4417],[0.2214,51.4438],[0.2192,51.4462],[0.2138,51.4469],[0.2126,51.445],[0.2067,51.446],[0.2055,51.4438],[0.2007,51.4438],[0.196,51.4414],[0.1934,51.4444],[0.187,51.4429],[0.1838,51.4443],[0.1809,51.4441],[0.1804,51.447],[0.1819,51.4501],[0.1773,51.4506],[0.177,51.4515],[0.1781,51.4519],[0.176,51.4538],[0.1735,51.4542],[0.1727,51.4577],[0.1617,51.4602],[0.1524,51.4587],[0.1474,51.4566],[0.1463,51.4565],[0.1463,51.4572],[0.153,51.4553],[0.152,51.452],[0.1553,51.4504],[0.1572,51.4482],[0.1554,51.4461],[0.1519,51.4446],[0.1505,51.4417],[0.1532,51.44],[0.1528,51.4388],[0.1378,51.4287],[0.135,51.4256],[0.1328,51.42],[0.1268,51.4148],[0.1116,51.4214],[0.1035,51.4261],[0.1009,51.4265],[0.1027,51.4329],[0.1057,51.4329],[0.1056,51.4335],[0.1035,51.4337],[0.1048,51.4336]]}},{"type":"Feature","properties":{"routeId":"601","name":"601","direction":"2","routeType":"school","lengthKm":18.8,"stops":47},"geometry":{"type":"LineString","coordinates":[[0.1941,51.4288],[0.1917,51.4306],[0.1962,51.431],[0.18,51.4347],[0.1752,51.4353],[0.1674,51.4347],[0.1623,51.4371],[0.1574,51.4362],[0.1527,51.4389],[0.1532,51.4399],[0.1505,51.4417],[0.1521,51.4448],[0.1562,51.4468],[0.1568,51.4486],[0.1519,51.4525],[0.1531,51.4559],[0.153,51.4609],[0.1506,51.4637],[0.142,51.468],[0.1454,51.4717],[0.1446,51.4754],[0.1452,51.4779],[0.143,51.4791],[0.1445,51.4813],[0.1432,51.4841],[0.1481,51.4842],[0.1486,51.4859],[0.15,51.4865],[0.1497,51.4886],[0.1517,51.4909],[0.1554,51.4904],[0.1573,51.4976],[0.1538,51.4979],[0.1528,51.4952],[0.1509,51.4943],[0.1388,51.4938],[0.1307,51.4963],[0.1209,51.496],[0.1217,51.4999],[0.1198,51.5011],[0.1201,51.502],[0.1184,51.5041],[0.1223,51.5065],[0.1269,51.5069],[0.1274,51.5083],[0.1234,51.5103],[0.1217,51.5095],[0.1169,51.5093],[0.1154,51.5076],[0.1098,51.5065],[0.1086,51.5075]]}},{"type":"Feature","properties":{"routeId":"499","name":"499","direction":"2","routeType":"regular","lengthKm":17.3,"stops":47},"geometry":{"type":"LineString","coordinates":[[0.1515,51.5573],[0.1515,51.5554],[0.1554,51.5553],[0.1557,51.5597],[0.1531,51.5607],[0.1537,51.5612],[0.1761,51.5655],[0.1762,51.5673],[0.1748,51.5696],[0.1754,51.5699],[0.1791,51.5708],[0.182,51.5686],[0.1791,51.5708],[0.1838,51.572],[0.1838,51.5742],[0.1824,51.5764],[0.1857,51.5781],[0.1837,51.5804],[0.1889,51.5826],[0.1804,51.5941],[0.1747,51.5966],[0.1798,51.6017],[0.1805,51.6038],[0.185,51.603],[0.1943,51.6033],[0.2,51.6056],[0.2171,51.6155],[0.2185,51.6145],[0.2185,51.6106],[0.2231,51.6082],[0.2094,51.6049],[0.2097,51.6037],[0.2038,51.6022],[0.2041,51.601],[0.2033,51.6],[0.2084,51.5987],[0.2114,51.599],[0.2134,51.5929],[0.2194,51.5945],[0.221,51.5923],[0.22,51.592],[0.2199,51.5926]]}},{"type":"Feature","properties":{"routeId":"533","name":"533","direction":"2","routeType":"regular","lengthKm":9,"stops":23},"geometry":{"type":"LineString","coordinates":[[-0.2334,51.4854],[-0.2361,51.4827],[-0.2393,51.4753],[-0.2474,51.4734],[-0.2514,51.4736],[-0.2575,51.4702],[-0.267,51.4698],[-0.271,51.4687],[-0.2761,51.4693],[-0.2636,51.4771],[-0.2553,51.485],[-0.2527,51.4864],[-0.2526,51.4873],[-0.2413,51.4912],[-0.2294,51.4911],[-0.2251,51.4922],[-0.2243,51.4931],[-0.2232,51.4927]]}},{"type":"Feature","properties":{"routeId":"603","name":"603","direction":"1","routeType":"school","lengthKm":9.3,"stops":32},"geometry":{"type":"LineString","coordinates":[[-0.144,51.5901],[-0.1452,51.5895],[-0.1491,51.5913],[-0.1639,51.5895],[-0.1642,51.5874],[-0.1632,51.5855],[-0.1545,51.5809],[-0.1551,51.5803],[-0.1498,51.5745],[-0.1499,51.5716],[-0.1671,51.573],[-0.1711,51.5726],[-0.1733,51.5714],[-0.1798,51.5623],[-0.1785,51.5594],[-0.1787,51.5557],[-0.176,51.553],[-0.1758,51.5459],[-0.1735,51.542],[-0.175,51.5417],[-0.1752,51.5424]]}},{"type":"Feature","properties":{"routeId":"608","name":"608","direction":"1","routeType":"school","lengthKm":11.7,"stops":26},"geometry":{"type":"LineString","coordinates":[[0.2131,51.5941],[0.2091,51.605],[0.2229,51.6085],[0.2245,51.6061],[0.2275,51.6044],[0.2336,51.606],[0.2372,51.6039],[0.2439,51.6036],[0.2457,51.6028],[0.2575,51.6066],[0.2611,51.6082],[0.2618,51.6093],[0.2649,51.6085],[0.2951,51.6187],[0.3056,51.6213],[0.3139,51.6251],[0.3197,51.6301],[0.3238,51.6316],[0.3254,51.6359],[0.3287,51.6381]]}},{"type":"Feature","properties":{"routeId":"602","name":"602","direction":"1","routeType":"school","lengthKm":14.6,"stops":40},"geometry":{"type":"LineString","coordinates":[[0.1089,51.5074],[0.11,51.5068],[0.1153,51.5081],[0.1174,51.5095],[0.1207,51.5094],[0.1234,51.5105],[0.1276,51.5084],[0.1269,51.5069],[0.1216,51.5063],[0.1187,51.504],[0.1217,51.5015],[0.1211,51.4952],[0.1213,51.4922],[0.1223,51.4906],[0.1217,51.4885],[0.1214,51.4898],[0.1431,51.4912],[0.161,51.4904],[0.1675,51.4891],[0.1733,51.4851],[0.1812,51.4813],[0.1774,51.4803],[0.1685,51.4803],[0.1647,51.4789],[0.1633,51.477],[0.1623,51.4728],[0.1587,51.4687],[0.1577,51.4662],[0.1534,51.462],[0.1531,51.4557],[0.1524,51.4542],[0.1438,51.4554],[0.1427,51.4529],[0.139,51.4502]]}},{"type":"Feature","properties":{"routeId":"606","name":"606","direction":"1","routeType":"school","lengthKm":15.6,"stops":39},"geometry":{"type":"LineString","coordinates":[[-0.2853,51.5945],[-0.2879,51.5959],[-0.2775,51.5982],[-0.2712,51.5983],[-0.2671,51.6004],[-0.2794,51.6107],[-0.2762,51.6136],[-0.2739,51.6127],[-0.2762,51.6136],[-0.2756,51.6156],[-0.2774,51.6179],[-0.2777,51.6214],[-0.268,51.6223],[-0.2561,51.6215],[-0.2548,51.6221],[-0.2535,51.6337],[-0.2563,51.6404],[-0.2549,51.6435],[-0.2513,51.6414],[-0.2448,51.641],[-0.2317,51.6477],[-0.2228,51.6503],[-0.219,51.6526],[-0.2005,51.653],[-0.1907,51.6479],[-0.1926,51.6479],[-0.1952,51.6419],[-0.197,51.6399],[-0.1985,51.6396]]}},{"type":"Feature","properties":{"routeId":"493","name":"493","direction":"2","routeType":"regular","lengthKm":18.3,"stops":55},"geometry":{"type":"LineString","coordinates":[[-0.3054,51.4603],[-0.3036,51.4613],[-0.2996,51.461],[-0.2944,51.4622],[-0.2867,51.4618],[-0.2782,51.4643],[-0.2439,51.4652],[-0.2428,51.4571],[-0.2439,51.4521],[-0.2413,51.45],[-0.2388,51.4498],[-0.2364,51.4504],[-0.2368,51.4512],[-0.2338,51.4518],[-0.2209,51.4535],[-0.223,51.4491],[-0.2222,51.4486],[-0.2222,51.4474],[-0.2206,51.449],[-0.2165,51.4467],[-0.2146,51.4443],[-0.2066,51.4448],[-0.2136,51.4369],[-0.2138,51.4357],[-0.2124,51.4335],[-0.2124,51.43],[-0.2132,51.4284],[-0.2176,51.4254],[-0.2158,51.4242],[-0.2115,51.4238],[-0.2077,51.4214],[-0.2032,51.4242],[-0.2003,51.4272],[-0.1905,51.4276],[-0.1874,51.4287],[-0.1836,51.4316],[-0.1811,51.4295],[-0.1785,51.4257],[-0.1727,51.4236],[-0.1681,51.428],[-0.174,51.43],[-0.1765,51.4283],[-0.1749,51.4277]]}},{"type":"Feature","properties":{"routeId":"618","name":"618","direction":"1","routeType":"school","lengthKm":7.2,"stops":24},"geometry":{"type":"LineString","coordinates":[[-0.3365,51.4586],[-0.3357,51.4573],[-0.3321,51.4578],[-0.3335,51.4603],[-0.3316,51.4605],[-0.3318,51.4633],[-0.3295,51.4677],[-0.3436,51.467],[-0.3471,51.4684],[-0.3499,51.4718],[-0.3436,51.4746],[-0.334,51.4754],[-0.3199,51.4797],[-0.3275,51.4835],[-0.3332,51.4853],[-0.3303,51.4874]]}},{"type":"Feature","properties":{"routeId":"613","name":"613","direction":"1","routeType":"school","lengthKm":12.9,"stops":38},"geometry":{"type":"LineString","coordinates":[[-0.279,51.3775],[-0.2811,51.3794],[-0.2722,51.3873],[-0.2585,51.3937],[-0.2533,51.3947],[-0.253,51.3882],[-0.254,51.3863],[-0.2436,51.3795],[-0.2371,51.3767],[-0.2279,51.3709],[-0.2237,51.366],[-0.2206,51.364],[-0.2164,51.3577],[-0.2012,51.361],[-0.1943,51.3615],[-0.1964,51.368],[-0.1952,51.3684],[-0.1949,51.3705],[-0.2006,51.3684],[-0.2065,51.3731],[-0.2008,51.3788],[-0.2018,51.38]]}},{"type":"Feature","properties":{"routeId":"603","name":"603","direction":"2","routeType":"school","lengthKm":9.1,"stops":28},"geometry":{"type":"LineString","coordinates":[[-0.1752,51.5424],[-0.176,51.553],[-0.1787,51.5557],[-0.1785,51.5594],[-0.1798,51.5626],[-0.1733,51.5714],[-0.1711,51.5726],[-0.1671,51.573],[-0.15,51.5719],[-0.1498,51.5745],[-0.1557,51.5809],[-0.164,51.5862],[-0.1639,51.5895],[-0.149,51.5913],[-0.1449,51.5895],[-0.1429,51.5908]]}},{"type":"Feature","properties":{"routeId":"621","name":"621","direction":"1","routeType":"school","lengthKm":8,"stops":26},"geometry":{"type":"LineString","coordinates":[[-0.0126,51.4638],[-0.0108,51.4637],[-0.0024,51.4588],[0.0065,51.4586],[0.0098,51.4566],[0.0316,51.4528],[0.0363,51.4532],[0.0495,51.4609],[0.0577,51.4613],[0.0627,51.4507],[0.0689,51.4521],[0.0766,51.4516]]}},{"type":"Feature","properties":{"routeId":"608","name":"608","direction":"2","routeType":"school","lengthKm":11.6,"stops":20},"geometry":{"type":"LineString","coordinates":[[0.3287,51.6381],[0.3254,51.6359],[0.3238,51.6316],[0.3197,51.6301],[0.3139,51.6251],[0.3057,51.6213],[0.2951,51.6187],[0.2671,51.6096],[0.2635,51.6076],[0.258,51.6067],[0.245,51.6024],[0.2439,51.6036],[0.2372,51.6039],[0.2336,51.606],[0.2275,51.6044],[0.2223,51.6083],[0.2094,51.6049],[0.2132,51.5937]]}},{"type":"Feature","properties":{"routeId":"602","name":"602","direction":"2","routeType":"school","lengthKm":15.1,"stops":44},"geometry":{"type":"LineString","coordinates":[[0.1404,51.4512],[0.1429,51.4532],[0.1438,51.4556],[0.1524,51.4546],[0.1534,51.462],[0.1577,51.4662],[0.1584,51.4683],[0.1622,51.4727],[0.1634,51.4773],[0.1645,51.4787],[0.1693,51.4805],[0.1774,51.4807],[0.1798,51.4783],[0.181,51.4788],[0.1819,51.4808],[0.1777,51.4807],[0.1778,51.4828],[0.1718,51.486],[0.1708,51.4874],[0.1667,51.4895],[0.1618,51.4902],[0.1431,51.4912],[0.1364,51.4903],[0.1213,51.4898],[0.1215,51.489],[0.1221,51.49],[0.1207,51.4963],[0.1217,51.4999],[0.1198,51.5011],[0.1201,51.502],[0.1184,51.5041],[0.1223,51.5065],[0.1269,51.5069],[0.1274,51.5083],[0.1234,51.5103],[0.1217,51.5095],[0.1169,51.5093],[0.1154,51.5076],[0.1098,51.5065],[0.1086,51.5075]]}},{"type":"Feature","properties":{"routeId":"617","name":"617","direction":"1","routeType":"school","lengthKm":10.7,"stops":24},"geometry":{"type":"LineString","coordinates":[[-0.1025,51.5901],[-0.1035,51.5905],[-0.095,51.5954],[-0.095,51.5981],[-0.0922,51.598],[-0.091,51.6018],[-0.0871,51.603],[-0.0859,51.6059],[-0.0857,51.6088],[-0.0873,51.6164],[-0.0829,51.6217],[-0.0786,51.6295],[-0.0713,51.6333],[-0.061,51.6424],[-0.0591,51.659],[-0.0533,51.6738]]}},{"type":"Feature","properties":{"routeId":"618","name":"618","direction":"2","routeType":"school","lengthKm":7.1,"stops":23},"geometry":{"type":"LineString","coordinates":[[-0.3303,51.4874],[-0.3332,51.4853],[-0.3268,51.4833],[-0.3199,51.4797],[-0.3345,51.4753],[-0.3431,51.4748],[-0.3499,51.4718],[-0.3471,51.4684],[-0.3436,51.467],[-0.3295,51.4677],[-0.3317,51.4632],[-0.3316,51.4605],[-0.3335,51.4603],[-0.3321,51.4578],[-0.3362,51.4577]]}},{"type":"Feature","properties":{"routeId":"624","name":"624","direction":"1","routeType":"school","lengthKm":10.9,"stops":34},"geometry":{"type":"LineString","coordinates":[[0.02,51.4307],[0.0213,51.4307],[0.0213,51.4315],[0.0314,51.4316],[0.0339,51.428],[0.043,51.4299],[0.0492,51.4288],[0.0533,51.4292],[0.0451,51.4362],[0.0512,51.4398],[0.0527,51.447],[0.0515,51.4494],[0.0521,51.4508],[0.0634,51.4508],[0.0692,51.4521],[0.0786,51.4512],[0.079,51.4519],[0.0765,51.4566],[0.0791,51.4588],[0.0846,51.4592],[0.086,51.4574],[0.0953,51.4559],[0.0995,51.4586],[0.1051,51.4606],[0.1059,51.4625]]}},{"type":"Feature","properties":{"routeId":"612","name":"612","direction":"1","routeType":"school","lengthKm":10.9,"stops":32},"geometry":{"type":"LineString","coordinates":[[-0.0632,51.3428],[-0.0729,51.339],[-0.0775,51.3358],[-0.0815,51.3346],[-0.086,51.331],[-0.0931,51.3301],[-0.1036,51.3304],[-0.1128,51.3349],[-0.1175,51.3383],[-0.1278,51.3425],[-0.1356,51.3432],[-0.1402,51.342],[-0.144,51.3396],[-0.1483,51.3488],[-0.1479,51.3516],[-0.15,51.3604],[-0.1504,51.3612],[-0.151,51.3606],[-0.1504,51.3612],[-0.1509,51.3626],[-0.1539,51.3674],[-0.1461,51.3692]]}},{"type":"Feature","properties":{"routeId":"616","name":"616","direction":"1","routeType":"school","lengthKm":11.2,"stops":30},"geometry":{"type":"LineString","coordinates":[[-0.0947,51.639],[-0.1096,51.644],[-0.1118,51.6422],[-0.1108,51.6382],[-0.1191,51.6359],[-0.127,51.6328],[-0.1271,51.6321],[-0.1279,51.6326],[-0.1277,51.629],[-0.1222,51.6229],[-0.1219,51.6208],[-0.1089,51.6178],[-0.1037,51.6236],[-0.0913,51.6196],[-0.0879,51.6177],[-0.0876,51.6165],[-0.0865,51.617],[-0.0829,51.6217],[-0.0783,51.6299],[-0.0716,51.6274],[-0.0589,51.6252]]}},{"type":"Feature","properties":{"routeId":"621","name":"621","direction":"2","routeType":"school","lengthKm":8.8,"stops":27},"geometry":{"type":"LineString","coordinates":[[0.0766,51.4516],[0.0786,51.4512],[0.079,51.4517],[0.0765,51.4566],[0.0793,51.4586],[0.0749,51.4621],[0.0727,51.4626],[0.049,51.4604],[0.0356,51.4526],[0.0257,51.4535],[0.0098,51.4566],[0.0065,51.4586],[-0.0028,51.4589],[-0.0065,51.4615],[-0.0103,51.4626],[-0.0113,51.465],[-0.0132,51.4649]]}},{"type":"Feature","properties":{"routeId":"606","name":"606","direction":"2","routeType":"school","lengthKm":15.4,"stops":39},"geometry":{"type":"LineString","coordinates":[[-0.1985,51.6396],[-0.197,51.6399],[-0.1952,51.6419],[-0.1926,51.6479],[-0.1907,51.6479],[-0.2001,51.653],[-0.2191,51.6524],[-0.2226,51.6503],[-0.2321,51.6475],[-0.2448,51.641],[-0.2505,51.6412],[-0.2551,51.6427],[-0.2562,51.6404],[-0.2534,51.6337],[-0.2548,51.6214],[-0.268,51.6222],[-0.2777,51.6213],[-0.2774,51.6178],[-0.2756,51.6156],[-0.2762,51.6136],[-0.2739,51.6127],[-0.2762,51.6136],[-0.2792,51.6108],[-0.2671,51.6004],[-0.2711,51.5984],[-0.2741,51.5987],[-0.2876,51.596],[-0.285,51.5947]]}},{"type":"Feature","properties":{"routeId":"625","name":"625","direction":"1","routeType":"school","lengthKm":11.1,"stops":33},"geometry":{"type":"LineString","coordinates":[[0.0847,51.4807],[0.0848,51.4801],[0.0875,51.4798],[0.09,51.4808],[0.0923,51.4804],[0.0935,51.4788],[0.0937,51.4755],[0.0946,51.4751],[0.0942,51.4745],[0.0979,51.4691],[0.1011,51.4684],[0.0999,51.4637],[0.1074,51.4625],[0.1059,51.4607],[0.0987,51.4582],[0.1038,51.4538],[0.1029,51.4497],[0.104,51.4452],[0.0969,51.4424],[0.0933,51.4384],[0.1008,51.4365],[0.1028,51.4336],[0.1012,51.4284],[0.101,51.4237],[0.0999,51.4226],[0.0986,51.4188],[0.0823,51.4152],[0.0773,51.413]]}},{"type":"Feature","properties":{"routeId":"617","name":"617","direction":"2","routeType":"school","lengthKm":10.7,"stops":23},"geometry":{"type":"LineString","coordinates":[[-0.0532,51.6736],[-0.0591,51.6582],[-0.0609,51.6423],[-0.071,51.6333],[-0.0784,51.6295],[-0.0824,51.622],[-0.0863,51.617],[-0.0868,51.6142],[-0.0855,51.6081],[-0.087,51.6029],[-0.0909,51.6016],[-0.092,51.598],[-0.093,51.5981],[-0.0952,51.5952],[-0.1033,51.5904],[-0.1025,51.5895],[-0.1022,51.5899]]}},{"type":"Feature","properties":{"routeId":"624","name":"624","direction":"2","routeType":"school","lengthKm":7.4,"stops":23},"geometry":{"type":"LineString","coordinates":[[0.0766,51.4516],[0.0772,51.4515],[0.0689,51.4521],[0.0634,51.4507],[0.0521,51.4508],[0.0515,51.4494],[0.0527,51.447],[0.0512,51.4398],[0.0451,51.4362],[0.0533,51.4292],[0.0492,51.4288],[0.0427,51.4299],[0.0339,51.428],[0.0314,51.4316],[0.0213,51.4315],[0.0213,51.4307],[0.0204,51.4307]]}},{"type":"Feature","properties":{"routeId":"626","name":"626","direction":"1","routeType":"school","lengthKm":17.9,"stops":40},"geometry":{"type":"LineString","coordinates":[[-0.1945,51.6007],[-0.1783,51.612],[-0.1768,51.6141],[-0.1764,51.6239],[-0.1747,51.6292],[-0.1764,51.6351],[-0.1809,51.6414],[-0.179,51.6433],[-0.1654,51.6435],[-0.1672,51.6472],[-0.1697,51.6491],[-0.1728,51.6503],[-0.1783,51.649],[-0.1791,51.6514],[-0.1815,51.653],[-0.1888,51.6534],[-0.1966,51.6511],[-0.2015,51.6537],[-0.2018,51.6565],[-0.1993,51.6616],[-0.1987,51.6659],[-0.1872,51.6795],[-0.1865,51.682],[-0.1784,51.687],[-0.179,51.6923],[-0.19,51.6939],[-0.1936,51.6951],[-0.1919,51.6976],[-0.1936,51.6951],[-0.1975,51.6976],[-0.2011,51.6988],[-0.2025,51.6976],[-0.2032,51.695],[-0.2072,51.6916]]}},{"type":"Feature","properties":{"routeId":"627","name":"627","direction":"1","routeType":"school","lengthKm":10.1,"stops":29},"geometry":{"type":"LineString","coordinates":[[-0.2464,51.3814],[-0.2279,51.3709],[-0.2237,51.366],[-0.2206,51.364],[-0.2164,51.3577],[-0.2012,51.361],[-0.1916,51.3613],[-0.1836,51.3628],[-0.1684,51.3627],[-0.1644,51.3651],[-0.1581,51.3662],[-0.157,51.3649],[-0.1511,51.3632],[-0.1479,51.3516],[-0.1478,51.348]]}},{"type":"Feature","properties":{"routeId":"613","name":"613","direction":"2","routeType":"school","lengthKm":13.2,"stops":41},"geometry":{"type":"LineString","coordinates":[[-0.2014,51.3794],[-0.2008,51.3788],[-0.2063,51.373],[-0.2006,51.3684],[-0.1949,51.3705],[-0.1949,51.3677],[-0.1934,51.3677],[-0.191,51.3619],[-0.1898,51.3615],[-0.1897,51.3607],[-0.1945,51.3599],[-0.196,51.3613],[-0.2009,51.361],[-0.2164,51.3577],[-0.2206,51.364],[-0.2237,51.366],[-0.228,51.3709],[-0.237,51.3766],[-0.2436,51.3795],[-0.254,51.3863],[-0.2531,51.3881],[-0.2528,51.3917],[-0.2533,51.3939],[-0.2544,51.3943],[-0.2599,51.393],[-0.2724,51.3868],[-0.2799,51.3795],[-0.2795,51.3781]]}},{"type":"Feature","properties":{"routeId":"612","name":"612","direction":"2","routeType":"school","lengthKm":10.6,"stops":34},"geometry":{"type":"LineString","coordinates":[[-0.1484,51.3688],[-0.1537,51.3671],[-0.1507,51.3622],[-0.1504,51.3612],[-0.151,51.3606],[-0.1504,51.3612],[-0.15,51.3604],[-0.1479,51.3516],[-0.1482,51.3486],[-0.144,51.3396],[-0.1402,51.342],[-0.1356,51.3432],[-0.1276,51.3424],[-0.1213,51.3398],[-0.1176,51.3397],[-0.1126,51.3348],[-0.1036,51.3304],[-0.0929,51.3301],[-0.086,51.331],[-0.0815,51.3346],[-0.0639,51.3425]]}},{"type":"Feature","properties":{"routeId":"616","name":"616","direction":"2","routeType":"school","lengthKm":11.2,"stops":32},"geometry":{"type":"LineString","coordinates":[[-0.0586,51.6254],[-0.0604,51.6248],[-0.0716,51.6274],[-0.0782,51.6298],[-0.0824,51.622],[-0.086,51.6176],[-0.0861,51.6162],[-0.0869,51.616],[-0.0873,51.6164],[-0.0867,51.617],[-0.0913,51.6196],[-0.1037,51.6236],[-0.1091,51.6176],[-0.1141,51.6194],[-0.1219,51.6208],[-0.1223,51.6229],[-0.1277,51.629],[-0.1275,51.6323],[-0.1281,51.6325],[-0.1277,51.632],[-0.1276,51.6326],[-0.1193,51.6358],[-0.1107,51.6383],[-0.1118,51.6422],[-0.1096,51.644],[-0.0968,51.6396]]}},{"type":"Feature","properties":{"routeId":"631","name":"631","direction":"1","routeType":"school","lengthKm":1.6,"stops":10},"geometry":{"type":"LineString","coordinates":[[-0.1953,51.5723],[-0.1967,51.576],[-0.1925,51.5782],[-0.1859,51.5796],[-0.1877,51.5816]]}},{"type":"Feature","properties":{"routeId":"625","name":"625","direction":"2","routeType":"school","lengthKm":11.8,"stops":36},"geometry":{"type":"LineString","coordinates":[[0.0757,51.4127],[0.0824,51.4152],[0.0972,51.4186],[0.099,51.4197],[0.0999,51.4226],[0.101,51.4237],[0.1012,51.4284],[0.1027,51.4339],[0.1008,51.4365],[0.0933,51.4384],[0.0972,51.4427],[0.1039,51.445],[0.1029,51.4496],[0.1038,51.4538],[0.0987,51.4582],[0.1059,51.4607],[0.1074,51.4625],[0.0999,51.4637],[0.1011,51.4684],[0.0979,51.4691],[0.0942,51.4745],[0.0946,51.4751],[0.0937,51.4755],[0.0935,51.4788],[0.0923,51.4804],[0.09,51.4808],[0.0874,51.4798],[0.0802,51.4809],[0.0837,51.4816],[0.0844,51.481]]}},{"type":"Feature","properties":{"routeId":"628","name":"628","direction":"1","routeType":"school","lengthKm":18.6,"stops":48},"geometry":{"type":"LineString","coordinates":[[-0.2825,51.5812],[-0.2859,51.5815],[-0.2821,51.5847],[-0.284,51.5901],[-0.2864,51.5922],[-0.2943,51.5953],[-0.2931,51.5966],[-0.2938,51.599],[-0.2902,51.5999],[-0.288,51.6017],[-0.273,51.6078],[-0.2589,51.6104],[-0.2499,51.6104],[-0.2486,51.6111],[-0.2504,51.6135],[-0.2456,51.6153],[-0.2449,51.6168],[-0.2366,51.6152],[-0.2362,51.6181],[-0.2342,51.6221],[-0.2363,51.6235],[-0.2357,51.625],[-0.2417,51.627],[-0.2398,51.6289],[-0.236,51.6304],[-0.2279,51.6307],[-0.205,51.6346],[-0.202,51.634],[-0.2007,51.6322],[-0.1962,51.6302],[-0.1844,51.631],[-0.1747,51.6298],[-0.1716,51.6304],[-0.166,51.6293],[-0.1618,51.6276],[-0.1543,51.6309],[-0.1502,51.6312],[-0.1497,51.6307],[-0.1429,51.6323],[-0.1383,51.6366],[-0.1282,51.6324]]}},{"type":"Feature","properties":{"routeId":"629","name":"629","direction":"1","routeType":"school","lengthKm":12.1,"stops":38},"geometry":{"type":"LineString","coordinates":[[-0.1114,51.6],[-0.1123,51.6023],[-0.1096,51.6109],[-0.1091,51.6177],[-0.1042,51.6234],[-0.0994,51.6259],[-0.0967,51.6307],[-0.0946,51.6323],[-0.0936,51.6351],[-0.0905,51.6365],[-0.0833,51.636],[-0.0801,51.6385],[-0.0789,51.6413],[-0.0818,51.6448],[-0.0797,51.6471],[-0.0803,51.6506],[-0.0847,51.6507],[-0.0869,51.6516],[-0.0868,51.6525],[-0.0727,51.6521],[-0.0604,51.6498],[-0.0591,51.659],[-0.0533,51.6738]]}},{"type":"Feature","properties":{"routeId":"631","name":"631","direction":"2","routeType":"school","lengthKm":2.1,"stops":12},"geometry":{"type":"LineString","coordinates":[[-0.1877,51.5816],[-0.1881,51.5821],[-0.1902,51.5814],[-0.1893,51.5804],[-0.1872,51.5811],[-0.1859,51.5796],[-0.1967,51.576],[-0.1953,51.5723]]}},{"type":"Feature","properties":{"routeId":"635","name":"635","direction":"1","routeType":"school","lengthKm":11,"stops":29},"geometry":{"type":"LineString","coordinates":[[-0.4139,51.4143],[-0.4132,51.4123],[-0.4093,51.4128],[-0.4121,51.4183],[-0.42,51.4191],[-0.4192,51.4199],[-0.4194,51.4253],[-0.4211,51.4289],[-0.418,51.4329],[-0.4213,51.4381],[-0.4159,51.44],[-0.4116,51.4436],[-0.4057,51.4521],[-0.4103,51.4574],[-0.3985,51.4595],[-0.3869,51.4633],[-0.3669,51.4677],[-0.3661,51.4667],[-0.3627,51.4673],[-0.3544,51.4707]]}},{"type":"Feature","properties":{"routeId":"632","name":"632","direction":"1","routeType":"school","lengthKm":8.1,"stops":35},"geometry":{"type":"LineString","coordinates":[[-0.2425,51.6025],[-0.2438,51.6028],[-0.2438,51.6051],[-0.2449,51.6062],[-0.2438,51.6067],[-0.2395,51.6019],[-0.2395,51.5998],[-0.2416,51.5972],[-0.2476,51.5963],[-0.2575,51.5921],[-0.2359,51.574],[-0.2314,51.5714],[-0.231,51.5701],[-0.2144,51.556]]}},{"type":"Feature","properties":{"routeId":"626","name":"626","direction":"2","routeType":"school","lengthKm":18.2,"stops":39},"geometry":{"type":"LineString","coordinates":[[-0.2072,51.6916],[-0.2081,51.6909],[-0.2085,51.6888],[-0.2042,51.6866],[-0.1944,51.6943],[-0.1918,51.6972],[-0.1922,51.6976],[-0.1917,51.6973],[-0.1936,51.6951],[-0.1867,51.6931],[-0.179,51.6923],[-0.1784,51.687],[-0.1865,51.682],[-0.1872,51.6795],[-0.1987,51.6659],[-0.1993,51.6616],[-0.2018,51.6565],[-0.2015,51.6537],[-0.1966,51.6511],[-0.189,51.6534],[-0.1817,51.653],[-0.1791,51.6514],[-0.1783,51.649],[-0.1728,51.6503],[-0.1696,51.649],[-0.1672,51.6472],[-0.1654,51.6435],[-0.1791,51.6433],[-0.1809,51.6414],[-0.1764,51.6351],[-0.1745,51.6291],[-0.1764,51.6239],[-0.1767,51.6153],[-0.1757,51.6125],[-0.1779,51.6123],[-0.1924,51.6023]]}},{"type":"Feature","properties":{"routeId":"627","name":"627","direction":"2","routeType":"school","lengthKm":10.5,"stops":30},"geometry":{"type":"LineString","coordinates":[[-0.1482,51.3485],[-0.1479,51.3516],[-0.15,51.3604],[-0.1504,51.3612],[-0.151,51.3606],[-0.1504,51.3612],[-0.1511,51.3632],[-0.157,51.3649],[-0.1581,51.3662],[-0.1645,51.3651],[-0.1684,51.3627],[-0.1842,51.3628],[-0.1897,51.3618],[-0.1897,51.3607],[-0.1931,51.36],[-0.1947,51.3599],[-0.196,51.3613],[-0.2009,51.361],[-0.2164,51.3577],[-0.2206,51.364],[-0.2237,51.366],[-0.2276,51.3706],[-0.2367,51.3764],[-0.2466,51.3815]]}},{"type":"Feature","properties":{"routeId":"634","name":"634","direction":"1","routeType":"school","lengthKm":9.6,"stops":34},"geometry":{"type":"LineString","coordinates":[[-0.143,51.5919],[-0.1477,51.6002],[-0.1493,51.6053],[-0.1531,51.6078],[-0.154,51.6106],[-0.1586,51.6127],[-0.1603,51.6196],[-0.1652,51.6217],[-0.1686,51.6248],[-0.174,51.6268],[-0.1748,51.6276],[-0.1749,51.6302],[-0.1767,51.6357],[-0.1812,51.6416],[-0.1866,51.6461],[-0.1996,51.6529],[-0.2184,51.6526]]}},{"type":"Feature","properties":{"routeId":"633","name":"633","direction":"1","routeType":"school","lengthKm":20,"stops":59},"geometry":{"type":"LineString","coordinates":[[-0.1385,51.3156],[-0.1391,51.3196],[-0.136,51.3225],[-0.1365,51.3228],[-0.1607,51.3182],[-0.1612,51.3194],[-0.1555,51.3212],[-0.1581,51.3244],[-0.1538,51.3268],[-0.1512,51.3238],[-0.1443,51.3209],[-0.1403,51.3224],[-0.1381,51.3252],[-0.1375,51.3273],[-0.138,51.3306],[-0.1458,51.3424],[-0.1483,51.3488],[-0.1479,51.3516],[-0.15,51.3604],[-0.1504,51.3612],[-0.151,51.3606],[-0.1504,51.3612],[-0.1509,51.3626],[-0.1539,51.3674],[-0.1426,51.3698],[-0.1338,51.3689],[-0.1315,51.3719],[-0.1317,51.377],[-0.1327,51.3799],[-0.1376,51.3833],[-0.146,51.394],[-0.1459,51.3977],[-0.1451,51.3986],[-0.1459,51.399],[-0.1446,51.4001],[-0.1505,51.4038],[-0.1544,51.4077],[-0.1513,51.4098],[-0.1487,51.4101],[-0.1464,51.4089],[-0.144,51.4102],[-0.1333,51.4002],[-0.1281,51.3989]]}},{"type":"Feature","properties":{"routeId":"638","name":"638","direction":"1","routeType":"school","lengthKm":13.2,"stops":47},"geometry":{"type":"LineString","coordinates":[[0.017,51.4002],[0.0154,51.4024],[0.0187,51.4029],[0.0185,51.4063],[0.0154,51.406],[0.0139,51.4084],[0.0144,51.4116],[0.0176,51.4153],[0.0169,51.4173],[0.0175,51.4192],[0.0221,51.4215],[0.0215,51.4229],[0.0224,51.425],[0.0209,51.4268],[0.0213,51.4315],[0.0318,51.4316],[0.0396,51.4352],[0.0394,51.4369],[0.0412,51.4376],[0.043,51.4376],[0.0448,51.4365],[0.0566,51.426],[0.0659,51.4197],[0.0742,51.4125],[0.0982,51.4192],[0.106,51.4151],[0.1138,51.4133],[0.1126,51.4113]]}},{"type":"Feature","properties":{"routeId":"629","name":"629","direction":"2","routeType":"school","lengthKm":11.5,"stops":37},"geometry":{"type":"LineString","coordinates":[[-0.0532,51.6736],[-0.0585,51.6605],[-0.0603,51.6494],[-0.0727,51.6521],[-0.0798,51.6523],[-0.0797,51.6471],[-0.0818,51.6448],[-0.0789,51.6413],[-0.0804,51.6379],[-0.0833,51.636],[-0.0907,51.6365],[-0.0938,51.635],[-0.0948,51.6321],[-0.0966,51.6308],[-0.0994,51.6259],[-0.1045,51.6231],[-0.1091,51.6177],[-0.1096,51.6109],[-0.1123,51.6024],[-0.1107,51.5982]]}},{"type":"Feature","properties":{"routeId":"643","name":"643","direction":"1","routeType":"school","lengthKm":5.6,"stops":19},"geometry":{"type":"LineString","coordinates":[[-0.2226,51.5757],[-0.2206,51.5762],[-0.2205,51.5774],[-0.225,51.5794],[-0.2274,51.5831],[-0.2309,51.5859],[-0.2276,51.5898],[-0.2199,51.5895],[-0.2142,51.5902],[-0.1993,51.5984],[-0.1972,51.5968],[-0.1904,51.5963],[-0.1847,51.5941],[-0.1852,51.594]]}},{"type":"Feature","properties":{"routeId":"642","name":"642","direction":"1","routeType":"school","lengthKm":11.1,"stops":34},"geometry":{"type":"LineString","coordinates":[[-0.2415,51.5793],[-0.2575,51.5921],[-0.2469,51.5967],[-0.2418,51.597],[-0.2397,51.5994],[-0.24,51.6027],[-0.2437,51.6027],[-0.2438,51.6051],[-0.2449,51.6062],[-0.2438,51.6067],[-0.2469,51.61],[-0.2486,51.6111],[-0.2516,51.6101],[-0.2587,51.6104],[-0.2749,51.6069],[-0.2794,51.6107],[-0.2762,51.6136],[-0.2739,51.6127],[-0.2762,51.6136],[-0.2794,51.6107],[-0.2929,51.6217],[-0.2873,51.6241],[-0.2905,51.6227]]}},{"type":"Feature","properties":{"routeId":"635","name":"635","direction":"2","routeType":"school","lengthKm":10.8,"stops":28},"geometry":{"type":"LineString","coordinates":[[-0.3559,51.4702],[-0.3623,51.4688],[-0.3617,51.4678],[-0.363,51.4672],[-0.366,51.4666],[-0.3672,51.4677],[-0.3865,51.4634],[-0.3985,51.4595],[-0.4102,51.4574],[-0.4057,51.4521],[-0.4122,51.443],[-0.4162,51.4399],[-0.4213,51.4381],[-0.418,51.4329],[-0.4211,51.4289],[-0.4195,51.4257],[-0.4192,51.4199],[-0.418,51.419],[-0.4121,51.4183],[-0.4093,51.4128],[-0.4132,51.4123],[-0.4139,51.4143]]}},{"type":"Feature","properties":{"routeId":"634","name":"634","direction":"2","routeType":"school","lengthKm":9.7,"stops":30},"geometry":{"type":"LineString","coordinates":[[-0.219,51.6526],[-0.1996,51.6529],[-0.1869,51.6464],[-0.1812,51.6416],[-0.1768,51.6358],[-0.174,51.6268],[-0.1686,51.6248],[-0.1651,51.6216],[-0.1603,51.6196],[-0.1586,51.6127],[-0.154,51.6106],[-0.153,51.6079],[-0.1493,51.6054],[-0.1477,51.6002],[-0.1428,51.5916]]}},{"type":"Feature","properties":{"routeId":"633","name":"633","direction":"2","routeType":"school","lengthKm":19.4,"stops":55},"geometry":{"type":"LineString","coordinates":[[-0.1351,51.4021],[-0.1421,51.4078],[-0.1423,51.409],[-0.144,51.4102],[-0.1466,51.4089],[-0.1487,51.4101],[-0.1513,51.4098],[-0.1542,51.4079],[-0.1505,51.4038],[-0.1446,51.4001],[-0.1459,51.399],[-0.1451,51.3986],[-0.1459,51.3977],[-0.1459,51.3938],[-0.1378,51.3835],[-0.133,51.3803],[-0.1319,51.3779],[-0.1316,51.3717],[-0.1338,51.3689],[-0.1431,51.3698],[-0.1537,51.3672],[-0.1507,51.3622],[-0.1504,51.3612],[-0.151,51.3606],[-0.1504,51.3612],[-0.15,51.3604],[-0.1479,51.3516],[-0.1482,51.3486],[-0.1466,51.3443],[-0.1436,51.3385],[-0.1393,51.3334],[-0.1375,51.327],[-0.1403,51.3224],[-0.1433,51.3212],[-0.1502,51.3207],[-0.1607,51.3182],[-0.1612,51.3194],[-0.1555,51.3212],[-0.1581,51.3244],[-0.1538,51.3268],[-0.1512,51.3238],[-0.1443,51.3209],[-0.139,51.3227],[-0.136,51.3225],[-0.139,51.3198],[-0.1383,51.3164],[-0.1388,51.3151]]}},{"type":"Feature","properties":{"routeId":"645","name":"645","direction":"1","routeType":"school","lengthKm":7.8,"stops":23},"geometry":{"type":"LineString","coordinates":[[-0.1183,51.3387],[-0.1195,51.3394],[-0.1167,51.3401],[-0.1119,51.3439],[-0.1109,51.3451],[-0.1114,51.3467],[-0.1074,51.3502],[-0.1054,51.3562],[-0.1065,51.3591],[-0.1062,51.3624],[-0.0985,51.3638],[-0.1002,51.3708],[-0.0984,51.3709],[-0.0987,51.3734],[-0.0969,51.3738],[-0.1003,51.3796],[-0.1015,51.3793],[-0.1044,51.3753],[-0.1036,51.3749],[-0.1055,51.3736],[-0.1064,51.375],[-0.1073,51.375],[-0.11,51.3727],[-0.1101,51.3718],[-0.1172,51.3713],[-0.1172,51.3706]]}},{"type":"Feature","properties":{"routeId":"646","name":"646","direction":"1","routeType":"school","lengthKm":13.6,"stops":44},"geometry":{"type":"LineString","coordinates":[[0.2211,51.6171],[0.2204,51.6175],[0.2112,51.6127],[0.2072,51.6097],[0.2092,51.6047],[0.223,51.6084],[0.2247,51.606],[0.2272,51.6047],[0.2324,51.5977],[0.2335,51.5894],[0.2215,51.5862],[0.2206,51.5848],[0.2203,51.5811],[0.2178,51.5738],[0.2196,51.5702],[0.2201,51.5623],[0.2481,51.5562],[0.2494,51.5565],[0.2503,51.5587],[0.2519,51.5586],[0.2503,51.5587],[0.2496,51.5563],[0.2588,51.5575],[0.2662,51.5572],[0.2671,51.5618]]}},{"type":"Feature","properties":{"routeId":"643","name":"643","direction":"2","routeType":"school","lengthKm":5.9,"stops":22},"geometry":{"type":"LineString","coordinates":[[-0.1852,51.594],[-0.1904,51.5963],[-0.1972,51.5968],[-0.1995,51.5983],[-0.2142,51.5902],[-0.2199,51.5895],[-0.2276,51.5898],[-0.2305,51.5859],[-0.227,51.5829],[-0.2246,51.5793],[-0.2179,51.5774],[-0.2193,51.5778],[-0.2205,51.5761],[-0.2234,51.5757]]}},{"type":"Feature","properties":{"routeId":"642","name":"642","direction":"2","routeType":"school","lengthKm":9.2,"stops":29},"geometry":{"type":"LineString","coordinates":[[-0.2905,51.6227],[-0.2925,51.6215],[-0.2749,51.6069],[-0.2658,51.6094],[-0.2589,51.6104],[-0.252,51.6101],[-0.2486,51.6111],[-0.2467,51.6099],[-0.2438,51.6067],[-0.2449,51.6062],[-0.2438,51.6051],[-0.2437,51.6027],[-0.2397,51.6022],[-0.2398,51.5992],[-0.2418,51.597],[-0.2476,51.5963],[-0.2575,51.5921],[-0.2424,51.58]]}},{"type":"Feature","properties":{"routeId":"638","name":"638","direction":"2","routeType":"school","lengthKm":11.1,"stops":46},"geometry":{"type":"LineString","coordinates":[[0.0895,51.4187],[0.0906,51.4167],[0.0823,51.4152],[0.0779,51.4131],[0.0742,51.4125],[0.0658,51.4197],[0.0566,51.426],[0.0448,51.4365],[0.043,51.4375],[0.041,51.4375],[0.0394,51.4369],[0.0396,51.4352],[0.0318,51.4316],[0.0213,51.4315],[0.0209,51.4268],[0.0224,51.425],[0.0215,51.4229],[0.0221,51.4215],[0.0175,51.4192],[0.0169,51.4173],[0.0185,51.4147],[0.0167,51.4141],[0.0144,51.4116],[0.0143,51.409],[0.0167,51.4081],[0.0187,51.4062],[0.0188,51.4029],[0.0155,51.4025],[0.0169,51.4007]]}},{"type":"Feature","properties":{"routeId":"649","name":"649","direction":"1","routeType":"school","lengthKm":8.8,"stops":21},"geometry":{"type":"LineString","coordinates":[[0.1749,51.5836],[0.1787,51.58],[0.1845,51.5805],[0.1843,51.5798],[0.1862,51.578],[0.183,51.5767],[0.184,51.5756],[0.1834,51.5752],[0.1838,51.5741],[0.1965,51.5778],[0.2077,51.5782],[0.2051,51.5812],[0.2087,51.5815],[0.208,51.578],[0.2112,51.5752],[0.2179,51.5735],[0.2196,51.5702],[0.2379,51.5702],[0.2378,51.5715],[0.2329,51.5819],[0.2311,51.5826]]}},{"type":"Feature","properties":{"routeId":"652","name":"652","direction":"1","routeType":"school","lengthKm":12.1,"stops":36},"geometry":{"type":"LineString","coordinates":[[0.2135,51.5293],[0.2145,51.5259],[0.2172,51.5262],[0.2184,51.5229],[0.1913,51.5184],[0.1893,51.5192],[0.1898,51.5216],[0.1813,51.5229],[0.1826,51.5242],[0.1846,51.5245],[0.1872,51.5275],[0.1901,51.5292],[0.191,51.5324],[0.1926,51.5342],[0.1962,51.5353],[0.2011,51.5389],[0.2048,51.5393],[0.2077,51.5432],[0.2138,51.5429],[0.2182,51.5503],[0.2204,51.5567],[0.2207,51.5617],[0.2474,51.5563],[0.2491,51.5562],[0.2502,51.5585]]}},{"type":"Feature","properties":{"routeId":"632","name":"632","direction":"2","routeType":"school","lengthKm":10,"stops":34},"geometry":{"type":"LineString","coordinates":[[-0.1932,51.5355],[-0.1922,51.5369],[-0.2072,51.5502],[-0.2575,51.5921],[-0.2469,51.5967],[-0.2416,51.5972],[-0.2397,51.5994],[-0.2394,51.6015],[-0.24,51.6027],[-0.2425,51.6025]]}},{"type":"Feature","properties":{"routeId":"640","name":"640","direction":"1","routeType":"school","lengthKm":9,"stops":24},"geometry":{"type":"LineString","coordinates":[[-0.3536,51.5645],[-0.3473,51.569],[-0.354,51.5722],[-0.3499,51.5752],[-0.343,51.5773],[-0.3422,51.5807],[-0.3404,51.5799],[-0.3405,51.5809],[-0.3388,51.5811],[-0.3381,51.5799],[-0.3341,51.58],[-0.3319,51.5828],[-0.3321,51.5874],[-0.3334,51.5918],[-0.3351,51.5928],[-0.3351,51.5957],[-0.337,51.5979],[-0.3403,51.6057],[-0.3395,51.611],[-0.3403,51.6146],[-0.343,51.6194],[-0.3426,51.6208],[-0.3371,51.6162]]}},{"type":"Feature","properties":{"routeId":"650","name":"650","direction":"1","routeType":"school","lengthKm":7.7,"stops":20},"geometry":{"type":"LineString","coordinates":[[0.1749,51.5836],[0.1787,51.58],[0.1845,51.5805],[0.1843,51.5798],[0.1862,51.578],[0.183,51.5767],[0.184,51.5756],[0.1834,51.5752],[0.1838,51.5741],[0.1965,51.5778],[0.2077,51.5782],[0.2051,51.5812],[0.2087,51.5815],[0.208,51.578],[0.2112,51.5752],[0.2179,51.5735],[0.2196,51.5702],[0.2423,51.57],[0.2429,51.5697],[0.2426,51.569]]}},{"type":"Feature","properties":{"routeId":"645","name":"645","direction":"2","routeType":"school","lengthKm":7.3,"stops":24},"geometry":{"type":"LineString","coordinates":[[-0.1155,51.3715],[-0.1101,51.3718],[-0.1089,51.3737],[-0.1072,51.3731],[-0.1004,51.3797],[-0.0998,51.3797],[-0.0995,51.378],[-0.0967,51.3741],[-0.0987,51.3734],[-0.0985,51.3724],[-0.1004,51.3724],[-0.0985,51.3638],[-0.1061,51.3623],[-0.1065,51.3591],[-0.1054,51.3557],[-0.107,51.3508],[-0.1085,51.3485],[-0.1114,51.3467],[-0.1111,51.3446],[-0.1174,51.3392]]}},{"type":"Feature","properties":{"routeId":"639","name":"639","direction":"1","routeType":"school","lengthKm":11.9,"stops":40},"geometry":{"type":"LineString","coordinates":[[-0.2483,51.4522],[-0.2456,51.4503],[-0.2416,51.4496],[-0.2364,51.4504],[-0.2368,51.4512],[-0.2341,51.4517],[-0.2207,51.4535],[-0.223,51.4491],[-0.2222,51.4486],[-0.2224,51.4477],[-0.2206,51.449],[-0.2157,51.4459],[-0.2146,51.4443],[-0.2173,51.4435],[-0.2169,51.4407],[-0.2131,51.4379],[-0.2027,51.4498],[-0.1999,51.4498],[-0.1982,51.4513],[-0.1972,51.4549],[-0.1944,51.4571],[-0.195,51.4586],[-0.1907,51.4592],[-0.1894,51.4569],[-0.1852,51.4577],[-0.1678,51.4638],[-0.1717,51.47],[-0.1657,51.4721],[-0.1659,51.4739],[-0.1667,51.4748],[-0.1722,51.4751]]}},{"type":"Feature","properties":{"routeId":"649","name":"649","direction":"2","routeType":"school","lengthKm":9,"stops":21},"geometry":{"type":"LineString","coordinates":[[0.2311,51.5826],[0.2329,51.5819],[0.2378,51.5715],[0.2379,51.5702],[0.2196,51.5702],[0.2178,51.5735],[0.2112,51.5752],[0.2051,51.5812],[0.2087,51.5815],[0.2081,51.578],[0.1965,51.5778],[0.1838,51.5741],[0.1824,51.5764],[0.1857,51.578],[0.184,51.5801],[0.1813,51.5806],[0.178,51.5798],[0.1779,51.5808],[0.1729,51.5853]]}},{"type":"Feature","properties":{"routeId":"651","name":"651","direction":"1","routeType":"school","lengthKm":9.4,"stops":30},"geometry":{"type":"LineString","coordinates":[[0.1839,51.5738],[0.1824,51.5764],[0.1857,51.5781],[0.1837,51.5803],[0.1807,51.5805],[0.178,51.5797],[0.1771,51.5782],[0.1772,51.5762],[0.177,51.5782],[0.1695,51.5791],[0.165,51.5815],[0.1608,51.59],[0.1581,51.5909],[0.157,51.5921],[0.1558,51.5946],[0.1559,51.5979],[0.1531,51.5977],[0.1529,51.6012],[0.1548,51.6027],[0.1566,51.6088],[0.1657,51.6091],[0.1657,51.6039],[0.1636,51.5995],[0.1713,51.6009],[0.1759,51.6034],[0.1791,51.6038]]}},{"type":"Feature","properties":{"routeId":"652","name":"652","direction":"2","routeType":"school","lengthKm":12.3,"stops":34},"geometry":{"type":"LineString","coordinates":[[0.2499,51.5578],[0.2488,51.5562],[0.2242,51.5613],[0.2211,51.5611],[0.2202,51.5561],[0.2177,51.549],[0.2138,51.5429],[0.2077,51.5432],[0.2048,51.5392],[0.2011,51.5389],[0.1962,51.5353],[0.1926,51.5342],[0.191,51.5324],[0.1901,51.5292],[0.1871,51.5275],[0.1846,51.5244],[0.1829,51.5243],[0.1814,51.5231],[0.1867,51.5219],[0.1903,51.522],[0.1895,51.5198],[0.194,51.5189],[0.2184,51.5229],[0.2172,51.5262],[0.2119,51.5255],[0.211,51.5288],[0.2135,51.5293]]}},{"type":"Feature","properties":{"routeId":"650","name":"650","direction":"2","routeType":"school","lengthKm":8,"stops":19},"geometry":{"type":"LineString","coordinates":[[0.2426,51.569],[0.242,51.5691],[0.2429,51.5697],[0.2423,51.57],[0.2196,51.5702],[0.2178,51.5735],[0.2112,51.5752],[0.2051,51.5812],[0.2087,51.5815],[0.2081,51.578],[0.1965,51.5778],[0.1838,51.5741],[0.1824,51.5764],[0.1857,51.578],[0.184,51.5801],[0.1813,51.5806],[0.178,51.5798],[0.1779,51.5808],[0.1729,51.5853]]}},{"type":"Feature","properties":{"routeId":"656","name":"656","direction":"1","routeType":"school","lengthKm":8.9,"stops":25},"geometry":{"type":"LineString","coordinates":[[0.2426,51.569],[0.242,51.5691],[0.2429,51.5697],[0.2423,51.57],[0.2196,51.5702],[0.2178,51.5738],[0.221,51.5857],[0.2335,51.5894],[0.2324,51.5977],[0.2278,51.6039],[0.223,51.6022],[0.2213,51.5998],[0.2183,51.598],[0.2124,51.5963],[0.2134,51.5929],[0.2194,51.5945],[0.221,51.5923],[0.22,51.592],[0.2199,51.5926]]}},{"type":"Feature","properties":{"routeId":"657","name":"657","direction":"1","routeType":"school","lengthKm":6.7,"stops":16},"geometry":{"type":"LineString","coordinates":[[-0.0201,51.6033],[-0.0194,51.6027],[-0.0165,51.6033],[-0.0181,51.6113],[-0.0175,51.617],[-0.0027,51.6182],[-0.0001,51.6192],[0.0087,51.619],[0.0185,51.6119],[0.0201,51.6074],[0.0249,51.6145],[0.0267,51.6186],[0.0259,51.6188]]}},{"type":"Feature","properties":{"routeId":"655","name":"655","direction":"1","routeType":"school","lengthKm":6.6,"stops":20},"geometry":{"type":"LineString","coordinates":[[-0.1663,51.4062],[-0.1727,51.4106],[-0.1785,51.4122],[-0.1794,51.4146],[-0.1783,51.4153],[-0.1783,51.4179],[-0.1821,51.4162],[-0.1994,51.4153],[-0.2188,51.4077],[-0.2314,51.4069],[-0.2408,51.4032]]}},{"type":"Feature","properties":{"routeId":"653","name":"653","direction":"1","routeType":"school","lengthKm":12.5,"stops":39},"geometry":{"type":"LineString","coordinates":[[-0.144,51.5901],[-0.1452,51.5895],[-0.1491,51.5913],[-0.1639,51.5895],[-0.1673,51.5898],[-0.1689,51.589],[-0.1797,51.5921],[-0.1904,51.5963],[-0.1972,51.5968],[-0.1995,51.5983],[-0.2142,51.5902],[-0.2199,51.5895],[-0.2276,51.5898],[-0.235,51.5818],[-0.2381,51.58],[-0.24,51.5779],[-0.2482,51.5843],[-0.2537,51.5825],[-0.2587,51.5823],[-0.2757,51.586],[-0.2821,51.5847],[-0.2859,51.5815],[-0.2825,51.5812]]}},{"type":"Feature","properties":{"routeId":"639","name":"639","direction":"2","routeType":"school","lengthKm":13,"stops":42},"geometry":{"type":"LineString","coordinates":[[-0.1722,51.4751],[-0.1732,51.4748],[-0.1735,51.4756],[-0.1684,51.4787],[-0.1689,51.4792],[-0.1703,51.4787],[-0.1667,51.4749],[-0.1635,51.4748],[-0.1626,51.4728],[-0.1716,51.4701],[-0.1679,51.4637],[-0.1797,51.4597],[-0.1796,51.4583],[-0.1897,51.4568],[-0.1943,51.457],[-0.1972,51.4549],[-0.1982,51.4513],[-0.1999,51.4498],[-0.2027,51.4498],[-0.2131,51.4379],[-0.2169,51.4407],[-0.2174,51.4435],[-0.2146,51.4443],[-0.2159,51.4462],[-0.2206,51.449],[-0.2215,51.4487],[-0.2221,51.4473],[-0.2236,51.4481],[-0.2208,51.4535],[-0.2333,51.4519],[-0.2358,51.4514],[-0.2364,51.4504],[-0.2416,51.4496],[-0.2456,51.4503],[-0.2491,51.4527]]}},{"type":"Feature","properties":{"routeId":"646","name":"646","direction":"2","routeType":"school","lengthKm":14.4,"stops":49},"geometry":{"type":"LineString","coordinates":[[0.2671,51.5616],[0.2662,51.5572],[0.2591,51.5575],[0.249,51.5561],[0.2503,51.5587],[0.2519,51.5587],[0.2503,51.5587],[0.2488,51.5562],[0.2242,51.5613],[0.2209,51.5612],[0.2201,51.5623],[0.22,51.5675],[0.2192,51.568],[0.2196,51.5702],[0.2178,51.5738],[0.2203,51.5811],[0.2206,51.5848],[0.2214,51.5862],[0.2335,51.5894],[0.2324,51.5977],[0.2272,51.6047],[0.2247,51.606],[0.2228,51.6081],[0.2094,51.6049],[0.2071,51.6097],[0.2171,51.6155],[0.2185,51.6145],[0.2188,51.6127],[0.2233,51.613],[0.2227,51.6152],[0.2211,51.6171]]}},{"type":"Feature","properties":{"routeId":"651","name":"651","direction":"2","routeType":"school","lengthKm":9.7,"stops":30},"geometry":{"type":"LineString","coordinates":[[0.1791,51.6038],[0.1805,51.6038],[0.1804,51.6028],[0.1776,51.5999],[0.1733,51.6018],[0.1631,51.5992],[0.1657,51.6039],[0.1656,51.6091],[0.1566,51.6088],[0.1548,51.6027],[0.1529,51.6012],[0.1531,51.5977],[0.1559,51.5979],[0.1559,51.5946],[0.157,51.5921],[0.1581,51.5909],[0.1608,51.59],[0.1654,51.5813],[0.1695,51.5791],[0.177,51.5782],[0.178,51.5803],[0.1845,51.5805],[0.1844,51.5798],[0.1862,51.578],[0.1833,51.5763],[0.184,51.5756],[0.1834,51.5752],[0.184,51.5736]]}},{"type":"Feature","properties":{"routeId":"640","name":"640","direction":"2","routeType":"school","lengthKm":7.9,"stops":21},"geometry":{"type":"LineString","coordinates":[[-0.3371,51.6162],[-0.3316,51.6135],[-0.3336,51.6121],[-0.3393,51.6108],[-0.3403,51.6058],[-0.337,51.5979],[-0.3335,51.5947],[-0.3353,51.5944],[-0.3348,51.5928],[-0.3332,51.5919],[-0.3317,51.583],[-0.3341,51.58],[-0.3418,51.58],[-0.343,51.5773],[-0.3499,51.5752],[-0.3537,51.5723],[-0.3473,51.569],[-0.3518,51.565]]}},{"type":"Feature","properties":{"routeId":"658","name":"658","direction":"1","routeType":"school","lengthKm":9.5,"stops":33},"geometry":{"type":"LineString","coordinates":[[0.0766,51.4516],[0.0786,51.4512],[0.079,51.4517],[0.0765,51.4566],[0.0791,51.4588],[0.0846,51.4592],[0.086,51.4574],[0.0953,51.4559],[0.0995,51.4586],[0.1059,51.4607],[0.1073,51.4623],[0.0999,51.4637],[0.1011,51.4684],[0.0979,51.4691],[0.0942,51.4745],[0.0946,51.4751],[0.0937,51.4755],[0.0935,51.4788],[0.0921,51.4805],[0.09,51.4808],[0.0874,51.4798],[0.0699,51.4821],[0.0686,51.4859],[0.0709,51.4874],[0.0735,51.4879],[0.0729,51.4909],[0.0688,51.4917]]}},{"type":"Feature","properties":{"routeId":"660","name":"660","direction":"1","routeType":"school","lengthKm":9.2,"stops":26},"geometry":{"type":"LineString","coordinates":[[-0.0185,51.4366],[-0.0207,51.4405],[-0.0193,51.4461],[-0.0083,51.4451],[0.0127,51.4459],[0.0309,51.4507],[0.0363,51.4532],[0.0367,51.4529],[0.0356,51.4492],[0.04,51.4453],[0.0432,51.4468],[0.0446,51.4491],[0.0469,51.4498],[0.0472,51.4515],[0.0618,51.4508],[0.0692,51.4521],[0.0766,51.4516]]}},{"type":"Feature","properties":{"routeId":"657","name":"657","direction":"2","routeType":"school","lengthKm":7,"stops":17},"geometry":{"type":"LineString","coordinates":[[0.0261,51.6187],[0.0269,51.6185],[0.0246,51.6139],[0.0201,51.6074],[0.0185,51.6119],[0.0094,51.6185],[0.0004,51.6191],[-0.0027,51.6182],[-0.0175,51.617],[-0.0181,51.6113],[-0.0165,51.6031],[-0.0194,51.6027],[-0.0209,51.6035],[-0.0201,51.6041],[-0.0191,51.6035],[-0.0201,51.6033]]}},{"type":"Feature","properties":{"routeId":"662","name":"662","direction":"1","routeType":"school","lengthKm":6.3,"stops":21},"geometry":{"type":"LineString","coordinates":[[-0.3044,51.3936],[-0.299,51.3952],[-0.2979,51.3895],[-0.2958,51.3856],[-0.2841,51.3821],[-0.2806,51.3795],[-0.2713,51.3878],[-0.2541,51.3952],[-0.2555,51.3984],[-0.2604,51.3994],[-0.2614,51.3985]]}},{"type":"Feature","properties":{"routeId":"656","name":"656","direction":"2","routeType":"school","lengthKm":9.1,"stops":26},"geometry":{"type":"LineString","coordinates":[[0.2199,51.5926],[0.221,51.5923],[0.2191,51.5944],[0.2125,51.5925],[0.2132,51.5937],[0.2124,51.5963],[0.2185,51.5981],[0.2213,51.5998],[0.223,51.6022],[0.2278,51.6039],[0.2324,51.5977],[0.2335,51.5894],[0.2212,51.5859],[0.2178,51.5738],[0.2196,51.5702],[0.2423,51.57],[0.2429,51.5697],[0.2426,51.569]]}},{"type":"Feature","properties":{"routeId":"661","name":"661","direction":"1","routeType":"school","lengthKm":7.3,"stops":21},"geometry":{"type":"LineString","coordinates":[[0.0745,51.3893],[0.0747,51.3903],[0.0907,51.3912],[0.1059,51.3891],[0.1092,51.3879],[0.1119,51.395],[0.1076,51.3952],[0.1073,51.3974],[0.1065,51.3978],[0.103,51.3971],[0.0874,51.4011],[0.0817,51.408],[0.0727,51.4135]]}},{"type":"Feature","properties":{"routeId":"663","name":"663","direction":"1","routeType":"school","lengthKm":6.6,"stops":22},"geometry":{"type":"LineString","coordinates":[[-0.0995,51.3985],[-0.1145,51.3936],[-0.1209,51.39],[-0.1213,51.3849],[-0.1205,51.3801],[-0.121,51.3789],[-0.1171,51.3709],[-0.1191,51.368],[-0.1183,51.3648],[-0.1116,51.3629],[-0.1062,51.3624],[-0.1065,51.3591],[-0.1054,51.3562],[-0.1058,51.3545]]}},{"type":"Feature","properties":{"routeId":"655","name":"655","direction":"2","routeType":"school","lengthKm":7.6,"stops":23},"geometry":{"type":"LineString","coordinates":[[-0.2408,51.4032],[-0.2428,51.3995],[-0.2438,51.3993],[-0.2414,51.4033],[-0.232,51.4069],[-0.2182,51.4079],[-0.1994,51.4153],[-0.1821,51.4162],[-0.1783,51.4179],[-0.1785,51.4122],[-0.1727,51.4106],[-0.1674,51.4066]]}},{"type":"Feature","properties":{"routeId":"665","name":"665","direction":"1","routeType":"school","lengthKm":7.6,"stops":24},"geometry":{"type":"LineString","coordinates":[[-0.2974,51.3933],[-0.2938,51.3934],[-0.2926,51.3958],[-0.2863,51.3974],[-0.2805,51.3979],[-0.2771,51.3971],[-0.2815,51.3939],[-0.2822,51.3907],[-0.2807,51.3855],[-0.2858,51.3825],[-0.2806,51.3795],[-0.2713,51.3878],[-0.2541,51.3952],[-0.2555,51.3984],[-0.2604,51.3994],[-0.2614,51.3985]]}},{"type":"Feature","properties":{"routeId":"653","name":"653","direction":"2","routeType":"school","lengthKm":12.6,"stops":40},"geometry":{"type":"LineString","coordinates":[[-0.2825,51.5812],[-0.2859,51.5815],[-0.2822,51.5851],[-0.2792,51.5849],[-0.2751,51.586],[-0.2587,51.5823],[-0.2537,51.5825],[-0.2482,51.5843],[-0.24,51.5779],[-0.2381,51.58],[-0.235,51.5818],[-0.2276,51.5898],[-0.2199,51.5895],[-0.2142,51.5902],[-0.1993,51.5984],[-0.1972,51.5968],[-0.1904,51.5963],[-0.1787,51.5917],[-0.174,51.591],[-0.1689,51.589],[-0.1674,51.5898],[-0.1639,51.5895],[-0.149,51.5913],[-0.1449,51.5895],[-0.1429,51.5908]]}},{"type":"Feature","properties":{"routeId":"658","name":"658","direction":"2","routeType":"school","lengthKm":9.5,"stops":31},"geometry":{"type":"LineString","coordinates":[[0.0673,51.4897],[0.0732,51.4892],[0.0735,51.4879],[0.0722,51.4877],[0.0711,51.4821],[0.0875,51.4798],[0.09,51.4808],[0.0923,51.4804],[0.0935,51.4788],[0.0937,51.4755],[0.0946,51.4751],[0.0942,51.4745],[0.0979,51.4691],[0.1011,51.4684],[0.0999,51.4637],[0.1074,51.4625],[0.1059,51.4607],[0.0995,51.4586],[0.0953,51.4559],[0.0859,51.4574],[0.0846,51.4592],[0.0791,51.4588],[0.0765,51.4566],[0.079,51.4519],[0.0786,51.4512],[0.0735,51.4519]]}},{"type":"Feature","properties":{"routeId":"664","name":"664","direction":"1","routeType":"school","lengthKm":19.9,"stops":41},"geometry":{"type":"LineString","coordinates":[[0.0445,51.3157],[0.0451,51.3155],[0.0413,51.3156],[0.036,51.3171],[0.0328,51.3168],[0.0232,51.3256],[0.0227,51.3268],[0.0234,51.3286],[0.0263,51.3296],[0.0278,51.3339],[0.0302,51.3362],[0.0304,51.3419],[0.0352,51.3457],[0.0364,51.3477],[0.0352,51.3506],[0.0313,51.352],[0.0326,51.3539],[0.0374,51.3573],[0.0391,51.3609],[0.0389,51.3672],[0.0182,51.3673],[0.0052,51.3705],[0.0013,51.3698],[-0.0015,51.371],[-0.0059,51.3682],[-0.0211,51.3631],[-0.0314,51.3569],[-0.0334,51.3566],[-0.0319,51.3563],[-0.0315,51.3567],[-0.0324,51.3572],[-0.0312,51.3575],[-0.031,51.356],[-0.0257,51.3528],[-0.021,51.3546],[-0.0201,51.3557],[-0.0231,51.357],[-0.0194,51.3591],[-0.0184,51.359],[-0.013,51.3535],[-0.0108,51.3525],[-0.0102,51.3502],[-0.0108,51.3481],[-0.0152,51.3484],[-0.0199,51.3472],[-0.0158,51.3429],[-0.0179,51.3427],[-0.0185,51.3409],[-0.0109,51.3354],[-0.0075,51.3347],[-0.005,51.3356]]}},{"type":"Feature","properties":{"routeId":"660","name":"660","direction":"2","routeType":"school","lengthKm":9.4,"stops":29},"geometry":{"type":"LineString","coordinates":[[0.0766,51.4516],[0.0772,51.4515],[0.0689,51.4521],[0.0627,51.4507],[0.0472,51.4514],[0.047,51.4498],[0.0446,51.4491],[0.0433,51.4469],[0.04,51.4453],[0.0356,51.4492],[0.0364,51.4528],[0.0296,51.45],[0.0136,51.4459],[-0.0029,51.4451],[-0.0171,51.4459],[-0.018,51.4439],[-0.0203,51.444],[-0.0206,51.4411],[-0.0179,51.4349]]}},{"type":"Feature","properties":{"routeId":"665","name":"665","direction":"2","routeType":"school","lengthKm":8.2,"stops":24},"geometry":{"type":"LineString","coordinates":[[-0.2614,51.3985],[-0.2626,51.3975],[-0.2586,51.3961],[-0.2555,51.3984],[-0.2553,51.3967],[-0.2533,51.3945],[-0.2592,51.3933],[-0.2711,51.3877],[-0.2778,51.3818],[-0.2803,51.3786],[-0.2833,51.3814],[-0.2858,51.3825],[-0.2807,51.3855],[-0.2822,51.3907],[-0.2816,51.3936],[-0.2774,51.3971],[-0.2812,51.3979],[-0.2863,51.3974],[-0.2926,51.3958],[-0.2938,51.3934],[-0.2978,51.3933]]}},{"type":"Feature","properties":{"routeId":"667","name":"667","direction":"1","routeType":"school","lengthKm":9.5,"stops":25},"geometry":{"type":"LineString","coordinates":[[0.0769,51.5597],[0.0731,51.5574],[0.0722,51.5574],[0.0716,51.5586],[0.0701,51.5585],[0.069,51.5615],[0.0659,51.5649],[0.0663,51.5661],[0.0636,51.5711],[0.0662,51.5744],[0.0658,51.5766],[0.0727,51.5791],[0.0741,51.5815],[0.0805,51.5871],[0.0808,51.5885],[0.0853,51.5941],[0.0843,51.5948],[0.0844,51.6035],[0.0816,51.6113],[0.0772,51.6178],[0.0745,51.6183],[0.0682,51.6128],[0.0642,51.6115]]}},{"type":"Feature","properties":{"routeId":"661","name":"661","direction":"2","routeType":"school","lengthKm":7.3,"stops":22},"geometry":{"type":"LineString","coordinates":[[0.0734,51.413],[0.0819,51.4079],[0.0874,51.4011],[0.103,51.3971],[0.1065,51.3978],[0.1073,51.3974],[0.1075,51.3952],[0.1119,51.3952],[0.1092,51.3879],[0.1059,51.3891],[0.0905,51.3911],[0.0747,51.3903],[0.0757,51.3892],[0.0745,51.3893]]}},{"type":"Feature","properties":{"routeId":"663","name":"663","direction":"2","routeType":"school","lengthKm":6.7,"stops":22},"geometry":{"type":"LineString","coordinates":[[-0.1054,51.3556],[-0.1065,51.3591],[-0.1062,51.3624],[-0.1122,51.363],[-0.1185,51.365],[-0.1183,51.3664],[-0.1191,51.3679],[-0.1171,51.3709],[-0.1212,51.3789],[-0.1206,51.3803],[-0.1214,51.3855],[-0.1209,51.39],[-0.1148,51.3935],[-0.1151,51.3942],[-0.1141,51.3933],[-0.0992,51.3986]]}},{"type":"Feature","properties":{"routeId":"662","name":"662","direction":"2","routeType":"school","lengthKm":7,"stops":21},"geometry":{"type":"LineString","coordinates":[[-0.2614,51.3985],[-0.2626,51.3975],[-0.2586,51.3961],[-0.2555,51.3984],[-0.2553,51.3967],[-0.2533,51.3945],[-0.2592,51.3933],[-0.2711,51.3877],[-0.2778,51.3818],[-0.2803,51.3786],[-0.2842,51.382],[-0.2956,51.3854],[-0.2977,51.3889],[-0.299,51.3952],[-0.3045,51.3931],[-0.3043,51.3937]]}},{"type":"Feature","properties":{"routeId":"670","name":"670","direction":"1","routeType":"school","lengthKm":9.3,"stops":29},"geometry":{"type":"LineString","coordinates":[[-0.2483,51.4522],[-0.2456,51.4503],[-0.2416,51.4496],[-0.2364,51.4504],[-0.2368,51.4512],[-0.2341,51.4517],[-0.2209,51.4535],[-0.223,51.4491],[-0.2224,51.4487],[-0.209,51.4547],[-0.2029,51.4567],[-0.1979,51.4571],[-0.1978,51.4579],[-0.196,51.4584],[-0.1907,51.4592],[-0.1897,51.4569],[-0.1852,51.4577],[-0.1678,51.4638],[-0.1717,51.47],[-0.1657,51.4721],[-0.1659,51.4739],[-0.1667,51.4748],[-0.1722,51.4751]]}},{"type":"Feature","properties":{"routeId":"669","name":"669","direction":"1","routeType":"school","lengthKm":18.6,"stops":52},"geometry":{"type":"LineString","coordinates":[[0.1089,51.5074],[0.11,51.5068],[0.1153,51.5081],[0.1174,51.5095],[0.1207,51.5094],[0.1234,51.5105],[0.1276,51.5084],[0.1269,51.5069],[0.1216,51.5063],[0.1187,51.504],[0.1217,51.5015],[0.1211,51.4952],[0.1213,51.4922],[0.1223,51.4906],[0.1217,51.4885],[0.1214,51.4898],[0.1431,51.4912],[0.161,51.4904],[0.1675,51.4891],[0.1733,51.4851],[0.1813,51.481],[0.1685,51.4803],[0.1639,51.4781],[0.1623,51.4728],[0.1587,51.4687],[0.1577,51.4662],[0.1534,51.462],[0.1531,51.4557],[0.1519,51.4524],[0.1553,51.4504],[0.1572,51.4482],[0.1554,51.4461],[0.1519,51.4446],[0.1505,51.4417],[0.1463,51.4418],[0.1336,51.4386],[0.1188,51.4395],[0.1201,51.4345],[0.1214,51.4331],[0.1191,51.4298]]}},{"type":"Feature","properties":{"routeId":"669","name":"669","direction":"2","routeType":"school","lengthKm":18.5,"stops":54},"geometry":{"type":"LineString","coordinates":[[0.1185,51.4282],[0.1175,51.4286],[0.1197,51.4304],[0.1214,51.4331],[0.1201,51.4345],[0.1184,51.4395],[0.1329,51.4385],[0.1462,51.4418],[0.1505,51.4417],[0.1521,51.4448],[0.1562,51.4468],[0.1568,51.4479],[0.1563,51.4496],[0.1519,51.4525],[0.1531,51.4559],[0.1529,51.4596],[0.1537,51.4625],[0.1577,51.4662],[0.1584,51.4683],[0.1622,51.4727],[0.1634,51.4773],[0.1645,51.4787],[0.1693,51.4805],[0.1769,51.4804],[0.1779,51.4827],[0.1667,51.4895],[0.1618,51.4902],[0.1431,51.4912],[0.1364,51.4903],[0.1213,51.4898],[0.1215,51.489],[0.1221,51.49],[0.1207,51.4963],[0.1217,51.4999],[0.1198,51.5011],[0.1201,51.502],[0.1184,51.5041],[0.1223,51.5065],[0.1269,51.5069],[0.1274,51.5083],[0.1234,51.5103],[0.1217,51.5095],[0.1169,51.5093],[0.1154,51.5076],[0.1098,51.5065],[0.1086,51.5075]]}},{"type":"Feature","properties":{"routeId":"664","name":"664","direction":"2","routeType":"school","lengthKm":20,"stops":43},"geometry":{"type":"LineString","coordinates":[[-0.005,51.3356],[-0.0082,51.3347],[-0.0115,51.3358],[-0.0185,51.3409],[-0.0179,51.3427],[-0.0219,51.3464],[-0.0215,51.3471],[-0.0171,51.3481],[-0.0108,51.3481],[-0.0105,51.3488],[-0.0109,51.3525],[-0.013,51.3535],[-0.0184,51.359],[-0.0194,51.3591],[-0.0231,51.357],[-0.0202,51.3553],[-0.0254,51.3526],[-0.0318,51.3569],[-0.0334,51.3566],[-0.0319,51.3563],[-0.0331,51.3565],[-0.0319,51.3563],[-0.032,51.3576],[-0.0274,51.3591],[-0.0211,51.3631],[-0.0056,51.3685],[-0.0015,51.3713],[0.0012,51.3699],[0.0052,51.3705],[0.0178,51.3673],[0.0389,51.3672],[0.0391,51.3609],[0.0374,51.3573],[0.0325,51.3538],[0.0313,51.3519],[0.0352,51.3506],[0.0364,51.3476],[0.0352,51.3457],[0.0304,51.3419],[0.0303,51.3363],[0.0279,51.3341],[0.0264,51.3297],[0.0238,51.329],[0.0227,51.3268],[0.0328,51.3168],[0.036,51.3171],[0.0413,51.3156],[0.0445,51.3157]]}},{"type":"Feature","properties":{"routeId":"667","name":"667","direction":"2","routeType":"school","lengthKm":9.4,"stops":30},"geometry":{"type":"LineString","coordinates":[[0.0649,51.6117],[0.069,51.6134],[0.0745,51.6183],[0.0772,51.6178],[0.0817,51.611],[0.0844,51.6035],[0.0843,51.5948],[0.0856,51.5937],[0.0819,51.59],[0.0802,51.5867],[0.0741,51.5815],[0.0727,51.5791],[0.0662,51.5763],[0.066,51.5738],[0.0636,51.5711],[0.0663,51.5661],[0.066,51.5648],[0.0702,51.5592],[0.0706,51.5568],[0.0736,51.5572],[0.0758,51.5585],[0.0759,51.5595]]}},{"type":"Feature","properties":{"routeId":"678","name":"678","direction":"1","routeType":"school","lengthKm":8.2,"stops":28},"geometry":{"type":"LineString","coordinates":[[0.0262,51.5425],[0.0261,51.5419],[0.0228,51.5416],[0.022,51.5368],[0.0226,51.533],[0.0213,51.5305],[0.0243,51.5295],[0.0242,51.5257],[0.0225,51.5225],[0.0243,51.5202],[0.0234,51.5178],[0.0249,51.517],[0.0255,51.5143],[0.025,51.5125],[0.0262,51.5099],[0.0668,51.5089],[0.0684,51.511],[0.062,51.5126],[0.0607,51.5142],[0.0597,51.5141]]}},{"type":"Feature","properties":{"routeId":"674","name":"674","direction":"1","routeType":"school","lengthKm":8.5,"stops":29},"geometry":{"type":"LineString","coordinates":[[0.2435,51.6056],[0.2405,51.6083],[0.2338,51.6096],[0.2203,51.608],[0.2094,51.6049],[0.2133,51.5927],[0.21,51.591],[0.2117,51.5897],[0.211,51.5855],[0.2092,51.5835],[0.2088,51.5814],[0.2051,51.5812],[0.2081,51.5781],[0.2044,51.5748],[0.1982,51.5744],[0.1861,51.5706],[0.184,51.572],[0.1839,51.5738]]}},{"type":"Feature","properties":{"routeId":"677","name":"677","direction":"1","routeType":"school","lengthKm":20.9,"stops":34},"geometry":{"type":"LineString","coordinates":[[0.0769,51.5597],[0.0731,51.5574],[0.0722,51.5574],[0.0716,51.5586],[0.0701,51.5585],[0.069,51.5615],[0.0659,51.5649],[0.0663,51.5661],[0.0636,51.5709],[0.0662,51.5744],[0.0658,51.5766],[0.0727,51.5791],[0.0741,51.5815],[0.0805,51.5871],[0.0808,51.5885],[0.0853,51.5941],[0.0843,51.5948],[0.0848,51.5986],[0.0843,51.6037],[0.0816,51.6113],[0.0772,51.6178],[0.0745,51.6183],[0.0767,51.6208],[0.0703,51.622],[0.0653,51.6257],[0.0593,51.6269],[0.0329,51.6269],[0.0432,51.6396],[0.0482,51.6416],[0.0521,51.6444],[0.055,51.6419],[0.0521,51.6444],[0.058,51.6504],[0.0669,51.6561],[0.0689,51.6557],[0.0789,51.6572],[0.084,51.6614],[0.0858,51.6604],[0.0831,51.659],[0.0864,51.6555],[0.0838,51.6531],[0.082,51.6526],[0.0851,51.6517],[0.0838,51.6499],[0.0857,51.648],[0.0822,51.647]]}},{"type":"Feature","properties":{"routeId":"675","name":"675","direction":"1","routeType":"school","lengthKm":12.7,"stops":36},"geometry":{"type":"LineString","coordinates":[[-0.0324,51.5813],[-0.0204,51.5831],[-0.0204,51.5842],[-0.0204,51.5831],[-0.0189,51.5833],[-0.0208,51.588],[-0.0174,51.5902],[-0.0118,51.5901],[-0.0008,51.5925],[-0.0018,51.6001],[0.0027,51.6037],[0.0016,51.6065],[-0.0001,51.6075],[0.0003,51.6088],[0.0077,51.6155],[0.0108,51.6171],[0.0185,51.6119],[0.0201,51.6074],[0.013,51.5995],[0.0115,51.5968],[0.0123,51.5956],[0.0174,51.5954],[0.0268,51.5965],[0.0372,51.5943],[0.0405,51.599],[0.0431,51.6007],[0.0348,51.6029],[0.0346,51.6019]]}},{"type":"Feature","properties":{"routeId":"672","name":"672","direction":"1","routeType":"school","lengthKm":4.7,"stops":10},"geometry":{"type":"LineString","coordinates":[[0.1114,51.5042],[0.1112,51.5057],[0.1096,51.5065],[0.1063,51.5057],[0.1036,51.5037],[0.1024,51.4994],[0.0965,51.499],[0.0888,51.4972],[0.0851,51.4901],[0.0864,51.489],[0.0812,51.4909],[0.0738,51.4907],[0.0688,51.4917]]}},{"type":"Feature","properties":{"routeId":"671","name":"671","direction":"1","routeType":"school","lengthKm":10.9,"stops":38},"geometry":{"type":"LineString","coordinates":[[-0.3045,51.4251],[-0.3017,51.4188],[-0.3007,51.4124],[-0.2964,51.4119],[-0.2974,51.4106],[-0.3017,51.4108],[-0.3038,51.4089],[-0.3045,51.4018],[-0.3036,51.4009],[-0.3049,51.3997],[-0.3039,51.3981],[-0.3043,51.3931],[-0.3091,51.3912],[-0.3009,51.3868],[-0.3004,51.3845],[-0.3081,51.3639],[-0.3073,51.3632],[-0.2963,51.3638],[-0.2914,51.3628],[-0.2953,51.3588],[-0.3035,51.3578],[-0.308,51.3562]]}},{"type":"Feature","properties":{"routeId":"670","name":"670","direction":"2","routeType":"school","lengthKm":10.8,"stops":32},"geometry":{"type":"LineString","coordinates":[[-0.1722,51.4751],[-0.1732,51.4748],[-0.1735,51.4756],[-0.1684,51.4787],[-0.1689,51.4792],[-0.1703,51.4787],[-0.1667,51.4749],[-0.1635,51.4748],[-0.1626,51.4728],[-0.1716,51.4701],[-0.1679,51.4637],[-0.1797,51.4597],[-0.1796,51.4583],[-0.1897,51.4568],[-0.1961,51.4574],[-0.2031,51.4565],[-0.2138,51.4528],[-0.2227,51.4478],[-0.2236,51.4481],[-0.2208,51.4535],[-0.2333,51.4519],[-0.2358,51.4514],[-0.2364,51.4504],[-0.2416,51.4496],[-0.2456,51.4503],[-0.2491,51.4527]]}},{"type":"Feature","properties":{"routeId":"681","name":"681","direction":"1","routeType":"school","lengthKm":11,"stops":32},"geometry":{"type":"LineString","coordinates":[[-0.3548,51.4709],[-0.3611,51.4681],[-0.3638,51.4655],[-0.3627,51.4649],[-0.3624,51.4576],[-0.3579,51.4533],[-0.3447,51.4538],[-0.3387,51.4551],[-0.3317,51.4508],[-0.3282,51.4469],[-0.33,51.4455],[-0.3396,51.4448],[-0.3486,51.4389],[-0.3508,51.4361],[-0.3472,51.4354],[-0.3451,51.4302],[-0.3399,51.4263],[-0.3361,51.4261],[-0.3329,51.4272],[-0.3259,51.4277],[-0.3234,51.4294],[-0.3137,51.4241],[-0.312,51.422]]}},{"type":"Feature","properties":{"routeId":"672","name":"672","direction":"2","routeType":"school","lengthKm":4.4,"stops":9},"geometry":{"type":"LineString","coordinates":[[0.0682,51.4898],[0.0701,51.4915],[0.074,51.4908],[0.0826,51.4911],[0.0827,51.492],[0.0861,51.4928],[0.0891,51.4978],[0.1019,51.4996],[0.103,51.5032],[0.1053,51.5056],[0.1099,51.5068],[0.1115,51.5052],[0.1114,51.504]]}},{"type":"Feature","properties":{"routeId":"683","name":"683","direction":"1","routeType":"school","lengthKm":11.9,"stops":40},"geometry":{"type":"LineString","coordinates":[[-0.1593,51.6126],[-0.1686,51.611],[-0.1779,51.6123],[-0.1934,51.6016],[-0.198,51.5971],[-0.1991,51.5982],[-0.2008,51.5978],[-0.2107,51.5918],[-0.2156,51.5899],[-0.2276,51.5898],[-0.235,51.5818],[-0.2381,51.58],[-0.24,51.5779],[-0.2482,51.5843],[-0.2537,51.5825],[-0.2587,51.5823],[-0.2757,51.586],[-0.2821,51.5847],[-0.2859,51.5815],[-0.2825,51.5812]]}},{"type":"Feature","properties":{"routeId":"679","name":"679","direction":"1","routeType":"school","lengthKm":13.2,"stops":37},"geometry":{"type":"LineString","coordinates":[[0.0261,51.6187],[0.0269,51.6185],[0.0236,51.6123],[0.0188,51.6062],[0.0187,51.6049],[0.0174,51.6046],[0.013,51.5995],[0.0115,51.5968],[0.012,51.5958],[0.0174,51.5954],[0.0244,51.5965],[0.029,51.5962],[0.0453,51.5917],[0.0515,51.5885],[0.0578,51.582],[0.0669,51.5766],[0.0662,51.5763],[0.066,51.5738],[0.0636,51.5709],[0.0663,51.5661],[0.066,51.5648],[0.0694,51.5609],[0.0708,51.5567],[0.0736,51.5572],[0.0758,51.5585],[0.0756,51.5594],[0.0797,51.5596],[0.0814,51.5606],[0.0822,51.5592],[0.0903,51.5589],[0.1087,51.5629]]}},{"type":"Feature","properties":{"routeId":"675","name":"675","direction":"2","routeType":"school","lengthKm":13.1,"stops":34},"geometry":{"type":"LineString","coordinates":[[0.0347,51.6023],[0.0348,51.6029],[0.0431,51.6007],[0.0405,51.599],[0.0369,51.5934],[0.0262,51.5963],[0.0104,51.595],[0.01,51.5958],[0.0201,51.6074],[0.0185,51.6119],[0.0108,51.6171],[0.0077,51.6155],[0.0004,51.609],[-0.0001,51.6075],[0.0016,51.6065],[0.0027,51.6037],[-0.0018,51.6001],[-0.0008,51.5925],[-0.011,51.5902],[-0.0174,51.5902],[-0.0207,51.5881],[-0.0185,51.5828],[-0.0203,51.5831],[-0.0203,51.5842],[-0.0204,51.5831],[-0.0319,51.5814]]}},{"type":"Feature","properties":{"routeId":"678","name":"678","direction":"2","routeType":"school","lengthKm":11.7,"stops":39},"geometry":{"type":"LineString","coordinates":[[0.0594,51.5143],[0.0607,51.5142],[0.0627,51.5123],[0.0688,51.511],[0.0668,51.5089],[0.0477,51.5095],[0.0475,51.5088],[0.0402,51.5089],[0.0397,51.5095],[0.0262,51.5099],[0.025,51.5125],[0.0255,51.5143],[0.0249,51.517],[0.0234,51.5178],[0.0243,51.5202],[0.0225,51.5225],[0.0242,51.5257],[0.0243,51.5295],[0.0213,51.5305],[0.0226,51.533],[0.022,51.5368],[0.0228,51.5416],[0.0262,51.542],[0.0249,51.5498],[0.0047,51.546],[0.0038,51.5419],[-0.0002,51.5396],[-0.0022,51.5406],[-0.0023,51.5414]]}},{"type":"Feature","properties":{"routeId":"671","name":"671","direction":"2","routeType":"school","lengthKm":10.7,"stops":35},"geometry":{"type":"LineString","coordinates":[[-0.3079,51.3563],[-0.3031,51.3579],[-0.3001,51.3579],[-0.2988,51.3588],[-0.2955,51.3591],[-0.2914,51.3626],[-0.2963,51.3637],[-0.3082,51.3632],[-0.3043,51.3752],[-0.3003,51.3841],[-0.301,51.3868],[-0.3091,51.3912],[-0.3045,51.3931],[-0.3039,51.3981],[-0.3049,51.3995],[-0.3036,51.4009],[-0.3045,51.4018],[-0.3038,51.4089],[-0.3004,51.4114],[-0.3011,51.4124],[-0.3034,51.4129],[-0.3009,51.4145],[-0.3032,51.4232],[-0.3053,51.4261]]}},{"type":"Feature","properties":{"routeId":"674","name":"674","direction":"2","routeType":"school","lengthKm":9.1,"stops":33},"geometry":{"type":"LineString","coordinates":[[0.184,51.5736],[0.184,51.572],[0.1861,51.5706],[0.198,51.5743],[0.2041,51.5747],[0.2071,51.5768],[0.2077,51.5783],[0.2051,51.5812],[0.2087,51.5815],[0.2093,51.5837],[0.211,51.5855],[0.2117,51.5897],[0.21,51.591],[0.2132,51.5935],[0.2091,51.605],[0.2228,51.6085],[0.2335,51.6096],[0.2378,51.609],[0.238,51.6037],[0.2438,51.6036],[0.2435,51.6056]]}},{"type":"Feature","properties":{"routeId":"677","name":"677","direction":"2","routeType":"school","lengthKm":20.2,"stops":39},"geometry":{"type":"LineString","coordinates":[[0.0822,51.647],[0.0854,51.6487],[0.0838,51.6499],[0.0851,51.6517],[0.082,51.6526],[0.0838,51.6531],[0.0864,51.6555],[0.0824,51.6595],[0.0817,51.6598],[0.0786,51.6571],[0.0689,51.6557],[0.0669,51.6561],[0.0576,51.6502],[0.0521,51.6444],[0.055,51.6419],[0.0521,51.6444],[0.0482,51.6416],[0.0432,51.6396],[0.0329,51.6269],[0.0596,51.6269],[0.0653,51.6257],[0.0706,51.6219],[0.0767,51.6208],[0.0745,51.6183],[0.0772,51.6178],[0.0817,51.611],[0.0844,51.6035],[0.0843,51.5948],[0.0856,51.5937],[0.0819,51.59],[0.0802,51.5867],[0.0741,51.5815],[0.0727,51.5791],[0.0662,51.5763],[0.066,51.5738],[0.0636,51.5709],[0.0663,51.5661],[0.066,51.5648],[0.0702,51.5592],[0.0706,51.5568],[0.0736,51.5572],[0.0758,51.5585],[0.0759,51.5595]]}},{"type":"Feature","properties":{"routeId":"685","name":"685","direction":"1","routeType":"school","lengthKm":3.6,"stops":11},"geometry":{"type":"LineString","coordinates":[[-0.068,51.3188],[-0.0694,51.3188],[-0.0717,51.3234],[-0.0712,51.325],[-0.0693,51.3258],[-0.0736,51.3287],[-0.078,51.3359],[-0.0724,51.3392],[-0.0685,51.3402],[-0.0639,51.3425]]}},{"type":"Feature","properties":{"routeId":"684","name":"684","direction":"1","routeType":"school","lengthKm":15.1,"stops":31},"geometry":{"type":"LineString","coordinates":[[0.0895,51.3735],[0.0903,51.3721],[0.0924,51.3718],[0.0956,51.3731],[0.0991,51.3732],[0.1005,51.3753],[0.0992,51.3757],[0.0949,51.3665],[0.0887,51.3603],[0.0889,51.3559],[0.0835,51.3595],[0.0763,51.3622],[0.0645,51.3607],[0.0598,51.3621],[0.0525,51.3663],[0.0448,51.3674],[0.0389,51.3672],[0.0391,51.3609],[0.0374,51.3573],[0.0325,51.3538],[0.0313,51.3519],[0.0352,51.3506],[0.0364,51.3476],[0.0352,51.3457],[0.0304,51.3419],[0.0303,51.3363],[0.0279,51.3341],[0.0264,51.3297],[0.0238,51.329],[0.0227,51.3268],[0.0328,51.3168],[0.036,51.3171],[0.0412,51.3156],[0.0445,51.3157]]}},{"type":"Feature","properties":{"routeId":"681","name":"681","direction":"2","routeType":"school","lengthKm":11.9,"stops":38},"geometry":{"type":"LineString","coordinates":[[-0.312,51.422],[-0.3103,51.4189],[-0.3156,51.4178],[-0.3232,51.426],[-0.3241,51.4288],[-0.3263,51.4276],[-0.3329,51.4272],[-0.3361,51.4261],[-0.3399,51.4263],[-0.3451,51.4302],[-0.3472,51.4354],[-0.3508,51.4361],[-0.3486,51.4389],[-0.3396,51.4448],[-0.3298,51.4456],[-0.3282,51.4467],[-0.3318,51.4508],[-0.3387,51.4551],[-0.3447,51.4538],[-0.3543,51.4539],[-0.358,51.4532],[-0.3592,51.4552],[-0.3624,51.4576],[-0.3627,51.4649],[-0.3638,51.4655],[-0.3627,51.4673],[-0.3544,51.4707]]}},{"type":"Feature","properties":{"routeId":"683","name":"683","direction":"2","routeType":"school","lengthKm":11.8,"stops":39},"geometry":{"type":"LineString","coordinates":[[-0.2825,51.5812],[-0.2859,51.5815],[-0.2821,51.5847],[-0.2754,51.586],[-0.2587,51.5823],[-0.2537,51.5825],[-0.2482,51.5843],[-0.24,51.5779],[-0.2381,51.58],[-0.235,51.5818],[-0.2276,51.5898],[-0.215,51.59],[-0.2107,51.5918],[-0.2008,51.5978],[-0.1994,51.5983],[-0.198,51.5971],[-0.1934,51.6016],[-0.1779,51.6123],[-0.1688,51.611],[-0.1597,51.6124]]}},{"type":"Feature","properties":{"routeId":"686","name":"686","direction":"1","routeType":"school","lengthKm":2.6,"stops":32},"geometry":{"type":"LineString","coordinates":[[0.1529,51.5733],[0.1604,51.5745],[0.1686,51.5741],[0.1753,51.5752],[0.1768,51.5762],[0.1779,51.5802],[0.1821,51.5806]]}},{"type":"Feature","properties":{"routeId":"679","name":"679","direction":"2","routeType":"school","lengthKm":13,"stops":36},"geometry":{"type":"LineString","coordinates":[[0.1115,51.5631],[0.0903,51.5589],[0.0833,51.559],[0.0817,51.56],[0.0791,51.5591],[0.0775,51.5598],[0.0756,51.5594],[0.0758,51.5585],[0.0724,51.5573],[0.0717,51.5585],[0.0702,51.5584],[0.069,51.5615],[0.0659,51.5649],[0.0663,51.5661],[0.0636,51.5709],[0.0662,51.5744],[0.0661,51.5769],[0.0578,51.5817],[0.0503,51.5892],[0.0447,51.5918],[0.0262,51.5963],[0.0159,51.5951],[0.0102,51.5952],[0.01,51.5958],[0.0113,51.5966],[0.0129,51.5994],[0.0206,51.6081],[0.0253,51.6157]]}},{"type":"Feature","properties":{"routeId":"689","name":"689","direction":"1","routeType":"school","lengthKm":7,"stops":23},"geometry":{"type":"LineString","coordinates":[[-0.1011,51.3791],[-0.0998,51.3797],[-0.0983,51.3764],[-0.0954,51.3771],[-0.0939,51.3745],[-0.0906,51.3747],[-0.0915,51.3777],[-0.0868,51.3804],[-0.0774,51.3787],[-0.0653,51.3835],[-0.0635,51.3821],[-0.0601,51.3765],[-0.0563,51.3738],[-0.0546,51.3739],[-0.0453,51.3755],[-0.0421,51.38],[-0.0429,51.3827],[-0.0424,51.3839],[-0.0434,51.3845]]}},{"type":"Feature","properties":{"routeId":"688","name":"688","direction":"1","routeType":"school","lengthKm":19.8,"stops":53},"geometry":{"type":"LineString","coordinates":[[-0.1282,51.6325],[-0.1324,51.6336],[-0.1383,51.6366],[-0.1429,51.6321],[-0.1497,51.6307],[-0.1502,51.6312],[-0.1536,51.631],[-0.1618,51.6276],[-0.166,51.6293],[-0.1713,51.6303],[-0.1748,51.6298],[-0.1844,51.631],[-0.1959,51.6302],[-0.2007,51.6322],[-0.202,51.634],[-0.2054,51.6346],[-0.2279,51.6307],[-0.236,51.6304],[-0.2396,51.629],[-0.2415,51.6273],[-0.2357,51.625],[-0.2363,51.6236],[-0.2342,51.6221],[-0.2362,51.618],[-0.2366,51.6152],[-0.2428,51.616],[-0.2425,51.6168],[-0.2448,51.6171],[-0.2444,51.6165],[-0.2453,51.6155],[-0.2493,51.6138],[-0.249,51.6133],[-0.2492,51.6139],[-0.254,51.6145],[-0.2623,51.6177],[-0.2724,51.618],[-0.2753,51.616],[-0.2759,51.6139],[-0.2792,51.6108],[-0.2749,51.6069],[-0.2874,51.602],[-0.2909,51.5997],[-0.2899,51.5972],[-0.2847,51.5945],[-0.2871,51.5924],[-0.284,51.5901],[-0.2829,51.5868],[-0.2811,51.5848],[-0.2859,51.5815],[-0.2825,51.5812]]}},{"type":"Feature","properties":{"routeId":"690","name":"690","direction":"1","routeType":"school","lengthKm":10.5,"stops":36},"geometry":{"type":"LineString","coordinates":[[-0.1044,51.4302],[-0.1037,51.4336],[-0.1042,51.4357],[-0.1062,51.4401],[-0.1087,51.4406],[-0.1082,51.4414],[-0.1063,51.4412],[-0.1052,51.4428],[-0.1048,51.4466],[-0.101,51.4498],[-0.1008,51.4512],[-0.1017,51.4523],[-0.1105,51.4555],[-0.1137,51.4552],[-0.1152,51.459],[-0.1167,51.4594],[-0.1162,51.4611],[-0.1222,51.4597],[-0.1335,51.4592],[-0.1377,51.462],[-0.1415,51.4595],[-0.1474,51.453],[-0.152,51.4527],[-0.1541,51.4512],[-0.1635,51.4483],[-0.1707,51.4421],[-0.1806,51.4382]]}},{"type":"Feature","properties":{"routeId":"695","name":"695","direction":"1","routeType":"school","lengthKm":9.2,"stops":22},"geometry":{"type":"LineString","coordinates":[[-0.4599,51.4984],[-0.4632,51.4989],[-0.4667,51.5025],[-0.4672,51.5043],[-0.4695,51.5051],[-0.4705,51.5068],[-0.4738,51.5089],[-0.474,51.5102],[-0.4725,51.5102],[-0.4739,51.5103],[-0.4726,51.5124],[-0.4746,51.5154],[-0.4706,51.5172],[-0.4643,51.5173],[-0.4585,51.5185],[-0.4526,51.5178],[-0.4515,51.5212],[-0.4481,51.5227],[-0.4517,51.5268],[-0.4481,51.5304],[-0.453,51.5328],[-0.4522,51.5359],[-0.4525,51.5379],[-0.45,51.5428],[-0.4489,51.5521],[-0.448,51.5539],[-0.4483,51.5559],[-0.4472,51.5567]]}},{"type":"Feature","properties":{"routeId":"686","name":"686","direction":"2","routeType":"school","lengthKm":3.6,"stops":10},"geometry":{"type":"LineString","coordinates":[[0.1835,51.5746],[0.1824,51.5764],[0.1857,51.5781],[0.184,51.5801],[0.1816,51.5806],[0.178,51.5797],[0.1771,51.5782],[0.1776,51.5764],[0.1753,51.5752],[0.1684,51.5741],[0.1619,51.5746],[0.1529,51.5733]]}},{"type":"Feature","properties":{"routeId":"684","name":"684","direction":"2","routeType":"school","lengthKm":15.1,"stops":34},"geometry":{"type":"LineString","coordinates":[[0.0445,51.3157],[0.0451,51.3155],[0.0413,51.3156],[0.036,51.3171],[0.0328,51.3168],[0.0232,51.3256],[0.0227,51.3268],[0.0234,51.3286],[0.0263,51.3296],[0.0278,51.3339],[0.0302,51.3362],[0.0304,51.3419],[0.0352,51.3457],[0.0364,51.3477],[0.0352,51.3506],[0.0313,51.352],[0.0326,51.3539],[0.0374,51.3573],[0.0391,51.3609],[0.0389,51.3672],[0.052,51.3666],[0.0598,51.3621],[0.0642,51.3608],[0.0771,51.3621],[0.0835,51.3595],[0.0889,51.3559],[0.0887,51.3603],[0.0949,51.3665],[0.0973,51.3732],[0.0992,51.3757],[0.1005,51.3753],[0.0991,51.3732],[0.0956,51.3731],[0.0926,51.3718],[0.0903,51.3721],[0.0896,51.3732]]}},{"type":"Feature","properties":{"routeId":"697","name":"697","direction":"1","routeType":"school","lengthKm":11.1,"stops":29},"geometry":{"type":"LineString","coordinates":[[-0.4217,51.5234],[-0.4171,51.5285],[-0.4191,51.5322],[-0.4098,51.5344],[-0.4002,51.5329],[-0.3967,51.5332],[-0.3991,51.5281],[-0.3997,51.5239],[-0.4052,51.5198],[-0.4067,51.5178],[-0.4231,51.5231],[-0.4362,51.5255],[-0.4477,51.5302],[-0.453,51.5328],[-0.4522,51.5359],[-0.4525,51.5379],[-0.45,51.5428],[-0.4489,51.5521],[-0.448,51.5539],[-0.4483,51.5559],[-0.4472,51.5567]]}},{"type":"Feature","properties":{"routeId":"699","name":"699","direction":"1","routeType":"school","lengthKm":14.4,"stops":33},"geometry":{"type":"LineString","coordinates":[[-0.0912,51.6361],[-0.0909,51.6366],[-0.0951,51.6392],[-0.1096,51.644],[-0.1118,51.6422],[-0.1108,51.6382],[-0.1191,51.6359],[-0.127,51.6328],[-0.1273,51.6321],[-0.1332,51.634],[-0.1396,51.6373],[-0.1441,51.6414],[-0.1469,51.6452],[-0.1476,51.6483],[-0.1525,51.6552],[-0.1559,51.665],[-0.161,51.6719],[-0.1653,51.6806],[-0.1722,51.6876],[-0.1783,51.6922],[-0.19,51.6939],[-0.2011,51.6988],[-0.2025,51.6976],[-0.2032,51.695],[-0.2072,51.6916]]}},{"type":"Feature","properties":{"routeId":"689","name":"689","direction":"2","routeType":"school","lengthKm":6.8,"stops":25},"geometry":{"type":"LineString","coordinates":[[-0.0431,51.3844],[-0.0424,51.3839],[-0.0429,51.3826],[-0.0421,51.3801],[-0.0453,51.3755],[-0.0563,51.3736],[-0.0602,51.3763],[-0.0635,51.3821],[-0.0653,51.3835],[-0.0774,51.3787],[-0.0867,51.3803],[-0.0915,51.3777],[-0.0906,51.3747],[-0.097,51.3742],[-0.0998,51.3784],[-0.101,51.3787]]}},{"type":"Feature","properties":{"routeId":"698","name":"698","direction":"1","routeType":"school","lengthKm":11.3,"stops":35},"geometry":{"type":"LineString","coordinates":[[-0.4417,51.5031],[-0.4418,51.4991],[-0.4355,51.4978],[-0.4351,51.5025],[-0.4303,51.5027],[-0.4301,51.4973],[-0.4273,51.497],[-0.4241,51.5013],[-0.4215,51.5026],[-0.4191,51.5053],[-0.4187,51.5071],[-0.4212,51.5091],[-0.4201,51.5117],[-0.4199,51.5158],[-0.4172,51.5211],[-0.4231,51.5231],[-0.4372,51.5258],[-0.453,51.5328],[-0.4522,51.5359],[-0.4525,51.5379],[-0.45,51.5428],[-0.4489,51.5521],[-0.448,51.5539],[-0.4483,51.5559],[-0.4472,51.5567]]}},{"type":"Feature","properties":{"routeId":"695","name":"695","direction":"2","routeType":"school","lengthKm":9.6,"stops":23},"geometry":{"type":"LineString","coordinates":[[-0.4458,51.5591],[-0.4455,51.5576],[-0.4482,51.556],[-0.4477,51.554],[-0.449,51.5515],[-0.4501,51.5425],[-0.4525,51.5379],[-0.4525,51.5327],[-0.448,51.5303],[-0.4514,51.5269],[-0.4476,51.523],[-0.4515,51.5212],[-0.4526,51.5174],[-0.4585,51.5185],[-0.4638,51.5174],[-0.4711,51.5171],[-0.4746,51.5154],[-0.4726,51.5124],[-0.4739,51.5104],[-0.4725,51.5103],[-0.4741,51.5101],[-0.4738,51.5089],[-0.4705,51.5068],[-0.4696,51.5052],[-0.4672,51.5043],[-0.4667,51.5025],[-0.4632,51.4989],[-0.4593,51.4983]]}},{"type":"Feature","properties":{"routeId":"690","name":"690","direction":"2","routeType":"school","lengthKm":12.7,"stops":37},"geometry":{"type":"LineString","coordinates":[[-0.1806,51.4382],[-0.1861,51.4355],[-0.1849,51.4335],[-0.1806,51.433],[-0.1843,51.4313],[-0.1857,51.4332],[-0.1851,51.4337],[-0.1861,51.4355],[-0.1782,51.4395],[-0.1707,51.4421],[-0.1635,51.4483],[-0.1541,51.4512],[-0.1521,51.4527],[-0.1474,51.453],[-0.1414,51.4596],[-0.1377,51.462],[-0.1333,51.4593],[-0.1214,51.4598],[-0.1158,51.4612],[-0.114,51.4558],[-0.1113,51.4563],[-0.1077,51.4541],[-0.1014,51.4524],[-0.1008,51.451],[-0.101,51.4498],[-0.105,51.4462],[-0.105,51.4439],[-0.1062,51.4413],[-0.1057,51.438],[-0.1015,51.43],[-0.1035,51.4297]]}},{"type":"Feature","properties":{"routeId":"696","name":"696","direction":"1","routeType":"school","lengthKm":20.3,"stops":57},"geometry":{"type":"LineString","coordinates":[[-0.4417,51.5031],[-0.4418,51.4991],[-0.4355,51.4978],[-0.4351,51.5025],[-0.4303,51.5027],[-0.4301,51.4973],[-0.4273,51.497],[-0.4239,51.5015],[-0.4207,51.5033],[-0.4191,51.5053],[-0.4189,51.507],[-0.4165,51.508],[-0.4072,51.5175],[-0.4234,51.5232],[-0.422,51.5229],[-0.4171,51.5285],[-0.4191,51.5322],[-0.4098,51.5344],[-0.4002,51.5329],[-0.397,51.5333],[-0.397,51.5316],[-0.3993,51.5275],[-0.3956,51.5272],[-0.3901,51.5252],[-0.3885,51.5282],[-0.3839,51.527],[-0.3801,51.5302],[-0.379,51.5324],[-0.3873,51.5338],[-0.3962,51.5389],[-0.3972,51.5404],[-0.3988,51.5474],[-0.4054,51.5554],[-0.4201,51.5683],[-0.4228,51.5691],[-0.4225,51.5722],[-0.4134,51.5738],[-0.4166,51.5782],[-0.4149,51.5786],[-0.4121,51.581],[-0.4098,51.5802]]}},{"type":"Feature","properties":{"routeId":"688","name":"688","direction":"2","routeType":"school","lengthKm":19.6,"stops":52},"geometry":{"type":"LineString","coordinates":[[-0.2825,51.5812],[-0.2859,51.5815],[-0.2821,51.5847],[-0.284,51.5901],[-0.2864,51.5922],[-0.2943,51.5953],[-0.2931,51.5966],[-0.2938,51.599],[-0.2902,51.5999],[-0.288,51.6017],[-0.2749,51.6069],[-0.2794,51.6107],[-0.276,51.6139],[-0.2755,51.6158],[-0.2723,51.6181],[-0.2623,51.6177],[-0.2501,51.6137],[-0.2456,51.6153],[-0.2447,51.6168],[-0.2366,51.6152],[-0.2362,51.6181],[-0.2342,51.6221],[-0.2363,51.6235],[-0.2357,51.625],[-0.2417,51.627],[-0.2398,51.6289],[-0.236,51.6304],[-0.2279,51.6307],[-0.205,51.6346],[-0.202,51.634],[-0.2007,51.6322],[-0.1962,51.6302],[-0.1844,51.631],[-0.1747,51.6298],[-0.1716,51.6304],[-0.166,51.6293],[-0.1618,51.6276],[-0.1543,51.6309],[-0.1502,51.6312],[-0.1497,51.6307],[-0.1429,51.6323],[-0.1383,51.6366],[-0.1282,51.6324]]}},{"type":"Feature","properties":{"routeId":"a10","name":"A10","direction":"1","routeType":"regular","lengthKm":12.8,"stops":20},"geometry":{"type":"LineString","coordinates":[[-0.4785,51.5466],[-0.4793,51.5475],[-0.4773,51.5484],[-0.4755,51.5465],[-0.4726,51.5452],[-0.4732,51.5438],[-0.4721,51.5415],[-0.4725,51.5389],[-0.4697,51.5362],[-0.4589,51.5354],[-0.4566,51.5344],[-0.4538,51.529],[-0.4471,51.5227],[-0.4456,51.5203],[-0.4334,51.512],[-0.4331,51.5099],[-0.4348,51.5106],[-0.4355,51.5096],[-0.4405,51.5097],[-0.4446,51.5087],[-0.4465,51.5094],[-0.4472,51.5117],[-0.4528,51.5113],[-0.4493,51.5118],[-0.4511,51.5043],[-0.4508,51.5021],[-0.4528,51.4979],[-0.4524,51.4958],[-0.4533,51.4946],[-0.4537,51.4914],[-0.4522,51.4817],[-0.4529,51.4801],[-0.4526,51.4716]]}},{"type":"Feature","properties":{"routeId":"699","name":"699","direction":"2","routeType":"school","lengthKm":14.8,"stops":30},"geometry":{"type":"LineString","coordinates":[[-0.2072,51.6916],[-0.2081,51.6909],[-0.2085,51.6888],[-0.2042,51.6866],[-0.1936,51.6951],[-0.1867,51.6931],[-0.1783,51.6922],[-0.1693,51.686],[-0.1695,51.6847],[-0.1653,51.6806],[-0.1598,51.6699],[-0.156,51.6651],[-0.1525,51.6552],[-0.1477,51.6484],[-0.1444,51.6418],[-0.1396,51.6373],[-0.1332,51.634],[-0.1277,51.632],[-0.1276,51.6326],[-0.1193,51.6358],[-0.1109,51.6382],[-0.1118,51.6422],[-0.1095,51.644],[-0.0951,51.6392],[-0.0909,51.6366],[-0.0919,51.6355]]}},{"type":"Feature","properties":{"routeId":"969","name":"969","direction":"1","routeType":"school","lengthKm":19.4,"stops":50},"geometry":{"type":"LineString","coordinates":[[-0.3491,51.4499],[-0.3537,51.4485],[-0.3516,51.4468],[-0.3569,51.4441],[-0.3603,51.4429],[-0.3619,51.4439],[-0.3653,51.4424],[-0.3563,51.4475],[-0.3426,51.453],[-0.3226,51.4575],[-0.3185,51.4545],[-0.3138,51.4545],[-0.3056,51.4583],[-0.3063,51.4598],[-0.3036,51.4613],[-0.2996,51.461],[-0.2944,51.4622],[-0.2869,51.4618],[-0.2782,51.4643],[-0.269,51.4642],[-0.2667,51.4647],[-0.2665,51.4695],[-0.2575,51.4702],[-0.2514,51.4736],[-0.2474,51.4734],[-0.2393,51.4753],[-0.2369,51.4718],[-0.237,51.4708],[-0.2439,51.4652],[-0.2484,51.4651],[-0.2491,51.464],[-0.2514,51.4637],[-0.254,51.4642],[-0.253,51.465],[-0.2489,51.4644],[-0.2484,51.4651],[-0.2439,51.4652],[-0.2428,51.4571],[-0.2438,51.4518],[-0.2369,51.4483],[-0.2343,51.4444],[-0.239,51.4431],[-0.2482,51.4391],[-0.2478,51.4388]]}},{"type":"Feature","properties":{"routeId":"697","name":"697","direction":"2","routeType":"school","lengthKm":11.1,"stops":32},"geometry":{"type":"LineString","coordinates":[[-0.4458,51.5591],[-0.4455,51.5576],[-0.4482,51.556],[-0.4477,51.554],[-0.449,51.5515],[-0.4501,51.5425],[-0.4525,51.5379],[-0.4525,51.5327],[-0.4369,51.5259],[-0.4229,51.5232],[-0.4069,51.5179],[-0.3997,51.5239],[-0.3993,51.5279],[-0.3967,51.5332],[-0.4002,51.5329],[-0.4098,51.5344],[-0.4191,51.5322],[-0.417,51.5288],[-0.4198,51.5258]]}},{"type":"Feature","properties":{"routeId":"698","name":"698","direction":"2","routeType":"school","lengthKm":11.4,"stops":36},"geometry":{"type":"LineString","coordinates":[[-0.4458,51.5591],[-0.4455,51.5576],[-0.4482,51.556],[-0.4477,51.554],[-0.449,51.5515],[-0.4501,51.5425],[-0.4525,51.5379],[-0.4525,51.5327],[-0.4369,51.5259],[-0.4229,51.5232],[-0.4171,51.5211],[-0.4199,51.5158],[-0.4211,51.5091],[-0.4187,51.5071],[-0.4191,51.5053],[-0.4215,51.5026],[-0.424,51.5013],[-0.4272,51.497],[-0.4301,51.4973],[-0.4299,51.4994],[-0.4311,51.5024],[-0.4351,51.5025],[-0.4355,51.4978],[-0.4418,51.4991],[-0.4417,51.5031]]}},{"type":"Feature","properties":{"routeId":"b13","name":"B13","direction":"1","routeType":"regular","lengthKm":10.2,"stops":28},"geometry":{"type":"LineString","coordinates":[[0.144,51.4559],[0.1427,51.4529],[0.1384,51.4496],[0.1337,51.4532],[0.1274,51.4524],[0.1253,51.4504],[0.1224,51.4512],[0.1217,51.4503],[0.1199,51.45],[0.1189,51.4478],[0.1094,51.4497],[0.1099,51.4465],[0.1041,51.4456],[0.1014,51.4468],[0.0994,51.449],[0.097,51.447],[0.086,51.4417],[0.0816,51.4449],[0.0794,51.4414],[0.0722,51.4376],[0.0684,51.4415],[0.0641,51.4434],[0.0629,51.4384],[0.0634,51.4349],[0.0714,51.4372]]}},{"type":"Feature","properties":{"routeId":"b11","name":"B11","direction":"1","routeType":"regular","lengthKm":12,"stops":39},"geometry":{"type":"LineString","coordinates":[[0.1529,51.4596],[0.1528,51.4588],[0.1464,51.4565],[0.1463,51.4572],[0.1423,51.457],[0.1305,51.4587],[0.1358,51.4716],[0.1266,51.474],[0.1239,51.4771],[0.1185,51.4789],[0.1121,51.4731],[0.118,51.472],[0.1259,51.4747],[0.124,51.477],[0.1223,51.4814],[0.127,51.4813],[0.1263,51.4826],[0.1271,51.4867],[0.1233,51.4898],[0.1213,51.4898],[0.1214,51.4891],[0.1221,51.49],[0.1212,51.4932],[0.1219,51.4932],[0.1225,51.4916],[0.1322,51.4917],[0.1353,51.4947],[0.1307,51.4963],[0.1231,51.4963]]}},{"type":"Feature","properties":{"routeId":"b12","name":"B12","direction":"1","routeType":"regular","lengthKm":11.4,"stops":53},"geometry":{"type":"LineString","coordinates":[[0.1797,51.4808],[0.1763,51.4804],[0.1757,51.4787],[0.1767,51.4774],[0.1681,51.4747],[0.166,51.4756],[0.1659,51.4775],[0.1587,51.479],[0.1453,51.4773],[0.1446,51.4754],[0.1454,51.4717],[0.1422,51.4679],[0.1366,51.4715],[0.1349,51.4703],[0.1305,51.4587],[0.1423,51.457],[0.1434,51.4576],[0.1475,51.4572],[0.1463,51.4565],[0.1463,51.4572],[0.1476,51.4572],[0.153,51.4553],[0.152,51.452],[0.1553,51.4504],[0.1572,51.4482],[0.1554,51.4461],[0.1519,51.4446],[0.1505,51.4417],[0.1525,51.4407],[0.1532,51.44],[0.1528,51.4389],[0.1564,51.4367],[0.158,51.4362],[0.1611,51.4371]]}},{"type":"Feature","properties":{"routeId":"b12","name":"B12","direction":"2","routeType":"regular","lengthKm":18.4,"stops":55},"geometry":{"type":"LineString","coordinates":[[0.1611,51.4371],[0.1639,51.4367],[0.166,51.4354],[0.1656,51.4314],[0.1686,51.4309],[0.1654,51.4226],[0.1718,51.4198],[0.1744,51.4217],[0.176,51.4242],[0.1794,51.4261],[0.1818,51.4303],[0.1872,51.433],[0.1752,51.4353],[0.1674,51.4347],[0.1623,51.4371],[0.1578,51.4362],[0.1527,51.4389],[0.1532,51.4399],[0.1505,51.4417],[0.1521,51.4448],[0.1562,51.4468],[0.1568,51.4486],[0.1551,51.4505],[0.152,51.452],[0.1524,51.4553],[0.1476,51.4572],[0.1463,51.4565],[0.1463,51.4572],[0.1423,51.457],[0.1305,51.4587],[0.1349,51.4703],[0.1358,51.4716],[0.1366,51.4715],[0.1424,51.4681],[0.1454,51.4717],[0.1446,51.4754],[0.1453,51.4773],[0.1585,51.479],[0.1659,51.4775],[0.166,51.4756],[0.1682,51.4747],[0.1767,51.4774],[0.1758,51.4787],[0.1763,51.4804],[0.1774,51.4807],[0.1798,51.4783],[0.1807,51.4787],[0.1819,51.4808],[0.1803,51.4808]]}},{"type":"Feature","properties":{"routeId":"696","name":"696","direction":"2","routeType":"school","lengthKm":20.1,"stops":55},"geometry":{"type":"LineString","coordinates":[[-0.4098,51.5802],[-0.4121,51.581],[-0.4165,51.5781],[-0.4134,51.5738],[-0.4225,51.5722],[-0.4227,51.5688],[-0.42,51.5683],[-0.4153,51.5646],[-0.3987,51.5484],[-0.3971,51.5401],[-0.3962,51.5389],[-0.3904,51.5363],[-0.3873,51.5338],[-0.3789,51.5328],[-0.3801,51.5302],[-0.3839,51.5268],[-0.3875,51.5282],[-0.389,51.5281],[-0.3902,51.5259],[-0.3893,51.5247],[-0.3956,51.5272],[-0.3994,51.5276],[-0.397,51.5317],[-0.397,51.5333],[-0.4002,51.5329],[-0.4098,51.5344],[-0.4191,51.5322],[-0.4171,51.5285],[-0.422,51.5229],[-0.4066,51.5179],[-0.4086,51.5167],[-0.4165,51.508],[-0.4187,51.5071],[-0.4198,51.5041],[-0.424,51.5013],[-0.4272,51.497],[-0.4301,51.4973],[-0.4299,51.4994],[-0.4311,51.5024],[-0.4351,51.5025],[-0.4355,51.4978],[-0.4418,51.4991],[-0.4417,51.5031]]}},{"type":"Feature","properties":{"routeId":"b14","name":"B14","direction":"1","routeType":"regular","lengthKm":22.5,"stops":50},"geometry":{"type":"LineString","coordinates":[[0.144,51.4559],[0.1438,51.4554],[0.1392,51.4564],[0.1384,51.4575],[0.1239,51.4597],[0.1228,51.4554],[0.123,51.4523],[0.1217,51.4503],[0.1198,51.4499],[0.1188,51.4475],[0.1196,51.4432],[0.1174,51.4412],[0.1201,51.4345],[0.1214,51.4332],[0.1209,51.432],[0.1238,51.4305],[0.1274,51.4319],[0.1238,51.4305],[0.1209,51.432],[0.1137,51.4251],[0.1124,51.4254],[0.111,51.4282],[0.1096,51.4292],[0.108,51.4285],[0.1076,51.4275],[0.1061,51.4277],[0.1044,51.4256],[0.1009,51.4265],[0.101,51.4237],[0.0998,51.4223],[0.0992,51.4192],[0.1032,51.4174],[0.1052,51.4193],[0.0996,51.4201],[0.0988,51.4186],[0.1053,51.4153],[0.1139,51.413],[0.1125,51.4117],[0.1128,51.4092],[0.099,51.4085],[0.096,51.4071],[0.0986,51.405],[0.1038,51.4043],[0.1026,51.4014],[0.1073,51.3974],[0.1076,51.3952],[0.1119,51.395],[0.1123,51.3963],[0.1144,51.3959],[0.1141,51.3939],[0.125,51.3934],[0.1251,51.3924],[0.1228,51.392],[0.123,51.3913],[0.1189,51.3916],[0.1205,51.3903],[0.1212,51.388],[0.123,51.3878],[0.121,51.3913],[0.1147,51.3919],[0.1133,51.3859],[0.1116,51.3864],[0.1077,51.3823],[0.1039,51.3807],[0.0976,51.3734],[0.0915,51.3718],[0.0896,51.3732]]}},{"type":"Feature","properties":{"routeId":"b11","name":"B11","direction":"2","routeType":"regular","lengthKm":11.6,"stops":36},"geometry":{"type":"LineString","coordinates":[[0.1231,51.4963],[0.1207,51.4963],[0.1307,51.4964],[0.1354,51.4948],[0.1322,51.4917],[0.1225,51.4916],[0.1219,51.4932],[0.1212,51.4932],[0.1223,51.4906],[0.1221,51.4886],[0.1214,51.4887],[0.1213,51.4898],[0.1233,51.4898],[0.127,51.4869],[0.1263,51.4825],[0.127,51.4813],[0.1223,51.4814],[0.1232,51.4789],[0.1215,51.4783],[0.1185,51.4789],[0.1121,51.4731],[0.118,51.472],[0.1259,51.4747],[0.1293,51.4731],[0.136,51.4716],[0.1349,51.4703],[0.1305,51.4587],[0.1425,51.457],[0.1434,51.4576],[0.1475,51.4572],[0.1475,51.4566],[0.1528,51.4588],[0.1529,51.4597]]}},{"type":"Feature","properties":{"routeId":"a10","name":"A10","direction":"2","routeType":"regular","lengthKm":12.7,"stops":20},"geometry":{"type":"LineString","coordinates":[[-0.4532,51.4714],[-0.4544,51.4712],[-0.4531,51.4733],[-0.4536,51.481],[-0.4527,51.4851],[-0.4539,51.49],[-0.4535,51.4948],[-0.4542,51.4958],[-0.451,51.502],[-0.4513,51.5044],[-0.4497,51.5092],[-0.4505,51.5114],[-0.4528,51.5113],[-0.4446,51.5119],[-0.4438,51.5087],[-0.4401,51.5097],[-0.4355,51.5098],[-0.4348,51.5106],[-0.4331,51.5099],[-0.4334,51.512],[-0.4456,51.5203],[-0.4538,51.529],[-0.4569,51.5345],[-0.4589,51.5353],[-0.4677,51.5355],[-0.4707,51.5366],[-0.4731,51.539],[-0.4723,51.5413],[-0.4739,51.5436],[-0.4729,51.545],[-0.4774,51.5483],[-0.4784,51.5479]]}},{"type":"Feature","properties":{"routeId":"c1","name":"C1","direction":"1","routeType":"regular","lengthKm":10.1,"stops":33},"geometry":{"type":"LineString","coordinates":[[-0.1455,51.4958],[-0.149,51.4915],[-0.1511,51.4924],[-0.1503,51.4933],[-0.1531,51.495],[-0.158,51.4923],[-0.1604,51.5018],[-0.1679,51.4972],[-0.1745,51.4948],[-0.1748,51.4938],[-0.1796,51.4915],[-0.1932,51.4888],[-0.202,51.494],[-0.1967,51.4959],[-0.1987,51.499],[-0.2059,51.4967],[-0.2157,51.5039],[-0.2184,51.5044],[-0.2181,51.5057],[-0.2197,51.5095],[-0.2212,51.5096],[-0.2228,51.5082],[-0.224,51.5082],[-0.224,51.509]]}},{"type":"Feature","properties":{"routeId":"b13","name":"B13","direction":"2","routeType":"regular","lengthKm":8,"stops":23},"geometry":{"type":"LineString","coordinates":[[0.0714,51.4372],[0.0796,51.4415],[0.0818,51.4453],[0.083,51.4436],[0.086,51.4417],[0.097,51.447],[0.0994,51.449],[0.1014,51.4468],[0.1041,51.4456],[0.1099,51.4465],[0.1094,51.4497],[0.1183,51.448],[0.1198,51.4501],[0.1224,51.4512],[0.1253,51.4504],[0.1274,51.4524],[0.1337,51.4532],[0.1383,51.4496],[0.143,51.4533],[0.1438,51.4554],[0.1424,51.4557],[0.1426,51.4562],[0.144,51.4559]]}},{"type":"Feature","properties":{"routeId":"b14","name":"B14","direction":"2","routeType":"regular","lengthKm":22.7,"stops":50},"geometry":{"type":"LineString","coordinates":[[0.0897,51.3735],[0.0903,51.3721],[0.0913,51.3718],[0.0974,51.3733],[0.1032,51.3799],[0.1022,51.3813],[0.103,51.3824],[0.1071,51.382],[0.1116,51.3864],[0.1133,51.3859],[0.1147,51.3919],[0.1189,51.3916],[0.1205,51.3903],[0.1212,51.388],[0.123,51.3878],[0.121,51.3913],[0.1248,51.3922],[0.125,51.3934],[0.1141,51.3939],[0.1144,51.3959],[0.1123,51.3963],[0.1113,51.3951],[0.1076,51.3952],[0.1073,51.3974],[0.1026,51.4014],[0.1038,51.4043],[0.0985,51.405],[0.096,51.4071],[0.0986,51.4084],[0.1128,51.4092],[0.1124,51.4131],[0.1133,51.4141],[0.1071,51.4153],[0.1032,51.4174],[0.1052,51.4193],[0.0991,51.42],[0.0999,51.4226],[0.101,51.4237],[0.1009,51.4265],[0.1028,51.4263],[0.1033,51.428],[0.1076,51.4275],[0.108,51.4285],[0.1096,51.4292],[0.111,51.4282],[0.1124,51.4254],[0.1137,51.4251],[0.1209,51.432],[0.1238,51.4305],[0.1274,51.4319],[0.1238,51.4305],[0.1209,51.432],[0.1238,51.4305],[0.1275,51.432],[0.1238,51.4305],[0.1209,51.432],[0.1214,51.4332],[0.1201,51.4345],[0.1174,51.4414],[0.1196,51.4432],[0.1185,51.448],[0.12,51.4503],[0.122,51.4507],[0.1228,51.4519],[0.1239,51.4597],[0.1387,51.4575],[0.1394,51.4564],[0.144,51.4559]]}},{"type":"Feature","properties":{"routeId":"c11","name":"C11","direction":"1","routeType":"regular","lengthKm":13.7,"stops":53},"geometry":{"type":"LineString","coordinates":[[-0.1353,51.5662],[-0.1371,51.5667],[-0.1411,51.5654],[-0.1406,51.5627],[-0.1445,51.564],[-0.1467,51.5634],[-0.1473,51.5617],[-0.1504,51.5609],[-0.1465,51.5566],[-0.1479,51.556],[-0.1596,51.5529],[-0.165,51.5542],[-0.1692,51.5532],[-0.16,51.5475],[-0.1628,51.5455],[-0.1626,51.5436],[-0.1754,51.5416],[-0.1751,51.5432],[-0.1759,51.5446],[-0.1808,51.5465],[-0.1855,51.5441],[-0.1927,51.5442],[-0.1913,51.5459],[-0.191,51.5483],[-0.1916,51.5511],[-0.193,51.5522],[-0.2022,51.5511],[-0.2068,51.5536],[-0.2116,51.5586],[-0.2183,51.5675],[-0.2195,51.5708],[-0.2184,51.5727],[-0.221,51.5741],[-0.2222,51.5727],[-0.2234,51.5726],[-0.2245,51.5742],[-0.2264,51.5744],[-0.2234,51.5757]]}},{"type":"Feature","properties":{"routeId":"c3","name":"C3","direction":"1","routeType":"regular","lengthKm":6.6,"stops":23},"geometry":{"type":"LineString","coordinates":[[-0.169,51.4658],[-0.1679,51.4637],[-0.1734,51.4618],[-0.1762,51.4632],[-0.1784,51.4667],[-0.1837,51.4634],[-0.1848,51.462],[-0.1861,51.462],[-0.1864,51.4634],[-0.1895,51.4667],[-0.1856,51.4695],[-0.1825,51.475],[-0.1836,51.4762],[-0.1828,51.4769],[-0.1857,51.4803],[-0.1833,51.4812],[-0.1925,51.4887],[-0.201,51.4932]]}},{"type":"Feature","properties":{"routeId":"bl1","name":"BL1","direction":"1","routeType":"regular","lengthKm":9.5,"stops":9},"geometry":{"type":"LineString","coordinates":[[-0.0111,51.4604],[-0.0093,51.4624],[-0.0103,51.4627],[-0.0113,51.465],[-0.0164,51.4647],[-0.0269,51.4689],[-0.0361,51.4755],[-0.0463,51.4744],[-0.0486,51.4764],[-0.0756,51.4875],[-0.0851,51.4937],[-0.0948,51.4942],[-0.1009,51.4956],[-0.1117,51.5037]]}},{"type":"Feature","properties":{"routeId":"b16","name":"B16","direction":"1","routeType":"regular","lengthKm":14.7,"stops":47},"geometry":{"type":"LineString","coordinates":[[0.1529,51.4596],[0.1528,51.4588],[0.1464,51.4565],[0.1463,51.4572],[0.1386,51.4573],[0.0983,51.4639],[0.0961,51.4604],[0.0986,51.4582],[0.0953,51.4559],[0.0859,51.4574],[0.0846,51.4592],[0.079,51.4588],[0.0746,51.4622],[0.0692,51.4627],[0.0577,51.4613],[0.0627,51.4507],[0.0549,51.4507],[0.0262,51.4535],[0.0267,51.4568],[0.0316,51.4573],[0.0309,51.4604],[0.0282,51.4615],[0.0263,51.461],[0.0263,51.4594],[0.0227,51.459],[0.0211,51.4629],[0.0215,51.4613]]}},{"type":"Feature","properties":{"routeId":"969","name":"969","direction":"2","routeType":"school","lengthKm":17.9,"stops":45},"geometry":{"type":"LineString","coordinates":[[-0.2478,51.4388],[-0.2485,51.4394],[-0.2345,51.4444],[-0.2369,51.4481],[-0.2438,51.4518],[-0.2428,51.4571],[-0.2439,51.4652],[-0.2484,51.4651],[-0.2491,51.464],[-0.2514,51.4637],[-0.254,51.4642],[-0.253,51.465],[-0.2489,51.4644],[-0.2484,51.4651],[-0.2439,51.4652],[-0.237,51.4708],[-0.2369,51.4718],[-0.2393,51.4753],[-0.2474,51.4734],[-0.2514,51.4736],[-0.2575,51.4702],[-0.2667,51.4695],[-0.2667,51.4647],[-0.269,51.4642],[-0.2782,51.4643],[-0.2867,51.4618],[-0.2944,51.4622],[-0.2996,51.461],[-0.303,51.4613],[-0.3021,51.4601],[-0.3049,51.459],[-0.3061,51.4595],[-0.3056,51.4583],[-0.3134,51.4545],[-0.3181,51.4544],[-0.3223,51.4572],[-0.3234,51.4572],[-0.3278,51.4567],[-0.3319,51.4551],[-0.3426,51.4529],[-0.3537,51.4485],[-0.3516,51.4468],[-0.3569,51.4441],[-0.3603,51.4429],[-0.3615,51.4435]]}},{"type":"Feature","properties":{"routeId":"c10","name":"C10","direction":"1","routeType":"regular","lengthKm":15,"stops":49},"geometry":{"type":"LineString","coordinates":[[-0.0501,51.498],[-0.0496,51.4976],[-0.0485,51.4988],[-0.0465,51.4984],[-0.0458,51.4976],[-0.0459,51.4956],[-0.0443,51.4949],[-0.0391,51.4967],[-0.0354,51.4996],[-0.0334,51.5003],[-0.0343,51.5057],[-0.0386,51.5069],[-0.0439,51.5064],[-0.0458,51.5044],[-0.0508,51.5013],[-0.0552,51.4995],[-0.0553,51.4987],[-0.0663,51.4979],[-0.0702,51.4987],[-0.0788,51.4976],[-0.0932,51.5013],[-0.0973,51.4989],[-0.1012,51.495],[-0.1092,51.4982],[-0.106,51.4989],[-0.1122,51.5041],[-0.1141,51.5045],[-0.1169,51.5016],[-0.1158,51.5009],[-0.1171,51.4989],[-0.1196,51.4972],[-0.1211,51.4944],[-0.1291,51.4949],[-0.129,51.4929],[-0.128,51.4925],[-0.1309,51.4893],[-0.1434,51.4875],[-0.1499,51.4908],[-0.1453,51.4962],[-0.1441,51.4962]]}},{"type":"Feature","properties":{"routeId":"d6","name":"D6","direction":"1","routeType":"regular","lengthKm":8.2,"stops":31},"geometry":{"type":"LineString","coordinates":[[-0.057,51.5374],[-0.0573,51.5336],[-0.0555,51.5274],[-0.0402,51.5309],[-0.0351,51.5257],[-0.0339,51.5221],[-0.0304,51.5186],[-0.0278,51.5136],[-0.028,51.5119],[-0.021,51.5108],[-0.0125,51.5112],[-0.0121,51.5088],[-0.0091,51.5088],[-0.0077,51.5078],[-0.0073,51.5049],[-0.0093,51.4997],[-0.0134,51.4998],[-0.0142,51.4951],[-0.0131,51.4949]]}},{"type":"Feature","properties":{"routeId":"d3","name":"D3","direction":"1","routeType":"regular","lengthKm":10.6,"stops":33},"geometry":{"type":"LineString","coordinates":[[-0.0504,51.5319],[-0.0522,51.5303],[-0.0559,51.5293],[-0.0555,51.5274],[-0.0646,51.5265],[-0.0639,51.5238],[-0.0644,51.5218],[-0.0628,51.5185],[-0.0605,51.5094],[-0.0589,51.5096],[-0.0586,51.5058],[-0.0564,51.5042],[-0.0544,51.5061],[-0.0512,51.5072],[-0.0506,51.5098],[-0.0423,51.5106],[-0.0411,51.5129],[-0.0292,51.5122],[-0.0257,51.5097],[-0.0273,51.5079],[-0.0271,51.5061],[-0.0132,51.5043],[-0.0109,51.5058],[-0.0108,51.5069],[-0.0089,51.5068],[-0.0084,51.5079],[-0.0077,51.5069],[-0.0066,51.5069],[0.0006,51.5098],[0.0004,51.511],[0.005,51.5099]]}},{"type":"Feature","properties":{"routeId":"b15","name":"B15","direction":"1","routeType":"regular","lengthKm":12.6,"stops":39},"geometry":{"type":"LineString","coordinates":[[0.1464,51.4565],[0.1463,51.4572],[0.1423,51.457],[0.1305,51.4587],[0.1336,51.4661],[0.1294,51.4668],[0.1287,51.4657],[0.1105,51.4681],[0.1103,51.466],[0.1079,51.4624],[0.0948,51.4645],[0.0852,51.4618],[0.0751,51.4619],[0.0794,51.4586],[0.0765,51.4566],[0.079,51.4519],[0.0786,51.4512],[0.0697,51.4521],[0.0634,51.4507],[0.0519,51.4508],[0.0366,51.4529],[0.0227,51.4481],[0.0234,51.4477]]}},{"type":"Feature","properties":{"routeId":"bl1","name":"BL1","direction":"2","routeType":"regular","lengthKm":9.1,"stops":8},"geometry":{"type":"LineString","coordinates":[[-0.1108,51.5029],[-0.106,51.4989],[-0.1045,51.4989],[-0.0996,51.4951],[-0.0943,51.4941],[-0.0852,51.4948],[-0.0809,51.4906],[-0.0752,51.4874],[-0.0486,51.4764],[-0.046,51.4745],[-0.0359,51.4754],[-0.0269,51.4689],[-0.0166,51.4647],[-0.0128,51.4645],[-0.013,51.4611]]}},{"type":"Feature","properties":{"routeId":"c11","name":"C11","direction":"2","routeType":"regular","lengthKm":12.7,"stops":51},"geometry":{"type":"LineString","coordinates":[[-0.2226,51.5757],[-0.2256,51.5744],[-0.2245,51.5742],[-0.2234,51.5726],[-0.2222,51.5727],[-0.2223,51.5734],[-0.221,51.5741],[-0.2184,51.5727],[-0.2195,51.5708],[-0.2183,51.5675],[-0.2116,51.5586],[-0.2069,51.5537],[-0.2022,51.5511],[-0.193,51.5522],[-0.1916,51.5511],[-0.1912,51.5464],[-0.1793,51.5467],[-0.1759,51.5447],[-0.1731,51.5419],[-0.1626,51.5436],[-0.1628,51.5455],[-0.16,51.5475],[-0.1692,51.5532],[-0.163,51.5547],[-0.1581,51.5532],[-0.1479,51.556],[-0.1465,51.5566],[-0.1508,51.5615],[-0.1372,51.5668],[-0.1364,51.5664]]}},{"type":"Feature","properties":{"routeId":"d6","name":"D6","direction":"2","routeType":"regular","lengthKm":7.9,"stops":30},"geometry":{"type":"LineString","coordinates":[[-0.0138,51.4945],[-0.0143,51.4945],[-0.0134,51.4998],[-0.0093,51.4998],[-0.0075,51.505],[-0.0078,51.5069],[-0.0089,51.5073],[-0.0092,51.5088],[-0.0105,51.5088],[-0.0113,51.5113],[-0.0211,51.5108],[-0.0282,51.5118],[-0.0278,51.5136],[-0.0305,51.5187],[-0.0339,51.5219],[-0.0351,51.5257],[-0.0402,51.5309],[-0.0554,51.5273],[-0.0572,51.5327],[-0.0572,51.5351]]}},{"type":"Feature","properties":{"routeId":"c3","name":"C3","direction":"2","routeType":"regular","lengthKm":6.9,"stops":26},"geometry":{"type":"LineString","coordinates":[[-0.2012,51.4934],[-0.202,51.494],[-0.1965,51.4957],[-0.1816,51.4817],[-0.1857,51.4803],[-0.1828,51.4769],[-0.1836,51.4762],[-0.1825,51.475],[-0.1867,51.4681],[-0.1895,51.4667],[-0.186,51.463],[-0.1845,51.463],[-0.1785,51.4667],[-0.1759,51.4629],[-0.1734,51.4618],[-0.1678,51.4638],[-0.1681,51.4643]]}},{"type":"Feature","properties":{"routeId":"d3","name":"D3","direction":"2","routeType":"regular","lengthKm":11.2,"stops":38},"geometry":{"type":"LineString","coordinates":[[0.005,51.5099],[0.0012,51.5104],[-0.0066,51.5069],[-0.0103,51.5068],[-0.0127,51.5041],[-0.0149,51.5041],[-0.0272,51.5055],[-0.0266,51.5102],[-0.0294,51.5122],[-0.0413,51.5128],[-0.0422,51.5105],[-0.0506,51.5098],[-0.0512,51.5072],[-0.0544,51.5061],[-0.0564,51.5042],[-0.0586,51.5058],[-0.0589,51.5096],[-0.0535,51.5097],[-0.0536,51.5108],[-0.061,51.5111],[-0.0628,51.5185],[-0.0644,51.5218],[-0.0639,51.5238],[-0.0646,51.5265],[-0.0558,51.5275],[-0.0559,51.5293],[-0.0483,51.531],[-0.0504,51.5319]]}},{"type":"Feature","properties":{"routeId":"b16","name":"B16","direction":"2","routeType":"regular","lengthKm":14.3,"stops":43},"geometry":{"type":"LineString","coordinates":[[0.0215,51.4613],[0.0227,51.459],[0.0263,51.4594],[0.0263,51.461],[0.0282,51.4615],[0.0309,51.4604],[0.0316,51.4573],[0.0267,51.4568],[0.0262,51.4535],[0.0316,51.4528],[0.0364,51.4532],[0.0519,51.4508],[0.0627,51.4507],[0.0577,51.4613],[0.0692,51.4627],[0.0746,51.4622],[0.0791,51.4588],[0.0846,51.4592],[0.086,51.4574],[0.0953,51.4559],[0.0986,51.4582],[0.0961,51.4604],[0.0983,51.4639],[0.1425,51.457],[0.1434,51.4576],[0.1475,51.4572],[0.1475,51.4566],[0.1528,51.4588],[0.1529,51.4597]]}},{"type":"Feature","properties":{"routeId":"c1","name":"C1","direction":"2","routeType":"regular","lengthKm":9.3,"stops":31},"geometry":{"type":"LineString","coordinates":[[-0.2237,51.5088],[-0.2238,51.5082],[-0.2196,51.5093],[-0.2181,51.5044],[-0.2161,51.5049],[-0.2157,51.5039],[-0.2103,51.4998],[-0.2079,51.4996],[-0.2045,51.4971],[-0.1987,51.499],[-0.1945,51.4933],[-0.19,51.4896],[-0.1796,51.4915],[-0.1748,51.4938],[-0.1751,51.4956],[-0.169,51.4967],[-0.1605,51.5019],[-0.1578,51.4927],[-0.1531,51.495],[-0.1479,51.4925],[-0.1451,51.4965]]}},{"type":"Feature","properties":{"routeId":"d7","name":"D7","direction":"1","routeType":"regular","lengthKm":9.4,"stops":33},"geometry":{"type":"LineString","coordinates":[[-0.0124,51.5109],[-0.0121,51.5088],[-0.0091,51.5088],[-0.0076,51.5077],[-0.0073,51.505],[-0.0096,51.4973],[-0.0087,51.4946],[-0.0056,51.4915],[-0.0072,51.4887],[-0.0127,51.4873],[-0.0161,51.4873],[-0.0219,51.4898],[-0.0245,51.4921],[-0.0257,51.4954],[-0.0261,51.5004],[-0.0257,51.5041],[-0.0176,51.5028],[-0.0172,51.5043],[-0.0274,51.5057],[-0.0266,51.5102],[-0.0283,51.5116],[-0.0278,51.5136],[-0.0311,51.5195],[-0.0339,51.5219],[-0.0344,51.5238]]}},{"type":"Feature","properties":{"routeId":"b15","name":"B15","direction":"2","routeType":"regular","lengthKm":13.4,"stops":40},"geometry":{"type":"LineString","coordinates":[[0.0234,51.4477],[0.0255,51.4448],[0.03,51.4434],[0.0307,51.4465],[0.0291,51.4503],[0.0364,51.4532],[0.0519,51.4508],[0.0634,51.4508],[0.0696,51.4521],[0.0786,51.4512],[0.079,51.4519],[0.0765,51.4566],[0.0793,51.4586],[0.0751,51.4619],[0.0852,51.4618],[0.0948,51.4645],[0.1079,51.4624],[0.1103,51.466],[0.1105,51.4681],[0.1288,51.4657],[0.1294,51.4668],[0.1336,51.4661],[0.1305,51.4587],[0.1423,51.457],[0.1433,51.4576],[0.1454,51.4571]]}},{"type":"Feature","properties":{"routeId":"e1","name":"E1","direction":"1","routeType":"regular","lengthKm":5.2,"stops":14},"geometry":{"type":"LineString","coordinates":[[-0.3514,51.5274],[-0.3425,51.5272],[-0.3385,51.5195],[-0.3374,51.5151],[-0.3284,51.5169],[-0.3242,51.5161],[-0.3195,51.5165],[-0.3196,51.515],[-0.314,51.5147],[-0.3046,51.5152],[-0.3047,51.516],[-0.3021,51.5162],[-0.3023,51.5149],[-0.3039,51.5155]]}},{"type":"Feature","properties":{"routeId":"c10","name":"C10","direction":"2","routeType":"regular","lengthKm":14.4,"stops":47},"geometry":{"type":"LineString","coordinates":[[-0.1435,51.4966],[-0.145,51.4965],[-0.1497,51.4908],[-0.1434,51.4875],[-0.1309,51.4893],[-0.1284,51.4919],[-0.1291,51.4949],[-0.1211,51.4944],[-0.1196,51.4972],[-0.1171,51.4989],[-0.1168,51.5003],[-0.1175,51.5009],[-0.1139,51.5052],[-0.1009,51.4956],[-0.0973,51.4989],[-0.0932,51.5013],[-0.0788,51.4976],[-0.0701,51.4988],[-0.0655,51.498],[-0.0539,51.4996],[-0.0433,51.5066],[-0.0388,51.5069],[-0.0343,51.5057],[-0.0334,51.5003],[-0.0354,51.4996],[-0.039,51.4968],[-0.0443,51.4949],[-0.0457,51.4953],[-0.0459,51.4978],[-0.0467,51.4985],[-0.0499,51.4982]]}},{"type":"Feature","properties":{"routeId":"d8","name":"D8","direction":"1","routeType":"regular","lengthKm":9.4,"stops":30},"geometry":{"type":"LineString","coordinates":[[-0.0024,51.541],[-0.0006,51.5396],[-0.0011,51.5386],[-0.011,51.531],[-0.0178,51.5282],[-0.0173,51.5277],[-0.0136,51.5285],[-0.0131,51.5289],[-0.0145,51.5297],[-0.0141,51.53],[-0.0108,51.5271],[-0.0114,51.5255],[-0.0102,51.5224],[-0.0102,51.5193],[-0.0074,51.5119],[-0.0125,51.5112],[-0.0121,51.5088],[-0.0091,51.5088],[-0.0076,51.5074],[-0.0103,51.5068],[-0.0129,51.504],[-0.0266,51.5055],[-0.0251,51.5027],[-0.0231,51.5013],[-0.0134,51.4998],[-0.0142,51.4951],[-0.0131,51.4949]]}},{"type":"Feature","properties":{"routeId":"e10","name":"E10","direction":"1","routeType":"regular","lengthKm":11.5,"stops":33},"geometry":{"type":"LineString","coordinates":[[-0.383,51.5452],[-0.3793,51.5476],[-0.3757,51.5487],[-0.3708,51.5462],[-0.3692,51.5473],[-0.3626,51.5457],[-0.3658,51.5428],[-0.3699,51.5417],[-0.3703,51.5384],[-0.3688,51.5372],[-0.3712,51.5371],[-0.3713,51.5327],[-0.3691,51.5325],[-0.3686,51.535],[-0.3639,51.5355],[-0.3588,51.5348],[-0.3533,51.5358],[-0.3497,51.5352],[-0.3553,51.5284],[-0.347,51.527],[-0.3269,51.5288],[-0.3238,51.5246],[-0.3232,51.5213],[-0.3162,51.5221],[-0.3115,51.5213],[-0.3106,51.5186],[-0.3084,51.5168],[-0.3021,51.5162],[-0.3023,51.5149],[-0.3039,51.5155]]}},{"type":"Feature","properties":{"routeId":"e3","name":"E3","direction":"1","routeType":"regular","lengthKm":15,"stops":44},"geometry":{"type":"LineString","coordinates":[[-0.3514,51.5274],[-0.3425,51.5272],[-0.3385,51.5195],[-0.3369,51.5123],[-0.3348,51.5108],[-0.3345,51.5088],[-0.3195,51.5109],[-0.3192,51.5049],[-0.3155,51.5016],[-0.3149,51.4994],[-0.3124,51.4969],[-0.301,51.4993],[-0.2941,51.5016],[-0.287,51.5008],[-0.2847,51.5012],[-0.2803,51.5033],[-0.2762,51.5083],[-0.2666,51.5067],[-0.2664,51.5061],[-0.2679,51.5059],[-0.2657,51.5025],[-0.2583,51.5026],[-0.2568,51.5012],[-0.2553,51.4957],[-0.2554,51.4927],[-0.2656,51.4926],[-0.2666,51.4886],[-0.2701,51.4826],[-0.2683,51.4815],[-0.2628,51.4816],[-0.2602,51.48],[-0.2581,51.4817],[-0.2534,51.4826],[-0.2545,51.4823]]}},{"type":"Feature","properties":{"routeId":"e11","name":"E11","direction":"1","routeType":"regular","lengthKm":8,"stops":30},"geometry":{"type":"LineString","coordinates":[[-0.3514,51.5274],[-0.3425,51.5272],[-0.3419,51.5262],[-0.3407,51.5235],[-0.3463,51.5225],[-0.3472,51.519],[-0.3386,51.5197],[-0.34,51.5219],[-0.332,51.5235],[-0.3305,51.5198],[-0.3304,51.5185],[-0.3317,51.5183],[-0.3313,51.516],[-0.3284,51.5169],[-0.3246,51.5161],[-0.3218,51.5164],[-0.3197,51.5136],[-0.3195,51.5109],[-0.2999,51.5141],[-0.2964,51.5129],[-0.296,51.5083],[-0.2953,51.5076]]}},{"type":"Feature","properties":{"routeId":"e2","name":"E2","direction":"1","routeType":"regular","lengthKm":10.7,"stops":32},"geometry":{"type":"LineString","coordinates":[[-0.3144,51.4839],[-0.3125,51.4824],[-0.3064,51.4835],[-0.3083,51.4865],[-0.3079,51.4877],[-0.3089,51.4899],[-0.3138,51.4936],[-0.3153,51.4957],[-0.3128,51.4971],[-0.3149,51.4994],[-0.3154,51.5015],[-0.3192,51.5049],[-0.3195,51.5109],[-0.3045,51.5132],[-0.3047,51.516],[-0.3022,51.5163],[-0.3023,51.5149],[-0.3065,51.5164],[-0.3062,51.5206],[-0.3085,51.5227],[-0.309,51.5269],[-0.3239,51.5245],[-0.327,51.5287],[-0.3436,51.5271],[-0.3509,51.5274]]}},{"type":"Feature","properties":{"routeId":"e5","name":"E5","direction":"1","routeType":"regular","lengthKm":11.5,"stops":33},"geometry":{"type":"LineString","coordinates":[[-0.3642,51.503],[-0.3636,51.5019],[-0.3678,51.5004],[-0.3696,51.5002],[-0.3697,51.5019],[-0.372,51.5021],[-0.372,51.5003],[-0.3765,51.5003],[-0.3767,51.4979],[-0.3875,51.5004],[-0.3858,51.5024],[-0.3821,51.5022],[-0.3802,51.5035],[-0.3756,51.5112],[-0.3756,51.5161],[-0.3652,51.5152],[-0.3639,51.5153],[-0.3643,51.5159],[-0.362,51.5181],[-0.3548,51.5176],[-0.3544,51.5213],[-0.3523,51.5275],[-0.3445,51.5271],[-0.3276,51.5287],[-0.327,51.5292],[-0.3299,51.5318],[-0.33,51.5341],[-0.3329,51.5342],[-0.3331,51.5349],[-0.3325,51.5341],[-0.3212,51.5333],[-0.3193,51.5344]]}},{"type":"Feature","properties":{"routeId":"e1","name":"E1","direction":"2","routeType":"regular","lengthKm":4.8,"stops":14},"geometry":{"type":"LineString","coordinates":[[-0.3043,51.5157],[-0.3081,51.5166],[-0.3082,51.515],[-0.314,51.5147],[-0.3196,51.515],[-0.3195,51.5165],[-0.3242,51.5161],[-0.3284,51.5169],[-0.3374,51.5151],[-0.3385,51.5195],[-0.3425,51.5272],[-0.3509,51.5274]]}},{"type":"Feature","properties":{"routeId":"e7","name":"E7","direction":"1","routeType":"regular","lengthKm":13.5,"stops":38},"geometry":{"type":"LineString","coordinates":[[-0.4215,51.5723],[-0.4225,51.5722],[-0.4227,51.5688],[-0.42,51.5683],[-0.4153,51.5646],[-0.3987,51.5484],[-0.3967,51.5394],[-0.3904,51.5363],[-0.3877,51.534],[-0.3819,51.5328],[-0.3675,51.5322],[-0.363,51.5294],[-0.3486,51.5271],[-0.3269,51.5288],[-0.3238,51.5246],[-0.3226,51.5172],[-0.3197,51.5136],[-0.3195,51.5109],[-0.3045,51.5132],[-0.3047,51.516],[-0.3023,51.5163],[-0.3023,51.5156]]}},{"type":"Feature","properties":{"routeId":"d7","name":"D7","direction":"2","routeType":"regular","lengthKm":9.9,"stops":34},"geometry":{"type":"LineString","coordinates":[[-0.0352,51.5259],[-0.0339,51.5221],[-0.0311,51.5195],[-0.0285,51.5149],[-0.0281,51.5116],[-0.0257,51.5097],[-0.0273,51.5079],[-0.0271,51.5061],[-0.0144,51.5046],[-0.0172,51.5043],[-0.0177,51.5026],[-0.0253,51.5038],[-0.026,51.5013],[-0.0257,51.4954],[-0.0246,51.4922],[-0.0219,51.4898],[-0.0161,51.4873],[-0.0077,51.4885],[-0.0056,51.4915],[-0.0087,51.4946],[-0.0096,51.4972],[-0.0095,51.4998],[-0.0074,51.5056],[-0.0078,51.5069],[-0.0089,51.5073],[-0.0088,51.5084],[-0.0105,51.5088],[-0.0112,51.5108]]}},{"type":"Feature","properties":{"routeId":"e10","name":"E10","direction":"2","routeType":"regular","lengthKm":11.2,"stops":36},"geometry":{"type":"LineString","coordinates":[[-0.3043,51.5157],[-0.3098,51.5177],[-0.3116,51.5213],[-0.316,51.5219],[-0.3232,51.5212],[-0.3239,51.5245],[-0.327,51.5287],[-0.347,51.527],[-0.3553,51.5284],[-0.3542,51.5304],[-0.3505,51.5336],[-0.35,51.5352],[-0.3533,51.5358],[-0.3588,51.5348],[-0.3639,51.5355],[-0.3686,51.535],[-0.3691,51.5325],[-0.3719,51.5326],[-0.3712,51.5371],[-0.3688,51.5372],[-0.3703,51.5384],[-0.3699,51.5417],[-0.3658,51.5428],[-0.3626,51.5457],[-0.3692,51.5473],[-0.3708,51.5462],[-0.3757,51.5487],[-0.3793,51.5476],[-0.383,51.5452]]}},{"type":"Feature","properties":{"routeId":"e2","name":"E2","direction":"2","routeType":"regular","lengthKm":10.5,"stops":30},"geometry":{"type":"LineString","coordinates":[[-0.3507,51.5274],[-0.3445,51.5271],[-0.3269,51.5288],[-0.3238,51.5246],[-0.309,51.5269],[-0.3085,51.5228],[-0.3063,51.5208],[-0.3065,51.5164],[-0.3022,51.5163],[-0.3019,51.5141],[-0.3195,51.5109],[-0.3192,51.5049],[-0.3155,51.5016],[-0.3149,51.4994],[-0.3128,51.4971],[-0.3153,51.4957],[-0.3138,51.4936],[-0.3089,51.4899],[-0.3079,51.4877],[-0.3083,51.4865],[-0.3064,51.4835],[-0.3126,51.4824],[-0.315,51.4843]]}},{"type":"Feature","properties":{"routeId":"d8","name":"D8","direction":"2","routeType":"regular","lengthKm":8.3,"stops":24},"geometry":{"type":"LineString","coordinates":[[-0.0138,51.4945],[-0.0143,51.4945],[-0.0134,51.4998],[-0.0231,51.5013],[-0.0274,51.5058],[-0.0132,51.5043],[-0.0109,51.5058],[-0.0107,51.5069],[-0.0088,51.507],[-0.0088,51.5084],[-0.0105,51.5088],[-0.0113,51.5113],[-0.009,51.5115],[-0.0083,51.5141],[-0.0103,51.5191],[-0.0115,51.526],[-0.0138,51.5282],[-0.0131,51.5289],[-0.0145,51.5298],[-0.0099,51.532],[-0.0008,51.5391],[-0.0023,51.5414]]}},{"type":"Feature","properties":{"routeId":"e6","name":"E6","direction":"1","routeType":"regular","lengthKm":13.4,"stops":36},"geometry":{"type":"LineString","coordinates":[[-0.3455,51.543],[-0.3494,51.5388],[-0.3484,51.5367],[-0.3459,51.5361],[-0.3523,51.5275],[-0.3628,51.5294],[-0.3671,51.5322],[-0.3764,51.5329],[-0.3789,51.5328],[-0.3801,51.5302],[-0.3839,51.527],[-0.3879,51.5283],[-0.3892,51.5278],[-0.3899,51.5251],[-0.3872,51.5235],[-0.3857,51.5235],[-0.3872,51.5234],[-0.3884,51.5246],[-0.3956,51.5272],[-0.3993,51.5275],[-0.3991,51.5252],[-0.4,51.5235],[-0.4052,51.5198],[-0.4165,51.508],[-0.4187,51.5071],[-0.4198,51.5041],[-0.424,51.5013],[-0.4258,51.4985],[-0.4206,51.4968],[-0.4218,51.4952],[-0.4213,51.4943],[-0.4172,51.4938],[-0.4157,51.4956],[-0.4135,51.4949],[-0.413,51.498],[-0.4059,51.4986]]}},{"type":"Feature","properties":{"routeId":"e11","name":"E11","direction":"2","routeType":"regular","lengthKm":8.1,"stops":26},"geometry":{"type":"LineString","coordinates":[[-0.2953,51.5076],[-0.296,51.5083],[-0.2964,51.5129],[-0.2999,51.5141],[-0.3195,51.5109],[-0.3197,51.5136],[-0.3218,51.5164],[-0.3246,51.5161],[-0.3284,51.5169],[-0.3313,51.516],[-0.3317,51.5183],[-0.3304,51.5185],[-0.3305,51.5198],[-0.332,51.5235],[-0.34,51.5219],[-0.3386,51.5197],[-0.3472,51.519],[-0.3463,51.5225],[-0.3407,51.5235],[-0.3411,51.5242],[-0.3425,51.5272],[-0.3509,51.5274]]}},{"type":"Feature","properties":{"routeId":"e8","name":"E8","direction":"1","routeType":"regular","lengthKm":11.8,"stops":40},"geometry":{"type":"LineString","coordinates":[[-0.3666,51.4673],[-0.3658,51.4667],[-0.3623,51.4674],[-0.3569,51.4701],[-0.3482,51.4723],[-0.3436,51.4746],[-0.334,51.4754],[-0.3126,51.4824],[-0.3064,51.4835],[-0.3081,51.4864],[-0.3143,51.4887],[-0.3189,51.4934],[-0.3254,51.4963],[-0.3309,51.5023],[-0.3421,51.5083],[-0.328,51.5096],[-0.3049,51.5132],[-0.3044,51.5134],[-0.3047,51.516],[-0.3023,51.5163],[-0.3023,51.5156]]}},{"type":"Feature","properties":{"routeId":"e3","name":"E3","direction":"2","routeType":"regular","lengthKm":14.5,"stops":45},"geometry":{"type":"LineString","coordinates":[[-0.2545,51.4823],[-0.2581,51.4817],[-0.2602,51.48],[-0.2628,51.4816],[-0.2683,51.4815],[-0.2701,51.4826],[-0.2666,51.4886],[-0.2659,51.4914],[-0.2628,51.4925],[-0.2554,51.4927],[-0.2553,51.4957],[-0.2568,51.5012],[-0.2581,51.5026],[-0.2657,51.5025],[-0.2683,51.5067],[-0.2762,51.5083],[-0.2803,51.5033],[-0.2854,51.5009],[-0.2941,51.5016],[-0.301,51.4993],[-0.3122,51.4968],[-0.3149,51.4994],[-0.3154,51.5015],[-0.3192,51.5049],[-0.3194,51.5107],[-0.3345,51.5088],[-0.3348,51.5108],[-0.3369,51.5123],[-0.3385,51.5195],[-0.3425,51.5272],[-0.3509,51.5274]]}},{"type":"Feature","properties":{"routeId":"el1","name":"EL1","direction":"1","routeType":"regular","lengthKm":9.1,"stops":29},"geometry":{"type":"LineString","coordinates":[[0.069,51.5581],[0.0701,51.5582],[0.0705,51.5569],[0.0716,51.5565],[0.0713,51.5558],[0.0781,51.5439],[0.0833,51.5411],[0.0797,51.538],[0.084,51.5342],[0.0876,51.5346],[0.0906,51.5328],[0.0941,51.5274],[0.1024,51.5284],[0.1168,51.5265],[0.1166,51.5247],[0.112,51.5249],[0.1116,51.5228],[0.1084,51.5228],[0.1116,51.5181],[0.1174,51.519],[0.1195,51.5203],[0.1195,51.5215],[0.1241,51.5254]]}},{"type":"Feature","properties":{"routeId":"e9","name":"E9","direction":"1","routeType":"regular","lengthKm":10.1,"stops":28},"geometry":{"type":"LineString","coordinates":[[-0.4058,51.53],[-0.4069,51.5296],[-0.4087,51.5307],[-0.4062,51.5319],[-0.4049,51.5336],[-0.4002,51.5329],[-0.3967,51.5334],[-0.3907,51.5364],[-0.3865,51.5336],[-0.3675,51.5322],[-0.363,51.5294],[-0.3522,51.5274],[-0.3445,51.5271],[-0.3269,51.5288],[-0.3238,51.5246],[-0.309,51.5269],[-0.3085,51.5228],[-0.3063,51.5208],[-0.3065,51.5164],[-0.3021,51.5161],[-0.3023,51.5149],[-0.3039,51.5155]]}},{"type":"Feature","properties":{"routeId":"el2","name":"EL2","direction":"1","routeType":"regular","lengthKm":12.1,"stops":34},"geometry":{"type":"LineString","coordinates":[[0.1496,51.5614],[0.148,51.5611],[0.1469,51.5571],[0.1433,51.5545],[0.1363,51.5526],[0.1228,51.5512],[0.1077,51.552],[0.1041,51.5497],[0.086,51.5425],[0.0797,51.5381],[0.084,51.5342],[0.0876,51.5346],[0.0906,51.5328],[0.0941,51.5274],[0.1018,51.5284],[0.1159,51.5265],[0.1168,51.5265],[0.1168,51.5274],[0.1229,51.5269],[0.128,51.526],[0.1333,51.5236],[0.1458,51.5219],[0.1467,51.5253],[0.148,51.5253]]}},{"type":"Feature","properties":{"routeId":"e7","name":"E7","direction":"2","routeType":"regular","lengthKm":14.5,"stops":38},"geometry":{"type":"LineString","coordinates":[[-0.3023,51.515],[-0.302,51.514],[-0.3044,51.5132],[-0.3195,51.5109],[-0.3197,51.5136],[-0.3226,51.5172],[-0.3239,51.5245],[-0.327,51.5287],[-0.3486,51.5271],[-0.3628,51.5294],[-0.3654,51.5315],[-0.368,51.5323],[-0.3819,51.5328],[-0.3877,51.534],[-0.3904,51.5363],[-0.3967,51.5395],[-0.3983,51.546],[-0.4001,51.5494],[-0.4054,51.5554],[-0.4126,51.5614],[-0.4153,51.5646],[-0.4201,51.5683],[-0.4223,51.5685],[-0.4238,51.5705],[-0.4292,51.5712],[-0.4312,51.5722],[-0.4305,51.573],[-0.425,51.5746],[-0.4225,51.5722],[-0.4214,51.572]]}},{"type":"Feature","properties":{"routeId":"e5","name":"E5","direction":"2","routeType":"regular","lengthKm":11.5,"stops":36},"geometry":{"type":"LineString","coordinates":[[-0.3193,51.5344],[-0.3209,51.5333],[-0.3327,51.5341],[-0.3331,51.5349],[-0.3328,51.5342],[-0.3298,51.5339],[-0.3298,51.5315],[-0.3269,51.5287],[-0.3436,51.5271],[-0.3523,51.5275],[-0.3544,51.5214],[-0.3548,51.5176],[-0.362,51.5181],[-0.3643,51.5159],[-0.3639,51.5153],[-0.3652,51.5152],[-0.3755,51.516],[-0.3756,51.5112],[-0.3802,51.5035],[-0.3821,51.5022],[-0.387,51.5028],[-0.3888,51.5005],[-0.3827,51.501],[-0.372,51.5003],[-0.372,51.5021],[-0.3697,51.5019],[-0.3696,51.5002],[-0.3685,51.5003],[-0.364,51.5018],[-0.3655,51.5028],[-0.3642,51.503]]}},{"type":"Feature","properties":{"routeId":"e6","name":"E6","direction":"2","routeType":"regular","lengthKm":13.6,"stops":39},"geometry":{"type":"LineString","coordinates":[[-0.4059,51.4986],[-0.4093,51.4978],[-0.413,51.498],[-0.4135,51.4949],[-0.4157,51.4956],[-0.4172,51.4938],[-0.4214,51.4944],[-0.4218,51.4952],[-0.4206,51.4968],[-0.4263,51.4982],[-0.4239,51.5015],[-0.4207,51.5033],[-0.4191,51.5053],[-0.4189,51.507],[-0.4165,51.508],[-0.4051,51.5199],[-0.4,51.5235],[-0.3991,51.5252],[-0.3993,51.5275],[-0.3956,51.5272],[-0.3857,51.5235],[-0.3872,51.5234],[-0.3884,51.5246],[-0.3909,51.5252],[-0.3899,51.5253],[-0.3889,51.5281],[-0.384,51.5269],[-0.3801,51.5302],[-0.3789,51.5328],[-0.3717,51.5329],[-0.3659,51.5317],[-0.363,51.5294],[-0.3523,51.5275],[-0.3472,51.5349],[-0.3472,51.5363],[-0.3454,51.5376],[-0.3431,51.5424],[-0.3452,51.5429]]}},{"type":"Feature","properties":{"routeId":"el1","name":"EL1","direction":"2","routeType":"regular","lengthKm":9,"stops":28},"geometry":{"type":"LineString","coordinates":[[0.124,51.5249],[0.12,51.522],[0.1195,51.5203],[0.1174,51.519],[0.1116,51.5181],[0.1084,51.5228],[0.1116,51.523],[0.112,51.5249],[0.1166,51.5247],[0.1168,51.5265],[0.1024,51.5284],[0.0941,51.5274],[0.0906,51.5328],[0.0876,51.5346],[0.084,51.5342],[0.0795,51.538],[0.0826,51.5404],[0.0827,51.5414],[0.0777,51.5444],[0.0713,51.5563],[0.0677,51.5575],[0.069,51.5581]]}},{"type":"Feature","properties":{"routeId":"el3","name":"EL3","direction":"1","routeType":"regular","lengthKm":12.1,"stops":37},"geometry":{"type":"LineString","coordinates":[[0.1169,51.5813],[0.1186,51.5813],[0.1155,51.5803],[0.1145,51.5784],[0.111,51.5793],[0.1114,51.5799],[0.1126,51.5789],[0.1149,51.5792],[0.1119,51.5719],[0.1102,51.5632],[0.1096,51.5631],[0.1094,51.5583],[0.1078,51.5564],[0.1086,51.5545],[0.1078,51.5521],[0.1041,51.5497],[0.086,51.5425],[0.0797,51.5381],[0.084,51.5342],[0.0876,51.5346],[0.0906,51.5328],[0.093,51.5299],[0.0951,51.5251],[0.0986,51.5253],[0.0997,51.5221],[0.0967,51.5214],[0.0951,51.5251],[0.112,51.5249],[0.1116,51.5228],[0.1084,51.5228],[0.1092,51.5218]]}},{"type":"Feature","properties":{"routeId":"e8","name":"E8","direction":"2","routeType":"regular","lengthKm":11.2,"stops":40},"geometry":{"type":"LineString","coordinates":[[-0.3023,51.515],[-0.302,51.514],[-0.3044,51.5132],[-0.328,51.5096],[-0.338,51.5088],[-0.337,51.5058],[-0.3303,51.5018],[-0.3254,51.4963],[-0.3192,51.4936],[-0.3143,51.4887],[-0.308,51.4864],[-0.3064,51.4835],[-0.3126,51.4824],[-0.3333,51.4756],[-0.3431,51.4748],[-0.3482,51.4723],[-0.3566,51.47],[-0.363,51.4672],[-0.3651,51.4668],[-0.3669,51.4682]]}},{"type":"Feature","properties":{"routeId":"g1","name":"G1","direction":"1","routeType":"regular","lengthKm":18.4,"stops":53},"geometry":{"type":"LineString","coordinates":[[-0.1232,51.4149],[-0.1241,51.4146],[-0.1281,51.4195],[-0.1312,51.4263],[-0.131,51.4291],[-0.1336,51.4277],[-0.135,51.4287],[-0.1353,51.4302],[-0.1399,51.4306],[-0.1401,51.4288],[-0.1529,51.4275],[-0.1636,51.4247],[-0.168,51.4279],[-0.1727,51.4236],[-0.1785,51.4257],[-0.1776,51.4271],[-0.1737,51.4284],[-0.1715,51.4274],[-0.1754,51.4247],[-0.1779,51.4258],[-0.1776,51.4271],[-0.1754,51.4275],[-0.1765,51.4283],[-0.174,51.43],[-0.177,51.4319],[-0.1813,51.4332],[-0.1813,51.4347],[-0.18,51.4362],[-0.1779,51.4362],[-0.1772,51.4347],[-0.1759,51.435],[-0.1768,51.4361],[-0.18,51.4362],[-0.1816,51.4376],[-0.1762,51.4402],[-0.175,51.4394],[-0.1729,51.4394],[-0.173,51.4387],[-0.1762,51.4402],[-0.168,51.4438],[-0.1635,51.4483],[-0.1541,51.4512],[-0.1521,51.4527],[-0.1473,51.4532],[-0.1475,51.454],[-0.1537,51.4568],[-0.1637,51.4535],[-0.1654,51.4564],[-0.1678,51.4638],[-0.1619,51.4645],[-0.1627,51.4671],[-0.1541,51.4678],[-0.155,51.4697],[-0.1543,51.4695]]}},{"type":"Feature","properties":{"routeId":"e9","name":"E9","direction":"2","routeType":"regular","lengthKm":10.2,"stops":28},"geometry":{"type":"LineString","coordinates":[[-0.3043,51.5157],[-0.3065,51.5164],[-0.3062,51.5206],[-0.3085,51.5227],[-0.309,51.5269],[-0.3239,51.5245],[-0.327,51.5287],[-0.3436,51.5271],[-0.3522,51.5274],[-0.3628,51.5294],[-0.3671,51.5322],[-0.3832,51.5329],[-0.387,51.5337],[-0.3918,51.536],[-0.3967,51.5334],[-0.4002,51.5329],[-0.4049,51.5336],[-0.4057,51.5319],[-0.4084,51.5306],[-0.405,51.5279],[-0.4032,51.5289],[-0.4053,51.5304],[-0.4058,51.53]]}},{"type":"Feature","properties":{"routeId":"el2","name":"EL2","direction":"2","routeType":"regular","lengthKm":12.2,"stops":34},"geometry":{"type":"LineString","coordinates":[[0.148,51.5253],[0.1466,51.5251],[0.1458,51.5219],[0.1333,51.5236],[0.128,51.526],[0.1229,51.5269],[0.1168,51.5274],[0.1168,51.5265],[0.1159,51.5265],[0.1018,51.5284],[0.0942,51.5272],[0.0906,51.5328],[0.0876,51.5346],[0.084,51.5342],[0.0795,51.538],[0.0826,51.5403],[0.0826,51.541],[0.1049,51.5501],[0.1075,51.5521],[0.1235,51.5512],[0.1362,51.5526],[0.1434,51.5545],[0.147,51.5572],[0.1478,51.5612],[0.1495,51.5614]]}},{"type":"Feature","properties":{"routeId":"h10","name":"H10","direction":"1","routeType":"regular","lengthKm":17,"stops":42},"geometry":{"type":"LineString","coordinates":[[-0.3215,51.5765],[-0.3245,51.5765],[-0.3245,51.5756],[-0.3253,51.5756],[-0.3261,51.5779],[-0.3287,51.5803],[-0.3338,51.5789],[-0.3341,51.58],[-0.3418,51.58],[-0.344,51.5733],[-0.3468,51.5693],[-0.3541,51.5642],[-0.3564,51.5652],[-0.3617,51.5651],[-0.3725,51.5619],[-0.3779,51.5688],[-0.3741,51.5724],[-0.3713,51.5726],[-0.3706,51.5752],[-0.3711,51.5772],[-0.3687,51.5776],[-0.3589,51.5886],[-0.3513,51.592],[-0.3377,51.5939],[-0.335,51.5929],[-0.3349,51.5956],[-0.3335,51.5948],[-0.3332,51.5936],[-0.3309,51.5929],[-0.3298,51.5917],[-0.3284,51.5922],[-0.3239,51.5908],[-0.311,51.5929],[-0.3083,51.5898],[-0.3068,51.5865],[-0.3127,51.5844],[-0.3201,51.5804],[-0.325,51.579],[-0.326,51.5777],[-0.3251,51.5748],[-0.3196,51.5741],[-0.3183,51.5757],[-0.3185,51.5765],[-0.3215,51.5765]]}},{"type":"Feature","properties":{"routeId":"h11","name":"H11","direction":"1","routeType":"regular","lengthKm":10.9,"stops":34},"geometry":{"type":"LineString","coordinates":[[-0.338,51.5801],[-0.3418,51.58],[-0.343,51.5773],[-0.35,51.5751],[-0.3575,51.5753],[-0.3683,51.5844],[-0.3738,51.5837],[-0.3819,51.5862],[-0.3826,51.5887],[-0.3801,51.5905],[-0.3819,51.5922],[-0.3823,51.5939],[-0.3849,51.5956],[-0.3929,51.5987],[-0.3955,51.5979],[-0.402,51.6006],[-0.4178,51.6048],[-0.4145,51.61],[-0.4191,51.6114],[-0.4266,51.612],[-0.4335,51.6114],[-0.4396,51.6152],[-0.4433,51.6166],[-0.4449,51.6164]]}},{"type":"Feature","properties":{"routeId":"h12","name":"H12","direction":"1","routeType":"regular","lengthKm":14.6,"stops":42},"geometry":{"type":"LineString","coordinates":[[-0.3037,51.6197],[-0.3142,51.6165],[-0.3194,51.6168],[-0.3234,51.615],[-0.3313,51.6136],[-0.3336,51.6121],[-0.3391,51.6109],[-0.3403,51.6066],[-0.3397,51.6044],[-0.3572,51.6039],[-0.3601,51.6086],[-0.3696,51.6088],[-0.376,51.6072],[-0.3844,51.603],[-0.3893,51.6016],[-0.3929,51.5987],[-0.383,51.5946],[-0.3801,51.5905],[-0.3826,51.5887],[-0.3817,51.5861],[-0.3821,51.5835],[-0.3812,51.5822],[-0.3823,51.5782],[-0.3743,51.5767],[-0.369,51.5776],[-0.3713,51.5726],[-0.3655,51.5726],[-0.3655,51.5711],[-0.3642,51.5709],[-0.3615,51.5651],[-0.3567,51.5652],[-0.3541,51.5642],[-0.3518,51.565]]}},{"type":"Feature","properties":{"routeId":"h13","name":"H13","direction":"1","routeType":"regular","lengthKm":12.5,"stops":37},"geometry":{"type":"LineString","coordinates":[[-0.4191,51.5951],[-0.4172,51.5941],[-0.414,51.5959],[-0.4104,51.5966],[-0.4093,51.6023],[-0.4109,51.6064],[-0.4099,51.6089],[-0.406,51.6084],[-0.3982,51.6053],[-0.3975,51.6028],[-0.395,51.5999],[-0.383,51.5946],[-0.3801,51.5905],[-0.3859,51.5868],[-0.3913,51.5847],[-0.3972,51.5845],[-0.4003,51.5836],[-0.4051,51.5858],[-0.4091,51.5836],[-0.4097,51.5824],[-0.4165,51.5781],[-0.4134,51.5738],[-0.4225,51.5722],[-0.427,51.5769],[-0.4316,51.5793],[-0.4319,51.5831],[-0.4362,51.588],[-0.4363,51.589],[-0.4331,51.5914],[-0.4336,51.5907]]}},{"type":"Feature","properties":{"routeId":"h14","name":"H14","direction":"1","routeType":"regular","lengthKm":7.2,"stops":19},"geometry":{"type":"LineString","coordinates":[[-0.3783,51.6058],[-0.3795,51.6053],[-0.376,51.6072],[-0.3697,51.6089],[-0.3601,51.6086],[-0.3572,51.6039],[-0.3527,51.6039],[-0.3504,51.5989],[-0.3421,51.5859],[-0.3405,51.581],[-0.3384,51.5809],[-0.3382,51.5799],[-0.3341,51.58],[-0.3333,51.5772],[-0.3266,51.5784],[-0.3255,51.5762],[-0.3218,51.5765],[-0.3227,51.5766]]}},{"type":"Feature","properties":{"routeId":"h17","name":"H17","direction":"1","routeType":"regular","lengthKm":7.8,"stops":22},"geometry":{"type":"LineString","coordinates":[[-0.3376,51.5799],[-0.3341,51.58],[-0.333,51.576],[-0.3396,51.5707],[-0.3397,51.5665],[-0.3381,51.5658],[-0.3376,51.5646],[-0.3317,51.5618],[-0.3351,51.559],[-0.3378,51.554],[-0.3273,51.553],[-0.3123,51.548],[-0.3139,51.553],[-0.3113,51.552],[-0.3115,51.5503],[-0.3094,51.5496],[-0.3041,51.5497],[-0.2985,51.5506],[-0.2988,51.5513],[-0.2971,51.5516]]}},{"type":"Feature","properties":{"routeId":"el3","name":"EL3","direction":"2","routeType":"regular","lengthKm":11.3,"stops":37},"geometry":{"type":"LineString","coordinates":[[0.1097,51.5216],[0.1084,51.5228],[0.1116,51.523],[0.112,51.5249],[0.0986,51.5253],[0.0997,51.5221],[0.0967,51.5214],[0.0933,51.5294],[0.0906,51.5328],[0.0876,51.5346],[0.084,51.5342],[0.0809,51.5357],[0.0815,51.5364],[0.0795,51.538],[0.0826,51.5403],[0.0826,51.541],[0.1049,51.5501],[0.1072,51.5518],[0.1086,51.5545],[0.1078,51.5564],[0.1094,51.5583],[0.1092,51.563],[0.1102,51.5632],[0.1119,51.5719],[0.1145,51.5784],[0.111,51.5793],[0.1114,51.5799],[0.1126,51.5789],[0.1149,51.5792],[0.1169,51.5813]]}},{"type":"Feature","properties":{"routeId":"h18","name":"H18","direction":"1","routeType":"regular","lengthKm":14.1,"stops":40},"geometry":{"type":"LineString","coordinates":[[-0.338,51.5801],[-0.3403,51.58],[-0.3407,51.5813],[-0.342,51.5804],[-0.3443,51.5813],[-0.3489,51.5812],[-0.3597,51.5848],[-0.3625,51.5874],[-0.3638,51.5905],[-0.357,51.5967],[-0.3556,51.6016],[-0.3575,51.6025],[-0.3572,51.6039],[-0.3399,51.6044],[-0.3397,51.6109],[-0.3336,51.6121],[-0.3317,51.6136],[-0.3299,51.6102],[-0.3294,51.6065],[-0.3278,51.6042],[-0.3238,51.6],[-0.3179,51.6015],[-0.3142,51.5992],[-0.3068,51.5865],[-0.3127,51.5844],[-0.3192,51.5808],[-0.3174,51.579],[-0.3232,51.5794],[-0.326,51.5781],[-0.3333,51.5772],[-0.3341,51.58],[-0.3384,51.5801],[-0.3379,51.5799]]}},{"type":"Feature","properties":{"routeId":"g1","name":"G1","direction":"2","routeType":"regular","lengthKm":17,"stops":54},"geometry":{"type":"LineString","coordinates":[[-0.1543,51.4695],[-0.1584,51.4692],[-0.1583,51.4675],[-0.1627,51.4671],[-0.1619,51.4645],[-0.1679,51.4637],[-0.1654,51.4564],[-0.1637,51.4535],[-0.1537,51.4568],[-0.1464,51.4541],[-0.1474,51.453],[-0.152,51.4527],[-0.1541,51.4512],[-0.1635,51.4483],[-0.1681,51.4437],[-0.1762,51.4402],[-0.175,51.4394],[-0.1729,51.4394],[-0.173,51.4387],[-0.1762,51.4402],[-0.1811,51.438],[-0.1816,51.4376],[-0.18,51.4362],[-0.1779,51.4362],[-0.1772,51.4347],[-0.1759,51.435],[-0.1769,51.4361],[-0.18,51.4362],[-0.1813,51.4347],[-0.1813,51.4332],[-0.1764,51.4317],[-0.174,51.43],[-0.1765,51.4283],[-0.1754,51.4275],[-0.1737,51.4284],[-0.1715,51.4274],[-0.1751,51.4254],[-0.1755,51.4245],[-0.1727,51.4236],[-0.168,51.4281],[-0.1636,51.4247],[-0.1525,51.4276],[-0.1401,51.4288],[-0.1399,51.4306],[-0.1328,51.43],[-0.1309,51.4293],[-0.1312,51.4262],[-0.1279,51.4191],[-0.1232,51.4149]]}},{"type":"Feature","properties":{"routeId":"h11","name":"H11","direction":"2","routeType":"regular","lengthKm":11.3,"stops":34},"geometry":{"type":"LineString","coordinates":[[-0.4445,51.6165],[-0.4438,51.6172],[-0.4335,51.6116],[-0.4272,51.6121],[-0.42,51.6115],[-0.4145,51.61],[-0.4177,51.6049],[-0.402,51.6006],[-0.3955,51.5979],[-0.3929,51.5987],[-0.3849,51.5956],[-0.3823,51.5939],[-0.3819,51.5922],[-0.3801,51.5905],[-0.3826,51.5887],[-0.3819,51.5862],[-0.3739,51.5838],[-0.3683,51.5844],[-0.3575,51.5753],[-0.35,51.5751],[-0.343,51.5773],[-0.3422,51.5807],[-0.3404,51.5799],[-0.3405,51.5809],[-0.3388,51.5811],[-0.3379,51.5799]]}},{"type":"Feature","properties":{"routeId":"h19","name":"H19","direction":"1","routeType":"regular","lengthKm":14.5,"stops":41},"geometry":{"type":"LineString","coordinates":[[-0.3376,51.5799],[-0.3341,51.58],[-0.3333,51.5772],[-0.3269,51.5783],[-0.3192,51.5808],[-0.3174,51.579],[-0.3232,51.5794],[-0.3068,51.5865],[-0.3142,51.5992],[-0.3185,51.6012],[-0.3238,51.6],[-0.3259,51.6029],[-0.3277,51.604],[-0.3293,51.6064],[-0.3298,51.6101],[-0.3318,51.6134],[-0.3336,51.6121],[-0.3393,51.6108],[-0.3403,51.6066],[-0.3397,51.6044],[-0.3572,51.6039],[-0.3575,51.6025],[-0.3556,51.6016],[-0.357,51.5967],[-0.3638,51.5905],[-0.3625,51.5874],[-0.3597,51.5848],[-0.3489,51.5812],[-0.3441,51.5813],[-0.3404,51.5799],[-0.3405,51.5809],[-0.3388,51.5811],[-0.3383,51.5804]]}},{"type":"Feature","properties":{"routeId":"h2","name":"H2","direction":"1","routeType":"regular","lengthKm":7.6,"stops":38},"geometry":{"type":"LineString","coordinates":[[-0.1953,51.5723],[-0.1952,51.5714],[-0.1997,51.5732],[-0.1969,51.5759],[-0.1925,51.5782],[-0.1839,51.5802],[-0.1819,51.578],[-0.1788,51.5783],[-0.1783,51.5809],[-0.1764,51.58],[-0.1734,51.5809],[-0.1741,51.5817],[-0.1799,51.5824],[-0.1811,51.5843],[-0.1809,51.5856],[-0.1832,51.5859],[-0.1873,51.5825],[-0.1902,51.5814],[-0.1912,51.5816],[-0.1943,51.5853],[-0.1956,51.5848],[-0.1934,51.5827],[-0.1936,51.5818],[-0.1923,51.5796],[-0.1906,51.5783],[-0.1967,51.576],[-0.1953,51.5723]]}},{"type":"Feature","properties":{"routeId":"h14","name":"H14","direction":"2","routeType":"regular","lengthKm":6.6,"stops":17},"geometry":{"type":"LineString","coordinates":[[-0.3237,51.5765],[-0.3255,51.5762],[-0.3267,51.5782],[-0.3333,51.5772],[-0.3341,51.58],[-0.3404,51.58],[-0.3421,51.5859],[-0.3495,51.5972],[-0.3528,51.6037],[-0.3572,51.6039],[-0.3598,51.6084],[-0.3696,51.6088],[-0.3778,51.6061]]}},{"type":"Feature","properties":{"routeId":"h20","name":"H20","direction":"1","routeType":"regular","lengthKm":7,"stops":23},"geometry":{"type":"LineString","coordinates":[[-0.3662,51.4736],[-0.3657,51.4741],[-0.3674,51.4745],[-0.3676,51.4737],[-0.3665,51.4733],[-0.3672,51.4719],[-0.3665,51.469],[-0.3674,51.4683],[-0.3689,51.4685],[-0.3686,51.4673],[-0.3669,51.4677],[-0.3663,51.4668],[-0.3651,51.4668],[-0.3628,51.4651],[-0.3628,51.4636],[-0.3567,51.4641],[-0.3495,51.461],[-0.3479,51.4626],[-0.3474,51.4654],[-0.3444,51.4672],[-0.3295,51.4677],[-0.3317,51.4632],[-0.3316,51.4605],[-0.3335,51.4603],[-0.3322,51.4578],[-0.3359,51.4574],[-0.3364,51.46],[-0.3396,51.4595],[-0.3396,51.4589]]}},{"type":"Feature","properties":{"routeId":"h12","name":"H12","direction":"2","routeType":"regular","lengthKm":14.5,"stops":46},"geometry":{"type":"LineString","coordinates":[[-0.3523,51.565],[-0.3541,51.5642],[-0.3564,51.5652],[-0.3615,51.5651],[-0.3642,51.5709],[-0.3655,51.5711],[-0.3655,51.5726],[-0.3713,51.5726],[-0.3706,51.5752],[-0.3713,51.5771],[-0.3747,51.5767],[-0.3823,51.5782],[-0.3812,51.5822],[-0.3821,51.5835],[-0.3817,51.5861],[-0.3826,51.5887],[-0.3801,51.5905],[-0.3831,51.5946],[-0.3929,51.5987],[-0.3892,51.6016],[-0.3842,51.603],[-0.376,51.6072],[-0.3697,51.6089],[-0.3594,51.6087],[-0.3595,51.6075],[-0.3572,51.6039],[-0.3399,51.6044],[-0.3403,51.6066],[-0.3395,51.611],[-0.3336,51.6121],[-0.3319,51.6136],[-0.3234,51.615],[-0.3194,51.6168],[-0.3141,51.6166],[-0.303,51.6198]]}},{"type":"Feature","properties":{"routeId":"h13","name":"H13","direction":"2","routeType":"regular","lengthKm":12.3,"stops":39},"geometry":{"type":"LineString","coordinates":[[-0.4337,51.5906],[-0.4363,51.589],[-0.4362,51.588],[-0.432,51.5833],[-0.4316,51.5793],[-0.427,51.5769],[-0.4225,51.5722],[-0.4134,51.5738],[-0.4165,51.5781],[-0.4097,51.5824],[-0.4091,51.5836],[-0.4051,51.5858],[-0.4003,51.5836],[-0.3972,51.5845],[-0.3913,51.5847],[-0.3859,51.5868],[-0.3801,51.5905],[-0.3831,51.5946],[-0.395,51.5999],[-0.3975,51.6028],[-0.3982,51.6053],[-0.406,51.6084],[-0.4093,51.6088],[-0.4099,51.6089],[-0.4109,51.6064],[-0.4089,51.6026],[-0.4104,51.5966],[-0.414,51.5959],[-0.4171,51.5941],[-0.4191,51.5951]]}},{"type":"Feature","properties":{"routeId":"h17","name":"H17","direction":"2","routeType":"regular","lengthKm":8,"stops":25},"geometry":{"type":"LineString","coordinates":[[-0.2971,51.5516],[-0.2959,51.5508],[-0.2982,51.55],[-0.2985,51.5506],[-0.3094,51.5496],[-0.3115,51.5503],[-0.3113,51.552],[-0.3134,51.5526],[-0.314,51.5519],[-0.3121,51.5479],[-0.3273,51.553],[-0.3378,51.554],[-0.335,51.5591],[-0.3321,51.5619],[-0.3378,51.5647],[-0.3381,51.5658],[-0.3397,51.5665],[-0.3396,51.5707],[-0.333,51.5761],[-0.3341,51.58],[-0.3384,51.5801],[-0.3379,51.5799]]}},{"type":"Feature","properties":{"routeId":"h25","name":"H25","direction":"1","routeType":"regular","lengthKm":12.1,"stops":37},"geometry":{"type":"LineString","coordinates":[[-0.3749,51.4401],[-0.3799,51.442],[-0.3811,51.4434],[-0.3854,51.4446],[-0.3907,51.4388],[-0.3923,51.4339],[-0.3923,51.4329],[-0.3899,51.4303],[-0.3949,51.4278],[-0.4004,51.4301],[-0.4025,51.43],[-0.3982,51.4323],[-0.4031,51.4385],[-0.4042,51.439],[-0.4071,51.437],[-0.4115,51.4384],[-0.4146,51.441],[-0.4116,51.4436],[-0.4079,51.449],[-0.4115,51.4478],[-0.4202,51.4502],[-0.4273,51.4539],[-0.441,51.4508],[-0.4394,51.4538],[-0.4237,51.4645],[-0.4218,51.4663],[-0.4228,51.4674]]}},{"type":"Feature","properties":{"routeId":"h22","name":"H22","direction":"1","routeType":"regular","lengthKm":12,"stops":38},"geometry":{"type":"LineString","coordinates":[[-0.3666,51.4673],[-0.3658,51.4667],[-0.3623,51.4674],[-0.3569,51.4701],[-0.3499,51.4718],[-0.3471,51.4684],[-0.3444,51.4672],[-0.3474,51.4654],[-0.3479,51.4626],[-0.35,51.4602],[-0.3505,51.4582],[-0.3533,51.4582],[-0.3528,51.4562],[-0.3547,51.4539],[-0.3579,51.4532],[-0.3579,51.45],[-0.3599,51.4464],[-0.3654,51.4443],[-0.3644,51.4407],[-0.3607,51.4394],[-0.3463,51.4441],[-0.3323,51.4452],[-0.3284,51.4464],[-0.3292,51.4483],[-0.3318,51.4508],[-0.33,51.4534],[-0.3319,51.4622],[-0.3285,51.4697],[-0.3276,51.4738],[-0.3269,51.4747],[-0.3255,51.4739]]}},{"type":"Feature","properties":{"routeId":"h26","name":"H26","direction":"1","routeType":"regular","lengthKm":9.2,"stops":24},"geometry":{"type":"LineString","coordinates":[[-0.3973,51.4521],[-0.3959,51.4536],[-0.404,51.4547],[-0.4114,51.4437],[-0.4154,51.4404],[-0.4171,51.4414],[-0.4155,51.4434],[-0.4189,51.4451],[-0.423,51.4442],[-0.4245,51.44],[-0.4332,51.4422],[-0.4321,51.4424],[-0.4429,51.4466],[-0.445,51.4483],[-0.4474,51.4488],[-0.441,51.4507],[-0.4394,51.4538],[-0.4237,51.4645],[-0.4218,51.4663],[-0.4228,51.4674]]}},{"type":"Feature","properties":{"routeId":"h32","name":"H32","direction":"1","routeType":"regular","lengthKm":8.6,"stops":26},"geometry":{"type":"LineString","coordinates":[[-0.3559,51.4702],[-0.3651,51.4668],[-0.3664,51.4682],[-0.3761,51.4695],[-0.3869,51.4732],[-0.3823,51.4796],[-0.3806,51.4848],[-0.3813,51.486],[-0.3814,51.4921],[-0.3884,51.4929],[-0.3981,51.4962],[-0.3983,51.4971],[-0.3929,51.4984],[-0.3893,51.5004],[-0.3827,51.501],[-0.3755,51.5107]]}},{"type":"Feature","properties":{"routeId":"h25","name":"H25","direction":"2","routeType":"regular","lengthKm":12.5,"stops":39},"geometry":{"type":"LineString","coordinates":[[-0.4232,51.4669],[-0.424,51.4668],[-0.4229,51.4677],[-0.4218,51.4663],[-0.4394,51.4538],[-0.441,51.4507],[-0.4273,51.454],[-0.4202,51.4502],[-0.4117,51.448],[-0.4079,51.449],[-0.4114,51.4437],[-0.4146,51.441],[-0.4098,51.4377],[-0.4069,51.4372],[-0.4042,51.4391],[-0.4031,51.4385],[-0.3982,51.4323],[-0.402,51.4307],[-0.4016,51.4299],[-0.4004,51.4301],[-0.3949,51.4278],[-0.3899,51.4303],[-0.3926,51.4334],[-0.3908,51.4388],[-0.3854,51.4446],[-0.374,51.4402]]}},{"type":"Feature","properties":{"routeId":"h22","name":"H22","direction":"2","routeType":"regular","lengthKm":12.1,"stops":40},"geometry":{"type":"LineString","coordinates":[[-0.3255,51.474],[-0.3269,51.4747],[-0.3276,51.4738],[-0.3285,51.4697],[-0.3319,51.4622],[-0.33,51.4533],[-0.3318,51.4509],[-0.329,51.4481],[-0.3283,51.4463],[-0.3327,51.4451],[-0.3376,51.4453],[-0.347,51.444],[-0.3573,51.44],[-0.3612,51.4393],[-0.3645,51.4407],[-0.3654,51.4443],[-0.3599,51.4464],[-0.358,51.4498],[-0.358,51.4533],[-0.3547,51.4539],[-0.3528,51.4562],[-0.3533,51.4582],[-0.3505,51.4582],[-0.35,51.4602],[-0.3479,51.4626],[-0.3474,51.4654],[-0.3444,51.4672],[-0.3471,51.4684],[-0.3499,51.4718],[-0.3566,51.47],[-0.363,51.4672],[-0.3651,51.4668],[-0.3669,51.4682]]}},{"type":"Feature","properties":{"routeId":"h32","name":"H32","direction":"2","routeType":"regular","lengthKm":8.9,"stops":25},"geometry":{"type":"LineString","coordinates":[[-0.3763,51.51],[-0.379,51.5051],[-0.3823,51.502],[-0.3833,51.4994],[-0.3892,51.5005],[-0.393,51.4983],[-0.3983,51.4971],[-0.3967,51.4953],[-0.3884,51.4929],[-0.3814,51.4921],[-0.3814,51.4861],[-0.3806,51.4848],[-0.3823,51.4797],[-0.3869,51.4732],[-0.3766,51.4696],[-0.3689,51.4685],[-0.3686,51.4673],[-0.3669,51.4677],[-0.3661,51.4667],[-0.3623,51.4674],[-0.3544,51.4707]]}},{"type":"Feature","properties":{"routeId":"h26","name":"H26","direction":"2","routeType":"regular","lengthKm":9.1,"stops":20},"geometry":{"type":"LineString","coordinates":[[-0.4232,51.4669],[-0.424,51.4668],[-0.4229,51.4677],[-0.4218,51.4663],[-0.4394,51.4538],[-0.4409,51.4507],[-0.4464,51.4491],[-0.4432,51.4468],[-0.4321,51.4424],[-0.4332,51.4422],[-0.4245,51.44],[-0.423,51.4442],[-0.419,51.4451],[-0.4155,51.4434],[-0.4171,51.4414],[-0.4154,51.4404],[-0.4116,51.4436],[-0.4048,51.4535],[-0.4,51.4504],[-0.3973,51.4521]]}},{"type":"Feature","properties":{"routeId":"h91","name":"H91","direction":"1","routeType":"regular","lengthKm":12.5,"stops":39},"geometry":{"type":"LineString","coordinates":[[-0.3852,51.4728],[-0.3869,51.4732],[-0.3842,51.4765],[-0.3445,51.4822],[-0.3271,51.4834],[-0.3041,51.4914],[-0.2925,51.4915],[-0.2873,51.493],[-0.2825,51.4918],[-0.2708,51.4929],[-0.2615,51.4924],[-0.242,51.4935],[-0.2345,51.4928],[-0.234,51.4944],[-0.2316,51.4945],[-0.2274,51.4944],[-0.2237,51.4931],[-0.2242,51.4922]]}},{"type":"Feature","properties":{"routeId":"h20","name":"H20","direction":"2","routeType":"regular","lengthKm":6.7,"stops":22},"geometry":{"type":"LineString","coordinates":[[-0.3396,51.4589],[-0.3388,51.4585],[-0.3404,51.4593],[-0.3364,51.46],[-0.3359,51.4574],[-0.3322,51.4578],[-0.3335,51.4603],[-0.3317,51.4608],[-0.3317,51.4632],[-0.3295,51.4677],[-0.3444,51.4672],[-0.3474,51.4654],[-0.3479,51.4626],[-0.3495,51.461],[-0.3567,51.4641],[-0.3628,51.4636],[-0.3628,51.4651],[-0.3638,51.4655],[-0.3627,51.467],[-0.3651,51.4668],[-0.3666,51.4692],[-0.3671,51.4726],[-0.366,51.4737]]}},{"type":"Feature","properties":{"routeId":"k1","name":"K1","direction":"1","routeType":"regular","lengthKm":14.2,"stops":38},"geometry":{"type":"LineString","coordinates":[[-0.2558,51.4037],[-0.2556,51.4032],[-0.2566,51.403],[-0.2553,51.3967],[-0.2533,51.3947],[-0.253,51.3902],[-0.2625,51.3904],[-0.2571,51.3867],[-0.2632,51.3849],[-0.2672,51.3895],[-0.2718,51.3872],[-0.2707,51.385],[-0.2675,51.3829],[-0.2694,51.382],[-0.2784,51.381],[-0.2805,51.3785],[-0.2842,51.382],[-0.2889,51.3833],[-0.2916,51.3784],[-0.2964,51.3786],[-0.3019,51.3798],[-0.3003,51.3841],[-0.3009,51.3866],[-0.3091,51.3912],[-0.3045,51.3931],[-0.3041,51.3982],[-0.3028,51.3993],[-0.2948,51.4019],[-0.2946,51.408],[-0.3025,51.4079],[-0.3039,51.407],[-0.3077,51.4077],[-0.3063,51.409],[-0.3035,51.4091],[-0.3005,51.4113],[-0.3005,51.4123],[-0.2989,51.4123]]}},{"type":"Feature","properties":{"routeId":"h37","name":"H37","direction":"1","routeType":"regular","lengthKm":8,"stops":25},"geometry":{"type":"LineString","coordinates":[[-0.3611,51.4707],[-0.357,51.47],[-0.3482,51.4723],[-0.3436,51.4746],[-0.3387,51.4751],[-0.3363,51.4724],[-0.3285,51.4707],[-0.3288,51.4691],[-0.3241,51.4684],[-0.3247,51.4667],[-0.3232,51.4652],[-0.3236,51.462],[-0.3227,51.4605],[-0.3227,51.4578],[-0.3199,51.4552],[-0.3174,51.4543],[-0.3118,51.4549],[-0.3056,51.4583],[-0.3063,51.4598],[-0.3034,51.4615],[-0.3006,51.4649],[-0.2881,51.4677],[-0.2897,51.4673]]}},{"type":"Feature","properties":{"routeId":"h28","name":"H28","direction":"1","routeType":"regular","lengthKm":17.4,"stops":60},"geometry":{"type":"LineString","coordinates":[[-0.4059,51.4986],[-0.4065,51.4981],[-0.4008,51.4975],[-0.4057,51.4852],[-0.401,51.4851],[-0.3993,51.4816],[-0.3957,51.4813],[-0.3953,51.4826],[-0.3941,51.4824],[-0.3937,51.4844],[-0.3923,51.4844],[-0.3813,51.4833],[-0.3819,51.4814],[-0.3724,51.4802],[-0.3726,51.478],[-0.3775,51.4731],[-0.3788,51.4701],[-0.3781,51.4649],[-0.3727,51.4571],[-0.3627,51.4673],[-0.355,51.4705],[-0.3608,51.4771],[-0.346,51.4759],[-0.3454,51.4783],[-0.3476,51.4824],[-0.3423,51.4837],[-0.3431,51.4852],[-0.3409,51.4883],[-0.3341,51.4781],[-0.3301,51.4749],[-0.3274,51.4741],[-0.3237,51.4773],[-0.3235,51.4786],[-0.3199,51.4797],[-0.3275,51.4835],[-0.3313,51.4845],[-0.3303,51.4849]]}},{"type":"Feature","properties":{"routeId":"h3","name":"H3","direction":"1","routeType":"regular","lengthKm":8.6,"stops":37},"geometry":{"type":"LineString","coordinates":[[-0.1953,51.5723],[-0.1952,51.5714],[-0.1997,51.5732],[-0.1969,51.5759],[-0.1925,51.5782],[-0.1906,51.5783],[-0.1904,51.5768],[-0.1879,51.5741],[-0.1818,51.5697],[-0.1781,51.5703],[-0.1814,51.5723],[-0.1817,51.5735],[-0.1804,51.5738],[-0.1778,51.574],[-0.1762,51.5721],[-0.1741,51.5724],[-0.1734,51.5712],[-0.1714,51.5725],[-0.1715,51.5766],[-0.1692,51.5795],[-0.1679,51.5836],[-0.1638,51.586],[-0.1639,51.5895],[-0.1674,51.5898],[-0.1692,51.589],[-0.174,51.591],[-0.1792,51.5919],[-0.1806,51.5878],[-0.1873,51.5886]]}},{"type":"Feature","properties":{"routeId":"h98","name":"H98","direction":"1","routeType":"regular","lengthKm":13.6,"stops":42},"geometry":{"type":"LineString","coordinates":[[-0.3559,51.4702],[-0.3651,51.4668],[-0.3664,51.4682],[-0.3761,51.4695],[-0.3888,51.4738],[-0.4163,51.4811],[-0.4344,51.4806],[-0.4342,51.4842],[-0.4359,51.4878],[-0.4344,51.4912],[-0.4291,51.4927],[-0.4273,51.497],[-0.4241,51.5013],[-0.4215,51.5026],[-0.4191,51.5053],[-0.4187,51.5071],[-0.4212,51.5091],[-0.4201,51.5117],[-0.4199,51.5158],[-0.4172,51.5211],[-0.4231,51.5231],[-0.4384,51.5264],[-0.4401,51.5256],[-0.442,51.5233],[-0.4354,51.5231]]}},{"type":"Feature","properties":{"routeId":"h37","name":"H37","direction":"2","routeType":"regular","lengthKm":8,"stops":24},"geometry":{"type":"LineString","coordinates":[[-0.2904,51.467],[-0.3008,51.4644],[-0.3034,51.4614],[-0.3021,51.4601],[-0.3049,51.459],[-0.3061,51.4595],[-0.3056,51.4583],[-0.3116,51.455],[-0.3174,51.4543],[-0.3228,51.4573],[-0.3227,51.4605],[-0.3236,51.462],[-0.3232,51.4652],[-0.3247,51.4667],[-0.3241,51.4684],[-0.3288,51.4691],[-0.3285,51.4707],[-0.3361,51.4723],[-0.3387,51.4751],[-0.3431,51.4748],[-0.3482,51.4723],[-0.3564,51.4701],[-0.3627,51.4705]]}},{"type":"Feature","properties":{"routeId":"k1","name":"K1","direction":"2","routeType":"regular","lengthKm":14.6,"stops":40},"geometry":{"type":"LineString","coordinates":[[-0.2987,51.4125],[-0.2998,51.4123],[-0.2964,51.4121],[-0.2969,51.4108],[-0.3017,51.4108],[-0.3035,51.409],[-0.3063,51.409],[-0.3077,51.4078],[-0.3041,51.4072],[-0.3022,51.4081],[-0.2946,51.408],[-0.2948,51.4017],[-0.3019,51.4],[-0.3041,51.3982],[-0.3043,51.3931],[-0.3091,51.3912],[-0.3009,51.3868],[-0.3004,51.3838],[-0.3019,51.3798],[-0.2963,51.3786],[-0.2916,51.3784],[-0.2889,51.3833],[-0.2841,51.3821],[-0.2797,51.3788],[-0.2771,51.3811],[-0.2694,51.382],[-0.2675,51.3829],[-0.2707,51.385],[-0.2718,51.3872],[-0.2672,51.3895],[-0.2635,51.3853],[-0.2571,51.3867],[-0.2625,51.3904],[-0.253,51.3906],[-0.2533,51.3939],[-0.2545,51.3944],[-0.2541,51.3952],[-0.2561,51.3986],[-0.2556,51.4],[-0.2566,51.403],[-0.2556,51.4032],[-0.2558,51.4037]]}},{"type":"Feature","properties":{"routeId":"h28","name":"H28","direction":"2","routeType":"regular","lengthKm":17.5,"stops":60},"geometry":{"type":"LineString","coordinates":[[-0.3303,51.4849],[-0.3294,51.4847],[-0.331,51.4846],[-0.3273,51.4835],[-0.3199,51.4797],[-0.3235,51.4786],[-0.3237,51.4773],[-0.3274,51.4741],[-0.3301,51.4749],[-0.3341,51.4781],[-0.3409,51.4883],[-0.3431,51.4852],[-0.3423,51.4837],[-0.3476,51.4824],[-0.3454,51.4783],[-0.346,51.4759],[-0.3608,51.4771],[-0.355,51.4705],[-0.3624,51.4673],[-0.3726,51.457],[-0.3782,51.4651],[-0.3788,51.4703],[-0.3775,51.4731],[-0.3727,51.478],[-0.3724,51.4802],[-0.3819,51.4814],[-0.3813,51.4833],[-0.3918,51.4844],[-0.3937,51.4844],[-0.3941,51.4824],[-0.3953,51.4826],[-0.3957,51.4814],[-0.3993,51.4816],[-0.401,51.4851],[-0.4057,51.4852],[-0.4008,51.4975],[-0.4067,51.4981],[-0.4059,51.4986]]}},{"type":"Feature","properties":{"routeId":"h9","name":"H9","direction":"1","routeType":"regular","lengthKm":17.4,"stops":46},"geometry":{"type":"LineString","coordinates":[[-0.3215,51.5765],[-0.3245,51.5765],[-0.3245,51.5756],[-0.3253,51.5756],[-0.3267,51.5786],[-0.3201,51.5804],[-0.3133,51.5841],[-0.3068,51.5865],[-0.3083,51.5898],[-0.311,51.5929],[-0.3245,51.5908],[-0.3284,51.5922],[-0.33,51.5915],[-0.3309,51.5929],[-0.3335,51.5934],[-0.3336,51.5946],[-0.3352,51.5945],[-0.3349,51.5928],[-0.3378,51.5939],[-0.3513,51.592],[-0.3588,51.5887],[-0.37,51.5761],[-0.3713,51.5726],[-0.374,51.5725],[-0.3779,51.5689],[-0.3725,51.5619],[-0.3616,51.5651],[-0.3567,51.5652],[-0.3541,51.5642],[-0.3473,51.569],[-0.344,51.5732],[-0.3421,51.5807],[-0.3404,51.5799],[-0.3405,51.5809],[-0.3388,51.5811],[-0.3382,51.5799],[-0.3341,51.58],[-0.3338,51.579],[-0.3287,51.5803],[-0.3269,51.5789],[-0.3252,51.5788],[-0.326,51.5776],[-0.3249,51.5747],[-0.3196,51.5741],[-0.3183,51.5757],[-0.3185,51.5765],[-0.3215,51.5765]]}},{"type":"Feature","properties":{"routeId":"h3","name":"H3","direction":"2","routeType":"regular","lengthKm":10.9,"stops":43},"geometry":{"type":"LineString","coordinates":[[-0.1873,51.5886],[-0.1905,51.5878],[-0.1909,51.5869],[-0.1809,51.5857],[-0.1806,51.5878],[-0.1879,51.5889],[-0.1905,51.5878],[-0.1909,51.5869],[-0.1809,51.5857],[-0.1792,51.5919],[-0.174,51.591],[-0.1689,51.589],[-0.1674,51.5898],[-0.1639,51.5895],[-0.1638,51.586],[-0.1664,51.585],[-0.1681,51.5832],[-0.1692,51.5795],[-0.1715,51.5766],[-0.1714,51.5725],[-0.1734,51.5712],[-0.1741,51.5724],[-0.1762,51.5721],[-0.1778,51.574],[-0.1804,51.5738],[-0.1817,51.5735],[-0.1814,51.5723],[-0.1781,51.5703],[-0.1818,51.5697],[-0.1879,51.5741],[-0.1904,51.5768],[-0.1906,51.5783],[-0.1967,51.576],[-0.1953,51.5723]]}},{"type":"Feature","properties":{"routeId":"k4","name":"K4","direction":"1","routeType":"regular","lengthKm":11.6,"stops":35},"geometry":{"type":"LineString","coordinates":[[-0.281,51.4149],[-0.2806,51.413],[-0.2899,51.4121],[-0.2922,51.4108],[-0.3017,51.4108],[-0.3035,51.409],[-0.3063,51.409],[-0.3077,51.4079],[-0.3041,51.4072],[-0.3022,51.4081],[-0.2946,51.408],[-0.2945,51.4031],[-0.2968,51.3957],[-0.3091,51.3912],[-0.3009,51.3868],[-0.3004,51.3838],[-0.3081,51.3643],[-0.3076,51.3631],[-0.311,51.3588],[-0.3134,51.3597],[-0.3154,51.3593],[-0.3159,51.3602],[-0.3155,51.361],[-0.3142,51.3611],[-0.3129,51.3634],[-0.3114,51.3634],[-0.3113,51.3639],[-0.3153,51.3642],[-0.3155,51.3651],[-0.3135,51.3655]]}},{"type":"Feature","properties":{"routeId":"h98","name":"H98","direction":"2","routeType":"regular","lengthKm":14,"stops":42},"geometry":{"type":"LineString","coordinates":[[-0.4354,51.5231],[-0.4345,51.5233],[-0.442,51.5233],[-0.4384,51.5265],[-0.4229,51.5232],[-0.4171,51.5211],[-0.4199,51.5158],[-0.4211,51.5091],[-0.4187,51.5071],[-0.4191,51.5053],[-0.4215,51.5026],[-0.424,51.5013],[-0.4279,51.496],[-0.4291,51.4927],[-0.434,51.4916],[-0.4358,51.488],[-0.4344,51.4848],[-0.4342,51.4807],[-0.4165,51.4812],[-0.3852,51.4728],[-0.3766,51.4696],[-0.3689,51.4685],[-0.3686,51.4673],[-0.3669,51.4677],[-0.3661,51.4667],[-0.3623,51.4674],[-0.3544,51.4707]]}},{"type":"Feature","properties":{"routeId":"k5","name":"K5","direction":"1","routeType":"regular","lengthKm":20.7,"stops":45},"geometry":{"type":"LineString","coordinates":[[-0.3122,51.4321],[-0.3071,51.4301],[-0.3034,51.4295],[-0.3033,51.4283],[-0.2959,51.4239],[-0.2967,51.4222],[-0.2976,51.4219],[-0.2962,51.4187],[-0.2932,51.4193],[-0.293,51.4184],[-0.2963,51.4151],[-0.2969,51.4131],[-0.2989,51.4131],[-0.2983,51.4139],[-0.2989,51.4142],[-0.3007,51.4138],[-0.3006,51.4123],[-0.2964,51.4121],[-0.2969,51.4108],[-0.3006,51.4103],[-0.3017,51.4085],[-0.3036,51.409],[-0.3005,51.4113],[-0.3005,51.4123],[-0.2967,51.4123],[-0.2967,51.4108],[-0.2948,51.4105],[-0.2916,51.411],[-0.2899,51.4121],[-0.2806,51.413],[-0.2806,51.411],[-0.2816,51.4103],[-0.2803,51.4094],[-0.2802,51.4056],[-0.2679,51.4015],[-0.2685,51.4001],[-0.2734,51.3991],[-0.2726,51.3976],[-0.2674,51.398],[-0.2662,51.3945],[-0.2605,51.3964],[-0.2612,51.3967],[-0.2585,51.399],[-0.2556,51.3988],[-0.2553,51.3967],[-0.2533,51.3947],[-0.253,51.3904],[-0.2481,51.3905],[-0.2345,51.3967],[-0.2323,51.3984],[-0.2365,51.4019],[-0.2396,51.4],[-0.2438,51.3993],[-0.2414,51.4033],[-0.232,51.4069],[-0.2295,51.4071],[-0.2299,51.4088],[-0.2268,51.4097],[-0.218,51.4108],[-0.216,51.4087],[-0.2093,51.4109],[-0.2062,51.4127],[-0.2051,51.4077],[-0.1962,51.405],[-0.196,51.4017],[-0.194,51.4025]]}},{"type":"Feature","properties":{"routeId":"k2","name":"K2","direction":"1","routeType":"regular","lengthKm":12.1,"stops":35},"geometry":{"type":"LineString","coordinates":[[-0.281,51.4149],[-0.2806,51.413],[-0.2899,51.4121],[-0.2922,51.4108],[-0.302,51.4106],[-0.3038,51.4089],[-0.3045,51.4018],[-0.3036,51.4009],[-0.3049,51.3997],[-0.3039,51.3981],[-0.3043,51.3932],[-0.299,51.3952],[-0.2987,51.3933],[-0.2938,51.3934],[-0.2926,51.3958],[-0.2838,51.3978],[-0.2771,51.3971],[-0.2815,51.3939],[-0.2822,51.3907],[-0.2807,51.3855],[-0.2858,51.3825],[-0.2801,51.3794],[-0.277,51.3758],[-0.2835,51.3718],[-0.2855,51.369],[-0.2965,51.369],[-0.2995,51.3697],[-0.3026,51.3681],[-0.3059,51.37],[-0.3064,51.368]]}},{"type":"Feature","properties":{"routeId":"k3","name":"K3","direction":"1","routeType":"regular","lengthKm":19.7,"stops":54},"geometry":{"type":"LineString","coordinates":[[-0.2478,51.4388],[-0.2588,51.4348],[-0.258,51.4296],[-0.2595,51.4288],[-0.2586,51.427],[-0.2562,51.4275],[-0.2572,51.4332],[-0.2568,51.4357],[-0.2727,51.4272],[-0.2791,51.4191],[-0.2821,51.4172],[-0.281,51.4156],[-0.2806,51.413],[-0.2899,51.4121],[-0.2922,51.4108],[-0.302,51.4106],[-0.3038,51.4089],[-0.3045,51.4018],[-0.3036,51.4009],[-0.3049,51.3997],[-0.3039,51.3981],[-0.3043,51.3931],[-0.3091,51.3912],[-0.3109,51.392],[-0.3163,51.3891],[-0.3165,51.3882],[-0.322,51.3861],[-0.3208,51.3841],[-0.3332,51.3807],[-0.3398,51.3729],[-0.3443,51.3697],[-0.3458,51.3678],[-0.3408,51.3603],[-0.3349,51.3608],[-0.3349,51.3588],[-0.3376,51.3576],[-0.3408,51.3603],[-0.3447,51.3598],[-0.348,51.3631],[-0.3521,51.3631],[-0.3541,51.3643],[-0.3644,51.3633],[-0.3639,51.3665],[-0.3664,51.3705],[-0.3643,51.3703],[-0.3647,51.37]]}},{"type":"Feature","properties":{"routeId":"h91","name":"H91","direction":"2","routeType":"regular","lengthKm":12.6,"stops":33},"geometry":{"type":"LineString","coordinates":[[-0.2238,51.4923],[-0.2243,51.4926],[-0.2236,51.4913],[-0.2248,51.4915],[-0.225,51.4929],[-0.2312,51.4926],[-0.242,51.4935],[-0.2598,51.4925],[-0.2706,51.4929],[-0.2806,51.492],[-0.2821,51.491],[-0.2873,51.4928],[-0.2926,51.4912],[-0.3039,51.4912],[-0.3267,51.4833],[-0.3443,51.4822],[-0.3843,51.4763],[-0.3869,51.4732],[-0.3852,51.4728]]}},{"type":"Feature","properties":{"routeId":"k4","name":"K4","direction":"2","routeType":"regular","lengthKm":11.4,"stops":34},"geometry":{"type":"LineString","coordinates":[[-0.3135,51.3655],[-0.3111,51.3654],[-0.3114,51.3634],[-0.3129,51.3634],[-0.3139,51.3625],[-0.314,51.3608],[-0.3148,51.3604],[-0.311,51.3589],[-0.3079,51.3626],[-0.3082,51.3643],[-0.3003,51.3841],[-0.301,51.3868],[-0.3091,51.3912],[-0.2968,51.3957],[-0.2945,51.4031],[-0.2946,51.408],[-0.3025,51.4079],[-0.3039,51.407],[-0.3077,51.4079],[-0.3063,51.409],[-0.3035,51.4091],[-0.3005,51.4113],[-0.3004,51.4123],[-0.2967,51.4123],[-0.2965,51.4107],[-0.2921,51.4108],[-0.2899,51.4121],[-0.2806,51.413],[-0.2812,51.4151]]}},{"type":"Feature","properties":{"routeId":"n113","name":"N113","direction":"1","routeType":"night","lengthKm":20.3,"stops":61},"geometry":{"type":"LineString","coordinates":[[-0.2741,51.6128],[-0.2762,51.6136],[-0.2756,51.6156],[-0.2774,51.6179],[-0.2777,51.6214],[-0.268,51.6223],[-0.2551,51.6218],[-0.2426,51.6157],[-0.2416,51.6142],[-0.2399,51.6057],[-0.2374,51.6031],[-0.2337,51.6012],[-0.2336,51.5948],[-0.2354,51.5892],[-0.2351,51.588],[-0.2303,51.5857],[-0.227,51.5829],[-0.2246,51.5793],[-0.2141,51.575],[-0.2081,51.5694],[-0.2033,51.5613],[-0.1969,51.5595],[-0.1941,51.5559],[-0.1888,51.5529],[-0.1856,51.5521],[-0.1818,51.5497],[-0.1783,51.5457],[-0.1757,51.5445],[-0.1735,51.542],[-0.1752,51.5415],[-0.1761,51.5359],[-0.1692,51.5302],[-0.1676,51.5302],[-0.1647,51.5275],[-0.1585,51.5242],[-0.1538,51.5139],[-0.1419,51.5153],[-0.1379,51.5102],[-0.1334,51.5101],[-0.1311,51.5077],[-0.1265,51.5073]]}},{"type":"Feature","properties":{"routeId":"n109","name":"N109","direction":"1","routeType":"night","lengthKm":18.3,"stops":57},"geometry":{"type":"LineString","coordinates":[[-0.0968,51.3732],[-0.1002,51.3796],[-0.1028,51.378],[-0.1104,51.3861],[-0.1244,51.4132],[-0.1241,51.4149],[-0.1281,51.4195],[-0.1313,51.4266],[-0.1309,51.4295],[-0.1295,51.4307],[-0.1277,51.4371],[-0.1246,51.442],[-0.1241,51.4483],[-0.1158,51.4612],[-0.1125,51.4685],[-0.1124,51.4773],[-0.1108,51.4811],[-0.1115,51.4825],[-0.1102,51.4843],[-0.1113,51.4857],[-0.1109,51.4954],[-0.1125,51.4989],[-0.1157,51.5006],[-0.1263,51.501],[-0.1262,51.5041],[-0.1277,51.5072],[-0.1326,51.5071],[-0.1351,51.51],[-0.1376,51.51],[-0.1401,51.5124]]}},{"type":"Feature","properties":{"routeId":"n1","name":"N1","direction":"1","routeType":"night","lengthKm":28.1,"stops":91},"geometry":{"type":"LineString","coordinates":[[-0.1278,51.5168],[-0.121,51.519],[-0.1176,51.5133],[-0.1189,51.5123],[-0.1191,51.5112],[-0.1139,51.5053],[-0.106,51.4989],[-0.1045,51.4989],[-0.0996,51.4951],[-0.0945,51.4942],[-0.0866,51.4944],[-0.0818,51.4967],[-0.0765,51.495],[-0.0728,51.4927],[-0.061,51.4922],[-0.0577,51.4888],[-0.0519,51.4914],[-0.0472,51.4915],[-0.0482,51.4936],[-0.0458,51.494],[-0.0468,51.493],[-0.033,51.4844],[-0.0282,51.4821],[-0.0229,51.4809],[-0.0102,51.4814],[-0.0088,51.4822],[-0.0081,51.4812],[0.0085,51.4863],[0.0148,51.4861],[0.0176,51.4869],[0.0223,51.4866],[0.0287,51.4875],[0.0357,51.489],[0.0455,51.4928],[0.0506,51.4922],[0.0609,51.4939],[0.0617,51.4937],[0.0611,51.4924],[0.0621,51.4908],[0.0653,51.4911],[0.0676,51.4894],[0.0701,51.4915],[0.0818,51.491],[0.0913,51.4877],[0.1064,51.4846],[0.1075,51.4869],[0.122,51.4892],[0.1207,51.4963],[0.1217,51.4999],[0.1198,51.5011],[0.1201,51.502],[0.1184,51.5041],[0.1223,51.5065],[0.1269,51.5069],[0.1274,51.5083],[0.1234,51.5103],[0.1217,51.5095],[0.1169,51.5093],[0.1154,51.5076],[0.1098,51.5065],[0.1079,51.5077],[0.1112,51.5057],[0.112,51.5026],[0.1152,51.5022],[0.1175,51.5036]]}},{"type":"Feature","properties":{"routeId":"n11","name":"N11","direction":"1","routeType":"night","lengthKm":21.4,"stops":72},"geometry":{"type":"LineString","coordinates":[[-0.3023,51.515],[-0.3016,51.514],[-0.3044,51.5132],[-0.3195,51.5109],[-0.3192,51.5049],[-0.3155,51.5016],[-0.3149,51.4994],[-0.3127,51.497],[-0.301,51.4993],[-0.2941,51.5016],[-0.2857,51.5009],[-0.2806,51.503],[-0.2766,51.508],[-0.2749,51.5084],[-0.2666,51.5067],[-0.2664,51.5061],[-0.2679,51.5059],[-0.2657,51.5025],[-0.258,51.5025],[-0.2568,51.5012],[-0.2553,51.4957],[-0.2554,51.4927],[-0.242,51.4935],[-0.2345,51.4928],[-0.234,51.4944],[-0.2274,51.4944],[-0.2237,51.4931],[-0.2243,51.4922],[-0.2226,51.4881],[-0.2206,51.4862],[-0.2194,51.4835],[-0.2162,51.4833],[-0.2133,51.4817],[-0.2025,51.4801],[-0.1974,51.4805],[-0.1917,51.4771],[-0.1584,51.4922],[-0.1576,51.4924],[-0.157,51.4904],[-0.1558,51.4896],[-0.1498,51.4908],[-0.1453,51.4962],[-0.1347,51.4977],[-0.1275,51.5003],[-0.1264,51.5011],[-0.1262,51.5041]]}},{"type":"Feature","properties":{"routeId":"k5","name":"K5","direction":"2","routeType":"regular","lengthKm":20.1,"stops":49},"geometry":{"type":"LineString","coordinates":[[-0.194,51.4025],[-0.1917,51.4036],[-0.2051,51.4077],[-0.2062,51.4127],[-0.2093,51.4109],[-0.216,51.4087],[-0.2179,51.4108],[-0.2259,51.4098],[-0.2299,51.4088],[-0.2295,51.407],[-0.2319,51.4068],[-0.2404,51.4036],[-0.2429,51.3997],[-0.2397,51.3999],[-0.2365,51.4019],[-0.2323,51.3984],[-0.2345,51.3967],[-0.2484,51.3904],[-0.253,51.3904],[-0.2533,51.3939],[-0.2545,51.3944],[-0.2541,51.3952],[-0.2555,51.3984],[-0.2585,51.399],[-0.2612,51.3967],[-0.2605,51.3964],[-0.2662,51.3945],[-0.2674,51.398],[-0.2726,51.3976],[-0.2734,51.3991],[-0.2685,51.4001],[-0.2679,51.4015],[-0.2802,51.4056],[-0.2803,51.4094],[-0.2816,51.4103],[-0.2806,51.411],[-0.2806,51.413],[-0.2899,51.4121],[-0.2922,51.4108],[-0.3001,51.4105],[-0.3017,51.4085],[-0.3036,51.409],[-0.3005,51.4113],[-0.3004,51.4123],[-0.2963,51.4122],[-0.2967,51.4143],[-0.2938,51.4171],[-0.2932,51.4193],[-0.2962,51.4187],[-0.2976,51.4219],[-0.2967,51.4222],[-0.2959,51.4239],[-0.3032,51.4282],[-0.3034,51.4295],[-0.3071,51.4301],[-0.3105,51.4318],[-0.3124,51.43],[-0.3161,51.4312],[-0.3152,51.4323]]}},{"type":"Feature","properties":{"routeId":"k2","name":"K2","direction":"2","routeType":"regular","lengthKm":12.1,"stops":40},"geometry":{"type":"LineString","coordinates":[[-0.3064,51.368],[-0.3025,51.3682],[-0.2995,51.3697],[-0.2855,51.369],[-0.2835,51.3718],[-0.2774,51.3759],[-0.2826,51.3809],[-0.2858,51.3825],[-0.2807,51.3855],[-0.2822,51.3907],[-0.2816,51.3936],[-0.2774,51.3971],[-0.2838,51.3978],[-0.2926,51.3958],[-0.2938,51.3934],[-0.2987,51.3933],[-0.299,51.3952],[-0.3045,51.3932],[-0.3039,51.3981],[-0.3049,51.3995],[-0.3036,51.4009],[-0.3045,51.4018],[-0.3038,51.4089],[-0.3005,51.4113],[-0.3006,51.4122],[-0.2967,51.4123],[-0.2965,51.4107],[-0.2921,51.4108],[-0.2899,51.4121],[-0.2806,51.413],[-0.281,51.4149]]}},{"type":"Feature","properties":{"routeId":"n113","name":"N113","direction":"2","routeType":"night","lengthKm":19.8,"stops":57},"geometry":{"type":"LineString","coordinates":[[-0.1299,51.5076],[-0.1326,51.5071],[-0.1351,51.51],[-0.1382,51.5103],[-0.1421,51.5153],[-0.1538,51.5139],[-0.1584,51.5241],[-0.1692,51.5302],[-0.1762,51.536],[-0.1751,51.5429],[-0.1759,51.5446],[-0.1785,51.5457],[-0.1819,51.5497],[-0.1857,51.5521],[-0.1886,51.5528],[-0.1941,51.5559],[-0.1971,51.5594],[-0.2036,51.5613],[-0.2078,51.5687],[-0.2133,51.5741],[-0.225,51.5794],[-0.2291,51.5845],[-0.2353,51.5878],[-0.2356,51.5893],[-0.2337,51.5949],[-0.2337,51.6],[-0.2401,51.6057],[-0.2419,51.6145],[-0.2428,51.6156],[-0.2548,51.6213],[-0.2701,51.6221],[-0.2777,51.6213],[-0.2774,51.6178],[-0.2756,51.6156],[-0.2762,51.6136],[-0.2756,51.6133]]}},{"type":"Feature","properties":{"routeId":"n137","name":"N137","direction":"1","routeType":"night","lengthKm":18.1,"stops":59},"geometry":{"type":"LineString","coordinates":[[-0.0781,51.4205],[-0.0814,51.417],[-0.0831,51.4197],[-0.087,51.4195],[-0.0935,51.4227],[-0.1062,51.4226],[-0.1145,51.4235],[-0.114,51.4254],[-0.1146,51.4313],[-0.1172,51.4329],[-0.1226,51.4344],[-0.1271,51.438],[-0.1246,51.442],[-0.1245,51.4451],[-0.1319,51.4477],[-0.1295,51.4546],[-0.1292,51.4598],[-0.1335,51.4592],[-0.1377,51.462],[-0.1391,51.4611],[-0.149,51.4613],[-0.1506,51.4674],[-0.1481,51.4736],[-0.1464,51.475],[-0.1482,51.4761],[-0.1491,51.4778],[-0.1501,51.4859],[-0.1569,51.4903],[-0.1581,51.4924],[-0.1605,51.5019],[-0.1511,51.5034],[-0.1522,51.5043],[-0.1522,51.5062],[-0.1599,51.5131],[-0.1421,51.5153],[-0.1425,51.5164],[-0.1435,51.5163],[-0.1429,51.5155]]}},{"type":"Feature","properties":{"routeId":"n109","name":"N109","direction":"2","routeType":"night","lengthKm":18.7,"stops":62},"geometry":{"type":"LineString","coordinates":[[-0.1422,51.516],[-0.1416,51.5141],[-0.1382,51.5103],[-0.1334,51.5101],[-0.1311,51.5077],[-0.1275,51.5076],[-0.1262,51.5043],[-0.1261,51.501],[-0.1159,51.5008],[-0.1123,51.4988],[-0.111,51.4955],[-0.1113,51.4856],[-0.11,51.4845],[-0.1115,51.4825],[-0.1108,51.4811],[-0.1123,51.4777],[-0.1125,51.4685],[-0.1157,51.4609],[-0.1153,51.4594],[-0.117,51.4592],[-0.124,51.4484],[-0.1245,51.4418],[-0.1277,51.4367],[-0.1295,51.4307],[-0.1309,51.4295],[-0.1312,51.4262],[-0.1279,51.4191],[-0.1242,51.415],[-0.1244,51.4132],[-0.1109,51.3868],[-0.1024,51.3777],[-0.0997,51.3784],[-0.0968,51.3743],[-0.0982,51.3735]]}},{"type":"Feature","properties":{"routeId":"n118","name":"N118","direction":"1","routeType":"night","lengthKm":27,"stops":80},"geometry":{"type":"LineString","coordinates":[[-0.4214,51.572],[-0.4134,51.5738],[-0.4045,51.5635],[-0.395,51.557],[-0.3926,51.5562],[-0.3656,51.5639],[-0.3648,51.5624],[-0.3651,51.56],[-0.3629,51.5582],[-0.3617,51.5561],[-0.3517,51.5528],[-0.347,51.5524],[-0.3378,51.554],[-0.335,51.5591],[-0.3319,51.5617],[-0.3254,51.5585],[-0.3169,51.5561],[-0.3141,51.5532],[-0.3114,51.552],[-0.2983,51.5521],[-0.2931,51.5537],[-0.2862,51.5533],[-0.2798,51.5489],[-0.2738,51.5463],[-0.2703,51.5432],[-0.2625,51.5412],[-0.2585,51.5415],[-0.2553,51.5407],[-0.2491,51.5388],[-0.2391,51.5325],[-0.2343,51.5327],[-0.228,51.5302],[-0.2056,51.5262],[-0.2007,51.5239],[-0.1949,51.523],[-0.1894,51.5199],[-0.1844,51.5197],[-0.1805,51.5209],[-0.1788,51.5202],[-0.1699,51.5201],[-0.1432,51.5247],[-0.1442,51.5234],[-0.1428,51.5201],[-0.1447,51.5198],[-0.1416,51.5141],[-0.1379,51.5102],[-0.1334,51.5101],[-0.1311,51.5077],[-0.1275,51.5076],[-0.1271,51.5063]]}},{"type":"Feature","properties":{"routeId":"k3","name":"K3","direction":"2","routeType":"regular","lengthKm":19.3,"stops":56},"geometry":{"type":"LineString","coordinates":[[-0.3649,51.3699],[-0.3654,51.3691],[-0.3639,51.3662],[-0.3644,51.3633],[-0.3541,51.3643],[-0.3521,51.3631],[-0.348,51.3631],[-0.3445,51.3598],[-0.3349,51.3608],[-0.3349,51.3588],[-0.3376,51.3576],[-0.3408,51.3603],[-0.3458,51.3678],[-0.3443,51.3697],[-0.3398,51.3729],[-0.3332,51.3807],[-0.3208,51.3841],[-0.322,51.3861],[-0.3165,51.3882],[-0.3166,51.3891],[-0.3109,51.392],[-0.3091,51.3912],[-0.3045,51.3931],[-0.3039,51.3981],[-0.3048,51.3999],[-0.3036,51.4009],[-0.3045,51.4018],[-0.3041,51.4071],[-0.3038,51.4089],[-0.3005,51.4113],[-0.3006,51.4122],[-0.2967,51.4123],[-0.2967,51.4108],[-0.2948,51.4105],[-0.2916,51.411],[-0.2899,51.4121],[-0.2806,51.413],[-0.2809,51.4153],[-0.2821,51.4172],[-0.2791,51.4191],[-0.2728,51.4271],[-0.2588,51.4348],[-0.258,51.4296],[-0.2595,51.4288],[-0.2586,51.427],[-0.2562,51.4275],[-0.2572,51.4332],[-0.2564,51.4359],[-0.2485,51.4394],[-0.2478,51.4388]]}},{"type":"Feature","properties":{"routeId":"n1","name":"N1","direction":"2","routeType":"night","lengthKm":26.7,"stops":84},"geometry":{"type":"LineString","coordinates":[[0.1166,51.5029],[0.1148,51.5021],[0.112,51.5026],[0.1112,51.5057],[0.1079,51.5077],[0.11,51.5068],[0.1153,51.5081],[0.1174,51.5095],[0.1207,51.5094],[0.1234,51.5105],[0.1276,51.5084],[0.1269,51.5069],[0.1216,51.5063],[0.1187,51.504],[0.1217,51.5015],[0.1211,51.4938],[0.1223,51.4906],[0.1221,51.4886],[0.1075,51.4869],[0.1064,51.4846],[0.0913,51.4877],[0.0812,51.4909],[0.0738,51.4907],[0.0688,51.4917],[0.0658,51.4936],[0.064,51.4939],[0.0505,51.4921],[0.0456,51.4925],[0.036,51.4889],[0.0296,51.4876],[0.0143,51.486],[0.0088,51.4863],[-0.0092,51.4808],[-0.0139,51.4814],[-0.0234,51.4807],[-0.0315,51.4837],[-0.0422,51.49],[-0.0445,51.4901],[-0.0458,51.4917],[-0.0541,51.4907],[-0.0577,51.4888],[-0.061,51.4922],[-0.0726,51.4926],[-0.0765,51.495],[-0.0818,51.4967],[-0.0855,51.4939],[-0.0996,51.4951],[-0.1059,51.4988],[-0.1123,51.5042],[-0.1141,51.5047],[-0.1192,51.5112],[-0.1177,51.5134],[-0.1203,51.5174],[-0.1274,51.5156],[-0.1287,51.516]]}},{"type":"Feature","properties":{"routeId":"n133","name":"N133","direction":"1","routeType":"night","lengthKm":20.6,"stops":65},"geometry":{"type":"LineString","coordinates":[[-0.194,51.4025],[-0.1916,51.4034],[-0.1874,51.3991],[-0.1849,51.3985],[-0.1819,51.3964],[-0.1746,51.3943],[-0.1737,51.3946],[-0.173,51.3977],[-0.1682,51.4014],[-0.1697,51.4024],[-0.1667,51.4027],[-0.1645,51.4049],[-0.1659,51.4055],[-0.1654,51.406],[-0.1612,51.4034],[-0.1599,51.4037],[-0.1548,51.4023],[-0.1459,51.399],[-0.1368,51.4039],[-0.1422,51.408],[-0.1422,51.4091],[-0.1397,51.4122],[-0.1422,51.4133],[-0.1292,51.422],[-0.1312,51.4263],[-0.1311,51.4293],[-0.1295,51.4307],[-0.1277,51.4371],[-0.1246,51.442],[-0.1241,51.4483],[-0.1167,51.4597],[-0.1128,51.4674],[-0.1124,51.4773],[-0.1108,51.4811],[-0.1115,51.4829],[-0.1009,51.493],[-0.1011,51.4955],[-0.0971,51.499],[-0.0932,51.5013],[-0.0887,51.5059],[-0.0867,51.5109],[-0.0856,51.5112],[-0.082,51.5159],[-0.0836,51.5163],[-0.0827,51.518]]}},{"type":"Feature","properties":{"routeId":"n140","name":"N140","direction":"1","routeType":"night","lengthKm":21.8,"stops":59},"geometry":{"type":"LineString","coordinates":[[-0.4535,51.4714],[-0.4544,51.4712],[-0.4531,51.4733],[-0.4531,51.4803],[-0.4542,51.4808],[-0.4593,51.48],[-0.4594,51.4806],[-0.4556,51.4814],[-0.4345,51.4809],[-0.4342,51.4842],[-0.4359,51.4878],[-0.4344,51.4912],[-0.4291,51.4927],[-0.4273,51.497],[-0.4239,51.5015],[-0.4207,51.5033],[-0.4191,51.5053],[-0.4189,51.507],[-0.4165,51.508],[-0.4051,51.5199],[-0.4,51.5235],[-0.3992,51.5249],[-0.3993,51.5279],[-0.3963,51.5337],[-0.3783,51.5432],[-0.3728,51.5449],[-0.3674,51.5486],[-0.3606,51.5515],[-0.3601,51.555],[-0.3623,51.5572],[-0.3473,51.569],[-0.354,51.5722],[-0.3499,51.5752],[-0.343,51.5773],[-0.3422,51.5807],[-0.3404,51.5799],[-0.3405,51.5809],[-0.3388,51.5811],[-0.3381,51.5799],[-0.3341,51.58],[-0.3318,51.5832],[-0.3321,51.5874],[-0.3334,51.5918],[-0.3351,51.5928],[-0.3351,51.5957],[-0.337,51.5979],[-0.3386,51.601],[-0.3387,51.603],[-0.34,51.6049]]}},{"type":"Feature","properties":{"routeId":"n11","name":"N11","direction":"2","routeType":"night","lengthKm":21.4,"stops":66},"geometry":{"type":"LineString","coordinates":[[-0.1271,51.5063],[-0.126,51.5027],[-0.1264,51.5011],[-0.1278,51.5002],[-0.1348,51.4976],[-0.1447,51.4966],[-0.1498,51.4908],[-0.1558,51.4896],[-0.157,51.4904],[-0.1576,51.4924],[-0.1584,51.4922],[-0.1917,51.4771],[-0.1974,51.4805],[-0.2023,51.4801],[-0.2133,51.4817],[-0.2162,51.4833],[-0.2194,51.4835],[-0.2206,51.4862],[-0.2226,51.4881],[-0.2233,51.4918],[-0.2242,51.4926],[-0.2238,51.4931],[-0.2312,51.4926],[-0.242,51.4935],[-0.2554,51.4927],[-0.2553,51.4957],[-0.2568,51.5012],[-0.2579,51.5024],[-0.2657,51.5025],[-0.2683,51.5067],[-0.2749,51.5084],[-0.2766,51.508],[-0.2806,51.503],[-0.2854,51.5009],[-0.2941,51.5016],[-0.301,51.4993],[-0.3126,51.497],[-0.3149,51.4994],[-0.3154,51.5015],[-0.3192,51.5049],[-0.3195,51.5109],[-0.3045,51.5132],[-0.3047,51.516],[-0.3023,51.5163],[-0.3023,51.5156]]}},{"type":"Feature","properties":{"routeId":"n136","name":"N136","direction":"1","routeType":"night","lengthKm":28,"stops":93},"geometry":{"type":"LineString","coordinates":[[-0.1422,51.516],[-0.1416,51.5141],[-0.1382,51.5103],[-0.1334,51.5101],[-0.1311,51.5077],[-0.1275,51.5076],[-0.1262,51.5043],[-0.1261,51.501],[-0.1263,51.5002],[-0.1348,51.4976],[-0.1452,51.4962],[-0.1427,51.4962],[-0.1408,51.4941],[-0.1241,51.4865],[-0.1249,51.4846],[-0.1236,51.4861],[-0.1192,51.4864],[-0.1185,51.4847],[-0.1157,51.483],[-0.1134,51.4828],[-0.0936,51.4742],[-0.088,51.4736],[-0.0755,51.4743],[-0.0704,51.4734],[-0.0623,51.4741],[-0.0528,51.473],[-0.0329,51.4759],[-0.0319,51.4737],[-0.0325,51.4729],[-0.0274,51.4692],[-0.0162,51.4646],[-0.0129,51.4645],[-0.0124,51.4634],[-0.0108,51.4637],[-0.0093,51.4624],[-0.0157,51.4553],[-0.0172,51.449],[-0.02,51.4448],[-0.0206,51.4411],[-0.0172,51.4324],[-0.0139,51.429],[-0.0109,51.4273],[-0.0038,51.4245],[0.003,51.4261],[0.0107,51.4242],[0.0133,51.4256],[0.0141,51.4296],[0.0173,51.4306],[0.0213,51.4307],[0.0213,51.4315],[0.0314,51.4316],[0.0339,51.428],[0.043,51.4299],[0.0492,51.4288],[0.0533,51.4292],[0.0748,51.4124]]}},{"type":"Feature","properties":{"routeId":"n137","name":"N137","direction":"2","routeType":"night","lengthKm":17.7,"stops":56},"geometry":{"type":"LineString","coordinates":[[-0.1429,51.5155],[-0.1582,51.5134],[-0.1567,51.5103],[-0.151,51.5055],[-0.1509,51.5034],[-0.1499,51.5032],[-0.1499,51.5025],[-0.1516,51.502],[-0.1528,51.5029],[-0.1604,51.5018],[-0.1578,51.4927],[-0.1568,51.4926],[-0.1576,51.4924],[-0.157,51.4904],[-0.1501,51.486],[-0.1491,51.4778],[-0.1482,51.4761],[-0.1464,51.475],[-0.1481,51.4736],[-0.1506,51.4674],[-0.149,51.4613],[-0.1467,51.4613],[-0.1421,51.4633],[-0.1398,51.4618],[-0.1376,51.462],[-0.1333,51.4593],[-0.1292,51.4598],[-0.1294,51.4547],[-0.1319,51.4478],[-0.1243,51.4452],[-0.1245,51.4418],[-0.1268,51.4381],[-0.1226,51.4344],[-0.1166,51.4327],[-0.1146,51.4312],[-0.114,51.4254],[-0.1145,51.4235],[-0.1062,51.4226],[-0.0935,51.4227],[-0.0862,51.4193],[-0.0787,51.4198],[-0.0782,51.4208]]}},{"type":"Feature","properties":{"routeId":"n155","name":"N155","direction":"1","routeType":"night","lengthKm":16.6,"stops":53},"geometry":{"type":"LineString","coordinates":[[-0.194,51.4025],[-0.1917,51.4038],[-0.1925,51.4156],[-0.1821,51.4162],[-0.1791,51.4172],[-0.1706,51.4252],[-0.1628,51.4338],[-0.157,51.4376],[-0.1554,51.4405],[-0.1482,51.4486],[-0.1473,51.4532],[-0.1414,51.4596],[-0.1377,51.4621],[-0.1297,51.4653],[-0.1277,51.4681],[-0.122,51.4726],[-0.1009,51.493],[-0.1008,51.4948],[-0.1157,51.5006],[-0.1263,51.501],[-0.1262,51.5041],[-0.1281,51.5074],[-0.1191,51.5114],[-0.1184,51.5128]]}},{"type":"Feature","properties":{"routeId":"n118","name":"N118","direction":"2","routeType":"night","lengthKm":26.8,"stops":73},"geometry":{"type":"LineString","coordinates":[[-0.1294,51.5076],[-0.1326,51.5071],[-0.1351,51.51],[-0.1382,51.5103],[-0.1413,51.5137],[-0.1459,51.522],[-0.1438,51.5224],[-0.1442,51.524],[-0.1701,51.5198],[-0.1894,51.5196],[-0.1945,51.5229],[-0.2013,51.5241],[-0.2054,51.5262],[-0.228,51.5302],[-0.2344,51.5327],[-0.2392,51.5325],[-0.2448,51.536],[-0.2473,51.5358],[-0.2505,51.5389],[-0.2557,51.5408],[-0.2628,51.5412],[-0.2701,51.5431],[-0.2738,51.5463],[-0.2804,51.5491],[-0.2863,51.5533],[-0.293,51.5537],[-0.298,51.5521],[-0.3114,51.552],[-0.314,51.5526],[-0.3163,51.5556],[-0.3269,51.5591],[-0.3319,51.5617],[-0.3351,51.559],[-0.3378,51.554],[-0.3463,51.5525],[-0.3514,51.5527],[-0.3558,51.5534],[-0.3616,51.5561],[-0.3651,51.56],[-0.3648,51.5625],[-0.3656,51.5639],[-0.3927,51.5562],[-0.3947,51.5568],[-0.4045,51.5635],[-0.4087,51.5674],[-0.4134,51.5738],[-0.4216,51.5724],[-0.4217,51.5716],[-0.4214,51.572]]}},{"type":"Feature","properties":{"routeId":"n171","name":"N171","direction":"1","routeType":"night","lengthKm":18.7,"stops":63},"geometry":{"type":"LineString","coordinates":[[0.0003,51.4497],[0.0018,51.4481],[-0.0022,51.4458],[-0.002,51.4421],[-0.0101,51.4422],[-0.0221,51.4448],[-0.0322,51.4419],[-0.0426,51.4422],[-0.0426,51.4466],[-0.0392,51.4522],[-0.034,51.4587],[-0.0342,51.4605],[-0.0366,51.465],[-0.0354,51.4712],[-0.0329,51.4731],[-0.0353,51.4751],[-0.0373,51.4756],[-0.0528,51.473],[-0.0656,51.4739],[-0.0656,51.4724],[-0.0697,51.472],[-0.0699,51.4733],[-0.0758,51.4743],[-0.0875,51.4735],[-0.0931,51.474],[-0.0946,51.4829],[-0.094,51.4855],[-0.0989,51.493],[-0.1007,51.4935],[-0.1009,51.4956],[-0.1123,51.5042],[-0.1141,51.5047],[-0.1192,51.5112],[-0.1177,51.5134],[-0.1203,51.5174],[-0.1274,51.5156],[-0.1287,51.516]]}},{"type":"Feature","properties":{"routeId":"n15","name":"N15","direction":"1","routeType":"night","lengthKm":29.9,"stops":93},"geometry":{"type":"LineString","coordinates":[[0.1821,51.5806],[0.1845,51.5805],[0.1843,51.5798],[0.1862,51.578],[0.183,51.5767],[0.184,51.5756],[0.1834,51.5752],[0.1839,51.5723],[0.1867,51.5696],[0.1866,51.5667],[0.1859,51.5656],[0.1723,51.5653],[0.1573,51.5623],[0.1539,51.5613],[0.1536,51.5605],[0.1486,51.5613],[0.1469,51.5571],[0.1442,51.555],[0.1363,51.5526],[0.1201,51.5511],[0.1077,51.552],[0.1041,51.5497],[0.086,51.5425],[0.0806,51.5388],[0.0783,51.5394],[0.0789,51.5382],[0.0723,51.5376],[0.0641,51.5339],[0.0544,51.5331],[0.036,51.5301],[0.0241,51.5229],[0.0087,51.516],[0.0088,51.5154],[0.0076,51.515],[0.0091,51.5137],[0.0079,51.5153],[-0.0067,51.5115],[-0.0211,51.5108],[-0.03,51.5124],[-0.0707,51.5156],[-0.0761,51.5137],[-0.0752,51.5114],[-0.0728,51.5111],[-0.0728,51.5103],[-0.0779,51.5094],[-0.1005,51.5137],[-0.1084,51.5142],[-0.1145,51.5128],[-0.1176,51.5131],[-0.1191,51.5113],[-0.1276,51.5072],[-0.1326,51.5071],[-0.1351,51.51],[-0.1382,51.5103],[-0.1419,51.5146],[-0.1423,51.5162]]}},{"type":"Feature","properties":{"routeId":"n133","name":"N133","direction":"2","routeType":"night","lengthKm":20.2,"stops":64},"geometry":{"type":"LineString","coordinates":[[-0.0825,51.5184],[-0.0836,51.5164],[-0.0816,51.5162],[-0.0866,51.5108],[-0.0884,51.5061],[-0.0933,51.5011],[-0.0973,51.4989],[-0.1011,51.4955],[-0.1005,51.4933],[-0.1111,51.4833],[-0.1107,51.4813],[-0.1125,51.4761],[-0.1128,51.4675],[-0.1156,51.4613],[-0.124,51.4484],[-0.1245,51.4418],[-0.1275,51.437],[-0.1295,51.4307],[-0.131,51.4291],[-0.1312,51.4262],[-0.1289,51.4218],[-0.1386,51.4162],[-0.1421,51.4133],[-0.1397,51.4122],[-0.1422,51.4091],[-0.1422,51.408],[-0.1368,51.4039],[-0.1461,51.399],[-0.1599,51.4037],[-0.1613,51.4033],[-0.1641,51.4054],[-0.1728,51.3977],[-0.1737,51.3946],[-0.1747,51.3943],[-0.1817,51.3963],[-0.1849,51.3985],[-0.1877,51.3988],[-0.1903,51.4016],[-0.1948,51.402]]}},{"type":"Feature","properties":{"routeId":"n18","name":"N18","direction":"1","routeType":"night","lengthKm":24.3,"stops":71},"geometry":{"type":"LineString","coordinates":[[-0.3403,51.6058],[-0.337,51.5979],[-0.3335,51.5947],[-0.3353,51.5944],[-0.3348,51.5928],[-0.3332,51.5919],[-0.3317,51.583],[-0.3341,51.58],[-0.3384,51.5801],[-0.3341,51.58],[-0.3333,51.5772],[-0.3252,51.5788],[-0.326,51.5776],[-0.3249,51.5735],[-0.3216,51.5688],[-0.321,51.5641],[-0.3197,51.5604],[-0.3168,51.556],[-0.3129,51.5525],[-0.3085,51.5516],[-0.2983,51.5521],[-0.2935,51.5537],[-0.2862,51.5533],[-0.2798,51.5489],[-0.2738,51.5463],[-0.2703,51.5432],[-0.2625,51.5412],[-0.2585,51.5415],[-0.2542,51.5408],[-0.2532,51.5398],[-0.2491,51.5388],[-0.2391,51.5325],[-0.2343,51.5327],[-0.228,51.5302],[-0.2056,51.5262],[-0.2007,51.5239],[-0.1949,51.523],[-0.1894,51.5199],[-0.1844,51.5197],[-0.1805,51.5209],[-0.1788,51.5202],[-0.1699,51.5201],[-0.1432,51.5247],[-0.1442,51.5234],[-0.1428,51.5201],[-0.1447,51.5198],[-0.1416,51.5141],[-0.1379,51.5102],[-0.1334,51.5101],[-0.1311,51.5077],[-0.1275,51.5076],[-0.1271,51.5063]]}},{"type":"Feature","properties":{"routeId":"n171","name":"N171","direction":"2","routeType":"night","lengthKm":19.1,"stops":59},"geometry":{"type":"LineString","coordinates":[[-0.1278,51.5168],[-0.121,51.519],[-0.1176,51.5133],[-0.1189,51.5123],[-0.1191,51.5112],[-0.1131,51.5045],[-0.1009,51.4956],[-0.1005,51.4936],[-0.0989,51.493],[-0.094,51.4855],[-0.0943,51.4798],[-0.0929,51.4741],[-0.0867,51.4735],[-0.0755,51.4743],[-0.0704,51.4734],[-0.0623,51.4741],[-0.0534,51.4729],[-0.0328,51.4758],[-0.0319,51.4737],[-0.0354,51.4712],[-0.0366,51.465],[-0.0341,51.4603],[-0.034,51.4587],[-0.0391,51.4524],[-0.0426,51.4466],[-0.0425,51.4423],[-0.032,51.442],[-0.0251,51.4443],[-0.0205,51.4449],[-0.0191,51.4461],[-0.0173,51.4458],[-0.0179,51.4438],[-0.0096,51.4421],[-0.002,51.4421],[-0.0022,51.4458],[0.0002,51.4472],[-0.0026,51.4492],[0.0003,51.4497]]}},{"type":"Feature","properties":{"routeId":"n140","name":"N140","direction":"2","routeType":"night","lengthKm":20.7,"stops":52},"geometry":{"type":"LineString","coordinates":[[-0.3403,51.6058],[-0.337,51.5979],[-0.3335,51.5947],[-0.3353,51.5944],[-0.3348,51.5928],[-0.3332,51.5919],[-0.3317,51.583],[-0.3341,51.58],[-0.3418,51.58],[-0.343,51.5773],[-0.3499,51.5752],[-0.3537,51.5723],[-0.3473,51.569],[-0.3623,51.5572],[-0.3617,51.5561],[-0.3594,51.5552],[-0.361,51.5512],[-0.3667,51.549],[-0.3721,51.5452],[-0.3769,51.5434],[-0.3772,51.5426],[-0.3865,51.5389],[-0.3904,51.5357],[-0.3934,51.5355],[-0.3962,51.5338],[-0.3991,51.5281],[-0.3991,51.5252],[-0.4,51.5235],[-0.4052,51.5198],[-0.4165,51.508],[-0.4187,51.5071],[-0.4198,51.5041],[-0.424,51.5013],[-0.4265,51.4979],[-0.4291,51.4927],[-0.4344,51.4912],[-0.4359,51.4878],[-0.4344,51.4848],[-0.4342,51.4806],[-0.4483,51.4811],[-0.4495,51.4804],[-0.4526,51.4806],[-0.4526,51.4716]]}},{"type":"Feature","properties":{"routeId":"n20","name":"N20","direction":"1","routeType":"night","lengthKm":22.3,"stops":76},"geometry":{"type":"LineString","coordinates":[[-0.214,51.652],[-0.2122,51.6529],[-0.1996,51.6529],[-0.1874,51.6467],[-0.1812,51.6416],[-0.1768,51.6358],[-0.1746,51.6295],[-0.1764,51.6239],[-0.1767,51.6153],[-0.1759,51.6129],[-0.1774,51.6128],[-0.1918,51.6028],[-0.198,51.597],[-0.1904,51.5963],[-0.1787,51.5917],[-0.174,51.591],[-0.1695,51.5891],[-0.1674,51.5898],[-0.1639,51.5895],[-0.1642,51.5874],[-0.1632,51.5855],[-0.1572,51.582],[-0.1439,51.5762],[-0.1337,51.5662],[-0.1409,51.5534],[-0.1419,51.5427],[-0.1399,51.5405],[-0.1418,51.5395],[-0.1375,51.5349],[-0.1384,51.5343],[-0.1314,51.5279],[-0.1324,51.5274],[-0.1321,51.5268],[-0.1379,51.5248],[-0.1304,51.5165],[-0.1283,51.5102],[-0.1274,51.5094],[-0.1271,51.5063]]}},{"type":"Feature","properties":{"routeId":"n19","name":"N19","direction":"1","routeType":"night","lengthKm":16.7,"stops":52},"geometry":{"type":"LineString","coordinates":[[-0.1057,51.565],[-0.1039,51.5643],[-0.1074,51.5633],[-0.1115,51.5582],[-0.1169,51.5561],[-0.1052,51.5473],[-0.1023,51.546],[-0.1034,51.5448],[-0.1024,51.5383],[-0.1062,51.5326],[-0.1053,51.53],[-0.1103,51.5257],[-0.1126,51.5217],[-0.1195,51.5199],[-0.1254,51.5171],[-0.1304,51.5164],[-0.1292,51.5133],[-0.1331,51.5115],[-0.1347,51.5098],[-0.1414,51.5075],[-0.1514,51.502],[-0.1528,51.5029],[-0.1604,51.5018],[-0.1578,51.4927],[-0.1568,51.4925],[-0.1758,51.4845],[-0.1667,51.4749],[-0.1635,51.4748],[-0.1626,51.4728],[-0.1716,51.4701],[-0.1704,51.4672],[-0.1678,51.4639],[-0.1698,51.4631]]}},{"type":"Feature","properties":{"routeId":"n2","name":"N2","direction":"1","routeType":"night","lengthKm":15.9,"stops":51},"geometry":{"type":"LineString","coordinates":[[-0.0781,51.4205],[-0.0814,51.417],[-0.0831,51.4197],[-0.0864,51.4193],[-0.0926,51.4225],[-0.097,51.4227],[-0.1015,51.4298],[-0.1043,51.4298],[-0.1037,51.4336],[-0.1042,51.4357],[-0.1062,51.4401],[-0.1087,51.4405],[-0.1085,51.4416],[-0.1129,51.4467],[-0.1133,51.4543],[-0.1152,51.459],[-0.1167,51.4594],[-0.1143,51.4646],[-0.1165,51.4657],[-0.1224,51.4723],[-0.1216,51.4731],[-0.1224,51.4734],[-0.1247,51.481],[-0.1232,51.4834],[-0.1234,51.4844],[-0.1248,51.4845],[-0.1238,51.4862],[-0.1424,51.4945],[-0.1429,51.4966],[-0.1463,51.4972],[-0.152,51.5021],[-0.1523,51.503],[-0.1511,51.5034],[-0.1522,51.5043],[-0.1522,51.5062],[-0.1573,51.5102],[-0.1586,51.5125],[-0.1598,51.5127],[-0.1597,51.5133],[-0.156,51.5137],[-0.1597,51.5218],[-0.1627,51.5223]]}},{"type":"Feature","properties":{"routeId":"n155","name":"N155","direction":"2","routeType":"night","lengthKm":17.1,"stops":56},"geometry":{"type":"LineString","coordinates":[[-0.117,51.5133],[-0.1186,51.5127],[-0.1191,51.5113],[-0.1274,51.5074],[-0.1262,51.5043],[-0.1261,51.501],[-0.1159,51.5008],[-0.1103,51.4983],[-0.1047,51.4989],[-0.1009,51.4956],[-0.1005,51.4933],[-0.122,51.4726],[-0.1278,51.468],[-0.1297,51.4653],[-0.1377,51.462],[-0.1415,51.4595],[-0.1473,51.4532],[-0.1482,51.4486],[-0.1551,51.4408],[-0.157,51.4376],[-0.1628,51.4338],[-0.1707,51.4251],[-0.1791,51.4172],[-0.1821,51.4162],[-0.1925,51.4154],[-0.1916,51.4034],[-0.1948,51.402]]}},{"type":"Feature","properties":{"routeId":"n136","name":"N136","direction":"2","routeType":"night","lengthKm":27.3,"stops":92},"geometry":{"type":"LineString","coordinates":[[0.0748,51.4124],[0.0533,51.4292],[0.0492,51.4288],[0.0427,51.4299],[0.0339,51.428],[0.0314,51.4316],[0.0213,51.4315],[0.0213,51.4307],[0.0169,51.4305],[0.014,51.4295],[0.0133,51.4255],[0.0106,51.4242],[0.0031,51.4261],[-0.0039,51.4244],[-0.0051,51.4255],[-0.0109,51.4273],[-0.0139,51.429],[-0.017,51.4322],[-0.0207,51.441],[-0.0195,51.4461],[-0.0172,51.4488],[-0.0157,51.4553],[-0.0136,51.4572],[-0.0122,51.4592],[-0.0126,51.4596],[-0.0093,51.4624],[-0.0103,51.4627],[-0.0113,51.465],[-0.0167,51.4647],[-0.0266,51.4688],[-0.0361,51.4755],[-0.0528,51.473],[-0.0656,51.4739],[-0.0656,51.4724],[-0.0697,51.472],[-0.0699,51.4733],[-0.0758,51.4743],[-0.0875,51.4735],[-0.0932,51.474],[-0.1134,51.4828],[-0.1157,51.483],[-0.1217,51.4861],[-0.1231,51.4848],[-0.1238,51.4862],[-0.1424,51.4945],[-0.1429,51.4966],[-0.1338,51.4979],[-0.1275,51.5003],[-0.1262,51.5019],[-0.1262,51.5041],[-0.1277,51.5072],[-0.1326,51.5071],[-0.1351,51.51],[-0.1376,51.51],[-0.1401,51.5124]]}},{"type":"Feature","properties":{"routeId":"n19","name":"N19","direction":"2","routeType":"night","lengthKm":15.9,"stops":55},"geometry":{"type":"LineString","coordinates":[[-0.17,51.4631],[-0.1678,51.4638],[-0.1716,51.4701],[-0.1657,51.4721],[-0.1659,51.4739],[-0.1758,51.4845],[-0.1578,51.4927],[-0.1605,51.5019],[-0.15,51.5033],[-0.1348,51.5098],[-0.1331,51.5115],[-0.1292,51.5133],[-0.1304,51.5164],[-0.1256,51.5171],[-0.1196,51.5199],[-0.1124,51.5219],[-0.1103,51.5257],[-0.1053,51.53],[-0.1062,51.533],[-0.1024,51.5383],[-0.1034,51.5446],[-0.1023,51.546],[-0.1055,51.5475],[-0.1195,51.5578],[-0.1057,51.5643]]}},{"type":"Feature","properties":{"routeId":"n20","name":"N20","direction":"2","routeType":"night","lengthKm":22.2,"stops":73},"geometry":{"type":"LineString","coordinates":[[-0.1272,51.5083],[-0.1304,51.5165],[-0.138,51.5252],[-0.1324,51.5268],[-0.1328,51.5275],[-0.1314,51.5279],[-0.1371,51.5331],[-0.1393,51.5326],[-0.1391,51.5351],[-0.1425,51.5392],[-0.1407,51.5509],[-0.141,51.5531],[-0.1383,51.5571],[-0.1347,51.5652],[-0.135,51.5667],[-0.1438,51.5762],[-0.1542,51.5807],[-0.1553,51.5805],[-0.1633,51.5855],[-0.1643,51.5871],[-0.1639,51.5895],[-0.1674,51.5898],[-0.1692,51.589],[-0.1743,51.591],[-0.1797,51.5921],[-0.1904,51.5963],[-0.198,51.597],[-0.1934,51.6016],[-0.1772,51.6131],[-0.1764,51.6239],[-0.1746,51.6287],[-0.1764,51.6351],[-0.1812,51.6416],[-0.1873,51.6466],[-0.1993,51.6528],[-0.2122,51.6529],[-0.2147,51.6519]]}},{"type":"Feature","properties":{"routeId":"n18","name":"N18","direction":"2","routeType":"night","lengthKm":23.5,"stops":69},"geometry":{"type":"LineString","coordinates":[[-0.1294,51.5076],[-0.1326,51.5071],[-0.1351,51.51],[-0.1382,51.5103],[-0.1413,51.5137],[-0.1459,51.522],[-0.1438,51.5224],[-0.1442,51.524],[-0.1701,51.5198],[-0.1894,51.5196],[-0.1945,51.5229],[-0.2013,51.5241],[-0.2054,51.5262],[-0.228,51.5302],[-0.2344,51.5327],[-0.2392,51.5325],[-0.2448,51.536],[-0.2473,51.5358],[-0.2505,51.5389],[-0.2557,51.5408],[-0.2628,51.5412],[-0.2701,51.5431],[-0.2738,51.5463],[-0.2804,51.5491],[-0.2863,51.5533],[-0.2935,51.5537],[-0.298,51.5521],[-0.3089,51.5516],[-0.314,51.5526],[-0.3154,51.5549],[-0.3171,51.556],[-0.3197,51.5604],[-0.3198,51.5622],[-0.321,51.5638],[-0.3214,51.5681],[-0.3248,51.5733],[-0.3262,51.578],[-0.3333,51.5772],[-0.3341,51.58],[-0.3384,51.5801],[-0.3341,51.58],[-0.3318,51.5832],[-0.3334,51.5918],[-0.3351,51.5928],[-0.3351,51.5957],[-0.337,51.5979],[-0.3386,51.601],[-0.3387,51.603],[-0.34,51.6049]]}},{"type":"Feature","properties":{"routeId":"n205","name":"N205","direction":"1","routeType":"night","lengthKm":17.8,"stops":54},"geometry":{"type":"LineString","coordinates":[[-0.1798,51.5176],[-0.1764,51.5152],[-0.169,51.5193],[-0.1657,51.52],[-0.1655,51.5208],[-0.1419,51.5241],[-0.1324,51.5268],[-0.1328,51.5275],[-0.1302,51.5283],[-0.1297,51.5277],[-0.122,51.5308],[-0.106,51.5319],[-0.0889,51.5275],[-0.0871,51.5258],[-0.0843,51.5264],[-0.0792,51.5237],[-0.0773,51.5238],[-0.0797,51.5183],[-0.0816,51.5162],[-0.08,51.5161],[-0.077,51.5143],[-0.0737,51.5146],[-0.0656,51.5178],[-0.0413,51.5226],[-0.0339,51.5253],[-0.0182,51.5284],[-0.0117,51.5309],[-0.0057,51.5353],[-0.0095,51.5378],[-0.0073,51.5404],[-0.0041,51.5426],[-0.0039,51.5455],[-0.0082,51.5455],[-0.0087,51.5497],[-0.0042,51.551],[-0.0044,51.5517]]}},{"type":"Feature","properties":{"routeId":"n15","name":"N15","direction":"2","routeType":"night","lengthKm":29.6,"stops":90},"geometry":{"type":"LineString","coordinates":[[-0.1422,51.516],[-0.1416,51.5141],[-0.1379,51.5102],[-0.1334,51.5101],[-0.1311,51.5077],[-0.1278,51.5072],[-0.1191,51.5114],[-0.1178,51.5131],[-0.1087,51.5142],[-0.1004,51.5137],[-0.0779,51.5094],[-0.0749,51.5101],[-0.0757,51.5131],[-0.0752,51.5141],[-0.0709,51.5156],[-0.0299,51.5124],[-0.021,51.5108],[-0.007,51.5116],[0,51.513],[0.0078,51.516],[0.0088,51.5155],[0.0076,51.515],[0.0091,51.5137],[0.0077,51.5159],[0.0238,51.5227],[0.0358,51.53],[0.0637,51.5339],[0.0722,51.5379],[0.0788,51.5382],[0.078,51.5393],[0.0806,51.5388],[0.0826,51.541],[0.1049,51.5501],[0.1075,51.5521],[0.1205,51.5511],[0.1362,51.5526],[0.144,51.5549],[0.147,51.5572],[0.1478,51.5612],[0.153,51.5609],[0.1723,51.5653],[0.1856,51.5659],[0.1866,51.5667],[0.1865,51.5702],[0.184,51.572],[0.1838,51.5742],[0.1824,51.5763],[0.1857,51.578],[0.184,51.5801],[0.1825,51.5805]]}},{"type":"Feature","properties":{"routeId":"n207","name":"N207","direction":"1","routeType":"night","lengthKm":27.8,"stops":88},"geometry":{"type":"LineString","coordinates":[[-0.4792,51.5473],[-0.4805,51.5472],[-0.4818,51.5486],[-0.4832,51.547],[-0.4822,51.5454],[-0.4804,51.5447],[-0.477,51.545],[-0.4733,51.5437],[-0.4721,51.5415],[-0.4725,51.5389],[-0.4697,51.5362],[-0.4584,51.5353],[-0.4361,51.5257],[-0.4229,51.5232],[-0.4094,51.5184],[-0.4035,51.5173],[-0.391,51.5133],[-0.3794,51.5114],[-0.3714,51.5107],[-0.3658,51.5113],[-0.3425,51.5082],[-0.328,51.5096],[-0.2999,51.5141],[-0.2832,51.5087],[-0.2749,51.5084],[-0.2695,51.5068],[-0.2337,51.5065],[-0.2181,51.5044],[-0.2008,51.5086],[-0.1916,51.51],[-0.1304,51.5164],[-0.1256,51.5171],[-0.122,51.5186]]}},{"type":"Feature","properties":{"routeId":"n199","name":"N199","direction":"1","routeType":"night","lengthKm":35,"stops":113},"geometry":{"type":"LineString","coordinates":[[-0.1262,51.5086],[-0.1191,51.5114],[-0.1178,51.5131],[-0.1087,51.5142],[-0.1004,51.5137],[-0.0865,51.5109],[-0.0882,51.5061],[-0.0786,51.5031],[-0.0693,51.4985],[-0.0655,51.498],[-0.0552,51.4991],[-0.0521,51.4965],[-0.0497,51.4975],[-0.0494,51.4981],[-0.0502,51.4984],[-0.0496,51.4976],[-0.0523,51.4963],[-0.0477,51.4935],[-0.0454,51.4938],[-0.0468,51.493],[-0.0448,51.4918],[-0.0399,51.493],[-0.0375,51.4922],[-0.0346,51.4927],[-0.0346,51.4888],[-0.0378,51.4877],[-0.0282,51.4821],[-0.0229,51.4809],[-0.0102,51.4814],[-0.0088,51.4822],[-0.0081,51.4812],[-0.0123,51.4775],[-0.0155,51.4723],[-0.011,51.4661],[-0.0113,51.465],[-0.0134,51.4652],[-0.0125,51.4636],[-0.0108,51.4637],[-0.0093,51.4624],[-0.0157,51.4553],[-0.0172,51.449],[-0.0203,51.4437],[-0.0205,51.4406],[-0.0181,51.4359],[-0.0172,51.4324],[-0.0139,51.429],[-0.0109,51.4273],[-0.0044,51.425],[-0.0018,51.4214],[0.0059,51.4158],[0.0118,51.4071],[0.0143,51.4057],[0.0187,51.4063],[0.0188,51.4029],[0.0155,51.4025],[0.0173,51.3991],[0.0204,51.3986],[0.0324,51.3918],[0.0358,51.3888],[0.0453,51.39],[0.0482,51.3894],[0.0543,51.3906],[0.0649,51.3885],[0.0717,51.39],[0.078,51.3839],[0.078,51.3825],[0.0805,51.3817],[0.0768,51.3766],[0.0757,51.3743],[0.076,51.3733],[0.0886,51.3727],[0.0926,51.3718],[0.0974,51.3733],[0.1032,51.3799],[0.1022,51.3813],[0.103,51.3824],[0.1063,51.3818],[0.1077,51.3823],[0.1074,51.3846],[0.1119,51.395],[0.1076,51.3952],[0.1072,51.3957]]}},{"type":"Feature","properties":{"routeId":"n2","name":"N2","direction":"2","routeType":"night","lengthKm":15.8,"stops":50},"geometry":{"type":"LineString","coordinates":[[-0.1626,51.5223],[-0.1619,51.5214],[-0.1576,51.5222],[-0.1538,51.5139],[-0.1583,51.5132],[-0.1567,51.5103],[-0.151,51.5055],[-0.1509,51.5034],[-0.1498,51.5031],[-0.1513,51.5017],[-0.1471,51.4983],[-0.1439,51.4981],[-0.1452,51.4962],[-0.1427,51.4962],[-0.1408,51.4941],[-0.1241,51.4865],[-0.1248,51.4846],[-0.1235,51.4859],[-0.1231,51.4835],[-0.1247,51.481],[-0.1224,51.4735],[-0.1214,51.4733],[-0.1222,51.4724],[-0.1166,51.4659],[-0.1143,51.4646],[-0.1157,51.4609],[-0.1131,51.4537],[-0.113,51.4471],[-0.1092,51.4422],[-0.1063,51.441],[-0.1036,51.4333],[-0.0971,51.423],[-0.0928,51.4226],[-0.0862,51.4193],[-0.0787,51.4198],[-0.0782,51.4208]]}},{"type":"Feature","properties":{"routeId":"n242","name":"N242","direction":"1","routeType":"night","lengthKm":12.5,"stops":45},"geometry":{"type":"LineString","coordinates":[[-0.0439,51.549],[-0.0435,51.5484],[-0.0421,51.5487],[-0.0444,51.5527],[-0.0369,51.5549],[-0.0386,51.5559],[-0.0399,51.5581],[-0.0465,51.557],[-0.0496,51.5536],[-0.0493,51.552],[-0.0516,51.5509],[-0.055,51.5495],[-0.0595,51.5494],[-0.0551,51.5467],[-0.0635,51.5458],[-0.0757,51.5462],[-0.0771,51.5316],[-0.0781,51.5279],[-0.0773,51.5237],[-0.0797,51.5183],[-0.0842,51.5134],[-0.0963,51.5144],[-0.1065,51.5176],[-0.113,51.5183],[-0.1224,51.5173],[-0.1273,51.5156]]}},{"type":"Feature","properties":{"routeId":"n22","name":"N22","direction":"1","routeType":"night","lengthKm":21.3,"stops":64},"geometry":{"type":"LineString","coordinates":[[-0.3495,51.4357],[-0.3508,51.4361],[-0.3486,51.4389],[-0.3396,51.4448],[-0.3298,51.4456],[-0.3197,51.4511],[-0.3133,51.4526],[-0.3133,51.4537],[-0.3118,51.4549],[-0.3056,51.4583],[-0.3063,51.4598],[-0.3034,51.4615],[-0.3006,51.4649],[-0.2931,51.4662],[-0.2884,51.4678],[-0.2835,51.4679],[-0.2761,51.4693],[-0.2714,51.4687],[-0.267,51.4698],[-0.2575,51.4702],[-0.2514,51.4736],[-0.2474,51.4734],[-0.2393,51.4753],[-0.2369,51.4716],[-0.2379,51.4699],[-0.229,51.4684],[-0.2243,51.4684],[-0.214,51.4661],[-0.2065,51.4713],[-0.1982,51.473],[-0.1861,51.4801],[-0.178,51.4828],[-0.1738,51.4855],[-0.1582,51.4924],[-0.1605,51.5019],[-0.15,51.5033],[-0.1429,51.5067],[-0.1442,51.5077],[-0.1434,51.5082],[-0.1442,51.5089],[-0.1469,51.5099],[-0.1433,51.5112],[-0.1408,51.5132],[-0.1423,51.5162]]}},{"type":"Feature","properties":{"routeId":"n21","name":"N21","direction":"1","routeType":"night","lengthKm":26.8,"stops":87},"geometry":{"type":"LineString","coordinates":[[0.1467,51.4565],[0.1463,51.4572],[0.1476,51.4572],[0.153,51.4553],[0.152,51.452],[0.1553,51.4504],[0.1572,51.4482],[0.1554,51.4461],[0.1519,51.4446],[0.1505,51.4417],[0.1481,51.4414],[0.139,51.4435],[0.1255,51.4479],[0.1168,51.448],[0.1118,51.4495],[0.0987,51.4515],[0.0904,51.4517],[0.0869,51.4505],[0.0808,51.4506],[0.0697,51.4521],[0.0634,51.4507],[0.0519,51.4508],[0.04,51.4526],[0.0257,51.4535],[0.0098,51.4566],[0.0065,51.4586],[-0.0021,51.4587],[-0.0065,51.4615],[-0.0103,51.4627],[-0.0113,51.465],[-0.0167,51.4647],[-0.0266,51.4688],[-0.036,51.4754],[-0.0463,51.4744],[-0.0475,51.4758],[-0.0755,51.4875],[-0.0811,51.4906],[-0.0862,51.494],[-0.0863,51.495],[-0.0932,51.5013],[-0.0885,51.5062],[-0.0868,51.5107],[-0.089,51.5132],[-0.0923,51.5138],[-0.0925,51.5127],[-0.0938,51.5124],[-0.1035,51.5141],[-0.1084,51.5142],[-0.1145,51.5128],[-0.117,51.5133],[-0.1184,51.5128],[-0.1191,51.5113],[-0.1256,51.5085]]}},{"type":"Feature","properties":{"routeId":"n250","name":"N250","direction":"1","routeType":"night","lengthKm":13.2,"stops":46},"geometry":{"type":"LineString","coordinates":[[-0.1139,51.4654],[-0.1156,51.4613],[-0.124,51.4484],[-0.1245,51.4418],[-0.1275,51.437],[-0.1295,51.4307],[-0.1309,51.4295],[-0.1312,51.4262],[-0.1279,51.4191],[-0.1246,51.4155],[-0.1164,51.4149],[-0.1093,51.4115],[-0.1004,51.4026],[-0.1,51.4007],[-0.0984,51.3989],[-0.1141,51.3933],[-0.1104,51.3861],[-0.1024,51.3777],[-0.0997,51.3784],[-0.0983,51.3764],[-0.0954,51.3771],[-0.094,51.3745],[-0.0965,51.3741],[-0.0965,51.3735]]}},{"type":"Feature","properties":{"routeId":"n253","name":"N253","direction":"1","routeType":"night","lengthKm":18.9,"stops":67},"geometry":{"type":"LineString","coordinates":[[-0.0747,51.5143],[-0.0656,51.5178],[-0.0565,51.5201],[-0.0549,51.5247],[-0.0572,51.5327],[-0.0572,51.5382],[-0.0552,51.5408],[-0.0551,51.5471],[-0.0595,51.5494],[-0.0545,51.5497],[-0.0516,51.5512],[-0.0557,51.5566],[-0.0575,51.5623],[-0.06,51.5648],[-0.0604,51.5668],[-0.0627,51.5696],[-0.0681,51.5724],[-0.0804,51.5748],[-0.0862,51.5744],[-0.0963,51.5705],[-0.1074,51.5633],[-0.1115,51.5582],[-0.1242,51.553],[-0.1395,51.5407],[-0.1418,51.5396],[-0.1375,51.5349],[-0.1384,51.5343],[-0.1314,51.5279],[-0.1325,51.5273],[-0.1321,51.5268],[-0.1378,51.5245],[-0.1304,51.5164],[-0.1269,51.5169],[-0.1261,51.5158],[-0.1273,51.5156]]}},{"type":"Feature","properties":{"routeId":"n205","name":"N205","direction":"2","routeType":"night","lengthKm":18.4,"stops":58},"geometry":{"type":"LineString","coordinates":[[-0.0044,51.5518],[-0.0042,51.551],[-0.0087,51.5497],[-0.0082,51.5455],[-0.0039,51.5455],[-0.0041,51.5426],[-0.0073,51.5404],[-0.0093,51.5376],[-0.0056,51.5352],[-0.0137,51.5295],[-0.0355,51.5248],[-0.0415,51.5225],[-0.0638,51.5182],[-0.074,51.5144],[-0.075,51.5149],[-0.0776,51.5141],[-0.0816,51.5161],[-0.0795,51.5187],[-0.0779,51.5225],[-0.0809,51.5247],[-0.0842,51.5262],[-0.087,51.5257],[-0.0889,51.5275],[-0.1062,51.5319],[-0.1224,51.5306],[-0.1401,51.5244],[-0.1655,51.5207],[-0.1661,51.5192],[-0.1713,51.516],[-0.1729,51.5171],[-0.1764,51.5152],[-0.1798,51.5174],[-0.181,51.5168],[-0.1821,51.5176],[-0.1798,51.5176]]}},{"type":"Feature","properties":{"routeId":"n22","name":"N22","direction":"2","routeType":"night","lengthKm":21.5,"stops":65},"geometry":{"type":"LineString","coordinates":[[-0.1422,51.516],[-0.1408,51.5131],[-0.1456,51.51],[-0.1422,51.5071],[-0.1514,51.502],[-0.1528,51.5029],[-0.1604,51.5018],[-0.1578,51.4927],[-0.1568,51.4925],[-0.1738,51.4855],[-0.178,51.4828],[-0.1861,51.4801],[-0.1982,51.473],[-0.2065,51.4713],[-0.214,51.4661],[-0.2239,51.4683],[-0.229,51.4684],[-0.2379,51.4699],[-0.2369,51.4717],[-0.2393,51.4753],[-0.2474,51.4734],[-0.2514,51.4736],[-0.2575,51.4702],[-0.267,51.4698],[-0.271,51.4687],[-0.276,51.4692],[-0.289,51.4675],[-0.3008,51.4644],[-0.3034,51.4614],[-0.3021,51.4601],[-0.3049,51.459],[-0.3063,51.4594],[-0.3056,51.4583],[-0.3118,51.4549],[-0.3134,51.4536],[-0.3133,51.4526],[-0.32,51.451],[-0.33,51.4455],[-0.3396,51.4448],[-0.3486,51.4389],[-0.3508,51.4361],[-0.3494,51.4358]]}},{"type":"Feature","properties":{"routeId":"n25","name":"N25","direction":"1","routeType":"night","lengthKm":17.5,"stops":59},"geometry":{"type":"LineString","coordinates":[[0.0759,51.5595],[0.0758,51.5585],[0.0731,51.5574],[0.0722,51.5574],[0.0716,51.5586],[0.0703,51.5584],[0.0691,51.5572],[0.0673,51.5574],[0.0411,51.5486],[0.0213,51.5459],[0.0041,51.542],[-0.0002,51.5396],[-0.0025,51.5413],[-0.0005,51.5392],[-0.0137,51.5295],[-0.0355,51.5248],[-0.0415,51.5225],[-0.0638,51.5182],[-0.0777,51.5132],[-0.0897,51.5134],[-0.0963,51.5144],[-0.1065,51.5176],[-0.113,51.5183],[-0.1399,51.5155]]}},{"type":"Feature","properties":{"routeId":"n242","name":"N242","direction":"2","routeType":"night","lengthKm":12.8,"stops":44},"geometry":{"type":"LineString","coordinates":[[-0.1278,51.5168],[-0.1201,51.5194],[-0.1189,51.5178],[-0.1075,51.5178],[-0.0995,51.5156],[-0.0974,51.5161],[-0.0972,51.5149],[-0.096,51.5144],[-0.0842,51.5134],[-0.0798,51.5182],[-0.0773,51.5237],[-0.0781,51.5274],[-0.0757,51.5462],[-0.0637,51.5458],[-0.0551,51.5467],[-0.0536,51.5477],[-0.0551,51.5471],[-0.0595,51.5494],[-0.0545,51.5497],[-0.0517,51.551],[-0.0527,51.5524],[-0.0498,51.5534],[-0.0465,51.557],[-0.0399,51.5581],[-0.0386,51.5559],[-0.0369,51.5549],[-0.0415,51.5535],[-0.0411,51.5526],[-0.0441,51.552],[-0.043,51.5502],[-0.0441,51.5499]]}},{"type":"Feature","properties":{"routeId":"n26","name":"N26","direction":"1","routeType":"night","lengthKm":25.7,"stops":83},"geometry":{"type":"LineString","coordinates":[[-0.1428,51.4953],[-0.1429,51.4966],[-0.1338,51.4979],[-0.1264,51.5011],[-0.1262,51.5041],[-0.1281,51.5074],[-0.1191,51.5114],[-0.1178,51.5131],[-0.1087,51.5142],[-0.1034,51.5141],[-0.0938,51.5124],[-0.0925,51.5127],[-0.0923,51.5138],[-0.0842,51.5134],[-0.0799,51.5181],[-0.0773,51.5237],[-0.078,51.5272],[-0.0743,51.5301],[-0.0571,51.5326],[-0.0571,51.5385],[-0.0559,51.54],[-0.0505,51.5407],[-0.0489,51.5417],[-0.0358,51.5452],[-0.0303,51.545],[-0.0301,51.5463],[-0.0273,51.5478],[-0.0311,51.5511],[-0.0206,51.5519],[-0.0146,51.5568],[-0.0103,51.5571],[-0.0069,51.5585],[-0.0096,51.5603],[-0.0126,51.5641],[-0.0112,51.5647],[-0.0087,51.568],[-0.0084,51.5728],[-0.0156,51.5765],[-0.0183,51.5798],[-0.0184,51.5831],[-0.0203,51.5831],[-0.0202,51.5842],[-0.0205,51.5832],[-0.0189,51.5833],[-0.0208,51.588],[-0.0174,51.5902],[-0.0183,51.5935],[-0.0161,51.5946],[-0.0154,51.5976],[-0.0181,51.6113],[-0.0166,51.6244],[-0.0117,51.6272],[-0.0074,51.6273],[-0.001,51.6316],[0.0013,51.6306],[0.0101,51.6337]]}},{"type":"Feature","properties":{"routeId":"n263","name":"N263","direction":"1","routeType":"night","lengthKm":13.1,"stops":48},"geometry":{"type":"LineString","coordinates":[[-0.176,51.6132],[-0.1749,51.604],[-0.1716,51.5967],[-0.1642,51.5903],[-0.1636,51.5858],[-0.1557,51.5809],[-0.1509,51.5758],[-0.1497,51.5742],[-0.1498,51.5713],[-0.1436,51.5698],[-0.1356,51.5661],[-0.134,51.5664],[-0.1336,51.5652],[-0.1252,51.562],[-0.1052,51.5473],[-0.1022,51.546],[-0.0999,51.5428],[-0.0925,51.5386],[-0.0863,51.5312],[-0.0881,51.5267],[-0.087,51.5257],[-0.0876,51.5249],[-0.0871,51.5216],[-0.0857,51.5214],[-0.0858,51.5207]]}},{"type":"Feature","properties":{"routeId":"n207","name":"N207","direction":"2","routeType":"night","lengthKm":28.2,"stops":93},"geometry":{"type":"LineString","coordinates":[[-0.1215,51.5175],[-0.1576,51.5135],[-0.1583,51.5127],[-0.1607,51.5124],[-0.162,51.5131],[-0.1922,51.5099],[-0.2008,51.5086],[-0.2164,51.5042],[-0.2232,51.5033],[-0.2249,51.5052],[-0.2334,51.5065],[-0.2695,51.5068],[-0.2749,51.5084],[-0.2834,51.5088],[-0.3001,51.5141],[-0.3281,51.5096],[-0.3425,51.5082],[-0.3669,51.5113],[-0.3714,51.5107],[-0.3801,51.5115],[-0.3918,51.5133],[-0.3982,51.5155],[-0.4015,51.5156],[-0.4042,51.5174],[-0.4092,51.5182],[-0.4208,51.5224],[-0.4372,51.5258],[-0.4583,51.5352],[-0.469,51.5358],[-0.4731,51.539],[-0.4722,51.5412],[-0.4732,51.5433],[-0.4771,51.545],[-0.4815,51.5441],[-0.4835,51.5477],[-0.4817,51.5488],[-0.4805,51.5472],[-0.4798,51.5473]]}},{"type":"Feature","properties":{"routeId":"n21","name":"N21","direction":"2","routeType":"night","lengthKm":26.7,"stops":84},"geometry":{"type":"LineString","coordinates":[[-0.1262,51.5086],[-0.1191,51.5114],[-0.1178,51.5131],[-0.1087,51.5142],[-0.1004,51.5137],[-0.0865,51.5109],[-0.0883,51.5062],[-0.0865,51.505],[-0.089,51.5057],[-0.0932,51.5013],[-0.0888,51.4967],[-0.0852,51.4948],[-0.0809,51.4906],[-0.0752,51.4874],[-0.0495,51.4768],[-0.0459,51.4744],[-0.0329,51.4759],[-0.0319,51.4737],[-0.0325,51.4729],[-0.0274,51.4692],[-0.0166,51.4647],[-0.0128,51.4645],[-0.0122,51.4634],[-0.0108,51.4637],[-0.0024,51.4588],[0.0065,51.4586],[0.0098,51.4566],[0.0224,51.4541],[0.0305,51.4529],[0.0364,51.4532],[0.0519,51.4508],[0.0634,51.4508],[0.0696,51.4521],[0.0821,51.4506],[0.0869,51.4505],[0.0904,51.4517],[0.0987,51.4515],[0.1118,51.4495],[0.1168,51.448],[0.1204,51.4485],[0.1255,51.4479],[0.1313,51.4456],[0.1485,51.4413],[0.1505,51.4417],[0.1521,51.4448],[0.1562,51.4468],[0.1568,51.4486],[0.1551,51.4505],[0.152,51.452],[0.1524,51.4553],[0.1475,51.457]]}},{"type":"Feature","properties":{"routeId":"n250","name":"N250","direction":"2","routeType":"night","lengthKm":13.5,"stops":45},"geometry":{"type":"LineString","coordinates":[[-0.0968,51.3732],[-0.0969,51.3742],[-0.0906,51.3752],[-0.097,51.3742],[-0.1002,51.3796],[-0.1028,51.378],[-0.1104,51.3861],[-0.1141,51.3933],[-0.0986,51.3989],[-0.1004,51.4026],[-0.109,51.4114],[-0.1164,51.4149],[-0.1246,51.4155],[-0.1281,51.4195],[-0.1313,51.4266],[-0.1309,51.4295],[-0.1295,51.4307],[-0.1277,51.4371],[-0.1246,51.442],[-0.1241,51.4483],[-0.1154,51.462]]}},{"type":"Feature","properties":{"routeId":"n199","name":"N199","direction":"2","routeType":"night","lengthKm":34.5,"stops":110},"geometry":{"type":"LineString","coordinates":[[0.1072,51.3957],[0.1073,51.3974],[0.1123,51.3963],[0.1074,51.3846],[0.1077,51.3823],[0.1039,51.3807],[0.1018,51.3788],[0.0977,51.3731],[0.0956,51.3731],[0.0926,51.3718],[0.0887,51.3727],[0.076,51.3733],[0.0757,51.3742],[0.0768,51.3767],[0.0805,51.3817],[0.078,51.3825],[0.0773,51.3847],[0.0717,51.39],[0.0657,51.3885],[0.0541,51.3906],[0.0482,51.3894],[0.0453,51.39],[0.0359,51.3886],[0.0301,51.3931],[0.0199,51.3985],[0.0174,51.399],[0.0154,51.4024],[0.0187,51.4029],[0.0185,51.4063],[0.0145,51.4056],[0.0118,51.4071],[0.0063,51.4154],[-0.0018,51.4214],[-0.0042,51.4248],[-0.0139,51.429],[-0.0173,51.4326],[-0.0192,51.4385],[-0.0207,51.4405],[-0.0203,51.4438],[-0.0172,51.4488],[-0.0157,51.4553],[-0.0136,51.4572],[-0.0122,51.4592],[-0.0126,51.4596],[-0.0093,51.4624],[-0.0103,51.4627],[-0.0115,51.4671],[-0.0155,51.4724],[-0.013,51.4756],[-0.0123,51.478],[-0.0092,51.4803],[-0.0098,51.4811],[-0.0234,51.4807],[-0.0276,51.4818],[-0.0378,51.4877],[-0.0346,51.4887],[-0.0346,51.4927],[-0.0378,51.4922],[-0.0399,51.493],[-0.0469,51.4916],[-0.0486,51.4939],[-0.0524,51.4963],[-0.0497,51.4975],[-0.0494,51.4981],[-0.0501,51.4984],[-0.0497,51.4975],[-0.0524,51.4963],[-0.0565,51.499],[-0.0663,51.4979],[-0.0693,51.4984],[-0.0786,51.5031],[-0.0884,51.5063],[-0.0869,51.511],[-0.1005,51.5137],[-0.1084,51.5142],[-0.1145,51.5128],[-0.1176,51.5131],[-0.1191,51.5113],[-0.1263,51.5081]]}},{"type":"Feature","properties":{"routeId":"n253","name":"N253","direction":"2","routeType":"night","lengthKm":18.4,"stops":64},"geometry":{"type":"LineString","coordinates":[[-0.1314,51.5177],[-0.138,51.5252],[-0.1324,51.5268],[-0.1328,51.5273],[-0.1314,51.5279],[-0.1386,51.5345],[-0.1425,51.5392],[-0.1395,51.5407],[-0.1292,51.5488],[-0.1194,51.5579],[-0.1045,51.5647],[-0.096,51.5708],[-0.0863,51.5745],[-0.0804,51.5748],[-0.0681,51.5724],[-0.0626,51.5695],[-0.0553,51.5586],[-0.0556,51.5565],[-0.0515,51.551],[-0.055,51.5495],[-0.0595,51.5494],[-0.0551,51.5471],[-0.0553,51.5407],[-0.057,51.5386],[-0.0573,51.5345],[-0.0549,51.5248],[-0.0564,51.5198],[-0.0659,51.5176],[-0.075,51.5141]]}},{"type":"Feature","properties":{"routeId":"n263","name":"N263","direction":"2","routeType":"night","lengthKm":13.3,"stops":47},"geometry":{"type":"LineString","coordinates":[[-0.0871,51.5212],[-0.0877,51.5254],[-0.087,51.5257],[-0.0888,51.5275],[-0.0863,51.5312],[-0.0925,51.5386],[-0.0999,51.5428],[-0.1021,51.5454],[-0.1254,51.5621],[-0.1344,51.5655],[-0.134,51.5664],[-0.1354,51.5659],[-0.1436,51.5698],[-0.1498,51.5714],[-0.1497,51.5742],[-0.1509,51.5758],[-0.1557,51.5809],[-0.164,51.5862],[-0.1645,51.5906],[-0.1716,51.5967],[-0.1749,51.604],[-0.1757,51.6124],[-0.1776,51.6127],[-0.1769,51.6139]]}},{"type":"Feature","properties":{"routeId":"n25","name":"N25","direction":"2","routeType":"night","lengthKm":18.5,"stops":59},"geometry":{"type":"LineString","coordinates":[[-0.1447,51.5158],[-0.146,51.5169],[-0.1429,51.5174],[-0.1419,51.5153],[-0.1304,51.5164],[-0.1256,51.5171],[-0.1201,51.5194],[-0.1189,51.5178],[-0.1075,51.5178],[-0.0995,51.5156],[-0.0974,51.5161],[-0.0972,51.515],[-0.096,51.5144],[-0.0897,51.5134],[-0.0776,51.5133],[-0.0656,51.5178],[-0.0413,51.5226],[-0.0345,51.5252],[-0.0147,51.5296],[-0.0099,51.532],[-0.0008,51.5391],[-0.0025,51.5413],[-0.0002,51.5396],[0.004,51.5419],[0.0213,51.5459],[0.0411,51.5486],[0.0697,51.5583],[0.0708,51.5567],[0.0736,51.5572],[0.0758,51.5585],[0.0759,51.5595]]}},{"type":"Feature","properties":{"routeId":"n31","name":"N31","direction":"1","routeType":"night","lengthKm":17.6,"stops":57},"geometry":{"type":"LineString","coordinates":[[-0.1405,51.5382],[-0.1375,51.5347],[-0.1387,51.5347],[-0.1424,51.5387],[-0.1421,51.5411],[-0.1443,51.5407],[-0.148,51.5427],[-0.1529,51.5439],[-0.1609,51.5438],[-0.175,51.5417],[-0.1754,51.544],[-0.1777,51.5454],[-0.1794,51.5418],[-0.1873,51.5399],[-0.1927,51.5374],[-0.1922,51.5369],[-0.1938,51.5346],[-0.1923,51.533],[-0.1966,51.5276],[-0.1972,51.5277],[-0.1975,51.5252],[-0.2017,51.5239],[-0.2012,51.5217],[-0.1985,51.5186],[-0.1964,51.5191],[-0.195,51.5149],[-0.1975,51.5129],[-0.1973,51.5097],[-0.1971,51.509],[-0.1941,51.5095],[-0.1938,51.5086],[-0.195,51.508],[-0.1943,51.5059],[-0.1909,51.5019],[-0.1987,51.499],[-0.1968,51.4961],[-0.1816,51.4817],[-0.1773,51.4831],[-0.1758,51.4845],[-0.1667,51.4749],[-0.1635,51.4748],[-0.1626,51.4728],[-0.1716,51.4701],[-0.1704,51.4672],[-0.1678,51.4639],[-0.1698,51.4631]]}},{"type":"Feature","properties":{"routeId":"n27","name":"N27","direction":"1","routeType":"night","lengthKm":11.1,"stops":35},"geometry":{"type":"LineString","coordinates":[[-0.2239,51.4924],[-0.2232,51.4931],[-0.2167,51.4934],[-0.2131,51.4944],[-0.1912,51.5019],[-0.1922,51.5041],[-0.1938,51.5049],[-0.1953,51.5091],[-0.1972,51.5091],[-0.1976,51.5125],[-0.195,51.5149],[-0.1884,51.5158],[-0.1804,51.518],[-0.1764,51.5152],[-0.169,51.5193],[-0.1657,51.52],[-0.1655,51.5208],[-0.1387,51.5251],[-0.1391,51.5351],[-0.1424,51.5387],[-0.1421,51.5411],[-0.1443,51.5407],[-0.1469,51.5423]]}},{"type":"Feature","properties":{"routeId":"n266","name":"N266","direction":"1","routeType":"night","lengthKm":17.3,"stops":58},"geometry":{"type":"LineString","coordinates":[[-0.2238,51.4923],[-0.2243,51.4926],[-0.2236,51.4913],[-0.2248,51.4915],[-0.225,51.4929],[-0.2343,51.4929],[-0.234,51.4944],[-0.2346,51.4945],[-0.2346,51.4961],[-0.238,51.4999],[-0.2391,51.4998],[-0.24,51.5013],[-0.2427,51.5023],[-0.2451,51.5068],[-0.2689,51.5068],[-0.2749,51.5084],[-0.2709,51.5113],[-0.2635,51.5217],[-0.2613,51.5233],[-0.2581,51.5229],[-0.2558,51.5255],[-0.2505,51.5284],[-0.2466,51.5325],[-0.2484,51.5353],[-0.2457,51.5366],[-0.2471,51.5374],[-0.2486,51.5369],[-0.2505,51.5389],[-0.2546,51.5405],[-0.255,51.5422],[-0.2504,51.5477],[-0.2479,51.5483],[-0.2477,51.5491],[-0.2424,51.5492],[-0.2407,51.5483],[-0.2391,51.5489],[-0.2358,51.5476],[-0.2301,51.547],[-0.2247,51.5475],[-0.2205,51.5496],[-0.2154,51.5567],[-0.2323,51.5712],[-0.2304,51.572],[-0.23,51.5731],[-0.2247,51.5734],[-0.2242,51.574],[-0.2247,51.5749],[-0.2234,51.5757]]}},{"type":"Feature","properties":{"routeId":"n277","name":"N277","direction":"1","routeType":"night","lengthKm":16.2,"stops":57},"geometry":{"type":"LineString","coordinates":[[-0.1072,51.5328],[-0.1062,51.5328],[-0.1024,51.5383],[-0.1034,51.5446],[-0.1022,51.5461],[-0.0965,51.5473],[-0.0637,51.5458],[-0.0551,51.5467],[-0.0556,51.54],[-0.0505,51.5407],[-0.0478,51.542],[-0.0476,51.5412],[-0.0461,51.541],[-0.0446,51.5371],[-0.043,51.5361],[-0.0402,51.5308],[-0.0351,51.5257],[-0.0339,51.5221],[-0.0311,51.5195],[-0.0285,51.5149],[-0.0281,51.5116],[-0.0257,51.5097],[-0.0273,51.5079],[-0.0271,51.5061],[-0.0144,51.5045],[-0.0172,51.5043],[-0.0177,51.5026],[-0.0257,51.5036],[-0.0257,51.4954],[-0.024,51.4914],[-0.0176,51.4878],[-0.0134,51.4872],[-0.0148,51.4917],[-0.0142,51.4951],[-0.0131,51.4949]]}},{"type":"Feature","properties":{"routeId":"n28","name":"N28","direction":"1","routeType":"night","lengthKm":18.4,"stops":59},"geometry":{"type":"LineString","coordinates":[[-0.1405,51.5382],[-0.1375,51.5347],[-0.1387,51.5347],[-0.1424,51.5387],[-0.1421,51.5411],[-0.1443,51.5407],[-0.148,51.5427],[-0.1529,51.5439],[-0.1609,51.5438],[-0.175,51.5417],[-0.1754,51.544],[-0.1777,51.5454],[-0.1794,51.5418],[-0.1873,51.5399],[-0.1927,51.5374],[-0.1922,51.5369],[-0.1938,51.5346],[-0.1923,51.533],[-0.1966,51.5276],[-0.1972,51.5277],[-0.1975,51.5252],[-0.2016,51.5242],[-0.2014,51.5221],[-0.1985,51.5186],[-0.1964,51.5191],[-0.195,51.5149],[-0.1977,51.5123],[-0.1971,51.509],[-0.1941,51.5095],[-0.1938,51.5086],[-0.195,51.508],[-0.1943,51.5059],[-0.1909,51.5019],[-0.2115,51.4951],[-0.2078,51.4926],[-0.206,51.4892],[-0.2041,51.4884],[-0.1989,51.4801],[-0.1957,51.48],[-0.1917,51.4771],[-0.1928,51.4761],[-0.1905,51.4682],[-0.186,51.463],[-0.1847,51.4625],[-0.1849,51.4619],[-0.1907,51.461],[-0.1898,51.4569],[-0.1927,51.4568],[-0.1924,51.4542],[-0.193,51.4541]]}},{"type":"Feature","properties":{"routeId":"n26","name":"N26","direction":"2","routeType":"night","lengthKm":25.7,"stops":86},"geometry":{"type":"LineString","coordinates":[[0.01,51.6335],[0.001,51.6304],[-0.001,51.6316],[-0.0077,51.6271],[-0.0117,51.6272],[-0.0166,51.6245],[-0.0181,51.6113],[-0.0154,51.5972],[-0.0161,51.5946],[-0.0183,51.5935],[-0.0174,51.5902],[-0.0207,51.5881],[-0.0187,51.5833],[-0.0203,51.5831],[-0.0203,51.5842],[-0.0205,51.5832],[-0.0184,51.5831],[-0.0183,51.5799],[-0.0156,51.5765],[-0.0085,51.5729],[-0.0087,51.568],[-0.0112,51.5647],[-0.0096,51.5603],[-0.0066,51.5579],[-0.0144,51.5569],[-0.0205,51.5518],[-0.0311,51.5511],[-0.0273,51.5478],[-0.0299,51.5466],[-0.0304,51.5448],[-0.0458,51.5449],[-0.0448,51.5442],[-0.0488,51.5427],[-0.0494,51.5411],[-0.0561,51.5397],[-0.057,51.5386],[-0.0571,51.5326],[-0.0739,51.5303],[-0.078,51.5268],[-0.0773,51.5237],[-0.0797,51.5183],[-0.0842,51.5134],[-0.0923,51.5138],[-0.0925,51.5127],[-0.0938,51.5124],[-0.1035,51.5141],[-0.1084,51.5142],[-0.1145,51.5128],[-0.1176,51.5131],[-0.1191,51.5113],[-0.1275,51.5073],[-0.1262,51.5043],[-0.1263,51.5002],[-0.1348,51.4976],[-0.1411,51.4967]]}},{"type":"Feature","properties":{"routeId":"n27","name":"N27","direction":"2","routeType":"night","lengthKm":12.2,"stops":40},"geometry":{"type":"LineString","coordinates":[[-0.1476,51.5426],[-0.1459,51.5418],[-0.1441,51.5429],[-0.1419,51.5427],[-0.1399,51.5405],[-0.1418,51.5395],[-0.1375,51.5349],[-0.1392,51.5339],[-0.1381,51.5328],[-0.1392,51.5323],[-0.1382,51.5249],[-0.1655,51.5207],[-0.1661,51.5192],[-0.1713,51.516],[-0.1729,51.5171],[-0.1764,51.5152],[-0.1804,51.5179],[-0.195,51.5149],[-0.1975,51.5129],[-0.1973,51.5097],[-0.1971,51.509],[-0.1941,51.5095],[-0.1938,51.5086],[-0.195,51.508],[-0.1943,51.5059],[-0.1909,51.5019],[-0.216,51.4936],[-0.2224,51.493],[-0.2224,51.4913],[-0.2236,51.4913],[-0.2238,51.4923]]}},{"type":"Feature","properties":{"routeId":"n3","name":"N3","direction":"1","routeType":"night","lengthKm":25.6,"stops":88},"geometry":{"type":"LineString","coordinates":[[-0.1422,51.516],[-0.1416,51.5142],[-0.1382,51.5103],[-0.1334,51.5101],[-0.1311,51.5077],[-0.1274,51.5075],[-0.1262,51.5043],[-0.1262,51.4997],[-0.1251,51.4949],[-0.1205,51.4944],[-0.1115,51.4965],[-0.1109,51.4947],[-0.1113,51.4856],[-0.11,51.4845],[-0.1115,51.4825],[-0.1107,51.4813],[-0.1123,51.4777],[-0.1125,51.4685],[-0.1157,51.4609],[-0.114,51.4558],[-0.1113,51.4563],[-0.1077,51.4541],[-0.1014,51.4524],[-0.1008,51.4504],[-0.0951,51.4454],[-0.0911,51.4377],[-0.088,51.4292],[-0.0804,51.4264],[-0.0765,51.4268],[-0.0759,51.4242],[-0.0785,51.4199],[-0.0755,51.4191],[-0.0641,51.41],[-0.0596,51.4086],[-0.0517,51.4139],[-0.0448,51.4097],[-0.0306,51.4067],[-0.0287,51.4065],[-0.0275,51.4075],[-0.0256,51.4077],[-0.0251,51.4088],[-0.0218,51.4081],[-0.0196,51.4065],[-0.0181,51.3993],[-0.0083,51.3992],[-0.0047,51.3972],[0.0001,51.392],[0.0173,51.3991],[0.0154,51.4024],[0.0187,51.4029],[0.0185,51.4063],[0.0154,51.406],[0.0139,51.408],[0.0143,51.409],[0.0155,51.4084],[0.0167,51.409]]}},{"type":"Feature","properties":{"routeId":"n266","name":"N266","direction":"2","routeType":"night","lengthKm":17.4,"stops":60},"geometry":{"type":"LineString","coordinates":[[-0.2229,51.5759],[-0.2224,51.5755],[-0.2256,51.5745],[-0.2245,51.5742],[-0.2234,51.5726],[-0.2222,51.5727],[-0.2223,51.5734],[-0.2266,51.5725],[-0.2279,51.5713],[-0.2302,51.5719],[-0.2314,51.5707],[-0.2154,51.5567],[-0.2205,51.5496],[-0.2247,51.5475],[-0.2304,51.547],[-0.2358,51.5476],[-0.2391,51.5489],[-0.2407,51.5483],[-0.2424,51.5492],[-0.2475,51.5491],[-0.2502,51.5476],[-0.2549,51.542],[-0.2534,51.5399],[-0.2491,51.5388],[-0.2457,51.5366],[-0.2484,51.5353],[-0.2466,51.5325],[-0.2505,51.5284],[-0.2562,51.5251],[-0.2584,51.5224],[-0.2622,51.5195],[-0.2646,51.52],[-0.2709,51.5114],[-0.2743,51.5086],[-0.2695,51.5068],[-0.2451,51.5068],[-0.2427,51.5023],[-0.24,51.5013],[-0.239,51.4999],[-0.2379,51.5],[-0.2346,51.4961],[-0.2346,51.4945],[-0.2274,51.4944],[-0.2238,51.4931],[-0.2243,51.4922],[-0.2234,51.4917],[-0.2238,51.4923]]}},{"type":"Feature","properties":{"routeId":"n279","name":"N279","direction":"1","routeType":"night","lengthKm":23.4,"stops":76},"geometry":{"type":"LineString","coordinates":[[-0.0313,51.6856],[-0.0291,51.6861],[-0.0291,51.6844],[-0.0333,51.6831],[-0.0345,51.6779],[-0.0402,51.6717],[-0.0471,51.6591],[-0.0485,51.6538],[-0.0464,51.6497],[-0.047,51.6466],[-0.0464,51.6448],[-0.0481,51.6392],[-0.0545,51.6325],[-0.056,51.6304],[-0.057,51.6268],[-0.0606,51.6245],[-0.0651,51.6115],[-0.0678,51.6082],[-0.0681,51.5975],[-0.0722,51.5832],[-0.0808,51.5794],[-0.087,51.5738],[-0.0963,51.5705],[-0.1074,51.5633],[-0.1115,51.5582],[-0.1242,51.553],[-0.1395,51.5407],[-0.1418,51.5396],[-0.1375,51.5349],[-0.1391,51.5341],[-0.1381,51.5328],[-0.1392,51.5322],[-0.1382,51.5249],[-0.1304,51.5165],[-0.1272,51.5082]]}},{"type":"Feature","properties":{"routeId":"n31","name":"N31","direction":"2","routeType":"night","lengthKm":16.4,"stops":62},"geometry":{"type":"LineString","coordinates":[[-0.1684,51.4636],[-0.1678,51.4638],[-0.1683,51.4649],[-0.1704,51.4672],[-0.1716,51.4701],[-0.1657,51.4721],[-0.1659,51.4739],[-0.1758,51.4845],[-0.1779,51.4828],[-0.1833,51.4812],[-0.1925,51.4887],[-0.202,51.494],[-0.1967,51.4959],[-0.1987,51.499],[-0.1911,51.5023],[-0.1922,51.5041],[-0.1936,51.5046],[-0.1953,51.5091],[-0.1972,51.5091],[-0.1976,51.5125],[-0.195,51.5149],[-0.1964,51.5191],[-0.1985,51.5186],[-0.2012,51.5217],[-0.2017,51.5239],[-0.1975,51.5252],[-0.1972,51.5277],[-0.1966,51.5276],[-0.1924,51.5329],[-0.1938,51.5346],[-0.1922,51.5369],[-0.1927,51.5374],[-0.1873,51.5399],[-0.1797,51.542],[-0.1753,51.5417],[-0.1748,51.5433],[-0.1729,51.5419],[-0.1626,51.5436],[-0.1531,51.5441],[-0.1459,51.5418],[-0.1441,51.5429],[-0.1419,51.5427],[-0.1399,51.5405],[-0.1415,51.5392]]}},{"type":"Feature","properties":{"routeId":"n28","name":"N28","direction":"2","routeType":"night","lengthKm":16.7,"stops":58},"geometry":{"type":"LineString","coordinates":[[-0.1922,51.4539],[-0.1929,51.4567],[-0.1921,51.4589],[-0.1884,51.4602],[-0.1862,51.4627],[-0.1905,51.4682],[-0.1928,51.4761],[-0.1917,51.4771],[-0.1957,51.48],[-0.1989,51.4801],[-0.2041,51.4884],[-0.206,51.4893],[-0.2079,51.4927],[-0.2115,51.4951],[-0.1911,51.5022],[-0.1922,51.5041],[-0.1936,51.5046],[-0.1953,51.5091],[-0.1972,51.5091],[-0.1976,51.5125],[-0.195,51.5149],[-0.1964,51.5191],[-0.1985,51.5186],[-0.2014,51.5221],[-0.2016,51.5242],[-0.1975,51.5252],[-0.1972,51.5277],[-0.1966,51.5276],[-0.1924,51.5329],[-0.1938,51.5346],[-0.1922,51.5369],[-0.1927,51.5374],[-0.1873,51.5399],[-0.1797,51.542],[-0.1753,51.5417],[-0.1749,51.5432],[-0.1729,51.5419],[-0.1596,51.5438],[-0.1529,51.5439],[-0.1459,51.5418],[-0.1441,51.5429],[-0.1419,51.5427],[-0.1399,51.5405],[-0.1415,51.5392]]}},{"type":"Feature","properties":{"routeId":"n33","name":"N33","direction":"1","routeType":"night","lengthKm":16.7,"stops":50},"geometry":{"type":"LineString","coordinates":[[-0.3463,51.4339],[-0.3451,51.4302],[-0.3399,51.4263],[-0.3369,51.426],[-0.3339,51.4268],[-0.3385,51.4331],[-0.3355,51.4383],[-0.3329,51.4394],[-0.3326,51.4411],[-0.3298,51.4456],[-0.3197,51.4511],[-0.3133,51.4526],[-0.3133,51.4537],[-0.3118,51.4549],[-0.3056,51.4583],[-0.3063,51.4598],[-0.3036,51.4613],[-0.2996,51.461],[-0.2944,51.4622],[-0.2869,51.4618],[-0.2782,51.4643],[-0.2439,51.4652],[-0.2379,51.4699],[-0.229,51.4684],[-0.2243,51.4684],[-0.214,51.4661],[-0.2102,51.4697],[-0.2173,51.4784],[-0.2206,51.4862],[-0.2226,51.4881],[-0.2236,51.4913],[-0.2248,51.4916],[-0.2246,51.493],[-0.2232,51.4927]]}},{"type":"Feature","properties":{"routeId":"n277","name":"N277","direction":"2","routeType":"night","lengthKm":16.1,"stops":59},"geometry":{"type":"LineString","coordinates":[[-0.0138,51.4945],[-0.0148,51.4917],[-0.0134,51.4872],[-0.0188,51.4883],[-0.024,51.4914],[-0.0257,51.4954],[-0.0258,51.504],[-0.0176,51.5028],[-0.0172,51.5043],[-0.0274,51.5057],[-0.0266,51.5102],[-0.0283,51.5116],[-0.0278,51.5136],[-0.0311,51.5195],[-0.0339,51.5219],[-0.0351,51.5257],[-0.0402,51.5308],[-0.043,51.5361],[-0.0445,51.537],[-0.0457,51.5397],[-0.0478,51.5413],[-0.0559,51.54],[-0.0552,51.5408],[-0.0551,51.5467],[-0.064,51.5458],[-0.0965,51.5473],[-0.102,51.5461],[-0.1034,51.5448],[-0.1024,51.5383],[-0.1063,51.5319],[-0.1092,51.5318],[-0.1093,51.5328],[-0.1072,51.5328]]}},{"type":"Feature","properties":{"routeId":"n29","name":"N29","direction":"1","routeType":"night","lengthKm":19.9,"stops":71},"geometry":{"type":"LineString","coordinates":[[-0.0865,51.6527],[-0.0798,51.6523],[-0.0797,51.6471],[-0.0818,51.6448],[-0.0789,51.6413],[-0.08,51.6386],[-0.0833,51.636],[-0.0907,51.6365],[-0.0936,51.6351],[-0.0948,51.6321],[-0.0966,51.6308],[-0.0994,51.6259],[-0.1045,51.6231],[-0.1091,51.6177],[-0.1096,51.6109],[-0.1123,51.6024],[-0.1088,51.5947],[-0.1034,51.5905],[-0.101,51.5869],[-0.0984,51.575],[-0.0959,51.5707],[-0.1074,51.5633],[-0.1115,51.5582],[-0.1242,51.553],[-0.1395,51.5407],[-0.1418,51.5396],[-0.1375,51.5349],[-0.1391,51.5341],[-0.1381,51.5328],[-0.1392,51.5324],[-0.1385,51.5255],[-0.1304,51.5165],[-0.1272,51.5082]]}},{"type":"Feature","properties":{"routeId":"n32","name":"N32","direction":"1","routeType":"night","lengthKm":16.9,"stops":56},"geometry":{"type":"LineString","coordinates":[[-0.2746,51.613],[-0.2762,51.6136],[-0.2792,51.6108],[-0.2359,51.574],[-0.2314,51.5714],[-0.231,51.5701],[-0.1911,51.5359],[-0.1675,51.5181],[-0.16,51.5132],[-0.1583,51.5132],[-0.1567,51.5103],[-0.151,51.5055],[-0.1509,51.5034],[-0.1498,51.5031],[-0.1513,51.5017],[-0.1471,51.4983],[-0.1439,51.4981],[-0.1452,51.4962],[-0.1441,51.4962]]}},{"type":"Feature","properties":{"routeId":"n343","name":"N343","direction":"1","routeType":"night","lengthKm":15.1,"stops":49},"geometry":{"type":"LineString","coordinates":[[-0.1262,51.5086],[-0.1193,51.5113],[-0.1134,51.5051],[-0.1067,51.5072],[-0.0947,51.5048],[-0.0907,51.5048],[-0.0885,51.506],[-0.0865,51.5051],[-0.089,51.5057],[-0.091,51.5041],[-0.0933,51.5011],[-0.0973,51.4989],[-0.1011,51.4955],[-0.1004,51.4935],[-0.0981,51.4919],[-0.094,51.4928],[-0.0882,51.4911],[-0.0824,51.4852],[-0.086,51.4839],[-0.0854,51.4784],[-0.081,51.4775],[-0.0786,51.476],[-0.0775,51.4742],[-0.0704,51.4734],[-0.0656,51.4739],[-0.0656,51.4724],[-0.0697,51.4716],[-0.066,51.4669],[-0.0661,51.4652],[-0.0648,51.4628],[-0.0503,51.4562],[-0.0473,51.4578],[-0.0448,51.4566],[-0.0434,51.4592],[-0.0441,51.4682],[-0.0403,51.4716],[-0.041,51.4742]]}},{"type":"Feature","properties":{"routeId":"n381","name":"N381","direction":"1","routeType":"night","lengthKm":15.7,"stops":55},"geometry":{"type":"LineString","coordinates":[[-0.0679,51.4734],[-0.0675,51.4739],[-0.0686,51.474],[-0.07,51.4771],[-0.0688,51.4774],[-0.065,51.4834],[-0.0664,51.484],[-0.0658,51.4849],[-0.0616,51.4873],[-0.0658,51.4872],[-0.0652,51.4923],[-0.061,51.4922],[-0.0577,51.4888],[-0.0519,51.4914],[-0.0472,51.4915],[-0.0486,51.4939],[-0.0524,51.4963],[-0.0497,51.4975],[-0.0494,51.4981],[-0.0501,51.4984],[-0.0496,51.4976],[-0.0479,51.4988],[-0.0459,51.498],[-0.046,51.4958],[-0.045,51.495],[-0.0391,51.4967],[-0.0354,51.4997],[-0.0366,51.5046],[-0.0392,51.5057],[-0.0439,51.5051],[-0.0552,51.4995],[-0.0553,51.4987],[-0.0663,51.4979],[-0.0708,51.499],[-0.0786,51.5031],[-0.088,51.5061],[-0.0899,51.5049],[-0.0928,51.5047],[-0.0988,51.5054],[-0.1045,51.5072],[-0.1082,51.5069],[-0.1147,51.5041],[-0.1169,51.5016],[-0.1158,51.501],[-0.1167,51.5004],[-0.1262,51.501],[-0.1262,51.5041]]}},{"type":"Feature","properties":{"routeId":"n38","name":"N38","direction":"1","routeType":"night","lengthKm":17.3,"stops":57},"geometry":{"type":"LineString","coordinates":[[-0.0205,51.5834],[-0.0184,51.5831],[-0.0181,51.5794],[-0.0156,51.5765],[-0.0129,51.5753],[-0.0171,51.5728],[-0.0342,51.5671],[-0.0557,51.5581],[-0.0556,51.5565],[-0.0515,51.551],[-0.055,51.5495],[-0.0595,51.5494],[-0.0551,51.5467],[-0.064,51.5458],[-0.0871,51.5466],[-0.0912,51.5431],[-0.1039,51.5356],[-0.1062,51.5326],[-0.1053,51.53],[-0.1103,51.5257],[-0.1124,51.5219],[-0.1195,51.5199],[-0.1254,51.5171],[-0.1304,51.5164],[-0.1293,51.5131],[-0.1331,51.5115],[-0.1347,51.5098],[-0.1441,51.5062],[-0.1513,51.5019],[-0.1471,51.4983],[-0.1439,51.4981],[-0.1452,51.4962],[-0.1436,51.4961]]}},{"type":"Feature","properties":{"routeId":"n33","name":"N33","direction":"2","routeType":"night","lengthKm":16.9,"stops":51},"geometry":{"type":"LineString","coordinates":[[-0.2229,51.4924],[-0.2221,51.4915],[-0.2236,51.4913],[-0.2227,51.4883],[-0.2204,51.4858],[-0.2173,51.4784],[-0.211,51.4716],[-0.2102,51.4697],[-0.2141,51.4658],[-0.217,51.4671],[-0.2239,51.4683],[-0.229,51.4684],[-0.2379,51.4699],[-0.2439,51.4652],[-0.2782,51.4643],[-0.2867,51.4618],[-0.2944,51.4622],[-0.2996,51.461],[-0.303,51.4613],[-0.3021,51.4601],[-0.3049,51.459],[-0.3063,51.4594],[-0.3056,51.4583],[-0.3118,51.4549],[-0.3134,51.4536],[-0.3133,51.4526],[-0.32,51.451],[-0.3298,51.4456],[-0.3326,51.4411],[-0.3328,51.4395],[-0.3355,51.4383],[-0.3386,51.433],[-0.3342,51.4266],[-0.3399,51.4263],[-0.3451,51.4302],[-0.3468,51.4349]]}},{"type":"Feature","properties":{"routeId":"n3","name":"N3","direction":"2","routeType":"night","lengthKm":25.4,"stops":84},"geometry":{"type":"LineString","coordinates":[[0.0163,51.4082],[0.0187,51.4062],[0.0188,51.4029],[0.0155,51.4025],[0.0173,51.3991],[0.0001,51.392],[-0.005,51.3974],[-0.0083,51.3992],[-0.0183,51.3991],[-0.0196,51.4063],[-0.0218,51.4081],[-0.0251,51.4088],[-0.0256,51.4077],[-0.0275,51.4075],[-0.0287,51.4065],[-0.0321,51.4068],[-0.0331,51.4076],[-0.0441,51.4094],[-0.0517,51.4139],[-0.0596,51.4086],[-0.0643,51.4101],[-0.0755,51.4191],[-0.0785,51.4199],[-0.076,51.4241],[-0.0764,51.4267],[-0.0797,51.4261],[-0.0882,51.4294],[-0.0911,51.4377],[-0.0951,51.4454],[-0.0998,51.4502],[-0.1008,51.4504],[-0.1014,51.4521],[-0.1105,51.4555],[-0.1137,51.4552],[-0.1152,51.459],[-0.1167,51.4594],[-0.1125,51.4685],[-0.1124,51.4773],[-0.1108,51.4811],[-0.1115,51.4825],[-0.1102,51.4843],[-0.1113,51.4857],[-0.1109,51.4947],[-0.1115,51.4965],[-0.1209,51.4941],[-0.1253,51.4946],[-0.1263,51.5002],[-0.1275,51.5003],[-0.1264,51.5011],[-0.1261,51.503],[-0.1275,51.507],[-0.1311,51.5077],[-0.1326,51.5071],[-0.1351,51.51],[-0.1382,51.5103],[-0.1419,51.5146],[-0.1423,51.5162]]}},{"type":"Feature","properties":{"routeId":"n279","name":"N279","direction":"2","routeType":"night","lengthKm":23.2,"stops":80},"geometry":{"type":"LineString","coordinates":[[-0.1272,51.5083],[-0.1304,51.5165],[-0.1385,51.5254],[-0.1391,51.535],[-0.1425,51.5392],[-0.1395,51.5407],[-0.1292,51.5488],[-0.1194,51.5579],[-0.1045,51.5647],[-0.096,51.5708],[-0.0872,51.5739],[-0.0808,51.5794],[-0.0724,51.5831],[-0.0681,51.5974],[-0.068,51.6076],[-0.0651,51.6115],[-0.0607,51.625],[-0.0577,51.6256],[-0.0552,51.6314],[-0.0481,51.6392],[-0.0464,51.6447],[-0.047,51.6466],[-0.0464,51.6497],[-0.0485,51.6539],[-0.047,51.6591],[-0.0402,51.6718],[-0.0345,51.678],[-0.0331,51.6835],[-0.0305,51.6837],[-0.0292,51.6846],[-0.0293,51.6855],[-0.0314,51.6858]]}},{"type":"Feature","properties":{"routeId":"n41","name":"N41","direction":"1","routeType":"night","lengthKm":16.5,"stops":57},"geometry":{"type":"LineString","coordinates":[[-0.1272,51.5083],[-0.1304,51.5164],[-0.1256,51.5171],[-0.1196,51.5199],[-0.1124,51.5219],[-0.1103,51.5257],[-0.1053,51.53],[-0.1063,51.5317],[-0.1062,51.5331],[-0.1023,51.5388],[-0.1034,51.5446],[-0.1023,51.546],[-0.1055,51.5475],[-0.1249,51.5618],[-0.1344,51.5655],[-0.1275,51.5707],[-0.1258,51.5696],[-0.1239,51.5697],[-0.1272,51.5741],[-0.1238,51.5795],[-0.1215,51.5814],[-0.1163,51.5839],[-0.1144,51.5869],[-0.1148,51.5878],[-0.1034,51.5905],[-0.1014,51.5885],[-0.0945,51.5861],[-0.0884,51.5864],[-0.0725,51.5839],[-0.0642,51.5849],[-0.0636,51.5893],[-0.0611,51.5887]]}},{"type":"Feature","properties":{"routeId":"n32","name":"N32","direction":"2","routeType":"night","lengthKm":16.7,"stops":57},"geometry":{"type":"LineString","coordinates":[[-0.1432,51.4959],[-0.1429,51.4966],[-0.1463,51.4972],[-0.152,51.5021],[-0.1523,51.503],[-0.1511,51.5034],[-0.1522,51.5043],[-0.1522,51.5062],[-0.1573,51.5102],[-0.1586,51.5125],[-0.1596,51.5125],[-0.1597,51.5133],[-0.1767,51.5245],[-0.1911,51.5359],[-0.2243,51.5649],[-0.235,51.573],[-0.2415,51.5793],[-0.2794,51.6107],[-0.2762,51.6136],[-0.2756,51.6133]]}},{"type":"Feature","properties":{"routeId":"n343","name":"N343","direction":"2","routeType":"night","lengthKm":15.1,"stops":52},"geometry":{"type":"LineString","coordinates":[[-0.0453,51.4743],[-0.0458,51.4741],[-0.0438,51.4682],[-0.0434,51.4592],[-0.0448,51.4566],[-0.0473,51.4578],[-0.0503,51.4562],[-0.0648,51.4628],[-0.0667,51.4624],[-0.0659,51.4668],[-0.0696,51.4713],[-0.0699,51.4733],[-0.0775,51.4742],[-0.0786,51.476],[-0.0811,51.4775],[-0.0867,51.4789],[-0.0854,51.4793],[-0.0862,51.4839],[-0.0826,51.4854],[-0.0882,51.4911],[-0.094,51.4928],[-0.0981,51.4919],[-0.0989,51.493],[-0.1007,51.4935],[-0.1011,51.4955],[-0.0973,51.4989],[-0.0931,51.5014],[-0.0901,51.5048],[-0.0884,51.506],[-0.0864,51.5051],[-0.0869,51.5047],[-0.089,51.5057],[-0.0902,51.5048],[-0.0948,51.5048],[-0.1068,51.5072],[-0.1135,51.5045],[-0.1193,51.5112],[-0.127,51.5078],[-0.1271,51.5063]]}},{"type":"Feature","properties":{"routeId":"n29","name":"N29","direction":"2","routeType":"night","lengthKm":19.6,"stops":69},"geometry":{"type":"LineString","coordinates":[[-0.1272,51.5083],[-0.1304,51.5165],[-0.1385,51.5254],[-0.1391,51.535],[-0.1425,51.5392],[-0.1395,51.5407],[-0.1292,51.5488],[-0.1194,51.5579],[-0.1045,51.5647],[-0.0963,51.5705],[-0.0984,51.5751],[-0.101,51.5868],[-0.1029,51.59],[-0.1088,51.5948],[-0.1123,51.6023],[-0.1096,51.6109],[-0.1091,51.6176],[-0.1045,51.6231],[-0.0994,51.6259],[-0.0967,51.6307],[-0.0946,51.6323],[-0.0936,51.6351],[-0.0905,51.6365],[-0.0833,51.636],[-0.0801,51.6385],[-0.0789,51.6413],[-0.0818,51.6448],[-0.0797,51.6471],[-0.0802,51.6505],[-0.0847,51.6507],[-0.0869,51.6517],[-0.0861,51.6529]]}},{"type":"Feature","properties":{"routeId":"n44","name":"N44","direction":"1","routeType":"night","lengthKm":23.2,"stops":76},"geometry":{"type":"LineString","coordinates":[[-0.117,51.5133],[-0.1186,51.5127],[-0.1191,51.5113],[-0.1275,51.5073],[-0.1262,51.5043],[-0.1263,51.5002],[-0.1348,51.4976],[-0.1447,51.4966],[-0.1501,51.4905],[-0.1517,51.4871],[-0.1501,51.4858],[-0.1491,51.4778],[-0.1483,51.4764],[-0.1716,51.4701],[-0.1757,51.4697],[-0.1849,51.4619],[-0.1903,51.4614],[-0.1909,51.4597],[-0.1898,51.4569],[-0.1927,51.4568],[-0.1927,51.4549],[-0.1901,51.451],[-0.1895,51.4483],[-0.1895,51.4451],[-0.1904,51.4443],[-0.187,51.4409],[-0.1867,51.4364],[-0.1851,51.4337],[-0.1773,51.432],[-0.1738,51.4299],[-0.168,51.4281],[-0.1628,51.424],[-0.1606,51.4231],[-0.1604,51.4219],[-0.1621,51.4188],[-0.1615,51.4114],[-0.1646,51.4047],[-0.1728,51.3977],[-0.1739,51.3943],[-0.1791,51.3901],[-0.1901,51.384],[-0.1952,51.3686],[-0.1949,51.3677],[-0.1934,51.3677],[-0.191,51.3619],[-0.1898,51.3615],[-0.1897,51.3607],[-0.1917,51.3603],[-0.1912,51.3586],[-0.1908,51.359]]}},{"type":"Feature","properties":{"routeId":"n381","name":"N381","direction":"2","routeType":"night","lengthKm":15.8,"stops":56},"geometry":{"type":"LineString","coordinates":[[-0.1265,51.5053],[-0.1261,51.501],[-0.1177,51.5008],[-0.114,51.5051],[-0.1082,51.5069],[-0.1045,51.5072],[-0.0988,51.5054],[-0.0928,51.5047],[-0.09,51.5049],[-0.0882,51.5061],[-0.0786,51.5031],[-0.0693,51.4985],[-0.0655,51.498],[-0.0539,51.4996],[-0.043,51.5053],[-0.039,51.5056],[-0.0368,51.5049],[-0.0354,51.4997],[-0.039,51.4968],[-0.0451,51.4951],[-0.0461,51.496],[-0.0459,51.498],[-0.0479,51.4988],[-0.0502,51.4984],[-0.0496,51.4976],[-0.0523,51.4963],[-0.0477,51.4935],[-0.0454,51.4938],[-0.0468,51.493],[-0.0451,51.4918],[-0.0526,51.4911],[-0.0577,51.4888],[-0.061,51.4922],[-0.0652,51.4923],[-0.0658,51.4872],[-0.0616,51.4873],[-0.0658,51.4849],[-0.0662,51.484],[-0.065,51.4834],[-0.0688,51.4774],[-0.07,51.4771],[-0.0687,51.4741],[-0.0669,51.4736]]}},{"type":"Feature","properties":{"routeId":"n472","name":"N472","direction":"1","routeType":"night","lengthKm":15.1,"stops":39},"geometry":{"type":"LineString","coordinates":[[0.0046,51.4997],[0.0058,51.4989],[0.0066,51.4993],[0.0082,51.4968],[0.0148,51.4929],[0.0119,51.4904],[0.0162,51.4891],[0.0174,51.4891],[0.0178,51.4907],[0.0209,51.4901],[0.0299,51.4902],[0.0315,51.4881],[0.037,51.4894],[0.0455,51.4928],[0.0506,51.4922],[0.0609,51.4939],[0.0617,51.4937],[0.0611,51.4924],[0.0621,51.4908],[0.0653,51.4911],[0.0676,51.4894],[0.0701,51.4915],[0.0824,51.491],[0.0827,51.492],[0.0861,51.4928],[0.0892,51.4977],[0.1019,51.4996],[0.1031,51.5033],[0.1053,51.5056],[0.1146,51.5079],[0.1174,51.5095],[0.1207,51.5094],[0.1234,51.5105],[0.1276,51.5084],[0.1273,51.5072],[0.1216,51.5063],[0.1187,51.504],[0.1217,51.5015],[0.1211,51.4952],[0.1213,51.4922],[0.1223,51.4906],[0.1217,51.4885],[0.1213,51.4908],[0.1223,51.4909]]}},{"type":"Feature","properties":{"routeId":"n38","name":"N38","direction":"2","routeType":"night","lengthKm":17.4,"stops":59},"geometry":{"type":"LineString","coordinates":[[-0.1436,51.4961],[-0.1429,51.4966],[-0.1463,51.4972],[-0.1523,51.503],[-0.1498,51.5034],[-0.1412,51.5076],[-0.1348,51.5098],[-0.1331,51.5115],[-0.1292,51.5133],[-0.1304,51.5164],[-0.1256,51.5171],[-0.1196,51.5199],[-0.1124,51.5219],[-0.1103,51.5257],[-0.1053,51.53],[-0.1062,51.533],[-0.104,51.5355],[-0.0912,51.5431],[-0.0871,51.5466],[-0.0637,51.5458],[-0.0551,51.5467],[-0.0595,51.5494],[-0.0545,51.5497],[-0.0516,51.5512],[-0.0557,51.5566],[-0.0561,51.5587],[-0.0531,51.559],[-0.0342,51.567],[-0.0157,51.5734],[-0.0129,51.5753],[-0.0156,51.5765],[-0.0177,51.5789],[-0.0189,51.5832],[-0.0203,51.5831],[-0.0202,51.5836]]}},{"type":"Feature","properties":{"routeId":"n5","name":"N5","direction":"1","routeType":"night","lengthKm":21.9,"stops":69},"geometry":{"type":"LineString","coordinates":[[-0.2746,51.613],[-0.2762,51.6136],[-0.2792,51.6108],[-0.2674,51.6006],[-0.2567,51.6054],[-0.2559,51.6028],[-0.2533,51.6013],[-0.2466,51.601],[-0.2456,51.6018],[-0.2466,51.601],[-0.2458,51.6007],[-0.2456,51.5967],[-0.2575,51.5921],[-0.24,51.5779],[-0.2346,51.5822],[-0.224,51.583],[-0.2187,51.5844],[-0.2173,51.5839],[-0.2097,51.58],[-0.1989,51.5727],[-0.1874,51.5701],[-0.1834,51.5679],[-0.1807,51.5651],[-0.1785,51.5594],[-0.1781,51.5563],[-0.1703,51.5537],[-0.1522,51.5437],[-0.1459,51.5418],[-0.1441,51.5429],[-0.1417,51.5427],[-0.1399,51.5405],[-0.1418,51.5395],[-0.1375,51.5349],[-0.1384,51.5343],[-0.1314,51.5279],[-0.1324,51.5274],[-0.1321,51.5268],[-0.1379,51.5248],[-0.1304,51.5165],[-0.1283,51.5102],[-0.1274,51.5094],[-0.1271,51.5063]]}},{"type":"Feature","properties":{"routeId":"n41","name":"N41","direction":"2","routeType":"night","lengthKm":16.5,"stops":57},"geometry":{"type":"LineString","coordinates":[[-0.061,51.5883],[-0.0634,51.5881],[-0.0642,51.5849],[-0.0725,51.5839],[-0.0881,51.5864],[-0.094,51.586],[-0.0988,51.5875],[-0.1012,51.5872],[-0.1033,51.5904],[-0.1131,51.5881],[-0.1123,51.5868],[-0.1127,51.5857],[-0.1147,51.5853],[-0.1238,51.5795],[-0.1272,51.5741],[-0.1239,51.5697],[-0.1259,51.5697],[-0.1275,51.5707],[-0.1341,51.5658],[-0.1252,51.562],[-0.1052,51.5473],[-0.1023,51.546],[-0.1034,51.5448],[-0.1023,51.5388],[-0.1062,51.5326],[-0.1053,51.53],[-0.1103,51.5257],[-0.1126,51.5217],[-0.1195,51.5199],[-0.1254,51.5171],[-0.1304,51.5164],[-0.1272,51.5082]]}},{"type":"Feature","properties":{"routeId":"n550","name":"N550","direction":"1","routeType":"night","lengthKm":18.1,"stops":59},"geometry":{"type":"LineString","coordinates":[[-0.1292,51.5075],[-0.1272,51.5077],[-0.1191,51.5114],[-0.1178,51.5131],[-0.1087,51.5142],[-0.1034,51.5141],[-0.0938,51.5124],[-0.0925,51.5127],[-0.0923,51.5138],[-0.0781,51.5133],[-0.0709,51.5156],[-0.0299,51.5124],[-0.0257,51.5097],[-0.0273,51.5079],[-0.0271,51.5061],[-0.017,51.505],[-0.0177,51.5026],[-0.0256,51.5038],[-0.0257,51.4954],[-0.0246,51.4922],[-0.0228,51.4904],[-0.0176,51.4878],[-0.0141,51.4872],[-0.0069,51.4889],[-0.0056,51.4915],[-0.0087,51.4946],[-0.0096,51.4972],[-0.0095,51.4998],[-0.0075,51.505],[-0.0078,51.5069],[-0.009,51.5076],[-0.0079,51.5079],[-0.0077,51.5069],[-0.0066,51.5069],[0.0006,51.5098],[0.0004,51.511],[0.005,51.5099],[0.0003,51.5105],[-0.0002,51.5129],[0.008,51.516],[0.0088,51.5155],[0.0076,51.5151],[0.0081,51.5145]]}},{"type":"Feature","properties":{"routeId":"n551","name":"N551","direction":"1","routeType":"night","lengthKm":20.4,"stops":64},"geometry":{"type":"LineString","coordinates":[[-0.1292,51.5075],[-0.1272,51.5077],[-0.1191,51.5114],[-0.1185,51.5127],[-0.117,51.5133],[-0.1034,51.5141],[-0.0938,51.5124],[-0.0925,51.5127],[-0.0923,51.5138],[-0.0842,51.5134],[-0.0834,51.5146],[-0.084,51.5134],[-0.0817,51.5162],[-0.08,51.5161],[-0.0769,51.5143],[-0.0743,51.5147],[-0.0761,51.5137],[-0.0753,51.5114],[-0.0728,51.5111],[-0.0735,51.5092],[-0.0716,51.5083],[-0.0665,51.5093],[-0.0433,51.5104],[-0.0423,51.5106],[-0.0411,51.5129],[-0.0299,51.5124],[-0.021,51.5108],[-0.007,51.5116],[0,51.513],[0.0078,51.516],[0.0088,51.5154],[0.0076,51.515],[0.0104,51.5126],[0.0117,51.5135],[0.0157,51.5136],[0.0141,51.5111],[0.0187,51.511],[0.0187,51.5096],[0.0342,51.5098],[0.0316,51.5141],[0.0324,51.5171],[0.0339,51.5173],[0.0605,51.5158],[0.0614,51.513],[0.0688,51.5112],[0.07,51.5087],[0.0746,51.5084],[0.0752,51.51],[0.0806,51.5115],[0.0816,51.5142],[0.079,51.5151],[0.0796,51.5165]]}},{"type":"Feature","properties":{"routeId":"n53","name":"N53","direction":"1","routeType":"night","lengthKm":19.9,"stops":59},"geometry":{"type":"LineString","coordinates":[[0.0858,51.489],[0.0829,51.4839],[0.0828,51.4824],[0.0848,51.4801],[0.0699,51.4821],[0.0686,51.4859],[0.0709,51.4874],[0.0735,51.4879],[0.0729,51.4909],[0.0704,51.4914],[0.0676,51.4894],[0.0669,51.4901],[0.0609,51.4877],[0.0538,51.4871],[0.0494,51.4851],[0.0456,51.4821],[0.0379,51.4821],[0.0362,51.4816],[0.0355,51.4804],[0.0329,51.4798],[0.0245,51.4793],[0.0191,51.4769],[0.0146,51.4771],[0.0098,51.475],[0.0096,51.4727],[-0.0012,51.4718],[-0.0082,51.4728],[-0.0133,51.4724],[-0.0326,51.4759],[-0.0328,51.4751],[-0.0348,51.4747],[-0.0373,51.4756],[-0.0427,51.4744],[-0.0463,51.4744],[-0.0475,51.4758],[-0.0498,51.4769],[-0.0755,51.4875],[-0.0851,51.4937],[-0.0947,51.4942],[-0.1003,51.4956],[-0.1012,51.495],[-0.1157,51.5006],[-0.1262,51.501],[-0.1262,51.5041]]}},{"type":"Feature","properties":{"routeId":"n55","name":"N55","direction":"1","routeType":"night","lengthKm":23.1,"stops":78},"geometry":{"type":"LineString","coordinates":[[0.0254,51.6157],[0.0186,51.6056],[0.0194,51.6013],[0.0222,51.595],[0.0256,51.5936],[0.028,51.5936],[0.0279,51.5925],[0.0297,51.5917],[0.0287,51.5912],[0.0306,51.5898],[0.0257,51.5849],[0.0242,51.581],[0.0231,51.5802],[0.0254,51.5788],[0.028,51.5756],[0.0232,51.5738],[0.0235,51.5697],[0.0191,51.5699],[0.0159,51.5709],[0.0156,51.5731],[0.0117,51.5768],[0.0036,51.58],[0.0015,51.5811],[0.0014,51.5818],[0,51.5815],[-0.0112,51.5767],[-0.0171,51.5728],[-0.0342,51.5671],[-0.0557,51.5581],[-0.0556,51.5565],[-0.0515,51.551],[-0.055,51.5495],[-0.0595,51.5494],[-0.0551,51.5471],[-0.0553,51.5407],[-0.057,51.5386],[-0.0571,51.5326],[-0.0722,51.5309],[-0.0746,51.5299],[-0.0775,51.5272],[-0.0936,51.5248],[-0.1012,51.5227],[-0.1128,51.5216],[-0.1195,51.5199],[-0.1254,51.5171],[-0.1399,51.5155]]}},{"type":"Feature","properties":{"routeId":"n472","name":"N472","direction":"2","routeType":"night","lengthKm":15,"stops":37},"geometry":{"type":"LineString","coordinates":[[0.1223,51.4909],[0.1225,51.4898],[0.1213,51.4898],[0.1215,51.489],[0.1221,51.49],[0.1207,51.4963],[0.1217,51.4999],[0.1198,51.5011],[0.1201,51.502],[0.1184,51.5041],[0.1214,51.5062],[0.1273,51.5072],[0.1274,51.5083],[0.1234,51.5103],[0.1217,51.5095],[0.1169,51.5093],[0.1154,51.5076],[0.1048,51.505],[0.1036,51.5037],[0.1024,51.4994],[0.0892,51.4974],[0.086,51.4924],[0.086,51.4909],[0.0848,51.49],[0.0801,51.491],[0.0712,51.4912],[0.064,51.4939],[0.0505,51.4921],[0.0456,51.4925],[0.036,51.4889],[0.0312,51.488],[0.0298,51.49],[0.0181,51.4904],[0.0176,51.4891],[0.0163,51.4891],[0.0119,51.4905],[0.0147,51.4926],[0.0143,51.4935],[0.0082,51.4968],[0.0066,51.4993],[0.0057,51.4989],[0.005,51.4997],[0.0032,51.4997],[0.0029,51.5006]]}},{"type":"Feature","properties":{"routeId":"n63","name":"N63","direction":"1","routeType":"night","lengthKm":16,"stops":54},"geometry":{"type":"LineString","coordinates":[[-0.0776,51.4218],[-0.0751,51.4257],[-0.0739,51.4263],[-0.0751,51.4289],[-0.0744,51.4305],[-0.0727,51.4323],[-0.0666,51.434],[-0.0635,51.4375],[-0.0641,51.4409],[-0.0664,51.4424],[-0.0659,51.4444],[-0.0637,51.4442],[-0.0619,51.4477],[-0.0576,51.4503],[-0.0628,51.4543],[-0.0661,51.4591],[-0.0667,51.4624],[-0.0659,51.4668],[-0.0697,51.472],[-0.0656,51.4724],[-0.0656,51.4739],[-0.0687,51.474],[-0.0713,51.4795],[-0.074,51.4814],[-0.074,51.4869],[-0.0811,51.4906],[-0.0851,51.4937],[-0.0996,51.4951],[-0.1049,51.4986],[-0.1042,51.5133],[-0.1063,51.5211],[-0.1106,51.5251],[-0.1153,51.5276],[-0.1157,51.5288],[-0.1192,51.5283],[-0.1226,51.5313]]}},{"type":"Feature","properties":{"routeId":"n44","name":"N44","direction":"2","routeType":"night","lengthKm":23.6,"stops":80},"geometry":{"type":"LineString","coordinates":[[-0.1908,51.359],[-0.1901,51.3596],[-0.1895,51.3589],[-0.1912,51.3585],[-0.192,51.3604],[-0.1947,51.3599],[-0.1954,51.361],[-0.1942,51.3617],[-0.1945,51.3633],[-0.1964,51.368],[-0.1952,51.3684],[-0.1905,51.3841],[-0.1788,51.3903],[-0.1737,51.3946],[-0.173,51.3977],[-0.1682,51.4014],[-0.1697,51.4024],[-0.1667,51.4027],[-0.1646,51.4047],[-0.1617,51.4108],[-0.1621,51.4187],[-0.1604,51.4218],[-0.1605,51.423],[-0.1684,51.4282],[-0.1738,51.4299],[-0.177,51.4319],[-0.1851,51.4337],[-0.1867,51.4364],[-0.187,51.4409],[-0.1904,51.4444],[-0.1895,51.4451],[-0.1894,51.4475],[-0.1901,51.451],[-0.1927,51.4549],[-0.1921,51.4589],[-0.1898,51.4596],[-0.1903,51.4604],[-0.1881,51.4605],[-0.186,51.4628],[-0.1805,51.4652],[-0.1761,51.4696],[-0.1712,51.4702],[-0.1483,51.4764],[-0.1491,51.4778],[-0.1501,51.4859],[-0.1517,51.4871],[-0.15,51.4906],[-0.1453,51.4962],[-0.1347,51.4977],[-0.1264,51.5011],[-0.1262,51.5041],[-0.1281,51.5074],[-0.1191,51.5114],[-0.1184,51.5128]]}},{"type":"Feature","properties":{"routeId":"n65","name":"N65","direction":"1","routeType":"night","lengthKm":24.4,"stops":76},"geometry":{"type":"LineString","coordinates":[[-0.3138,51.3501],[-0.3116,51.3563],[-0.3079,51.3563],[-0.3031,51.3579],[-0.3001,51.3579],[-0.2988,51.3588],[-0.2955,51.3591],[-0.2914,51.3626],[-0.2963,51.3637],[-0.3082,51.3632],[-0.3043,51.3752],[-0.3003,51.3841],[-0.301,51.3868],[-0.3091,51.3912],[-0.3045,51.3931],[-0.3039,51.3981],[-0.3049,51.3995],[-0.3036,51.4009],[-0.3045,51.4018],[-0.3038,51.4089],[-0.3004,51.4114],[-0.3011,51.4124],[-0.3034,51.4129],[-0.3009,51.4145],[-0.3016,51.4184],[-0.3032,51.4232],[-0.3068,51.428],[-0.3071,51.4307],[-0.3029,51.4432],[-0.3033,51.4461],[-0.2987,51.4468],[-0.2995,51.4497],[-0.3064,51.4596],[-0.3034,51.4615],[-0.3006,51.4649],[-0.2941,51.4691],[-0.2899,51.4791],[-0.2868,51.4828],[-0.2875,51.4886],[-0.2903,51.4885],[-0.2994,51.4857],[-0.3013,51.4887],[-0.3044,51.4913],[-0.307,51.5022],[-0.3069,51.5042],[-0.3055,51.5049],[-0.3052,51.5063],[-0.3062,51.5128],[-0.3044,51.5134],[-0.3047,51.516],[-0.3022,51.5163],[-0.3023,51.5152]]}},{"type":"Feature","properties":{"routeId":"n5","name":"N5","direction":"2","routeType":"night","lengthKm":21.6,"stops":63},"geometry":{"type":"LineString","coordinates":[[-0.1272,51.5083],[-0.1304,51.5165],[-0.138,51.5252],[-0.1324,51.5268],[-0.1328,51.5275],[-0.1314,51.5279],[-0.1371,51.5331],[-0.1393,51.5326],[-0.1391,51.5351],[-0.1424,51.5387],[-0.1421,51.5411],[-0.1443,51.5407],[-0.1469,51.5423],[-0.1532,51.544],[-0.1703,51.5537],[-0.1781,51.5563],[-0.1785,51.5594],[-0.1807,51.5651],[-0.1836,51.568],[-0.1878,51.5702],[-0.1989,51.5727],[-0.2097,51.58],[-0.2173,51.5839],[-0.2187,51.5844],[-0.2238,51.5831],[-0.2346,51.5822],[-0.24,51.5779],[-0.2575,51.5921],[-0.2456,51.5968],[-0.2458,51.6007],[-0.2466,51.601],[-0.2456,51.6018],[-0.2466,51.601],[-0.2533,51.6013],[-0.2559,51.6028],[-0.2567,51.6054],[-0.2674,51.6006],[-0.2794,51.6107],[-0.2762,51.6136],[-0.2756,51.6133]]}},{"type":"Feature","properties":{"routeId":"n63","name":"N63","direction":"2","routeType":"night","lengthKm":16.4,"stops":54},"geometry":{"type":"LineString","coordinates":[[-0.1273,51.5316],[-0.1262,51.5292],[-0.122,51.5308],[-0.116,51.5299],[-0.1153,51.5276],[-0.1106,51.5251],[-0.1067,51.5217],[-0.104,51.5118],[-0.1044,51.4983],[-0.1009,51.4956],[-0.095,51.4942],[-0.0852,51.4948],[-0.0809,51.4906],[-0.074,51.4869],[-0.074,51.4814],[-0.0713,51.4795],[-0.0687,51.4741],[-0.0656,51.4739],[-0.0656,51.4724],[-0.0697,51.472],[-0.0659,51.4668],[-0.0667,51.4624],[-0.0661,51.4591],[-0.0628,51.4543],[-0.0576,51.4503],[-0.0618,51.4478],[-0.0637,51.4442],[-0.0659,51.4444],[-0.0663,51.4423],[-0.0641,51.4409],[-0.0636,51.4374],[-0.0668,51.4339],[-0.0734,51.4316],[-0.0751,51.4289],[-0.0738,51.4262],[-0.0766,51.4232]]}},{"type":"Feature","properties":{"routeId":"n7","name":"N7","direction":"1","routeType":"night","lengthKm":24.5,"stops":74},"geometry":{"type":"LineString","coordinates":[[-0.3675,51.5485],[-0.3721,51.5452],[-0.3769,51.5434],[-0.3772,51.5426],[-0.3865,51.5389],[-0.3901,51.536],[-0.3865,51.5336],[-0.3675,51.5322],[-0.363,51.5294],[-0.3522,51.5274],[-0.3445,51.5271],[-0.3269,51.5288],[-0.3238,51.5246],[-0.309,51.5269],[-0.3085,51.5228],[-0.3063,51.5208],[-0.3065,51.5164],[-0.3022,51.5163],[-0.3023,51.5147],[-0.3016,51.514],[-0.2987,51.5137],[-0.2832,51.5087],[-0.2749,51.5084],[-0.2695,51.5068],[-0.2569,51.5066],[-0.2577,51.5105],[-0.2561,51.512],[-0.2493,51.513],[-0.2494,51.5152],[-0.2272,51.517],[-0.2281,51.5189],[-0.2198,51.5232],[-0.2174,51.5191],[-0.2146,51.5173],[-0.2105,51.5183],[-0.209,51.516],[-0.1964,51.5191],[-0.1951,51.515],[-0.1884,51.5158],[-0.1804,51.518],[-0.1764,51.5152],[-0.1691,51.5193],[-0.16,51.5132],[-0.1447,51.5149]]}},{"type":"Feature","properties":{"routeId":"n65","name":"N65","direction":"2","routeType":"night","lengthKm":24.7,"stops":76},"geometry":{"type":"LineString","coordinates":[[-0.3023,51.5152],[-0.3019,51.5141],[-0.3045,51.513],[-0.3054,51.511],[-0.3051,51.5058],[-0.3069,51.504],[-0.3058,51.4957],[-0.304,51.4911],[-0.3014,51.4889],[-0.2994,51.4857],[-0.2875,51.4888],[-0.2868,51.4829],[-0.29,51.479],[-0.2941,51.4691],[-0.2992,51.4649],[-0.302,51.4636],[-0.3034,51.4614],[-0.3021,51.4601],[-0.3049,51.459],[-0.3063,51.4594],[-0.2995,51.4497],[-0.2987,51.4468],[-0.3033,51.4461],[-0.3029,51.4428],[-0.3048,51.4363],[-0.3068,51.4326],[-0.3068,51.428],[-0.303,51.4227],[-0.3007,51.4124],[-0.2964,51.4119],[-0.2974,51.4106],[-0.3017,51.4108],[-0.3038,51.4089],[-0.3045,51.4018],[-0.3036,51.4009],[-0.3049,51.3997],[-0.3039,51.3981],[-0.3043,51.3931],[-0.3091,51.3912],[-0.3009,51.3868],[-0.3004,51.3845],[-0.3081,51.3639],[-0.3073,51.3632],[-0.2963,51.3638],[-0.2914,51.3628],[-0.2953,51.3588],[-0.3035,51.3578],[-0.308,51.3562],[-0.3116,51.3563],[-0.3133,51.35],[-0.3138,51.3501]]}},{"type":"Feature","properties":{"routeId":"n73","name":"N73","direction":"1","routeType":"night","lengthKm":17.1,"stops":56},"geometry":{"type":"LineString","coordinates":[[-0.139,51.5156],[-0.1304,51.5164],[-0.1372,51.5236],[-0.138,51.5253],[-0.1225,51.5307],[-0.1092,51.5318],[-0.1093,51.5328],[-0.1062,51.5328],[-0.104,51.5355],[-0.0876,51.5458],[-0.0866,51.5474],[-0.0877,51.5483],[-0.0853,51.5523],[-0.0839,51.5568],[-0.0824,51.5579],[-0.0835,51.5612],[-0.0803,51.5621],[-0.0737,51.562],[-0.0723,51.575],[-0.0731,51.5782],[-0.0723,51.5838],[-0.0704,51.5889],[-0.0641,51.5896],[-0.0612,51.589],[-0.0609,51.588],[-0.057,51.5879],[-0.051,51.5862],[-0.034,51.5879],[-0.0288,51.5895],[-0.0202,51.5908],[-0.0174,51.5902],[-0.0207,51.5881],[-0.0183,51.5829],[-0.0203,51.5831],[-0.0202,51.5836]]}},{"type":"Feature","properties":{"routeId":"n74","name":"N74","direction":"1","routeType":"night","lengthKm":16.8,"stops":51},"geometry":{"type":"LineString","coordinates":[[-0.2483,51.4522],[-0.2456,51.4503],[-0.241,51.4499],[-0.2439,51.4521],[-0.2428,51.4571],[-0.2439,51.4652],[-0.2234,51.4626],[-0.217,51.461],[-0.2142,51.4659],[-0.2102,51.4697],[-0.2173,51.4784],[-0.2194,51.4835],[-0.214,51.4826],[-0.2101,51.4831],[-0.1928,51.4885],[-0.2005,51.4928],[-0.1955,51.4946],[-0.1777,51.4954],[-0.1774,51.494],[-0.1748,51.4942],[-0.1751,51.4956],[-0.169,51.4967],[-0.1612,51.5019],[-0.1512,51.5033],[-0.1522,51.5043],[-0.1522,51.5062],[-0.1573,51.5102],[-0.1586,51.5125],[-0.1598,51.5127],[-0.1597,51.5133],[-0.156,51.5137],[-0.1597,51.5218],[-0.1563,51.5224]]}},{"type":"Feature","properties":{"routeId":"n550","name":"N550","direction":"2","routeType":"night","lengthKm":17.4,"stops":59},"geometry":{"type":"LineString","coordinates":[[0.009,51.5141],[0.0079,51.5153],[0.0027,51.5142],[0,51.5127],[0.0007,51.5112],[0.005,51.5099],[0.0012,51.5104],[-0.0076,51.5067],[-0.0075,51.5044],[-0.0087,51.5023],[-0.0096,51.4973],[-0.0087,51.4946],[-0.0056,51.4915],[-0.0072,51.4887],[-0.0134,51.4872],[-0.0188,51.4883],[-0.0245,51.4921],[-0.0257,51.4954],[-0.0258,51.504],[-0.0176,51.5028],[-0.0172,51.5043],[-0.0272,51.5055],[-0.0266,51.5102],[-0.03,51.5124],[-0.0707,51.5156],[-0.0779,51.5132],[-0.0923,51.5138],[-0.0925,51.5127],[-0.0938,51.5124],[-0.1035,51.5141],[-0.1084,51.5142],[-0.1145,51.5128],[-0.1176,51.5131],[-0.1191,51.5113],[-0.1276,51.5072],[-0.1294,51.5076]]}},{"type":"Feature","properties":{"routeId":"n53","name":"N53","direction":"2","routeType":"night","lengthKm":19.1,"stops":52},"geometry":{"type":"LineString","coordinates":[[-0.1265,51.5053],[-0.1261,51.501],[-0.1159,51.5008],[-0.1103,51.4983],[-0.1046,51.4989],[-0.1009,51.4956],[-0.095,51.4942],[-0.0852,51.4948],[-0.0809,51.4906],[-0.0752,51.4874],[-0.0638,51.483],[-0.0453,51.4743],[-0.0329,51.4759],[-0.0133,51.4724],[-0.0082,51.4728],[0,51.4718],[0.0145,51.4771],[0.0189,51.477],[0.0192,51.4779],[0.024,51.4792],[0.033,51.4798],[0.0381,51.4821],[0.0456,51.4821],[0.0493,51.4851],[0.0538,51.4871],[0.061,51.4877],[0.0669,51.4901],[0.0676,51.4894],[0.0686,51.49],[0.0732,51.4892],[0.0735,51.4879],[0.0722,51.4877],[0.0711,51.4821],[0.0802,51.4809],[0.0828,51.4824],[0.0855,51.4892]]}},{"type":"Feature","properties":{"routeId":"n68","name":"N68","direction":"1","routeType":"night","lengthKm":29.7,"stops":94},"geometry":{"type":"LineString","coordinates":[[-0.12,51.3067],[-0.1244,51.3058],[-0.1332,51.3096],[-0.136,51.3156],[-0.1389,51.3174],[-0.1391,51.3196],[-0.1375,51.3214],[-0.1284,51.3277],[-0.117,51.3384],[-0.1038,51.3458],[-0.0991,51.3514],[-0.0978,51.3535],[-0.0978,51.3585],[-0.1002,51.3708],[-0.0972,51.3711],[-0.0965,51.3741],[-0.0914,51.3747],[-0.097,51.3742],[-0.1,51.3788],[-0.0986,51.3826],[-0.0998,51.3832],[-0.0981,51.3838],[-0.0946,51.3908],[-0.0925,51.3963],[-0.0929,51.3975],[-0.0865,51.3992],[-0.0815,51.4043],[-0.0864,51.4082],[-0.0886,51.4125],[-0.0995,51.4178],[-0.1066,51.4196],[-0.1037,51.4336],[-0.1062,51.4397],[-0.1049,51.444],[-0.1051,51.4461],[-0.1008,51.4502],[-0.1011,51.4539],[-0.0962,51.4572],[-0.0923,51.461],[-0.0902,51.4652],[-0.0902,51.4664],[-0.0929,51.4705],[-0.0946,51.4829],[-0.094,51.4855],[-0.0989,51.493],[-0.1007,51.4935],[-0.1009,51.4956],[-0.1123,51.5042],[-0.1141,51.5047],[-0.1192,51.5112],[-0.1177,51.5134],[-0.1203,51.5174],[-0.1273,51.5156]]}},{"type":"Feature","properties":{"routeId":"n551","name":"N551","direction":"2","routeType":"night","lengthKm":20.1,"stops":62},"geometry":{"type":"LineString","coordinates":[[0.0796,51.5164],[0.079,51.5151],[0.082,51.5143],[0.0805,51.511],[0.0755,51.5102],[0.0746,51.5084],[0.0719,51.5083],[0.0703,51.5074],[0.0696,51.5079],[0.0694,51.5101],[0.0679,51.5115],[0.062,51.5126],[0.0607,51.5142],[0.0586,51.5139],[0.0607,51.5142],[0.0602,51.5157],[0.0339,51.5172],[0.0324,51.517],[0.0316,51.514],[0.0342,51.5098],[0.0187,51.5096],[0.0182,51.5119],[0.0149,51.5128],[0.014,51.5115],[0.0114,51.5114],[0.0079,51.5153],[0.0033,51.5144],[-0.0009,51.5126],[-0.01,51.5112],[-0.0211,51.5108],[-0.03,51.5124],[-0.0413,51.5128],[-0.0422,51.5105],[-0.0665,51.5093],[-0.0716,51.5083],[-0.0749,51.5102],[-0.0757,51.5131],[-0.0743,51.5147],[-0.0774,51.5141],[-0.0816,51.5161],[-0.0842,51.5134],[-0.0923,51.5138],[-0.0925,51.5127],[-0.0938,51.5124],[-0.1035,51.5141],[-0.1084,51.5142],[-0.1145,51.5128],[-0.117,51.5133],[-0.1184,51.5128],[-0.1191,51.5113],[-0.1276,51.5072],[-0.1294,51.5076]]}},{"type":"Feature","properties":{"routeId":"n7","name":"N7","direction":"2","routeType":"night","lengthKm":25.4,"stops":76},"geometry":{"type":"LineString","coordinates":[[-0.1453,51.5148],[-0.1577,51.5135],[-0.1583,51.5127],[-0.1608,51.5124],[-0.1615,51.5129],[-0.1607,51.5136],[-0.1677,51.518],[-0.1713,51.516],[-0.1729,51.5171],[-0.1764,51.5152],[-0.1804,51.5179],[-0.1884,51.5158],[-0.1951,51.515],[-0.1964,51.5191],[-0.209,51.516],[-0.2105,51.5183],[-0.2146,51.5173],[-0.2174,51.5189],[-0.2198,51.5232],[-0.2245,51.5206],[-0.2243,51.5201],[-0.2281,51.5189],[-0.2272,51.517],[-0.2494,51.5152],[-0.2482,51.513],[-0.2561,51.512],[-0.2577,51.5105],[-0.2569,51.5066],[-0.2695,51.5068],[-0.2749,51.5084],[-0.2831,51.5087],[-0.2997,51.514],[-0.3042,51.5133],[-0.3047,51.516],[-0.3021,51.5162],[-0.3023,51.5149],[-0.3065,51.5164],[-0.3062,51.5206],[-0.3085,51.5227],[-0.309,51.5269],[-0.3239,51.5245],[-0.327,51.5287],[-0.3436,51.5271],[-0.3522,51.5274],[-0.3628,51.5294],[-0.3671,51.5322],[-0.3832,51.5329],[-0.3873,51.5338],[-0.3912,51.5358],[-0.3783,51.5432],[-0.3728,51.5449],[-0.3688,51.5477]]}},{"type":"Feature","properties":{"routeId":"n73","name":"N73","direction":"2","routeType":"night","lengthKm":17.6,"stops":60},"geometry":{"type":"LineString","coordinates":[[-0.0203,51.5842],[-0.0204,51.5831],[-0.0189,51.5833],[-0.0208,51.588],[-0.0174,51.5902],[-0.0213,51.5908],[-0.034,51.5879],[-0.0507,51.5862],[-0.0565,51.5878],[-0.061,51.588],[-0.0613,51.5889],[-0.0641,51.5896],[-0.0704,51.5888],[-0.0731,51.5782],[-0.0723,51.575],[-0.0732,51.5635],[-0.0711,51.5625],[-0.0704,51.5603],[-0.0739,51.5607],[-0.0738,51.562],[-0.0759,51.5622],[-0.0835,51.5612],[-0.0824,51.5579],[-0.0839,51.5567],[-0.0854,51.5522],[-0.0845,51.5519],[-0.0848,51.551],[-0.0861,51.5509],[-0.0871,51.5497],[-0.0877,51.5483],[-0.0866,51.5474],[-0.0881,51.5453],[-0.1039,51.5356],[-0.1063,51.5319],[-0.1224,51.5306],[-0.1377,51.5249],[-0.1304,51.5164],[-0.1399,51.5155]]}},{"type":"Feature","properties":{"routeId":"n8","name":"N8","direction":"1","routeType":"night","lengthKm":26.8,"stops":85},"geometry":{"type":"LineString","coordinates":[[0.1089,51.6083],[0.1101,51.6086],[0.1105,51.6079],[0.0843,51.6019],[0.0848,51.5986],[0.0843,51.5948],[0.0856,51.5937],[0.0819,51.59],[0.0802,51.5867],[0.0741,51.5815],[0.0727,51.5791],[0.0667,51.5764],[0.0457,51.5759],[0.0445,51.5752],[0.035,51.5772],[0.0232,51.5738],[0.0235,51.5697],[0.0191,51.5699],[0.0156,51.5711],[0.0132,51.5698],[0.0119,51.5706],[0.0093,51.5692],[0.0088,51.5683],[0.0109,51.5683],[0.0098,51.5637],[0.0051,51.5538],[0.0058,51.5517],[0.0051,51.5492],[0.0066,51.5464],[0.0046,51.5459],[0.0042,51.5437],[-0.0016,51.5423],[-0.0013,51.5404],[-0.0025,51.5413],[-0.0005,51.5392],[-0.0137,51.5295],[-0.0224,51.5335],[-0.025,51.5324],[-0.028,51.5359],[-0.0334,51.5351],[-0.0341,51.5349],[-0.0323,51.5324],[-0.0509,51.528],[-0.0688,51.5259],[-0.0738,51.524],[-0.0773,51.5237],[-0.0797,51.5183],[-0.084,51.5134],[-0.0963,51.5144],[-0.1065,51.5176],[-0.113,51.5183],[-0.1399,51.5155]]}},{"type":"Feature","properties":{"routeId":"n74","name":"N74","direction":"2","routeType":"night","lengthKm":16.8,"stops":52},"geometry":{"type":"LineString","coordinates":[[-0.1582,51.5235],[-0.1538,51.5139],[-0.1583,51.5132],[-0.1567,51.5103],[-0.151,51.5055],[-0.1509,51.5034],[-0.1499,51.5032],[-0.1499,51.5025],[-0.1516,51.502],[-0.1528,51.5029],[-0.1607,51.5017],[-0.1747,51.4941],[-0.1788,51.4938],[-0.1791,51.4953],[-0.195,51.4946],[-0.1945,51.4933],[-0.1902,51.4895],[-0.2101,51.4831],[-0.214,51.4826],[-0.2194,51.4835],[-0.2173,51.4784],[-0.211,51.4716],[-0.2102,51.4697],[-0.2143,51.4657],[-0.2171,51.4608],[-0.2232,51.4626],[-0.2439,51.4652],[-0.2428,51.4571],[-0.2439,51.4521],[-0.241,51.4499],[-0.2456,51.4503],[-0.2491,51.4527]]}},{"type":"Feature","properties":{"routeId":"n83","name":"N83","direction":"1","routeType":"night","lengthKm":20.3,"stops":60},"geometry":{"type":"LineString","coordinates":[[-0.1941,51.5719],[-0.1954,51.5715],[-0.1989,51.5727],[-0.2097,51.58],[-0.2187,51.5844],[-0.2238,51.5831],[-0.2346,51.5822],[-0.24,51.5779],[-0.2482,51.5843],[-0.2544,51.5824],[-0.2619,51.5829],[-0.2627,51.5818],[-0.2621,51.5734],[-0.2628,51.5675],[-0.2654,51.5657],[-0.2775,51.5652],[-0.2797,51.5627],[-0.2847,51.5592],[-0.2867,51.5537],[-0.2935,51.5537],[-0.299,51.552],[-0.2969,51.5441],[-0.2979,51.5413],[-0.3005,51.5397],[-0.2956,51.5342],[-0.2947,51.5318],[-0.2928,51.5312],[-0.2913,51.5172],[-0.2923,51.512],[-0.302,51.514],[-0.3345,51.5088],[-0.3425,51.5082],[-0.3467,51.5087],[-0.3469,51.5078]]}},{"type":"Feature","properties":{"routeId":"n72","name":"N72","direction":"1","routeType":"night","lengthKm":14.9,"stops":46},"geometry":{"type":"LineString","coordinates":[[-0.2515,51.5199],[-0.2507,51.5195],[-0.2494,51.5152],[-0.2272,51.517],[-0.2263,51.515],[-0.2354,51.5144],[-0.2346,51.5065],[-0.2193,51.5044],[-0.2232,51.5033],[-0.2221,51.5016],[-0.2221,51.4997],[-0.2226,51.4975],[-0.224,51.496],[-0.224,51.4935],[-0.2221,51.4915],[-0.2236,51.4913],[-0.2235,51.4904],[-0.2226,51.4881],[-0.2204,51.4858],[-0.2173,51.4784],[-0.211,51.4716],[-0.2102,51.4697],[-0.2142,51.466],[-0.2239,51.4683],[-0.229,51.4684],[-0.2379,51.4699],[-0.2439,51.4652],[-0.2428,51.4571],[-0.2438,51.4518],[-0.2382,51.449],[-0.2391,51.4479],[-0.2386,51.4464],[-0.2402,51.4446]]}},{"type":"Feature","properties":{"routeId":"n86","name":"N86","direction":"1","routeType":"night","lengthKm":23.8,"stops":73},"geometry":{"type":"LineString","coordinates":[[-0.002,51.541],[-0.0002,51.5396],[0.004,51.5419],[0.0213,51.5459],[0.0411,51.5486],[0.0697,51.5583],[0.0716,51.5566],[0.0758,51.5585],[0.0756,51.5594],[0.0797,51.5596],[0.0808,51.5605],[0.0979,51.5643],[0.1309,51.5709],[0.1604,51.5745],[0.1673,51.5741],[0.1743,51.5749],[0.1768,51.5762],[0.178,51.5803],[0.1845,51.5805],[0.1843,51.5798],[0.1862,51.578],[0.183,51.5767],[0.184,51.5756],[0.1834,51.5752],[0.1838,51.5742],[0.1824,51.5764],[0.1857,51.5781],[0.1838,51.5805],[0.197,51.5862],[0.2072,51.5888],[0.2131,51.5932],[0.2091,51.605],[0.2228,51.6085],[0.2335,51.6096],[0.2378,51.609],[0.238,51.6037],[0.2438,51.6036],[0.2435,51.6056]]}},{"type":"Feature","properties":{"routeId":"n55","name":"N55","direction":"2","routeType":"night","lengthKm":22.4,"stops":74},"geometry":{"type":"LineString","coordinates":[[-0.139,51.5156],[-0.1256,51.5171],[-0.1196,51.5199],[-0.111,51.522],[-0.1014,51.5226],[-0.0926,51.525],[-0.0775,51.5272],[-0.0743,51.5301],[-0.0722,51.5309],[-0.0571,51.5326],[-0.0571,51.5385],[-0.0552,51.5408],[-0.0551,51.5471],[-0.0595,51.5494],[-0.0545,51.5497],[-0.0516,51.5512],[-0.0564,51.5585],[-0.0531,51.559],[-0.0342,51.567],[-0.0157,51.5734],[-0.0113,51.5767],[0,51.5815],[0.0014,51.5818],[0.0031,51.5802],[0.0109,51.5773],[0.0175,51.572],[0.028,51.5756],[0.0254,51.5788],[0.0231,51.5802],[0.0242,51.5811],[0.0263,51.5855],[0.0306,51.5898],[0.0277,51.592],[0.028,51.5935],[0.0255,51.5933],[0.0237,51.5948],[0.0221,51.595],[0.0194,51.6013],[0.0187,51.6046],[0.0179,51.605],[0.0235,51.6121],[0.0253,51.6157]]}},{"type":"Feature","properties":{"routeId":"n68","name":"N68","direction":"2","routeType":"night","lengthKm":30.9,"stops":99},"geometry":{"type":"LineString","coordinates":[[-0.1278,51.5168],[-0.121,51.519],[-0.1176,51.5133],[-0.1189,51.5123],[-0.1191,51.5112],[-0.1131,51.5045],[-0.1009,51.4956],[-0.1005,51.4936],[-0.0989,51.493],[-0.094,51.4855],[-0.0946,51.4829],[-0.0928,51.47],[-0.09,51.4656],[-0.0923,51.461],[-0.0957,51.4576],[-0.1011,51.4539],[-0.1008,51.4502],[-0.105,51.4462],[-0.1062,51.4394],[-0.1015,51.43],[-0.1043,51.4296],[-0.1066,51.4196],[-0.0995,51.4178],[-0.0888,51.4126],[-0.0864,51.4083],[-0.0815,51.4043],[-0.0865,51.3992],[-0.0929,51.3975],[-0.0925,51.3964],[-0.0943,51.3914],[-0.0986,51.3829],[-0.0976,51.3824],[-0.0991,51.3818],[-0.0997,51.3802],[-0.0997,51.3786],[-0.0983,51.3764],[-0.0954,51.3771],[-0.094,51.3745],[-0.0914,51.3747],[-0.0965,51.3741],[-0.0987,51.3734],[-0.0985,51.3724],[-0.1004,51.3724],[-0.0978,51.3588],[-0.0978,51.3535],[-0.0987,51.3519],[-0.1043,51.3449],[-0.1169,51.3386],[-0.1164,51.3376],[-0.1177,51.3376],[-0.1282,51.3278],[-0.139,51.3198],[-0.1388,51.3176],[-0.136,51.3156],[-0.1334,51.3097],[-0.1237,51.3057],[-0.1242,51.3045],[-0.1233,51.3031],[-0.1187,51.3038],[-0.1191,51.3063],[-0.12,51.3067]]}},{"type":"Feature","properties":{"routeId":"n87","name":"N87","direction":"1","routeType":"night","lengthKm":26.2,"stops":77},"geometry":{"type":"LineString","coordinates":[[-0.2999,51.4105],[-0.3017,51.4085],[-0.3036,51.409],[-0.3005,51.4113],[-0.3005,51.4123],[-0.2967,51.4123],[-0.2965,51.4107],[-0.2921,51.4108],[-0.2758,51.4039],[-0.2627,51.3999],[-0.2565,51.3986],[-0.2469,51.3992],[-0.2383,51.4005],[-0.2353,51.4057],[-0.2345,51.4098],[-0.23,51.4095],[-0.2301,51.4103],[-0.2257,51.4113],[-0.2083,51.422],[-0.2027,51.4191],[-0.2042,51.4186],[-0.2077,51.4214],[-0.2032,51.4242],[-0.2003,51.4272],[-0.1908,51.4276],[-0.1909,51.4295],[-0.1945,51.4321],[-0.1972,51.4369],[-0.1968,51.4405],[-0.1999,51.4497],[-0.1973,51.453],[-0.1972,51.4549],[-0.1944,51.4571],[-0.195,51.4586],[-0.1907,51.4592],[-0.1894,51.4569],[-0.1852,51.4577],[-0.1676,51.4638],[-0.1466,51.4672],[-0.1348,51.4724],[-0.13,51.477],[-0.1266,51.4843],[-0.1249,51.4853],[-0.1248,51.4846],[-0.1238,51.4862],[-0.1297,51.4887],[-0.1271,51.4899],[-0.1251,51.493],[-0.1263,51.5002],[-0.1275,51.5003],[-0.1264,51.5011],[-0.1262,51.5041],[-0.1281,51.5074],[-0.1191,51.5114],[-0.1184,51.5128]]}},{"type":"Feature","properties":{"routeId":"n8","name":"N8","direction":"2","routeType":"night","lengthKm":26.6,"stops":77},"geometry":{"type":"LineString","coordinates":[[-0.1447,51.5158],[-0.146,51.5169],[-0.1429,51.5174],[-0.1419,51.5153],[-0.1304,51.5164],[-0.1256,51.5171],[-0.1201,51.5194],[-0.1189,51.5178],[-0.1075,51.5178],[-0.0957,51.5144],[-0.0842,51.5134],[-0.0799,51.5181],[-0.0773,51.5237],[-0.0746,51.5237],[-0.0674,51.5261],[-0.0509,51.528],[-0.0323,51.5324],[-0.0341,51.5349],[-0.0334,51.5351],[-0.028,51.5359],[-0.025,51.5324],[-0.0221,51.5339],[-0.0172,51.5311],[-0.0137,51.53],[-0.0099,51.532],[-0.0009,51.539],[-0.0016,51.5423],[0.0044,51.544],[0.0045,51.5459],[0.0062,51.5469],[0.0051,51.5497],[0.0058,51.5517],[0.0054,51.5552],[0.0097,51.5635],[0.0109,51.5683],[0.016,51.5715],[0.0157,51.5729],[0.0185,51.572],[0.0288,51.5761],[0.0359,51.5774],[0.0408,51.5761],[0.0439,51.5768],[0.0457,51.5761],[0.0658,51.5766],[0.0712,51.5782],[0.0802,51.5867],[0.0808,51.5885],[0.0853,51.5941],[0.0843,51.5948],[0.0848,51.5986],[0.0843,51.6019],[0.1066,51.607],[0.1064,51.6081],[0.1087,51.6083]]}},{"type":"Feature","properties":{"routeId":"n9","name":"N9","direction":"1","routeType":"night","lengthKm":32.3,"stops":80},"geometry":{"type":"LineString","coordinates":[[-0.117,51.5133],[-0.1186,51.5127],[-0.1191,51.5113],[-0.1276,51.5072],[-0.1309,51.5077],[-0.1326,51.5071],[-0.1348,51.5098],[-0.1414,51.5075],[-0.1514,51.502],[-0.1528,51.5029],[-0.1608,51.5016],[-0.1812,51.5014],[-0.1888,51.5024],[-0.216,51.4936],[-0.2222,51.4931],[-0.2223,51.4914],[-0.2236,51.4913],[-0.2242,51.4926],[-0.2236,51.4913],[-0.2246,51.4914],[-0.225,51.4929],[-0.2312,51.4926],[-0.242,51.4935],[-0.2598,51.4925],[-0.2706,51.4929],[-0.2807,51.4919],[-0.2812,51.4911],[-0.2836,51.491],[-0.2878,51.4888],[-0.3043,51.4839],[-0.3126,51.4824],[-0.3333,51.4756],[-0.3431,51.4748],[-0.3482,51.4723],[-0.3648,51.4668],[-0.3664,51.4682],[-0.3761,51.4695],[-0.3888,51.4738],[-0.4173,51.4812],[-0.4303,51.4805],[-0.4522,51.4807],[-0.4529,51.4801],[-0.4526,51.4717],[-0.4541,51.4712],[-0.4531,51.4733],[-0.4531,51.4801],[-0.4542,51.4808],[-0.4579,51.48],[-0.4802,51.4799],[-0.4939,51.4782],[-0.4945,51.4759],[-0.4918,51.4755],[-0.4897,51.4731]]}},{"type":"Feature","properties":{"routeId":"n83","name":"N83","direction":"2","routeType":"night","lengthKm":20.1,"stops":59},"geometry":{"type":"LineString","coordinates":[[-0.3468,51.5079],[-0.3469,51.5089],[-0.3425,51.5082],[-0.3345,51.5088],[-0.3018,51.514],[-0.2924,51.5119],[-0.2913,51.5176],[-0.2927,51.5296],[-0.2947,51.5303],[-0.2954,51.5339],[-0.3006,51.5397],[-0.2979,51.5413],[-0.2969,51.5441],[-0.2991,51.552],[-0.2935,51.5537],[-0.2867,51.5537],[-0.2861,51.5572],[-0.2845,51.5594],[-0.2825,51.5619],[-0.2797,51.5627],[-0.2773,51.5655],[-0.2656,51.5658],[-0.2632,51.5672],[-0.2621,51.5735],[-0.2627,51.5818],[-0.2619,51.5829],[-0.2544,51.5824],[-0.2482,51.5843],[-0.24,51.5779],[-0.2346,51.5822],[-0.224,51.583],[-0.2187,51.5844],[-0.2097,51.58],[-0.1989,51.5727],[-0.1941,51.5719]]}},{"type":"Feature","properties":{"routeId":"n72","name":"N72","direction":"2","routeType":"night","lengthKm":16.4,"stops":48},"geometry":{"type":"LineString","coordinates":[[-0.2404,51.4444],[-0.2409,51.4438],[-0.2426,51.4457],[-0.2382,51.449],[-0.2438,51.4518],[-0.2428,51.4571],[-0.2439,51.4652],[-0.2379,51.4699],[-0.229,51.4684],[-0.2243,51.4684],[-0.2142,51.466],[-0.2102,51.4697],[-0.2173,51.4784],[-0.2206,51.4862],[-0.2226,51.4881],[-0.2236,51.4913],[-0.2248,51.4916],[-0.2248,51.4928],[-0.2238,51.4931],[-0.2243,51.4924],[-0.2236,51.4913],[-0.2248,51.4915],[-0.2248,51.4928],[-0.224,51.4934],[-0.224,51.496],[-0.2226,51.4975],[-0.2221,51.4997],[-0.2221,51.5016],[-0.2232,51.5031],[-0.2249,51.5052],[-0.2404,51.5066],[-0.2413,51.5112],[-0.2349,51.5116],[-0.2346,51.5098],[-0.2318,51.51],[-0.2252,51.5129],[-0.2272,51.517],[-0.2494,51.5152],[-0.2507,51.5195],[-0.2535,51.5199]]}},{"type":"Feature","properties":{"routeId":"n97","name":"N97","direction":"1","routeType":"night","lengthKm":10,"stops":31},"geometry":{"type":"LineString","coordinates":[[-0.2238,51.4918],[-0.2226,51.4881],[-0.2206,51.4862],[-0.2194,51.4835],[-0.2139,51.4826],[-0.2101,51.4831],[-0.1928,51.4885],[-0.2005,51.4928],[-0.1955,51.4946],[-0.1777,51.4954],[-0.1774,51.494],[-0.1748,51.4942],[-0.1751,51.4956],[-0.169,51.4967],[-0.1611,51.5017],[-0.15,51.5033],[-0.1346,51.5101],[-0.1334,51.5101],[-0.1312,51.5077],[-0.1275,51.5076],[-0.1271,51.5063]]}},{"type":"Feature","properties":{"routeId":"n89","name":"N89","direction":"1","routeType":"night","lengthKm":34.1,"stops":104},"geometry":{"type":"LineString","coordinates":[[-0.1262,51.5086],[-0.1191,51.5114],[-0.1178,51.5131],[-0.1043,51.5142],[-0.1047,51.4989],[-0.1009,51.4956],[-0.1005,51.4936],[-0.0989,51.493],[-0.094,51.4855],[-0.0943,51.4798],[-0.0929,51.4741],[-0.0867,51.4735],[-0.0755,51.4743],[-0.0704,51.4734],[-0.0623,51.4741],[-0.0534,51.4729],[-0.0372,51.4757],[-0.0304,51.4757],[-0.0153,51.4731],[-0.0154,51.4721],[-0.011,51.4661],[-0.0113,51.465],[-0.0134,51.4652],[-0.0125,51.4636],[-0.0108,51.4637],[-0.0092,51.4624],[-0.0063,51.4632],[-0.0016,51.4624],[0.007,51.4639],[0.0089,51.4646],[0.0091,51.4654],[0.0069,51.4672],[0.0157,51.4736],[0.0289,51.4754],[0.1326,51.4583],[0.1425,51.457],[0.1434,51.4576],[0.1475,51.4572],[0.1475,51.4566],[0.1528,51.4588],[0.1537,51.4625],[0.1577,51.4662],[0.1584,51.4683],[0.1611,51.4713],[0.1714,51.4716],[0.1754,51.4705],[0.1809,51.4704],[0.1811,51.4669],[0.1898,51.47],[0.1904,51.4715],[0.1932,51.4713],[0.1933,51.4676],[0.1911,51.4673],[0.1903,51.4687],[0.1933,51.4688],[0.1932,51.4713],[0.1952,51.472],[0.1951,51.477],[0.1812,51.4787],[0.1819,51.4808],[0.1803,51.4808]]}},{"type":"Feature","properties":{"routeId":"n91","name":"N91","direction":"1","routeType":"night","lengthKm":23.3,"stops":72},"geometry":{"type":"LineString","coordinates":[[-0.1499,51.6515],[-0.146,51.6454],[-0.1406,51.6455],[-0.1317,51.6481],[-0.1327,51.6474],[-0.1275,51.6366],[-0.127,51.6323],[-0.1282,51.6325],[-0.1276,51.6319],[-0.1277,51.629],[-0.1217,51.6215],[-0.123,51.6182],[-0.1277,51.615],[-0.1367,51.6164],[-0.1411,51.6166],[-0.1439,51.6158],[-0.1407,51.6125],[-0.1282,51.609],[-0.1228,51.6059],[-0.1203,51.6024],[-0.111,51.599],[-0.1088,51.5947],[-0.1033,51.5904],[-0.1131,51.5881],[-0.1124,51.586],[-0.1217,51.5813],[-0.1238,51.5795],[-0.1272,51.5742],[-0.1247,51.5715],[-0.1236,51.5687],[-0.1128,51.5578],[-0.1179,51.5556],[-0.1181,51.5468],[-0.1165,51.5379],[-0.1171,51.5348],[-0.1207,51.532],[-0.121,51.5305],[-0.1227,51.5305],[-0.1306,51.5271],[-0.121,51.519],[-0.1176,51.5133],[-0.1191,51.5113],[-0.127,51.5077],[-0.1271,51.5063]]}},{"type":"Feature","properties":{"routeId":"n98","name":"N98","direction":"1","routeType":"night","lengthKm":22.1,"stops":64},"geometry":{"type":"LineString","coordinates":[[-0.3037,51.6197],[-0.308,51.6178],[-0.2972,51.6023],[-0.2944,51.5959],[-0.2873,51.5925],[-0.2847,51.5946],[-0.2871,51.5924],[-0.284,51.5901],[-0.2829,51.5868],[-0.2811,51.5848],[-0.2741,51.586],[-0.2619,51.5829],[-0.2628,51.5787],[-0.2621,51.5734],[-0.2631,51.5694],[-0.2627,51.5677],[-0.2654,51.5658],[-0.2559,51.5616],[-0.2551,51.5604],[-0.2503,51.5587],[-0.2496,51.5589],[-0.2498,51.5594],[-0.2508,51.5599],[-0.2512,51.5591],[-0.2449,51.5561],[-0.2435,51.553],[-0.239,51.5489],[-0.234,51.5474],[-0.2254,51.5476],[-0.2167,51.5462],[-0.2091,51.5436],[-0.204,51.5408],[-0.198,51.5419],[-0.177,51.5247],[-0.16,51.5132],[-0.1304,51.5164],[-0.1256,51.5171],[-0.1202,51.5194],[-0.1196,51.5189]]}},{"type":"Feature","properties":{"routeId":"n86","name":"N86","direction":"2","routeType":"night","lengthKm":23.1,"stops":71},"geometry":{"type":"LineString","coordinates":[[0.2435,51.6056],[0.2405,51.6083],[0.2338,51.6096],[0.2203,51.608],[0.2094,51.6049],[0.2132,51.5926],[0.2072,51.5888],[0.1954,51.5856],[0.1849,51.5806],[0.1843,51.5798],[0.1862,51.578],[0.183,51.5767],[0.184,51.5756],[0.1834,51.5752],[0.1838,51.5742],[0.1824,51.5764],[0.1857,51.5781],[0.1837,51.5803],[0.1807,51.5805],[0.178,51.5797],[0.1771,51.5782],[0.1776,51.5763],[0.174,51.5749],[0.1673,51.5741],[0.1589,51.5744],[0.1299,51.5707],[0.0816,51.5607],[0.0817,51.56],[0.0793,51.5591],[0.0775,51.5598],[0.0756,51.5594],[0.0758,51.5585],[0.0726,51.5573],[0.0716,51.5586],[0.0707,51.5584],[0.0691,51.5572],[0.0673,51.5574],[0.0411,51.5486],[0.0213,51.5459],[0.0041,51.542],[-0.0002,51.5396],[-0.002,51.5403],[-0.0023,51.5414]]}},{"type":"Feature","properties":{"routeId":"p4","name":"P4","direction":"1","routeType":"regular","lengthKm":12,"stops":39},"geometry":{"type":"LineString","coordinates":[[-0.0126,51.4641],[-0.0093,51.4624],[-0.0133,51.4577],[-0.0168,51.4567],[-0.0293,51.4561],[-0.0345,51.4535],[-0.0374,51.4541],[-0.0412,51.4488],[-0.049,51.4501],[-0.0537,51.4487],[-0.0554,51.4442],[-0.0589,51.4406],[-0.0645,51.441],[-0.0675,51.4432],[-0.0727,51.4436],[-0.0844,51.4419],[-0.0858,51.4475],[-0.0856,51.4507],[-0.0902,51.4554],[-0.0904,51.457],[-0.0965,51.461],[-0.1016,51.4662],[-0.1034,51.4646],[-0.1077,51.463],[-0.1108,51.465],[-0.1142,51.4648],[-0.1153,51.462]]}},{"type":"Feature","properties":{"routeId":"n97","name":"N97","direction":"2","routeType":"night","lengthKm":9.8,"stops":32},"geometry":{"type":"LineString","coordinates":[[-0.1267,51.5073],[-0.1309,51.5077],[-0.1326,51.5071],[-0.1348,51.5098],[-0.1414,51.5075],[-0.1512,51.502],[-0.1528,51.5029],[-0.1607,51.5017],[-0.1747,51.4941],[-0.1788,51.4938],[-0.1791,51.4953],[-0.195,51.4946],[-0.1945,51.4933],[-0.1902,51.4895],[-0.2101,51.4831],[-0.214,51.4826],[-0.2194,51.4835],[-0.2206,51.4862],[-0.2226,51.4881],[-0.2238,51.4923]]}},{"type":"Feature","properties":{"routeId":"n87","name":"N87","direction":"2","routeType":"night","lengthKm":24.5,"stops":78},"geometry":{"type":"LineString","coordinates":[[-0.117,51.5133],[-0.1186,51.5127],[-0.1191,51.5113],[-0.1275,51.5073],[-0.1262,51.5043],[-0.1251,51.4928],[-0.127,51.4898],[-0.1291,51.4887],[-0.1239,51.4862],[-0.1249,51.4845],[-0.1272,51.4834],[-0.1302,51.4767],[-0.1348,51.4725],[-0.1472,51.467],[-0.1671,51.4639],[-0.1797,51.4597],[-0.1796,51.4583],[-0.1897,51.4568],[-0.1943,51.457],[-0.1972,51.4549],[-0.1973,51.453],[-0.1999,51.4497],[-0.1968,51.4406],[-0.1973,51.4372],[-0.1945,51.4321],[-0.1908,51.4294],[-0.1908,51.4276],[-0.2003,51.4272],[-0.2028,51.4246],[-0.2077,51.4214],[-0.2027,51.4191],[-0.2042,51.4186],[-0.2083,51.422],[-0.2283,51.4098],[-0.2345,51.4098],[-0.2372,51.4016],[-0.2396,51.4],[-0.2435,51.3992],[-0.2557,51.3984],[-0.2758,51.4039],[-0.2921,51.4108],[-0.2999,51.4105]]}},{"type":"Feature","properties":{"routeId":"p5","name":"P5","direction":"1","routeType":"regular","lengthKm":11.2,"stops":40},"geometry":{"type":"LineString","coordinates":[[-0.0999,51.4963],[-0.1012,51.495],[-0.1004,51.4935],[-0.0987,51.4929],[-0.0956,51.4879],[-0.0989,51.4869],[-0.0984,51.4861],[-0.1004,51.4852],[-0.0995,51.4846],[-0.1027,51.4831],[-0.1008,51.4815],[-0.1054,51.4792],[-0.1036,51.4784],[-0.1042,51.4782],[-0.1037,51.4771],[-0.1026,51.4766],[-0.1072,51.4736],[-0.1072,51.4706],[-0.1052,51.4674],[-0.103,51.4656],[-0.1041,51.4623],[-0.107,51.4589],[-0.1107,51.4622],[-0.1156,51.4613],[-0.1156,51.4592],[-0.1167,51.4594],[-0.1163,51.4611],[-0.1222,51.4597],[-0.1292,51.4598],[-0.1296,51.4654],[-0.1277,51.4681],[-0.1225,51.4724],[-0.1253,51.4738],[-0.1254,51.4746],[-0.1313,51.4756],[-0.1337,51.4737],[-0.1364,51.4748],[-0.14,51.4783],[-0.1426,51.4772],[-0.1421,51.4765]]}},{"type":"Feature","properties":{"routeId":"p4","name":"P4","direction":"2","routeType":"regular","lengthKm":12.1,"stops":40},"geometry":{"type":"LineString","coordinates":[[-0.1154,51.462],[-0.1142,51.4648],[-0.1108,51.465],[-0.1077,51.463],[-0.1034,51.4646],[-0.1016,51.4662],[-0.0963,51.4608],[-0.0904,51.457],[-0.0903,51.4555],[-0.0856,51.4507],[-0.0855,51.4459],[-0.0844,51.4419],[-0.0727,51.4436],[-0.0675,51.4432],[-0.0649,51.4411],[-0.0589,51.4406],[-0.0554,51.4442],[-0.0538,51.4487],[-0.049,51.4501],[-0.0412,51.4488],[-0.0379,51.4539],[-0.0341,51.4535],[-0.0293,51.4561],[-0.0263,51.4567],[-0.0145,51.4565],[-0.0122,51.4592],[-0.0133,51.4614],[-0.0129,51.4631],[-0.0108,51.4637],[-0.0113,51.465],[-0.0132,51.4649]]}},{"type":"Feature","properties":{"routeId":"p12","name":"P12","direction":"1","routeType":"regular","lengthKm":13.9,"stops":46},"geometry":{"type":"LineString","coordinates":[[-0.047,51.4939],[-0.0454,51.4938],[-0.0443,51.4949],[-0.0457,51.4953],[-0.0458,51.4977],[-0.0469,51.4986],[-0.0502,51.4984],[-0.0496,51.4976],[-0.0524,51.4963],[-0.0563,51.4989],[-0.0605,51.4986],[-0.06,51.4956],[-0.0577,51.494],[-0.0579,51.493],[-0.0606,51.4921],[-0.0652,51.4923],[-0.0658,51.4872],[-0.0555,51.4878],[-0.0537,51.4848],[-0.0536,51.4805],[-0.0549,51.4788],[-0.0601,51.4805],[-0.0581,51.4762],[-0.0579,51.4734],[-0.0656,51.4739],[-0.0656,51.4724],[-0.0697,51.4716],[-0.066,51.4669],[-0.0661,51.4652],[-0.0648,51.4628],[-0.0593,51.4646],[-0.0557,51.4667],[-0.0516,51.4665],[-0.0502,51.4661],[-0.0457,51.4598],[-0.0461,51.4583],[-0.0473,51.4578],[-0.0453,51.4567],[-0.0466,51.4551],[-0.0535,51.452],[-0.0564,51.4499],[-0.0539,51.4486],[-0.049,51.4501],[-0.0406,51.4486]]}},{"type":"Feature","properties":{"routeId":"r1","name":"R1","direction":"1","routeType":"regular","lengthKm":13.7,"stops":41},"geometry":{"type":"LineString","coordinates":[[0.1048,51.4111],[0.1072,51.4089],[0.1042,51.4088],[0.1038,51.4043],[0.0985,51.405],[0.096,51.4071],[0.0904,51.4045],[0.0881,51.4011],[0.103,51.3971],[0.1065,51.3978],[0.1073,51.3974],[0.1075,51.3952],[0.1119,51.3952],[0.1074,51.3846],[0.1078,51.3825],[0.1039,51.3807],[0.1018,51.3788],[0.0977,51.3731],[0.0915,51.3718],[0.0903,51.3721],[0.0893,51.3737],[0.0903,51.3721],[0.0929,51.3711],[0.0988,51.3637],[0.1027,51.361],[0.1132,51.3613],[0.1085,51.3573],[0.1053,51.3573],[0.1058,51.3568],[0.0954,51.3528],[0.0943,51.3536],[0.0936,51.356],[0.0892,51.3559],[0.0898,51.3541],[0.0892,51.3507]]}},{"type":"Feature","properties":{"routeId":"n98","name":"N98","direction":"2","routeType":"night","lengthKm":22.3,"stops":66},"geometry":{"type":"LineString","coordinates":[[-0.1196,51.5189],[-0.1194,51.5177],[-0.1577,51.5135],[-0.1583,51.5127],[-0.1608,51.5124],[-0.1615,51.5129],[-0.1607,51.5136],[-0.1767,51.5245],[-0.198,51.5419],[-0.204,51.5408],[-0.2091,51.5436],[-0.2164,51.5462],[-0.2254,51.5476],[-0.234,51.5474],[-0.2392,51.5489],[-0.2435,51.553],[-0.2449,51.5561],[-0.2558,51.5606],[-0.2582,51.5626],[-0.2656,51.5657],[-0.2627,51.5678],[-0.2631,51.5694],[-0.2621,51.5735],[-0.2628,51.5787],[-0.2619,51.5829],[-0.2747,51.586],[-0.282,51.5847],[-0.284,51.5901],[-0.2873,51.5925],[-0.2847,51.5946],[-0.2871,51.5924],[-0.2945,51.5954],[-0.2973,51.6022],[-0.308,51.6178],[-0.303,51.6198]]}},{"type":"Feature","properties":{"routeId":"p13","name":"P13","direction":"1","routeType":"regular","lengthKm":14.8,"stops":49},"geometry":{"type":"LineString","coordinates":[[-0.1312,51.4254],[-0.1311,51.4293],[-0.1295,51.4307],[-0.1277,51.4371],[-0.1258,51.4402],[-0.1155,51.4389],[-0.1129,51.4411],[-0.109,51.4404],[-0.108,51.4414],[-0.0992,51.4394],[-0.0938,51.441],[-0.0883,51.4409],[-0.0733,51.4436],[-0.0675,51.4432],[-0.0662,51.4425],[-0.0656,51.4454],[-0.0633,51.4486],[-0.0637,51.4504],[-0.0684,51.454],[-0.0765,51.4556],[-0.075,51.4588],[-0.0754,51.4608],[-0.0763,51.4615],[-0.0796,51.4615],[-0.0822,51.463],[-0.0837,51.4624],[-0.0793,51.4647],[-0.0794,51.4654],[-0.0735,51.4663],[-0.0724,51.4676],[-0.0738,51.4695],[-0.0728,51.4696],[-0.0727,51.4687],[-0.0684,51.4698],[-0.0697,51.472],[-0.0656,51.4724],[-0.0656,51.4739],[-0.068,51.4735],[-0.0674,51.474],[-0.0528,51.473],[-0.0416,51.4747],[-0.0412,51.4761],[-0.0426,51.4759],[-0.0429,51.4766]]}},{"type":"Feature","properties":{"routeId":"r10","name":"R10","direction":"1","routeType":"regular","lengthKm":4.3,"stops":12},"geometry":{"type":"LineString","coordinates":[[0.0895,51.3735],[0.0903,51.3721],[0.0926,51.3718],[0.0974,51.3733],[0.0992,51.3757],[0.1025,51.375],[0.0992,51.3757],[0.0949,51.3665],[0.0887,51.3603],[0.0895,51.3523]]}},{"type":"Feature","properties":{"routeId":"n91","name":"N91","direction":"2","routeType":"night","lengthKm":24,"stops":72},"geometry":{"type":"LineString","coordinates":[[-0.1267,51.5073],[-0.128,51.5075],[-0.1191,51.5114],[-0.1177,51.5134],[-0.1218,51.5196],[-0.1314,51.5279],[-0.1329,51.5274],[-0.1302,51.5283],[-0.1297,51.5277],[-0.1226,51.5307],[-0.1224,51.5335],[-0.1188,51.5336],[-0.1171,51.5348],[-0.1165,51.5378],[-0.118,51.5499],[-0.1238,51.5534],[-0.1206,51.557],[-0.1151,51.5602],[-0.1236,51.5687],[-0.1247,51.5716],[-0.1272,51.5741],[-0.1234,51.58],[-0.1163,51.5839],[-0.1144,51.5869],[-0.1146,51.5879],[-0.1035,51.5905],[-0.1088,51.5948],[-0.111,51.599],[-0.1205,51.6025],[-0.1227,51.6058],[-0.1282,51.609],[-0.1409,51.6126],[-0.1439,51.6158],[-0.1412,51.6171],[-0.1399,51.6164],[-0.1331,51.6162],[-0.1277,51.615],[-0.123,51.6182],[-0.1217,51.6213],[-0.1223,51.6229],[-0.1277,51.629],[-0.1276,51.6319],[-0.1282,51.6322],[-0.1271,51.6328],[-0.1274,51.6363],[-0.1329,51.6477],[-0.1317,51.6481],[-0.1378,51.646],[-0.1466,51.645],[-0.1476,51.6483],[-0.15,51.6515]]}},{"type":"Feature","properties":{"routeId":"n9","name":"N9","direction":"2","routeType":"night","lengthKm":33.5,"stops":86},"geometry":{"type":"LineString","coordinates":[[-0.4897,51.4722],[-0.4897,51.4702],[-0.4911,51.4694],[-0.4948,51.4751],[-0.4939,51.4782],[-0.4802,51.4799],[-0.4676,51.48],[-0.4668,51.4811],[-0.4528,51.4796],[-0.45,51.4796],[-0.4499,51.4805],[-0.4529,51.4802],[-0.4526,51.4717],[-0.4541,51.4712],[-0.453,51.4741],[-0.4532,51.482],[-0.4299,51.4806],[-0.4185,51.4814],[-0.3956,51.4758],[-0.3766,51.4696],[-0.3689,51.4685],[-0.3686,51.4673],[-0.3669,51.4677],[-0.3658,51.4667],[-0.3621,51.4675],[-0.3569,51.4701],[-0.3482,51.4723],[-0.3436,51.4746],[-0.334,51.4754],[-0.3126,51.4824],[-0.3048,51.4837],[-0.2885,51.4888],[-0.2824,51.4919],[-0.2708,51.4929],[-0.2615,51.4924],[-0.242,51.4935],[-0.2345,51.4928],[-0.234,51.4944],[-0.2316,51.4945],[-0.2274,51.4944],[-0.2237,51.4931],[-0.2243,51.4923],[-0.2235,51.4917],[-0.2242,51.4926],[-0.2232,51.4931],[-0.2167,51.4934],[-0.1905,51.5021],[-0.1813,51.5014],[-0.1623,51.5017],[-0.15,51.5033],[-0.1346,51.5101],[-0.1334,51.5101],[-0.1311,51.5077],[-0.128,51.5075],[-0.1191,51.5114],[-0.1184,51.5128]]}},{"type":"Feature","properties":{"routeId":"p5","name":"P5","direction":"2","routeType":"regular","lengthKm":10.9,"stops":38},"geometry":{"type":"LineString","coordinates":[[-0.1421,51.4765],[-0.1354,51.4721],[-0.1313,51.4756],[-0.1227,51.4746],[-0.1216,51.473],[-0.1276,51.4682],[-0.1296,51.4654],[-0.1292,51.4598],[-0.1214,51.4598],[-0.1107,51.4622],[-0.107,51.4589],[-0.1041,51.4623],[-0.103,51.4656],[-0.1052,51.4674],[-0.1072,51.4706],[-0.1075,51.4732],[-0.1048,51.4755],[-0.1068,51.4777],[-0.1036,51.4784],[-0.1056,51.4791],[-0.1008,51.4815],[-0.1027,51.4831],[-0.0995,51.4846],[-0.1004,51.4852],[-0.0984,51.4861],[-0.0988,51.487],[-0.0956,51.4879],[-0.0988,51.4929],[-0.1007,51.4935],[-0.1013,51.4951],[-0.0998,51.4964]]}},{"type":"Feature","properties":{"routeId":"r2","name":"R2","direction":"1","routeType":"regular","lengthKm":14.3,"stops":35},"geometry":{"type":"LineString","coordinates":[[0.1002,51.375],[0.0991,51.3732],[0.0956,51.3731],[0.0923,51.3718],[0.0887,51.3727],[0.0683,51.3733],[0.0531,51.3661],[0.0455,51.3674],[0.0389,51.3672],[0.0391,51.3609],[0.0374,51.3573],[0.0325,51.3538],[0.0313,51.3519],[0.0352,51.3506],[0.0364,51.3476],[0.0352,51.3457],[0.0304,51.3419],[0.0304,51.3366],[0.0279,51.3341],[0.0264,51.3297],[0.0238,51.329],[0.0227,51.3275],[0.0232,51.3257],[0.0325,51.3174],[0.0336,51.3129],[0.0351,51.3112],[0.0342,51.3108],[0.0256,51.315],[0.0268,51.3132],[0.0263,51.31],[0.0221,51.3079],[0.023,51.3073],[0.0207,51.3042]]}},{"type":"Feature","properties":{"routeId":"p12","name":"P12","direction":"2","routeType":"regular","lengthKm":14.7,"stops":49},"geometry":{"type":"LineString","coordinates":[[-0.0409,51.4482],[-0.0415,51.4477],[-0.0412,51.4488],[-0.048,51.4501],[-0.0539,51.4486],[-0.0564,51.4499],[-0.0535,51.452],[-0.0466,51.4551],[-0.0453,51.4567],[-0.0473,51.4578],[-0.0461,51.4583],[-0.0457,51.4598],[-0.0502,51.4661],[-0.0516,51.4665],[-0.0512,51.4673],[-0.0529,51.4686],[-0.0594,51.4645],[-0.0667,51.4624],[-0.0659,51.4668],[-0.0697,51.4716],[-0.0656,51.4724],[-0.0656,51.4739],[-0.0681,51.4735],[-0.0671,51.474],[-0.0579,51.4734],[-0.0581,51.4762],[-0.0601,51.4807],[-0.0548,51.4788],[-0.0537,51.4804],[-0.0537,51.4847],[-0.0555,51.4878],[-0.0658,51.4872],[-0.0652,51.4923],[-0.0606,51.4921],[-0.0578,51.4931],[-0.0578,51.4943],[-0.06,51.4956],[-0.0607,51.4986],[-0.0552,51.4991],[-0.0523,51.4965],[-0.0497,51.4975],[-0.0494,51.4981],[-0.0501,51.4984],[-0.0496,51.4976],[-0.0523,51.4963],[-0.0481,51.4937],[-0.047,51.4939]]}},{"type":"Feature","properties":{"routeId":"n89","name":"N89","direction":"2","routeType":"night","lengthKm":34.2,"stops":107},"geometry":{"type":"LineString","coordinates":[[0.1786,51.4807],[0.1777,51.4803],[0.1798,51.4783],[0.1812,51.4789],[0.1951,51.477],[0.1953,51.4722],[0.1932,51.4713],[0.1933,51.4676],[0.1911,51.4673],[0.1904,51.4684],[0.1933,51.4688],[0.1932,51.4713],[0.1912,51.4716],[0.1895,51.4699],[0.1809,51.4669],[0.1807,51.4704],[0.1754,51.4705],[0.1714,51.4716],[0.1611,51.4713],[0.1587,51.4687],[0.1577,51.4662],[0.1537,51.4625],[0.1528,51.4588],[0.1464,51.4565],[0.1463,51.4572],[0.1386,51.4573],[0.0302,51.4754],[0.0157,51.4736],[0.0098,51.4691],[0.0085,51.4665],[0.009,51.4646],[0.007,51.4639],[-0.0014,51.4625],[-0.0062,51.4632],[-0.0092,51.4624],[-0.0103,51.4627],[-0.0115,51.4671],[-0.0154,51.4721],[-0.0153,51.473],[-0.0312,51.4758],[-0.0348,51.4747],[-0.0373,51.4756],[-0.0528,51.473],[-0.0656,51.4739],[-0.0656,51.4724],[-0.0697,51.472],[-0.0699,51.4733],[-0.0758,51.4743],[-0.0875,51.4735],[-0.0931,51.474],[-0.0946,51.4829],[-0.094,51.4855],[-0.0989,51.493],[-0.1007,51.4935],[-0.1009,51.4956],[-0.1049,51.4986],[-0.1045,51.5142],[-0.1105,51.5139],[-0.1145,51.5128],[-0.1176,51.5131],[-0.1191,51.5113],[-0.1256,51.5085]]}},{"type":"Feature","properties":{"routeId":"r10","name":"R10","direction":"2","routeType":"regular","lengthKm":22.8,"stops":55},"geometry":{"type":"LineString","coordinates":[[0.0892,51.3507],[0.0891,51.3498],[0.0822,51.3473],[0.0829,51.3436],[0.0744,51.3322],[0.0739,51.3287],[0.0714,51.3243],[0.0709,51.3204],[0.0739,51.3178],[0.0771,51.3121],[0.0804,51.3097],[0.086,51.3005],[0.0909,51.3036],[0.1012,51.3074],[0.108,51.312],[0.1238,51.3158],[0.1285,51.32],[0.1323,51.3278],[0.1354,51.3304],[0.1382,51.3313],[0.1356,51.3323],[0.1356,51.3305],[0.1323,51.3278],[0.1298,51.322],[0.1273,51.3192],[0.1202,51.3254],[0.117,51.3299],[0.115,51.3362],[0.1107,51.3416],[0.1109,51.3446],[0.1066,51.3451],[0.1008,51.3445],[0.0934,51.3458],[0.0905,51.3477],[0.0885,51.35],[0.0897,51.3537],[0.0887,51.3603],[0.0949,51.3665],[0.0973,51.3732],[0.0992,51.3757],[0.1005,51.3753],[0.0991,51.3732],[0.0956,51.3731],[0.0926,51.3718],[0.0903,51.3721],[0.0896,51.3732]]}},{"type":"Feature","properties":{"routeId":"p13","name":"P13","direction":"2","routeType":"regular","lengthKm":14.7,"stops":50},"geometry":{"type":"LineString","coordinates":[[-0.0426,51.4767],[-0.0416,51.4769],[-0.0408,51.4747],[-0.0528,51.473],[-0.0621,51.474],[-0.068,51.4735],[-0.0674,51.474],[-0.0656,51.4739],[-0.0656,51.4724],[-0.0697,51.472],[-0.0684,51.4698],[-0.0703,51.4693],[-0.0699,51.4686],[-0.0725,51.4681],[-0.0727,51.4669],[-0.0742,51.4658],[-0.0794,51.4654],[-0.0793,51.4647],[-0.0837,51.4624],[-0.082,51.463],[-0.0796,51.4615],[-0.0763,51.4615],[-0.0751,51.4608],[-0.075,51.4588],[-0.0765,51.4556],[-0.0684,51.454],[-0.064,51.4507],[-0.0633,51.4486],[-0.0659,51.4444],[-0.069,51.4444],[-0.0675,51.4432],[-0.0733,51.4436],[-0.0883,51.4409],[-0.0944,51.4409],[-0.0984,51.4394],[-0.1059,51.441],[-0.1065,51.4402],[-0.1129,51.4411],[-0.1155,51.4389],[-0.1256,51.4402],[-0.1275,51.437],[-0.1295,51.4307],[-0.1309,51.4295],[-0.1308,51.4254],[-0.1318,51.4253]]}},{"type":"Feature","properties":{"routeId":"r11","name":"R11","direction":"1","routeType":"regular","lengthKm":13,"stops":37},"geometry":{"type":"LineString","coordinates":[[0.0995,51.4198],[0.0999,51.4226],[0.1011,51.4238],[0.1009,51.4265],[0.107,51.4245],[0.1111,51.4216],[0.118,51.4187],[0.1133,51.4141],[0.1139,51.4129],[0.1125,51.4117],[0.1128,51.4091],[0.099,51.4085],[0.096,51.4071],[0.0986,51.405],[0.1038,51.4043],[0.1026,51.4014],[0.1073,51.3974],[0.1072,51.3954],[0.1119,51.3952],[0.1119,51.3944],[0.1074,51.3846],[0.1077,51.3823],[0.1039,51.3807],[0.1001,51.377],[0.0975,51.3731],[0.0949,51.3665],[0.0926,51.3641],[0.095,51.3629],[0.0942,51.3623],[0.095,51.3631],[0.0925,51.3639],[0.0887,51.3603],[0.0898,51.3541],[0.0892,51.3507]]}},{"type":"Feature","properties":{"routeId":"r1","name":"R1","direction":"2","routeType":"regular","lengthKm":14.4,"stops":45},"geometry":{"type":"LineString","coordinates":[[0.0896,51.3526],[0.0892,51.3559],[0.0936,51.356],[0.0943,51.3536],[0.0954,51.3528],[0.1058,51.3568],[0.1053,51.3573],[0.1085,51.3573],[0.1132,51.3613],[0.1027,51.361],[0.099,51.3635],[0.0929,51.3711],[0.0903,51.3721],[0.0893,51.3737],[0.0913,51.3718],[0.0974,51.3733],[0.1032,51.3799],[0.1022,51.3813],[0.103,51.3824],[0.1063,51.3818],[0.1077,51.3823],[0.1074,51.3846],[0.1119,51.395],[0.1076,51.3952],[0.1073,51.3974],[0.1065,51.3978],[0.103,51.3971],[0.0881,51.4011],[0.0904,51.4045],[0.096,51.4071],[0.0986,51.405],[0.1038,51.4043],[0.1042,51.4088],[0.1072,51.4089],[0.1059,51.4105],[0.1069,51.4117],[0.1061,51.4136],[0.1043,51.4136],[0.1034,51.4115],[0.1048,51.4111]]}},{"type":"Feature","properties":{"routeId":"r3","name":"R3","direction":"1","routeType":"regular","lengthKm":15.4,"stops":50},"geometry":{"type":"LineString","coordinates":[[0.0577,51.3654],[0.055,51.3651],[0.0538,51.3663],[0.0683,51.3733],[0.076,51.3733],[0.0757,51.3742],[0.0768,51.3767],[0.0805,51.3817],[0.0781,51.3825],[0.078,51.3837],[0.0689,51.3849],[0.0632,51.3868],[0.0582,51.3819],[0.0557,51.3826],[0.0566,51.3863],[0.0602,51.3858],[0.0615,51.3869],[0.0635,51.3872],[0.0643,51.3886],[0.0717,51.39],[0.0764,51.3856],[0.0775,51.3871],[0.0757,51.3892],[0.0746,51.3892],[0.0747,51.3903],[0.0907,51.3912],[0.0968,51.3906],[0.0971,51.3918],[0.0921,51.3922],[0.0913,51.3936],[0.0934,51.3944],[0.1048,51.3936],[0.1056,51.3932],[0.1039,51.3894],[0.108,51.3885],[0.1116,51.3864],[0.1077,51.3823],[0.1039,51.3807],[0.1018,51.3788],[0.0977,51.3731],[0.0915,51.3718],[0.0896,51.3732]]}},{"type":"Feature","properties":{"routeId":"r68","name":"R68","direction":"1","routeType":"regular","lengthKm":14.7,"stops":47},"geometry":{"type":"LineString","coordinates":[[-0.28,51.4789],[-0.2815,51.4786],[-0.2819,51.4767],[-0.2812,51.4755],[-0.2763,51.4733],[-0.2769,51.469],[-0.2875,51.4678],[-0.3008,51.4644],[-0.3034,51.4614],[-0.3021,51.4601],[-0.3049,51.459],[-0.3063,51.4594],[-0.3056,51.4583],[-0.3118,51.4549],[-0.3134,51.4536],[-0.3133,51.4526],[-0.32,51.451],[-0.3298,51.4456],[-0.3326,51.4411],[-0.3329,51.4394],[-0.3299,51.4351],[-0.3294,51.433],[-0.3241,51.4289],[-0.3256,51.4279],[-0.3374,51.426],[-0.3543,51.4291],[-0.3585,51.4235],[-0.3591,51.4199],[-0.3587,51.4166],[-0.3606,51.4134],[-0.36,51.4127],[-0.3529,51.4107],[-0.3415,51.4052],[-0.343,51.4029]]}},{"type":"Feature","properties":{"routeId":"r4","name":"R4","direction":"1","routeType":"regular","lengthKm":13.9,"stops":51},"geometry":{"type":"LineString","coordinates":[[0.1216,51.3995],[0.1209,51.4004],[0.1163,51.4007],[0.1154,51.3965],[0.1151,51.3957],[0.1144,51.3959],[0.1149,51.3909],[0.1133,51.3859],[0.1151,51.3843],[0.1255,51.3811],[0.1252,51.3805],[0.1208,51.382],[0.1223,51.3795],[0.1213,51.3789],[0.1229,51.3768],[0.1088,51.3783],[0.108,51.3819],[0.1058,51.3817],[0.1001,51.377],[0.0977,51.3731],[0.0915,51.3718],[0.0903,51.3721],[0.0893,51.3738],[0.0912,51.3718],[0.0872,51.3702],[0.0802,51.3651],[0.08,51.3637],[0.0857,51.3623],[0.0865,51.3612],[0.0858,51.3606],[0.0841,51.3605],[0.0784,51.3627],[0.0772,51.3619],[0.0742,51.3623],[0.0649,51.3607],[0.0634,51.3647],[0.0605,51.3667],[0.0588,51.3691],[0.0538,51.3663],[0.055,51.3651],[0.0577,51.3662],[0.0584,51.3658],[0.0577,51.3654]]}},{"type":"Feature","properties":{"routeId":"r9","name":"R9","direction":"1","routeType":"regular","lengthKm":2.9,"stops":9},"geometry":{"type":"LineString","coordinates":[[0.0897,51.3735],[0.0903,51.3721],[0.0926,51.3718],[0.0974,51.3733],[0.0992,51.3757],[0.1025,51.3749],[0.0992,51.3757],[0.0977,51.3732],[0.1089,51.3715],[0.1111,51.372],[0.1115,51.3728]]}},{"type":"Feature","properties":{"routeId":"r2","name":"R2","direction":"2","routeType":"regular","lengthKm":14.4,"stops":36},"geometry":{"type":"LineString","coordinates":[[0.0207,51.3042],[0.0201,51.3045],[0.0219,51.3078],[0.0263,51.31],[0.0268,51.3131],[0.0256,51.315],[0.0342,51.3108],[0.0351,51.3112],[0.0335,51.3132],[0.0322,51.3177],[0.029,51.3199],[0.0227,51.3268],[0.0234,51.3286],[0.0263,51.3296],[0.0278,51.3339],[0.0302,51.3362],[0.0304,51.3419],[0.0352,51.3457],[0.0364,51.3477],[0.0352,51.3506],[0.0313,51.352],[0.0326,51.3539],[0.0374,51.3573],[0.0391,51.3609],[0.0389,51.3672],[0.0448,51.3674],[0.0532,51.3663],[0.0683,51.3733],[0.0886,51.3727],[0.0926,51.3718],[0.0974,51.3733],[0.0992,51.3757],[0.1002,51.375]]}},{"type":"Feature","properties":{"routeId":"r7","name":"R7","direction":"1","routeType":"regular","lengthKm":16.5,"stops":46},"geometry":{"type":"LineString","coordinates":[[0.1276,51.3575],[0.1255,51.3562],[0.1115,51.3644],[0.1105,51.3637],[0.1042,51.364],[0.0961,51.3688],[0.0973,51.3732],[0.0992,51.3757],[0.1024,51.3751],[0.0992,51.3757],[0.0977,51.3731],[0.0956,51.3731],[0.0926,51.3718],[0.0887,51.3727],[0.0819,51.3728],[0.0817,51.3741],[0.0828,51.3775],[0.0774,51.3773],[0.0804,51.3812],[0.0852,51.3811],[0.0884,51.3825],[0.0843,51.3837],[0.0776,51.3872],[0.0763,51.3856],[0.0717,51.39],[0.0657,51.3885],[0.0537,51.3905],[0.0558,51.3958],[0.046,51.397],[0.0458,51.399],[0.058,51.3997],[0.0606,51.399],[0.058,51.3997],[0.0561,51.3991],[0.0552,51.4025],[0.0615,51.4062],[0.0626,51.408],[0.0687,51.4126],[0.0695,51.4162],[0.0669,51.4189]]}},{"type":"Feature","properties":{"routeId":"r8","name":"R8","direction":"1","routeType":"regular","lengthKm":14.4,"stops":41},"geometry":{"type":"LineString","coordinates":[[0.0895,51.3735],[0.0903,51.3721],[0.0924,51.3718],[0.0956,51.3731],[0.0991,51.3732],[0.1005,51.3753],[0.0992,51.3757],[0.0949,51.3665],[0.0887,51.3603],[0.0891,51.3559],[0.0847,51.3578],[0.076,51.3532],[0.0659,51.3514],[0.0657,51.3504],[0.0612,51.3473],[0.054,51.3382],[0.0531,51.3379],[0.0541,51.3359],[0.0521,51.335],[0.0514,51.3327],[0.054,51.3313],[0.054,51.3281],[0.0553,51.3235],[0.0575,51.3233],[0.0584,51.3212],[0.0604,51.3193],[0.0585,51.3177],[0.0587,51.3157],[0.0544,51.3147],[0.0472,51.3148],[0.036,51.3171],[0.0328,51.3168],[0.0343,51.312],[0.0383,51.3122],[0.0426,51.3113],[0.0434,51.3074],[0.0377,51.3089],[0.0357,51.3107]]}},{"type":"Feature","properties":{"routeId":"r5","name":"R5","direction":"1","routeType":"regular","lengthKm":4.3,"stops":12},"geometry":{"type":"LineString","coordinates":[[0.0895,51.3735],[0.0903,51.3721],[0.0926,51.3718],[0.0974,51.3733],[0.0992,51.3757],[0.1025,51.375],[0.0992,51.3757],[0.0949,51.3665],[0.0887,51.3603],[0.0895,51.3523]]}},{"type":"Feature","properties":{"routeId":"r9","name":"R9","direction":"2","routeType":"regular","lengthKm":5.8,"stops":19},"geometry":{"type":"LineString","coordinates":[[0.1115,51.3728],[0.1145,51.373],[0.1159,51.3743],[0.1158,51.3776],[0.1229,51.3768],[0.1241,51.3745],[0.1229,51.3697],[0.1208,51.3697],[0.1162,51.3699],[0.1111,51.372],[0.1093,51.3714],[0.0974,51.3731],[0.0992,51.3757],[0.1025,51.3749],[0.1005,51.3753],[0.0991,51.3732],[0.0956,51.3731],[0.0924,51.3718],[0.0903,51.3721],[0.0896,51.3732]]}},{"type":"Feature","properties":{"routeId":"r3","name":"R3","direction":"2","routeType":"regular","lengthKm":16,"stops":53},"geometry":{"type":"LineString","coordinates":[[0.0897,51.3735],[0.0903,51.3721],[0.0913,51.3718],[0.0974,51.3733],[0.1032,51.3799],[0.1022,51.3813],[0.103,51.3824],[0.1063,51.3818],[0.1077,51.3823],[0.1116,51.3864],[0.108,51.3885],[0.1039,51.3894],[0.1056,51.3932],[0.1047,51.3936],[0.0933,51.3944],[0.0913,51.3936],[0.0921,51.3922],[0.0971,51.3918],[0.0968,51.3906],[0.0905,51.3911],[0.0747,51.3903],[0.0757,51.3892],[0.0746,51.3892],[0.0751,51.3899],[0.0775,51.3871],[0.0764,51.3856],[0.0717,51.39],[0.0643,51.3886],[0.0611,51.3842],[0.0582,51.3819],[0.0557,51.3826],[0.0566,51.3863],[0.0602,51.3858],[0.0615,51.3869],[0.0637,51.3868],[0.0689,51.3849],[0.078,51.3837],[0.078,51.3825],[0.0805,51.3816],[0.0768,51.3766],[0.0757,51.3743],[0.076,51.3733],[0.0683,51.3733],[0.0538,51.3663],[0.055,51.3651],[0.0577,51.3662],[0.0584,51.3658],[0.0577,51.3654]]}},{"type":"Feature","properties":{"routeId":"r4","name":"R4","direction":"2","routeType":"regular","lengthKm":14.3,"stops":50},"geometry":{"type":"LineString","coordinates":[[0.0577,51.3654],[0.0549,51.3651],[0.0531,51.3661],[0.0588,51.3691],[0.0605,51.3667],[0.0634,51.3647],[0.0649,51.3607],[0.0784,51.3627],[0.0841,51.3605],[0.0858,51.3606],[0.0865,51.3612],[0.0856,51.3623],[0.0796,51.3637],[0.0802,51.365],[0.0872,51.3702],[0.0912,51.3718],[0.0893,51.3738],[0.0903,51.3721],[0.0913,51.3718],[0.0976,51.3734],[0.1032,51.3799],[0.1022,51.3813],[0.103,51.3824],[0.1063,51.3818],[0.108,51.3823],[0.1089,51.3782],[0.1229,51.3768],[0.1213,51.3789],[0.1223,51.3794],[0.1208,51.382],[0.1252,51.3805],[0.1255,51.3811],[0.1151,51.3843],[0.1133,51.3859],[0.1149,51.3909],[0.1144,51.3959],[0.1151,51.3957],[0.1154,51.3965],[0.1163,51.4007],[0.1239,51.3999],[0.1216,51.3995]]}},{"type":"Feature","properties":{"routeId":"r68","name":"R68","direction":"2","routeType":"regular","lengthKm":14.7,"stops":45},"geometry":{"type":"LineString","coordinates":[[-0.343,51.4029],[-0.3418,51.405],[-0.3442,51.4066],[-0.3606,51.4134],[-0.3587,51.4168],[-0.3591,51.4199],[-0.3584,51.4237],[-0.3543,51.4291],[-0.3392,51.4261],[-0.3256,51.4279],[-0.3241,51.4289],[-0.3295,51.4331],[-0.33,51.4353],[-0.3329,51.4394],[-0.3326,51.4411],[-0.3298,51.4456],[-0.3197,51.4511],[-0.3133,51.4526],[-0.3133,51.4537],[-0.3118,51.4549],[-0.3056,51.4583],[-0.3063,51.4598],[-0.3034,51.4615],[-0.3006,51.4649],[-0.2931,51.4662],[-0.2884,51.4678],[-0.2769,51.4691],[-0.2763,51.4732],[-0.2812,51.4755],[-0.2819,51.4767],[-0.2816,51.4785],[-0.279,51.4793],[-0.28,51.4789]]}},{"type":"Feature","properties":{"routeId":"r8","name":"R8","direction":"2","routeType":"regular","lengthKm":12.8,"stops":32},"geometry":{"type":"LineString","coordinates":[[0.0357,51.3107],[0.0338,51.3126],[0.0328,51.3168],[0.036,51.3171],[0.0475,51.3148],[0.0544,51.3147],[0.0587,51.3157],[0.0585,51.3177],[0.0604,51.3193],[0.0584,51.3212],[0.0575,51.3233],[0.0553,51.3235],[0.054,51.3281],[0.054,51.3313],[0.0514,51.3327],[0.0521,51.335],[0.054,51.336],[0.0531,51.3379],[0.054,51.3382],[0.0612,51.3473],[0.0657,51.3504],[0.0659,51.3514],[0.076,51.3532],[0.0847,51.3578],[0.0891,51.3559],[0.0887,51.3603],[0.0949,51.3665],[0.0973,51.3732],[0.0992,51.3757],[0.1005,51.3753],[0.0991,51.3732],[0.0956,51.3731],[0.0926,51.3718],[0.0903,51.3721],[0.0896,51.3732]]}},{"type":"Feature","properties":{"routeId":"r11","name":"R11","direction":"2","routeType":"regular","lengthKm":13,"stops":37},"geometry":{"type":"LineString","coordinates":[[0.0896,51.3526],[0.0887,51.3603],[0.0924,51.3641],[0.095,51.3629],[0.0942,51.3623],[0.095,51.3631],[0.0923,51.364],[0.0954,51.3673],[0.0973,51.3732],[0.1032,51.3799],[0.1022,51.3813],[0.103,51.3824],[0.1063,51.3818],[0.1077,51.3823],[0.1074,51.3846],[0.1119,51.395],[0.1072,51.3954],[0.1073,51.3974],[0.1026,51.4014],[0.1038,51.4043],[0.0985,51.405],[0.096,51.4071],[0.0986,51.4084],[0.1128,51.4092],[0.1124,51.4133],[0.118,51.4187],[0.1116,51.4214],[0.107,51.4245],[0.1009,51.4265],[0.1011,51.4238],[0.0998,51.4223],[0.0995,51.4198]]}},{"type":"Feature","properties":{"routeId":"r7","name":"R7","direction":"2","routeType":"regular","lengthKm":16.9,"stops":44},"geometry":{"type":"LineString","coordinates":[[0.0667,51.419],[0.0653,51.42],[0.0685,51.4214],[0.0701,51.4175],[0.069,51.413],[0.0626,51.408],[0.0615,51.4062],[0.0552,51.4025],[0.0561,51.3991],[0.058,51.3997],[0.0606,51.399],[0.058,51.3997],[0.0458,51.399],[0.046,51.397],[0.0558,51.3958],[0.0537,51.3905],[0.0649,51.3885],[0.0717,51.39],[0.0763,51.3856],[0.0776,51.3872],[0.0843,51.3837],[0.0884,51.3825],[0.0851,51.3811],[0.0804,51.3812],[0.0774,51.3773],[0.0828,51.3775],[0.0817,51.3741],[0.0821,51.3728],[0.0886,51.3727],[0.0926,51.3718],[0.0974,51.3733],[0.0992,51.3757],[0.1024,51.3751],[0.0992,51.3757],[0.0961,51.3688],[0.104,51.3641],[0.1105,51.3637],[0.1115,51.3644],[0.1225,51.3583],[0.1276,51.3575]]}},{"type":"Feature","properties":{"routeId":"r70","name":"R70","direction":"1","routeType":"regular","lengthKm":14.2,"stops":46},"geometry":{"type":"LineString","coordinates":[[-0.3766,51.4254],[-0.3745,51.4268],[-0.3729,51.4259],[-0.366,51.4256],[-0.3755,51.429],[-0.3795,51.4318],[-0.3858,51.4336],[-0.3902,51.43],[-0.3867,51.4297],[-0.3841,51.4268],[-0.3804,51.4271],[-0.3804,51.4251],[-0.3826,51.4246],[-0.3802,51.4221],[-0.3685,51.4232],[-0.362,51.4228],[-0.359,51.4218],[-0.3578,51.4248],[-0.3525,51.4319],[-0.3508,51.4361],[-0.3457,51.4411],[-0.3396,51.4448],[-0.3298,51.4456],[-0.3197,51.4511],[-0.3133,51.4526],[-0.3133,51.4537],[-0.3118,51.4549],[-0.3056,51.4583],[-0.3063,51.4598],[-0.3034,51.4615],[-0.3006,51.4649],[-0.2882,51.4678],[-0.2888,51.4664]]}},{"type":"Feature","properties":{"routeId":"r5","name":"R5","direction":"2","routeType":"regular","lengthKm":22.9,"stops":42},"geometry":{"type":"LineString","coordinates":[[0.0895,51.3523],[0.0891,51.3497],[0.0899,51.3483],[0.0939,51.3456],[0.1012,51.3444],[0.1062,51.3451],[0.1113,51.3447],[0.1107,51.3416],[0.115,51.3362],[0.1169,51.3301],[0.1202,51.3254],[0.1273,51.3192],[0.1296,51.3218],[0.1323,51.3278],[0.1354,51.3304],[0.1382,51.3313],[0.1356,51.3323],[0.1356,51.3305],[0.1323,51.3278],[0.1285,51.32],[0.1244,51.3158],[0.1078,51.3119],[0.1012,51.3074],[0.0908,51.3036],[0.086,51.3005],[0.0804,51.3097],[0.0767,51.3126],[0.0739,51.3178],[0.0709,51.3204],[0.0714,51.3243],[0.0739,51.3288],[0.0744,51.3322],[0.0829,51.3436],[0.0823,51.3474],[0.0891,51.3504],[0.0897,51.3546],[0.0887,51.3603],[0.0949,51.3665],[0.0973,51.3732],[0.0992,51.3757],[0.1005,51.3753],[0.0991,51.3732],[0.0956,51.3731],[0.0926,51.3718],[0.0903,51.3721],[0.0896,51.3732]]}},{"type":"Feature","properties":{"routeId":"scs","name":"SCS","direction":"1","routeType":"regular","lengthKm":3.2,"stops":2},"geometry":{"type":"LineString","coordinates":[[0.0086,51.4944],[0.0061,51.4964],[0.0021,51.4979],[0.0025,51.4967],[0.0057,51.4991],[0.0133,51.5022],[0.0144,51.5032],[0.0149,51.5063],[0.0128,51.5084],[0.0138,51.5089],[0.0168,51.5082],[0.0192,51.5091],[0.0176,51.5087]]}},{"type":"Feature","properties":{"routeId":"s2","name":"S2","direction":"1","routeType":"regular","lengthKm":15.6,"stops":39},"geometry":{"type":"LineString","coordinates":[[-0.2681,51.3332],[-0.2644,51.3341],[-0.2548,51.3402],[-0.2513,51.3438],[-0.2506,51.3469],[-0.2481,51.3451],[-0.2452,51.3469],[-0.2314,51.3448],[-0.2271,51.3459],[-0.2219,51.3515],[-0.2224,51.3572],[-0.2164,51.3577],[-0.2146,51.351],[-0.2145,51.3468],[-0.2045,51.3476],[-0.2044,51.3555],[-0.1931,51.357],[-0.1935,51.3585],[-0.1913,51.3593],[-0.192,51.3604],[-0.1947,51.3599],[-0.1954,51.361],[-0.1942,51.3617],[-0.1964,51.368],[-0.1935,51.3677],[-0.193,51.3666],[-0.1897,51.3667],[-0.1863,51.3656],[-0.1857,51.3696],[-0.1832,51.3697],[-0.1842,51.372],[-0.1857,51.3731],[-0.1847,51.3748],[-0.1824,51.3748],[-0.1817,51.3772],[-0.1799,51.3793],[-0.1905,51.384],[-0.1929,51.3868],[-0.1966,51.3893]]}},{"type":"Feature","properties":{"routeId":"s1","name":"S1","direction":"1","routeType":"regular","lengthKm":19.1,"stops":40},"geometry":{"type":"LineString","coordinates":[[-0.204,51.3221],[-0.1952,51.3246],[-0.1941,51.3268],[-0.1936,51.3287],[-0.1962,51.3322],[-0.194,51.3392],[-0.195,51.3477],[-0.1845,51.3466],[-0.183,51.3484],[-0.1842,51.355],[-0.1854,51.3572],[-0.1918,51.3559],[-0.1911,51.3583],[-0.1917,51.3603],[-0.1947,51.3599],[-0.1954,51.361],[-0.1942,51.3617],[-0.1964,51.368],[-0.1952,51.3684],[-0.1946,51.3713],[-0.1872,51.3697],[-0.1807,51.3697],[-0.1722,51.3718],[-0.176,51.3735],[-0.1791,51.3789],[-0.1905,51.3842],[-0.1794,51.3899],[-0.1741,51.3849],[-0.1624,51.3871],[-0.1615,51.3864],[-0.158,51.3864],[-0.1589,51.3954],[-0.1697,51.4023],[-0.1667,51.4027],[-0.1639,51.4057],[-0.1615,51.4116],[-0.1618,51.4162],[-0.1719,51.4151]]}},{"type":"Feature","properties":{"routeId":"s3","name":"S3","direction":"1","routeType":"regular","lengthKm":24.6,"stops":48},"geometry":{"type":"LineString","coordinates":[[-0.1972,51.3436],[-0.1919,51.3423],[-0.1913,51.3432],[-0.1903,51.3431],[-0.1918,51.3423],[-0.1883,51.3411],[-0.1814,51.3475],[-0.1733,51.3576],[-0.1721,51.3593],[-0.1717,51.3631],[-0.1684,51.3627],[-0.166,51.3644],[-0.1671,51.3655],[-0.1677,51.3689],[-0.1726,51.3659],[-0.1863,51.3656],[-0.1851,51.3627],[-0.1871,51.3623],[-0.1861,51.3589],[-0.1912,51.3579],[-0.1917,51.3603],[-0.1947,51.3599],[-0.1954,51.361],[-0.1942,51.3617],[-0.1964,51.368],[-0.1952,51.3684],[-0.194,51.3734],[-0.1974,51.3752],[-0.2008,51.3788],[-0.2028,51.3772],[-0.2043,51.3748],[-0.2064,51.3767],[-0.2089,51.3755],[-0.2083,51.3748],[-0.2098,51.3736],[-0.2094,51.3724],[-0.2187,51.3706],[-0.2182,51.3756],[-0.2219,51.3767],[-0.2252,51.3735],[-0.2219,51.3767],[-0.2182,51.3756],[-0.2187,51.3706],[-0.2094,51.3724],[-0.2098,51.3736],[-0.2083,51.3748],[-0.2089,51.3755],[-0.2064,51.3767],[-0.2043,51.3748],[-0.2064,51.3767],[-0.2089,51.3755],[-0.2083,51.3748],[-0.2098,51.3736],[-0.2094,51.3724],[-0.2187,51.3706],[-0.2182,51.3756],[-0.2219,51.3767],[-0.2252,51.3735],[-0.2228,51.3719],[-0.2238,51.3716],[-0.2248,51.3725],[-0.224,51.3728],[-0.2252,51.3735],[-0.2223,51.3763],[-0.2266,51.3802],[-0.2315,51.3807],[-0.2338,51.38],[-0.2387,51.3837],[-0.2384,51.3842],[-0.2394,51.385],[-0.2441,51.3802],[-0.2469,51.3817],[-0.2496,51.3804],[-0.2523,51.3811],[-0.2577,51.3809],[-0.2626,51.3847]]}},{"type":"Feature","properties":{"routeId":"s4","name":"S4","direction":"1","routeType":"regular","lengthKm":22.1,"stops":47},"geometry":{"type":"LineString","coordinates":[[-0.1179,51.3747],[-0.119,51.3745],[-0.1205,51.378],[-0.1236,51.3818],[-0.1247,51.3825],[-0.1268,51.382],[-0.1252,51.3828],[-0.1283,51.3852],[-0.136,51.3873],[-0.1393,51.3864],[-0.1398,51.3861],[-0.1378,51.3835],[-0.133,51.3803],[-0.1317,51.377],[-0.1311,51.377],[-0.1312,51.3758],[-0.1311,51.377],[-0.1317,51.377],[-0.1316,51.3717],[-0.1338,51.3688],[-0.132,51.3677],[-0.1323,51.3642],[-0.1287,51.3579],[-0.1296,51.3531],[-0.1375,51.3527],[-0.1357,51.3489],[-0.1369,51.3482],[-0.139,51.3516],[-0.1423,51.3508],[-0.1435,51.3521],[-0.1457,51.3491],[-0.1477,51.3478],[-0.1483,51.3488],[-0.1479,51.3516],[-0.15,51.3604],[-0.1504,51.3612],[-0.151,51.3606],[-0.1505,51.3615],[-0.1558,51.36],[-0.1555,51.356],[-0.1622,51.3549],[-0.1618,51.3505],[-0.1636,51.3499],[-0.1665,51.3503],[-0.1664,51.3531],[-0.1684,51.3529],[-0.1686,51.3538],[-0.1717,51.3534],[-0.174,51.3503],[-0.1734,51.3471],[-0.1762,51.3472],[-0.1803,51.3489],[-0.1883,51.3411],[-0.1919,51.3423],[-0.1913,51.3432],[-0.1903,51.3431],[-0.1918,51.3423],[-0.2025,51.3441],[-0.2042,51.3539],[-0.1949,51.3555],[-0.193,51.357],[-0.1935,51.3585],[-0.1913,51.3593],[-0.192,51.3604],[-0.1947,51.3599],[-0.1954,51.361],[-0.1942,51.3617],[-0.1964,51.368],[-0.1939,51.3678]]}},{"type":"Feature","properties":{"routeId":"sl1","name":"SL1","direction":"1","routeType":"regular","lengthKm":14.8,"stops":13},"geometry":{"type":"LineString","coordinates":[[-0.1764,51.6125],[-0.1691,51.611],[-0.1627,51.6117],[-0.1464,51.6151],[-0.1419,51.6163],[-0.1413,51.6171],[-0.1394,51.6163],[-0.129,51.6156],[-0.1188,51.6124],[-0.1083,51.6124],[-0.0968,51.616],[-0.0887,51.6164],[-0.0841,51.6161],[-0.0766,51.6143],[-0.0644,51.6148],[-0.0527,51.6132],[-0.0463,51.6114],[-0.039,51.6131],[-0.0353,51.613],[-0.0315,51.6114],[-0.029,51.6075],[-0.0158,51.6009],[-0.0154,51.5976],[-0.0161,51.5947],[-0.0183,51.5935],[-0.0173,51.5903],[-0.0208,51.588],[-0.0189,51.5833],[-0.0214,51.5829]]}},{"type":"Feature","properties":{"routeId":"sl2","name":"SL2","direction":"1","routeType":"regular","lengthKm":19,"stops":15},"geometry":{"type":"LineString","coordinates":[[-0.0205,51.584],[-0.0204,51.5831],[-0.0189,51.5833],[-0.0207,51.5881],[-0.0174,51.5902],[-0.0118,51.5901],[0.0095,51.5941],[0.0103,51.5946],[0.01,51.5958],[0.011,51.5964],[0.0125,51.5956],[0.0174,51.5954],[0.0271,51.5965],[0.0374,51.5942],[0.0484,51.5904],[0.0526,51.5876],[0.0577,51.5821],[0.0669,51.5767],[0.0662,51.5763],[0.066,51.5738],[0.0636,51.5711],[0.0663,51.5661],[0.0659,51.5649],[0.0694,51.5609],[0.0703,51.5573],[0.0716,51.5565],[0.0713,51.5558],[0.0776,51.5446],[0.0834,51.5409],[0.0806,51.5388],[0.0784,51.5395],[0.0789,51.5382],[0.0725,51.5377],[0.0695,51.5366],[0.0717,51.5332],[0.0728,51.5277],[0.0746,51.5249],[0.0724,51.5234],[0.0733,51.5195],[0.0719,51.5157],[0.0706,51.5142],[0.0713,51.5053],[0.0701,51.5024],[0.0709,51.5016],[0.0634,51.5],[0.0636,51.499],[0.0619,51.4989]]}},{"type":"Feature","properties":{"routeId":"r70","name":"R70","direction":"2","routeType":"regular","lengthKm":9.7,"stops":32},"geometry":{"type":"LineString","coordinates":[[-0.2884,51.4668],[-0.2883,51.4675],[-0.289,51.4675],[-0.3008,51.4644],[-0.3034,51.4614],[-0.3021,51.4601],[-0.3049,51.459],[-0.3063,51.4594],[-0.3056,51.4583],[-0.3118,51.4549],[-0.3134,51.4536],[-0.3133,51.4526],[-0.32,51.451],[-0.33,51.4455],[-0.3396,51.4448],[-0.3457,51.4411],[-0.3508,51.4361],[-0.3525,51.4319],[-0.358,51.4245],[-0.359,51.4218],[-0.362,51.4228],[-0.3686,51.4232],[-0.3757,51.4224],[-0.3774,51.4247],[-0.3766,51.4254]]}},{"type":"Feature","properties":{"routeId":"sl11","name":"SL11","direction":"1","routeType":"regular","lengthKm":14.7,"stops":15},"geometry":{"type":"LineString","coordinates":[[0.0046,51.4997],[0.0058,51.4989],[0.0066,51.4993],[0.0082,51.4968],[0.0148,51.4929],[0.0119,51.4904],[0.0162,51.4891],[0.0174,51.4891],[0.0178,51.4907],[0.0301,51.49],[0.0315,51.4881],[0.036,51.4889],[0.0456,51.4925],[0.0507,51.4921],[0.064,51.4939],[0.0729,51.491],[0.0824,51.491],[0.0827,51.492],[0.0861,51.4928],[0.0891,51.4978],[0.1019,51.4996],[0.103,51.5032],[0.1054,51.5056],[0.1146,51.5079],[0.1174,51.5095],[0.1213,51.5094],[0.1234,51.5105],[0.1276,51.5085],[0.1271,51.507],[0.1217,51.5063],[0.1186,51.5041],[0.1205,51.5019],[0.1217,51.5016],[0.1212,51.4927],[0.1223,51.4899],[0.1217,51.4885],[0.1213,51.4908],[0.1223,51.4909]]}},{"type":"Feature","properties":{"routeId":"scs","name":"SCS","direction":"2","routeType":"regular","lengthKm":2.9,"stops":2},"geometry":{"type":"LineString","coordinates":[[0.0176,51.5087],[0.0166,51.5081],[0.0148,51.5087],[0.0136,51.5082],[0.0149,51.5063],[0.0139,51.5028],[0.0057,51.4991],[0.0024,51.4966],[0.0085,51.4929],[0.0091,51.4933],[0.0086,51.4944]]}},{"type":"Feature","properties":{"routeId":"sl10","name":"SL10","direction":"1","routeType":"regular","lengthKm":14.9,"stops":13},"geometry":{"type":"LineString","coordinates":[[-0.175,51.6124],[-0.1774,51.6128],[-0.1934,51.6016],[-0.198,51.5971],[-0.1995,51.5983],[-0.2138,51.5904],[-0.2216,51.5895],[-0.2187,51.5844],[-0.224,51.583],[-0.2346,51.5822],[-0.24,51.5779],[-0.2482,51.5843],[-0.2537,51.5825],[-0.2587,51.5823],[-0.2739,51.5859],[-0.2816,51.5846],[-0.3017,51.5873],[-0.3061,51.5867],[-0.3116,51.5848],[-0.326,51.5781],[-0.3333,51.5772],[-0.3341,51.58],[-0.3376,51.5801]]}},{"type":"Feature","properties":{"routeId":"s1","name":"S1","direction":"2","routeType":"regular","lengthKm":18.9,"stops":48},"geometry":{"type":"LineString","coordinates":[[-0.1719,51.4151],[-0.1618,51.4162],[-0.1618,51.4105],[-0.1644,51.405],[-0.1685,51.401],[-0.1589,51.3954],[-0.158,51.3864],[-0.1615,51.3864],[-0.1624,51.3871],[-0.1743,51.3847],[-0.1794,51.3899],[-0.1899,51.3842],[-0.1791,51.3789],[-0.176,51.3735],[-0.1722,51.3718],[-0.1805,51.3697],[-0.1867,51.3697],[-0.1946,51.3713],[-0.195,51.3679],[-0.1934,51.3677],[-0.191,51.3619],[-0.1895,51.3609],[-0.1917,51.3603],[-0.1911,51.3583],[-0.1918,51.3559],[-0.1854,51.3572],[-0.1842,51.355],[-0.183,51.3484],[-0.1845,51.3466],[-0.195,51.3477],[-0.194,51.3389],[-0.1962,51.3322],[-0.1936,51.3287],[-0.1938,51.327],[-0.1952,51.3246],[-0.2035,51.3222]]}},{"type":"Feature","properties":{"routeId":"s2","name":"S2","direction":"2","routeType":"regular","lengthKm":15,"stops":34},"geometry":{"type":"LineString","coordinates":[[-0.1966,51.3893],[-0.1972,51.3897],[-0.1896,51.3847],[-0.1899,51.384],[-0.1799,51.3793],[-0.1817,51.3772],[-0.1824,51.3748],[-0.1847,51.3748],[-0.1857,51.3731],[-0.1842,51.372],[-0.1832,51.3697],[-0.1857,51.3696],[-0.1863,51.3656],[-0.1896,51.3667],[-0.193,51.3666],[-0.191,51.3619],[-0.1895,51.3609],[-0.1917,51.3604],[-0.1913,51.3593],[-0.1935,51.3585],[-0.193,51.357],[-0.2044,51.3555],[-0.2045,51.3476],[-0.2145,51.3468],[-0.2146,51.351],[-0.2164,51.3577],[-0.2224,51.3572],[-0.2219,51.3515],[-0.2266,51.3458],[-0.2314,51.3448],[-0.2447,51.3468],[-0.248,51.345],[-0.2506,51.3469],[-0.2513,51.3438],[-0.2541,51.3408],[-0.2653,51.3339]]}},{"type":"Feature","properties":{"routeId":"sl2","name":"SL2","direction":"2","routeType":"regular","lengthKm":19,"stops":15},"geometry":{"type":"LineString","coordinates":[[0.061,51.4989],[0.0633,51.4989],[0.0634,51.5],[0.0708,51.5016],[0.0701,51.5024],[0.0713,51.506],[0.0696,51.5079],[0.0707,51.5092],[0.0703,51.5141],[0.0719,51.5157],[0.0733,51.5204],[0.0724,51.5228],[0.0721,51.5313],[0.0687,51.5363],[0.0725,51.5378],[0.0789,51.5382],[0.078,51.5393],[0.0787,51.5396],[0.0806,51.5388],[0.0827,51.5411],[0.0776,51.5446],[0.0713,51.5563],[0.0677,51.5575],[0.0702,51.5592],[0.0659,51.5649],[0.0663,51.5661],[0.0636,51.5709],[0.066,51.5738],[0.0661,51.5768],[0.0577,51.5817],[0.0528,51.5873],[0.0479,51.5905],[0.0262,51.5963],[0.0117,51.5952],[0.01,51.5941],[-0.0115,51.5901],[-0.0174,51.5902],[-0.0207,51.5881],[-0.0189,51.5833],[-0.0204,51.5831],[-0.0202,51.5836]]}},{"type":"Feature","properties":{"routeId":"sl3","name":"SL3","direction":"1","routeType":"regular","lengthKm":23.3,"stops":15},"geometry":{"type":"LineString","coordinates":[[0.1089,51.5074],[0.11,51.5068],[0.1153,51.5081],[0.1171,51.5052],[0.1205,51.5019],[0.1217,51.5016],[0.1212,51.4927],[0.1223,51.4899],[0.1221,51.4887],[0.1213,51.4888],[0.1213,51.4898],[0.1233,51.4898],[0.1271,51.4867],[0.1263,51.4825],[0.127,51.4813],[0.1223,51.4814],[0.124,51.477],[0.1267,51.4739],[0.136,51.4716],[0.1348,51.4703],[0.1306,51.4587],[0.1387,51.4575],[0.139,51.4566],[0.1425,51.4557],[0.1441,51.4561],[0.1426,51.4562],[0.1425,51.4558],[0.144,51.4555],[0.1426,51.4529],[0.1321,51.4454],[0.1255,51.4479],[0.1189,51.4478],[0.1196,51.4432],[0.1174,51.4412],[0.1203,51.4343],[0.1027,51.4329],[0.1012,51.4284],[0.101,51.4237],[0.0999,51.4226],[0.0984,51.4186],[0.0936,51.4182],[0.0903,51.4167],[0.0823,51.4152],[0.0779,51.4131],[0.0655,51.4098],[0.0551,51.402],[0.0444,51.4015],[0.0342,51.406],[0.027,51.4069],[0.0226,51.4071],[0.0154,51.406],[0.0139,51.4084],[0.0143,51.409],[0.0155,51.4084],[0.0167,51.409]]}},{"type":"Feature","properties":{"routeId":"sl1","name":"SL1","direction":"2","routeType":"regular","lengthKm":14.6,"stops":13},"geometry":{"type":"LineString","coordinates":[[-0.0214,51.5829],[-0.0189,51.5833],[-0.0208,51.588],[-0.0173,51.5903],[-0.0183,51.5935],[-0.0161,51.5947],[-0.0154,51.5976],[-0.0161,51.5998],[-0.0292,51.6074],[-0.0316,51.6114],[-0.035,51.6129],[-0.0394,51.613],[-0.0466,51.6113],[-0.0522,51.613],[-0.0611,51.6142],[-0.0769,51.6142],[-0.0876,51.6163],[-0.097,51.6158],[-0.1085,51.6123],[-0.1184,51.6124],[-0.129,51.6156],[-0.1408,51.6166],[-0.1533,51.6134],[-0.1571,51.6133],[-0.1616,51.6117],[-0.1691,51.611],[-0.176,51.6129]]}},{"type":"Feature","properties":{"routeId":"s4","name":"S4","direction":"2","routeType":"regular","lengthKm":21.5,"stops":44},"geometry":{"type":"LineString","coordinates":[[-0.1939,51.3678],[-0.191,51.3619],[-0.1895,51.3609],[-0.1917,51.3604],[-0.1913,51.3593],[-0.1935,51.3585],[-0.193,51.357],[-0.1949,51.3555],[-0.2042,51.3539],[-0.2025,51.3441],[-0.1919,51.3423],[-0.1913,51.3432],[-0.1903,51.3431],[-0.1918,51.3423],[-0.1883,51.3411],[-0.1803,51.3489],[-0.1765,51.3473],[-0.1734,51.3471],[-0.1741,51.35],[-0.1717,51.3534],[-0.1686,51.3538],[-0.1684,51.3529],[-0.1664,51.3531],[-0.1665,51.3503],[-0.1618,51.3505],[-0.1622,51.3549],[-0.1557,51.356],[-0.1558,51.36],[-0.1505,51.3615],[-0.151,51.3606],[-0.1504,51.3612],[-0.15,51.3604],[-0.1479,51.3516],[-0.1483,51.349],[-0.1477,51.3478],[-0.1457,51.3491],[-0.1435,51.3521],[-0.1423,51.3508],[-0.139,51.3516],[-0.1369,51.3482],[-0.1357,51.3489],[-0.1375,51.3527],[-0.1295,51.3532],[-0.1287,51.3579],[-0.1317,51.3624],[-0.1321,51.3669],[-0.1338,51.3689],[-0.1316,51.3717],[-0.1317,51.377],[-0.1311,51.377],[-0.1314,51.3758],[-0.1311,51.377],[-0.1317,51.377],[-0.1328,51.38],[-0.1371,51.3828],[-0.1401,51.3863],[-0.1365,51.3874],[-0.1277,51.3848],[-0.1204,51.3788],[-0.1197,51.3764],[-0.1179,51.3767],[-0.1168,51.3757],[-0.1179,51.3747]]}},{"type":"Feature","properties":{"routeId":"s3","name":"S3","direction":"2","routeType":"regular","lengthKm":18.8,"stops":50},"geometry":{"type":"LineString","coordinates":[[-0.262,51.3845],[-0.2577,51.381],[-0.2496,51.3805],[-0.2469,51.3817],[-0.2441,51.3802],[-0.2394,51.385],[-0.2384,51.3842],[-0.2387,51.3837],[-0.2338,51.38],[-0.2315,51.3807],[-0.2266,51.3802],[-0.2223,51.3763],[-0.2252,51.3735],[-0.2228,51.3719],[-0.2238,51.3716],[-0.2248,51.3725],[-0.224,51.3728],[-0.2252,51.3735],[-0.2219,51.3767],[-0.2182,51.3756],[-0.2187,51.3706],[-0.2094,51.3724],[-0.2098,51.3736],[-0.2083,51.3748],[-0.2089,51.3755],[-0.2064,51.3767],[-0.2043,51.3748],[-0.203,51.3771],[-0.2008,51.3788],[-0.1973,51.3751],[-0.194,51.3734],[-0.195,51.3679],[-0.1934,51.3677],[-0.191,51.3619],[-0.1895,51.3609],[-0.1917,51.3604],[-0.1912,51.3579],[-0.1861,51.3589],[-0.1871,51.3623],[-0.1851,51.3627],[-0.1863,51.3656],[-0.1726,51.3659],[-0.1677,51.3689],[-0.1671,51.3655],[-0.166,51.3644],[-0.1684,51.3627],[-0.1717,51.3631],[-0.1721,51.3593],[-0.1733,51.3575],[-0.1818,51.3471],[-0.1883,51.3411],[-0.1919,51.3423],[-0.1913,51.3432],[-0.1903,51.3431],[-0.1918,51.3423],[-0.1978,51.3437]]}},{"type":"Feature","properties":{"routeId":"sl11","name":"SL11","direction":"2","routeType":"regular","lengthKm":15,"stops":15},"geometry":{"type":"LineString","coordinates":[[0.1223,51.4909],[0.1225,51.4898],[0.1213,51.4898],[0.1215,51.489],[0.1221,51.49],[0.1207,51.4963],[0.1217,51.4999],[0.1198,51.5011],[0.12,51.5023],[0.1183,51.5041],[0.122,51.5064],[0.1272,51.5071],[0.1274,51.5084],[0.1234,51.5103],[0.1213,51.5094],[0.1169,51.5093],[0.1154,51.5076],[0.1048,51.505],[0.1036,51.5037],[0.1024,51.4994],[0.0965,51.499],[0.0888,51.4972],[0.086,51.4924],[0.086,51.4909],[0.0848,51.49],[0.08,51.491],[0.0712,51.4912],[0.0642,51.4939],[0.0507,51.4921],[0.0456,51.4925],[0.036,51.4889],[0.0312,51.488],[0.0298,51.49],[0.0181,51.4904],[0.0176,51.4891],[0.0163,51.4891],[0.0119,51.4904],[0.0148,51.4929],[0.0082,51.4966],[0.0065,51.4993],[0.0034,51.4997],[0.0029,51.5006]]}},{"type":"Feature","properties":{"routeId":"sl4","name":"SL4","direction":"1","routeType":"regular","lengthKm":14.8,"stops":26},"geometry":{"type":"LineString","coordinates":[[-0.0246,51.5056],[-0.0132,51.5043],[-0.0109,51.5058],[-0.0108,51.5069],[-0.0089,51.5068],[-0.0084,51.5079],[-0.0077,51.5069],[-0.0066,51.5069],[0.0006,51.5098],[0.0004,51.511],[0.005,51.5099],[0.0002,51.5105],[0.0008,51.5111],[0.0025,51.5102],[0.0082,51.5101],[0.0134,51.5088],[0.0148,51.5067],[0.014,51.5028],[0.0057,51.4991],[0.0024,51.4964],[0.0126,51.4892],[0.018,51.4865],[0.0205,51.4841],[0.0209,51.4816],[0.0251,51.4749],[0.0151,51.4731],[0.0098,51.4691],[0.0085,51.4665],[0.0099,51.4597],[0.0115,51.4566],[0.0128,51.4495],[0.0147,51.4462],[0.0139,51.4458],[0.0175,51.438],[0.0207,51.4344],[0.0213,51.4323]]}},{"type":"Feature","properties":{"routeId":"sl10","name":"SL10","direction":"2","routeType":"regular","lengthKm":14.5,"stops":12},"geometry":{"type":"LineString","coordinates":[[-0.3379,51.5799],[-0.3341,51.58],[-0.3333,51.5772],[-0.3269,51.5783],[-0.3201,51.5804],[-0.3109,51.5851],[-0.3017,51.5873],[-0.2811,51.5848],[-0.2739,51.5859],[-0.2583,51.5823],[-0.2537,51.5825],[-0.2482,51.5843],[-0.24,51.5779],[-0.2346,51.5822],[-0.224,51.583],[-0.2187,51.5844],[-0.2216,51.5895],[-0.2156,51.5899],[-0.2111,51.5916],[-0.2037,51.5964],[-0.1949,51.6004],[-0.1779,51.6123],[-0.1764,51.6125]]}},{"type":"Feature","properties":{"routeId":"sl5","name":"SL5","direction":"1","routeType":"regular","lengthKm":12.5,"stops":11},"geometry":{"type":"LineString","coordinates":[[0.0163,51.4082],[0.0187,51.4062],[0.0188,51.4029],[0.0155,51.4025],[0.0173,51.3991],[0.0001,51.392],[-0.0049,51.3973],[-0.0082,51.3991],[-0.018,51.3992],[-0.0232,51.3946],[-0.0237,51.3865],[-0.0254,51.3849],[-0.0288,51.3773],[-0.0382,51.3768],[-0.0563,51.3736],[-0.0602,51.3763],[-0.0694,51.3743],[-0.0781,51.3752],[-0.0899,51.3752],[-0.0979,51.3735]]}},{"type":"Feature","properties":{"routeId":"sl3","name":"SL3","direction":"2","routeType":"regular","lengthKm":22.8,"stops":15},"geometry":{"type":"LineString","coordinates":[[0.0167,51.4082],[0.0187,51.4064],[0.0232,51.4071],[0.034,51.4061],[0.0446,51.4015],[0.0551,51.402],[0.0655,51.4098],[0.0777,51.413],[0.0823,51.4152],[0.0903,51.4167],[0.0988,51.4195],[0.101,51.4237],[0.1012,51.4284],[0.1027,51.4329],[0.1203,51.4343],[0.1174,51.4414],[0.1196,51.4432],[0.1185,51.4479],[0.1204,51.4505],[0.1218,51.4506],[0.1236,51.449],[0.1305,51.4483],[0.1392,51.4489],[0.1383,51.4496],[0.1426,51.4529],[0.1441,51.4561],[0.1425,51.4558],[0.1438,51.4554],[0.1392,51.4564],[0.1384,51.4575],[0.1306,51.4587],[0.1359,51.4715],[0.1266,51.474],[0.124,51.477],[0.1223,51.4814],[0.127,51.4813],[0.1263,51.4825],[0.1271,51.4867],[0.1233,51.4898],[0.1213,51.4898],[0.1214,51.4891],[0.1221,51.49],[0.1207,51.4963],[0.1216,51.5002],[0.1198,51.5011],[0.1198,51.5027],[0.1153,51.5075],[0.1098,51.5065],[0.1086,51.5075]]}},{"type":"Feature","properties":{"routeId":"sl7","name":"SL7","direction":"1","routeType":"regular","lengthKm":41.9,"stops":14},"geometry":{"type":"LineString","coordinates":[[-0.1017,51.3789],[-0.0998,51.3797],[-0.0982,51.3763],[-0.0955,51.3771],[-0.094,51.3745],[-0.0966,51.3741],[-0.0965,51.3707],[-0.1015,51.3704],[-0.106,51.3679],[-0.1151,51.3681],[-0.1184,51.3667],[-0.119,51.3677],[-0.1319,51.3677],[-0.1343,51.369],[-0.1421,51.3699],[-0.1621,51.3651],[-0.1645,51.3651],[-0.1684,51.3627],[-0.1842,51.3628],[-0.1897,51.3618],[-0.1897,51.3607],[-0.1928,51.3601],[-0.1947,51.3599],[-0.196,51.3613],[-0.2009,51.361],[-0.2164,51.3577],[-0.2206,51.364],[-0.2237,51.366],[-0.228,51.3709],[-0.2369,51.3766],[-0.2436,51.3795],[-0.2541,51.3864],[-0.2531,51.3881],[-0.2529,51.392],[-0.2561,51.3986],[-0.2557,51.4003],[-0.2589,51.4101],[-0.2738,51.4087],[-0.2589,51.4101],[-0.2556,51.4],[-0.2556,51.399],[-0.2565,51.3986],[-0.2758,51.4039],[-0.2886,51.4096],[-0.2966,51.4107],[-0.3008,51.4105],[-0.3005,51.4118],[-0.3014,51.4125],[-0.3048,51.4127],[-0.3058,51.411],[-0.3121,51.411],[-0.3148,51.4135],[-0.3175,51.4144],[-0.3196,51.417],[-0.3281,51.4201],[-0.3348,51.4212],[-0.3351,51.4257],[-0.3666,51.4312],[-0.3696,51.4337],[-0.3791,51.4363],[-0.3999,51.4455],[-0.4151,51.4632],[-0.4176,51.4655],[-0.4215,51.4661],[-0.423,51.4676],[-0.415,51.4716],[-0.4186,51.4757],[-0.4265,51.4765],[-0.4267,51.4788],[-0.4275,51.4794],[-0.4495,51.4794],[-0.4498,51.4804],[-0.4524,51.4807],[-0.4529,51.4801],[-0.4526,51.4716]]}},{"type":"Feature","properties":{"routeId":"sl6","name":"SL6","direction":"1","routeType":"regular","lengthKm":18.8,"stops":33},"geometry":{"type":"LineString","coordinates":[[-0.1011,51.3791],[-0.1,51.3797],[-0.0986,51.3826],[-0.0997,51.383],[-0.0996,51.3837],[-0.0981,51.3838],[-0.0943,51.3915],[-0.0925,51.3963],[-0.0929,51.3975],[-0.0865,51.3992],[-0.0815,51.4043],[-0.0864,51.4082],[-0.0886,51.4125],[-0.0995,51.4178],[-0.1066,51.4196],[-0.1037,51.4336],[-0.1062,51.4395],[-0.1049,51.444],[-0.1051,51.4461],[-0.1008,51.4502],[-0.1011,51.4539],[-0.0961,51.4572],[-0.0922,51.4611],[-0.0907,51.4634],[-0.0901,51.4661],[-0.0929,51.4705],[-0.0946,51.4829],[-0.0937,51.4847],[-0.097,51.4903],[-0.0989,51.493],[-0.1007,51.4935],[-0.1009,51.4956],[-0.1122,51.5041],[-0.1141,51.5047],[-0.1192,51.5112],[-0.1177,51.5134],[-0.1211,51.5188],[-0.124,51.5214],[-0.1256,51.5209]]}},{"type":"Feature","properties":{"routeId":"u10","name":"U10","direction":"1","routeType":"regular","lengthKm":10.8,"stops":23},"geometry":{"type":"LineString","coordinates":[[-0.4785,51.5466],[-0.4793,51.5475],[-0.4805,51.5472],[-0.4817,51.5486],[-0.4835,51.5478],[-0.4814,51.5491],[-0.4758,51.5554],[-0.4697,51.5577],[-0.47,51.5589],[-0.4666,51.5623],[-0.4668,51.5617],[-0.4603,51.5607],[-0.45,51.5571],[-0.4463,51.56],[-0.4442,51.5632],[-0.4409,51.5617],[-0.4396,51.56],[-0.4371,51.5594],[-0.4368,51.5573],[-0.4405,51.5582],[-0.4397,51.5601],[-0.4406,51.5615],[-0.4442,51.5632],[-0.4414,51.5676],[-0.4351,51.5713],[-0.4297,51.5723],[-0.4225,51.5722],[-0.427,51.5769],[-0.4345,51.576],[-0.4355,51.5779],[-0.4375,51.5781],[-0.4385,51.5775],[-0.4376,51.5759]]}},{"type":"Feature","properties":{"routeId":"sl8","name":"SL8","direction":"1","routeType":"regular","lengthKm":21.5,"stops":22},"geometry":{"type":"LineString","coordinates":[[-0.4792,51.5473],[-0.4773,51.5484],[-0.4757,51.5466],[-0.4726,51.5452],[-0.4732,51.5437],[-0.4721,51.5414],[-0.4725,51.5388],[-0.469,51.5359],[-0.4584,51.5353],[-0.4361,51.5257],[-0.4229,51.5232],[-0.4098,51.5185],[-0.4035,51.5173],[-0.3929,51.5137],[-0.3799,51.5114],[-0.3714,51.5107],[-0.3665,51.5114],[-0.3425,51.5082],[-0.328,51.5096],[-0.3001,51.5141],[-0.2832,51.5087],[-0.2749,51.5084],[-0.2693,51.5068],[-0.2336,51.5065],[-0.2184,51.5044],[-0.2181,51.5057],[-0.2197,51.5096],[-0.223,51.5093],[-0.2228,51.5082],[-0.224,51.5082],[-0.224,51.509]]}},{"type":"Feature","properties":{"routeId":"u1","name":"U1","direction":"1","routeType":"regular","lengthKm":12.9,"stops":35},"geometry":{"type":"LineString","coordinates":[[-0.4215,51.5723],[-0.4226,51.5722],[-0.425,51.5746],[-0.4305,51.573],[-0.4312,51.5721],[-0.4351,51.5713],[-0.4395,51.5689],[-0.4439,51.5644],[-0.4486,51.5659],[-0.462,51.5648],[-0.4669,51.5621],[-0.4692,51.5597],[-0.4707,51.5506],[-0.4804,51.5472],[-0.4818,51.5486],[-0.4832,51.5473],[-0.4822,51.5454],[-0.4804,51.5447],[-0.477,51.545],[-0.4733,51.5437],[-0.4721,51.5415],[-0.4723,51.5385],[-0.4692,51.5359],[-0.4658,51.531],[-0.4646,51.5278],[-0.4589,51.5259],[-0.4568,51.5234],[-0.4635,51.5227],[-0.4619,51.5178],[-0.4711,51.5171],[-0.4746,51.5154],[-0.4728,51.5132],[-0.4728,51.5115],[-0.4739,51.5104],[-0.473,51.5104]]}},{"type":"Feature","properties":{"routeId":"sl4","name":"SL4","direction":"2","routeType":"regular","lengthKm":14.3,"stops":27},"geometry":{"type":"LineString","coordinates":[[0.021,51.4336],[0.0151,51.4424],[0.0138,51.4459],[0.0146,51.4463],[0.0133,51.448],[0.012,51.4522],[0.0115,51.4568],[0.0099,51.4594],[0.0091,51.4659],[0.0069,51.4671],[0.0157,51.4736],[0.0242,51.475],[0.0201,51.4844],[0.0172,51.4871],[0.0126,51.4892],[0.0024,51.4964],[0.0057,51.4991],[0.014,51.5028],[0.0148,51.5067],[0.0128,51.5088],[0.0084,51.51],[0.0002,51.5105],[0.0008,51.5111],[0.005,51.5099],[0.0012,51.5104],[-0.0066,51.5069],[-0.0103,51.5068],[-0.0132,51.5042],[-0.025,51.5055]]}},{"type":"Feature","properties":{"routeId":"sl5","name":"SL5","direction":"2","routeType":"regular","lengthKm":12.6,"stops":11},"geometry":{"type":"LineString","coordinates":[[-0.0986,51.3732],[-0.0965,51.3741],[-0.0906,51.3747],[-0.0906,51.3752],[-0.0781,51.3752],[-0.0701,51.3742],[-0.0599,51.3763],[-0.0555,51.3738],[-0.0382,51.3768],[-0.0296,51.3772],[-0.0281,51.3783],[-0.0273,51.3812],[-0.0237,51.3868],[-0.0232,51.3946],[-0.0183,51.3993],[-0.0082,51.3991],[-0.0049,51.3973],[0.0001,51.392],[0.0173,51.3991],[0.0154,51.4024],[0.0187,51.4029],[0.0187,51.4047],[0.0183,51.4069],[0.0155,51.4084],[0.0167,51.409]]}},{"type":"Feature","properties":{"routeId":"u3","name":"U3","direction":"1","routeType":"regular","lengthKm":15.9,"stops":38},"geometry":{"type":"LineString","coordinates":[[-0.4787,51.5469],[-0.4805,51.5472],[-0.4816,51.5486],[-0.4832,51.5473],[-0.4822,51.5454],[-0.4804,51.5447],[-0.477,51.545],[-0.4734,51.5437],[-0.4721,51.5415],[-0.4726,51.539],[-0.4712,51.5374],[-0.4761,51.5372],[-0.4763,51.5303],[-0.4737,51.5271],[-0.4638,51.5277],[-0.4589,51.5259],[-0.4568,51.5233],[-0.4635,51.5227],[-0.4619,51.5178],[-0.4711,51.5171],[-0.4746,51.5154],[-0.4726,51.5124],[-0.4739,51.5104],[-0.4725,51.5102],[-0.4742,51.5098],[-0.4727,51.5077],[-0.4745,51.5068],[-0.4778,51.5024],[-0.4802,51.5012],[-0.4776,51.499],[-0.4778,51.4977],[-0.4742,51.4968],[-0.4728,51.4974],[-0.4722,51.4991],[-0.4684,51.4987],[-0.4693,51.4923],[-0.4762,51.489],[-0.4766,51.4818],[-0.4605,51.4809],[-0.4498,51.4813],[-0.4494,51.4804],[-0.4529,51.4802],[-0.4526,51.4716]]}},{"type":"Feature","properties":{"routeId":"sl7","name":"SL7","direction":"2","routeType":"regular","lengthKm":38.8,"stops":14},"geometry":{"type":"LineString","coordinates":[[-0.4535,51.4714],[-0.4544,51.4712],[-0.4531,51.4733],[-0.4531,51.4802],[-0.4569,51.4806],[-0.4573,51.4802],[-0.4525,51.4795],[-0.4275,51.4794],[-0.4267,51.4788],[-0.4265,51.4765],[-0.4186,51.4757],[-0.4148,51.4718],[-0.4226,51.4682],[-0.424,51.4667],[-0.4229,51.4677],[-0.4215,51.4661],[-0.4176,51.4655],[-0.3999,51.4455],[-0.3791,51.4363],[-0.3696,51.4337],[-0.3666,51.4312],[-0.3392,51.4261],[-0.3348,51.4264],[-0.3348,51.4212],[-0.3281,51.4201],[-0.3196,51.417],[-0.3175,51.4144],[-0.3148,51.4135],[-0.3121,51.411],[-0.3111,51.4115],[-0.3058,51.411],[-0.3051,51.4127],[-0.3008,51.4134],[-0.3007,51.4124],[-0.2967,51.4123],[-0.2967,51.4108],[-0.2882,51.4095],[-0.2758,51.4039],[-0.2627,51.3999],[-0.2556,51.3988],[-0.2549,51.3961],[-0.2533,51.3947],[-0.2529,51.392],[-0.2531,51.3881],[-0.254,51.3863],[-0.2436,51.3795],[-0.2369,51.3766],[-0.2277,51.3708],[-0.2237,51.366],[-0.2206,51.364],[-0.2164,51.3577],[-0.2009,51.361],[-0.192,51.3613],[-0.1836,51.3628],[-0.1684,51.3627],[-0.1645,51.3651],[-0.1604,51.3654],[-0.1421,51.3699],[-0.1338,51.3689],[-0.1319,51.3677],[-0.119,51.3677],[-0.118,51.3651],[-0.1154,51.3681],[-0.1058,51.368],[-0.1015,51.3705],[-0.09,51.3724],[-0.0906,51.3747],[-0.097,51.3742],[-0.0998,51.3784],[-0.101,51.3787]]}},{"type":"Feature","properties":{"routeId":"u10","name":"U10","direction":"2","routeType":"regular","lengthKm":9.7,"stops":18},"geometry":{"type":"LineString","coordinates":[[-0.4376,51.5759],[-0.4359,51.5751],[-0.4333,51.5761],[-0.4311,51.5756],[-0.4268,51.5765],[-0.4225,51.5723],[-0.4297,51.5723],[-0.4351,51.5713],[-0.4414,51.5676],[-0.4442,51.5632],[-0.4409,51.5617],[-0.4396,51.56],[-0.4371,51.5594],[-0.4368,51.5573],[-0.4405,51.5582],[-0.4397,51.5601],[-0.4406,51.5615],[-0.4442,51.5632],[-0.4463,51.56],[-0.45,51.5571],[-0.4603,51.5607],[-0.4674,51.5616],[-0.4692,51.5597],[-0.4689,51.5586],[-0.4696,51.5576],[-0.472,51.5573],[-0.4758,51.5554],[-0.4803,51.5508],[-0.4816,51.5488],[-0.4805,51.5472],[-0.4798,51.5473]]}},{"type":"Feature","properties":{"routeId":"sl6","name":"SL6","direction":"2","routeType":"regular","lengthKm":19.1,"stops":36},"geometry":{"type":"LineString","coordinates":[[-0.1271,51.5223],[-0.1258,51.5228],[-0.121,51.519],[-0.1176,51.5133],[-0.1189,51.5123],[-0.1191,51.5112],[-0.1131,51.5045],[-0.1009,51.4956],[-0.1005,51.4936],[-0.0987,51.4929],[-0.097,51.4903],[-0.0937,51.4847],[-0.0946,51.4829],[-0.0928,51.47],[-0.09,51.4661],[-0.0922,51.4611],[-0.0961,51.4572],[-0.1011,51.4539],[-0.1008,51.4502],[-0.1051,51.4461],[-0.1049,51.444],[-0.1062,51.4395],[-0.1015,51.43],[-0.1043,51.4296],[-0.1066,51.4196],[-0.0995,51.4178],[-0.0888,51.4126],[-0.0864,51.4083],[-0.0815,51.4043],[-0.0865,51.3992],[-0.0929,51.3975],[-0.0925,51.3964],[-0.0943,51.3914],[-0.0986,51.3829],[-0.0976,51.3824],[-0.0991,51.3818],[-0.0998,51.3797],[-0.1013,51.3794]]}},{"type":"Feature","properties":{"routeId":"u2","name":"U2","direction":"1","routeType":"regular","lengthKm":9.2,"stops":28},"geometry":{"type":"LineString","coordinates":[[-0.4663,51.5318],[-0.4646,51.5278],[-0.4589,51.5259],[-0.4537,51.5255],[-0.4513,51.5264],[-0.4516,51.5268],[-0.4481,51.5304],[-0.453,51.5328],[-0.4524,51.5382],[-0.45,51.5431],[-0.4452,51.5447],[-0.4424,51.5424],[-0.4393,51.5439],[-0.4427,51.5464],[-0.4408,51.5492],[-0.449,51.5507],[-0.4482,51.5537],[-0.4487,51.5521],[-0.4524,51.552],[-0.4572,51.5507],[-0.4601,51.5486],[-0.4712,51.5475],[-0.4711,51.5506],[-0.4784,51.5479]]}},{"type":"Feature","properties":{"routeId":"u4","name":"U4","direction":"1","routeType":"regular","lengthKm":12.3,"stops":37},"geometry":{"type":"LineString","coordinates":[[-0.4457,51.5021],[-0.4413,51.5032],[-0.4418,51.4991],[-0.4355,51.4978],[-0.4351,51.5025],[-0.4303,51.5027],[-0.4301,51.4973],[-0.4273,51.497],[-0.4239,51.5015],[-0.4207,51.5033],[-0.4187,51.5071],[-0.4238,51.5104],[-0.4247,51.5132],[-0.4272,51.5169],[-0.4416,51.518],[-0.4456,51.5203],[-0.4512,51.5264],[-0.4537,51.5255],[-0.4589,51.5259],[-0.4646,51.5278],[-0.4658,51.531],[-0.4692,51.5358],[-0.4731,51.539],[-0.4722,51.5412],[-0.4732,51.5433],[-0.4771,51.545],[-0.4815,51.5441],[-0.4835,51.5477],[-0.4817,51.5488],[-0.4805,51.5472],[-0.4798,51.5473]]}},{"type":"Feature","properties":{"routeId":"w11","name":"W11","direction":"1","routeType":"regular","lengthKm":7.8,"stops":23},"geometry":{"type":"LineString","coordinates":[[-0.025,51.6093],[-0.0241,51.6097],[-0.0239,51.6085],[-0.0176,51.6095],[-0.0165,51.6031],[-0.0194,51.6027],[-0.0209,51.6035],[-0.0201,51.6041],[-0.0191,51.6035],[-0.0202,51.6031],[-0.0168,51.6006],[-0.0332,51.5994],[-0.0271,51.5962],[-0.0268,51.593],[-0.029,51.5922],[-0.0291,51.5895],[-0.034,51.5879],[-0.0406,51.5872],[-0.0371,51.5835],[-0.0336,51.5815],[-0.0326,51.5798],[-0.029,51.5808],[-0.028,51.5822],[-0.0214,51.5829]]}},{"type":"Feature","properties":{"routeId":"u2","name":"U2","direction":"2","routeType":"regular","lengthKm":9.9,"stops":27},"geometry":{"type":"LineString","coordinates":[[-0.4787,51.5469],[-0.4793,51.5475],[-0.4708,51.5507],[-0.4711,51.5476],[-0.4601,51.5485],[-0.4572,51.5507],[-0.4497,51.5523],[-0.451,51.5529],[-0.4488,51.5524],[-0.4482,51.5537],[-0.449,51.5507],[-0.4408,51.5492],[-0.4427,51.5464],[-0.4393,51.5439],[-0.4424,51.5424],[-0.4452,51.5447],[-0.45,51.5431],[-0.4524,51.5382],[-0.4525,51.5327],[-0.448,51.5303],[-0.4511,51.5264],[-0.4537,51.5255],[-0.4589,51.5259],[-0.4646,51.5278],[-0.4658,51.531],[-0.4678,51.5332],[-0.4664,51.5319]]}},{"type":"Feature","properties":{"routeId":"w11","name":"W11","direction":"2","routeType":"regular","lengthKm":8,"stops":22},"geometry":{"type":"LineString","coordinates":[[-0.0205,51.584],[-0.0204,51.5831],[-0.028,51.5822],[-0.029,51.5808],[-0.0326,51.5798],[-0.0336,51.5815],[-0.0371,51.5835],[-0.0406,51.5871],[-0.034,51.5879],[-0.0291,51.5895],[-0.0291,51.5921],[-0.0268,51.5931],[-0.0271,51.5962],[-0.0332,51.5994],[-0.0241,51.5997],[-0.0169,51.6013],[-0.0166,51.603],[-0.0194,51.6027],[-0.0209,51.6035],[-0.0201,51.6041],[-0.0191,51.6035],[-0.0202,51.6032],[-0.0194,51.6027],[-0.0166,51.6032],[-0.0172,51.6088],[-0.0249,51.6084],[-0.025,51.6093]]}},{"type":"Feature","properties":{"routeId":"u7","name":"U7","direction":"1","routeType":"regular","lengthKm":11.8,"stops":36},"geometry":{"type":"LineString","coordinates":[[-0.4792,51.5473],[-0.4805,51.5472],[-0.4818,51.5486],[-0.4832,51.547],[-0.4822,51.5454],[-0.4804,51.5447],[-0.477,51.545],[-0.4733,51.5437],[-0.4721,51.5415],[-0.4723,51.5385],[-0.4692,51.5359],[-0.4658,51.531],[-0.4646,51.5278],[-0.4582,51.5258],[-0.4537,51.5255],[-0.4512,51.5266],[-0.4476,51.523],[-0.4423,51.523],[-0.4383,51.5267],[-0.4415,51.5302],[-0.4414,51.5314],[-0.4435,51.5323],[-0.4419,51.535],[-0.4357,51.5354],[-0.4297,51.5372],[-0.4272,51.5352],[-0.4235,51.5356],[-0.4229,51.535],[-0.4255,51.5335],[-0.4224,51.5325],[-0.422,51.5317],[-0.4191,51.5322],[-0.4171,51.5294],[-0.4172,51.5283],[-0.422,51.5229],[-0.4066,51.5179],[-0.4077,51.5171],[-0.4063,51.5166],[-0.407,51.5167]]}},{"type":"Feature","properties":{"routeId":"sl8","name":"SL8","direction":"2","routeType":"regular","lengthKm":21.5,"stops":24},"geometry":{"type":"LineString","coordinates":[[-0.2239,51.5086],[-0.2227,51.5083],[-0.223,51.5093],[-0.2197,51.5096],[-0.2181,51.5044],[-0.2235,51.5034],[-0.2249,51.5052],[-0.2341,51.5065],[-0.2695,51.5068],[-0.2749,51.5084],[-0.2832,51.5087],[-0.3001,51.5141],[-0.3281,51.5096],[-0.3425,51.5082],[-0.3669,51.5113],[-0.3714,51.5107],[-0.3799,51.5114],[-0.3925,51.5135],[-0.3982,51.5155],[-0.4016,51.5156],[-0.4039,51.5173],[-0.4092,51.5182],[-0.4208,51.5224],[-0.4369,51.5258],[-0.4583,51.5352],[-0.4694,51.5359],[-0.4731,51.539],[-0.4723,51.5413],[-0.4739,51.5436],[-0.4729,51.545],[-0.4774,51.5483],[-0.4784,51.5479]]}},{"type":"Feature","properties":{"routeId":"sl9","name":"SL9","direction":"1","routeType":"regular","lengthKm":17.1,"stops":13},"geometry":{"type":"LineString","coordinates":[[-0.4535,51.4714],[-0.4544,51.4712],[-0.4531,51.4733],[-0.4534,51.4819],[-0.4345,51.4809],[-0.4342,51.4842],[-0.4359,51.4878],[-0.4344,51.4912],[-0.4292,51.4927],[-0.4273,51.497],[-0.4239,51.5015],[-0.42,51.5041],[-0.4189,51.507],[-0.4165,51.508],[-0.4052,51.5198],[-0.4,51.5235],[-0.3991,51.5252],[-0.3993,51.5279],[-0.3966,51.5334],[-0.3783,51.5432],[-0.3729,51.5448],[-0.3667,51.549],[-0.3611,51.5511],[-0.3602,51.5524],[-0.3601,51.555],[-0.3623,51.5572],[-0.347,51.5693],[-0.3439,51.5734],[-0.3422,51.5807],[-0.3404,51.5799],[-0.3405,51.5809],[-0.3388,51.5811],[-0.3379,51.5799]]}},{"type":"Feature","properties":{"routeId":"w12","name":"W12","direction":"1","routeType":"regular","lengthKm":19.5,"stops":52},"geometry":{"type":"LineString","coordinates":[[-0.0418,51.5797],[-0.0403,51.5777],[-0.0383,51.5788],[-0.0396,51.5805],[-0.0285,51.5834],[-0.0306,51.5889],[-0.0299,51.5892],[-0.0212,51.5908],[-0.0174,51.5902],[-0.0207,51.5881],[-0.0189,51.5833],[-0.0204,51.5831],[-0.0203,51.5842],[-0.0204,51.5831],[-0.0189,51.5833],[-0.0195,51.5849],[-0.0129,51.5859],[-0.0084,51.5879],[-0.007,51.5829],[-0.0037,51.5823],[-0.0029,51.5802],[0.0014,51.5818],[0.0031,51.5802],[0.0002,51.5793],[0.005,51.576],[-0.0005,51.5732],[0.0014,51.5718],[0.0004,51.5713],[0.0074,51.568],[0.0076,51.5691],[0.0106,51.571],[0.0132,51.5698],[0.016,51.5715],[0.0157,51.5729],[0.0185,51.572],[0.028,51.5756],[0.0254,51.5788],[0.0203,51.582],[0.0225,51.5914],[0.0222,51.5948],[0.024,51.5948],[0.0256,51.5936],[0.0278,51.5937],[0.0279,51.5925],[0.0297,51.5917],[0.0287,51.5912],[0.0306,51.5898],[0.033,51.5905],[0.0355,51.5918],[0.0366,51.5931],[0.0362,51.5941],[0.0377,51.5944],[0.0394,51.5971],[0.0334,51.5976],[0.0348,51.6029],[0.043,51.6007],[0.0486,51.6049],[0.0548,51.6061],[0.0572,51.6076],[0.0609,51.6072],[0.0602,51.6069]]}},{"type":"Feature","properties":{"routeId":"u9","name":"U9","direction":"1","routeType":"regular","lengthKm":10.7,"stops":20},"geometry":{"type":"LineString","coordinates":[[-0.4785,51.5466],[-0.4793,51.5475],[-0.4805,51.5472],[-0.4817,51.5486],[-0.4835,51.5478],[-0.4814,51.5491],[-0.4758,51.5554],[-0.4697,51.5577],[-0.47,51.5589],[-0.4643,51.5637],[-0.4679,51.574],[-0.4696,51.5751],[-0.4708,51.5773],[-0.4711,51.5836],[-0.4804,51.5898],[-0.4826,51.5923],[-0.4832,51.5943],[-0.4827,51.5965],[-0.4839,51.5998],[-0.482,51.6044],[-0.4891,51.6049],[-0.4964,51.6074],[-0.4891,51.6049],[-0.4818,51.6044],[-0.4805,51.6072],[-0.4825,51.6071]]}},{"type":"Feature","properties":{"routeId":"u1","name":"U1","direction":"2","routeType":"regular","lengthKm":13.3,"stops":33},"geometry":{"type":"LineString","coordinates":[[-0.4731,51.5102],[-0.4739,51.5103],[-0.4727,51.5129],[-0.4746,51.5154],[-0.4714,51.5171],[-0.462,51.5179],[-0.4635,51.5227],[-0.4568,51.5235],[-0.4589,51.5259],[-0.4646,51.5278],[-0.4658,51.531],[-0.4692,51.5358],[-0.4731,51.539],[-0.4722,51.5412],[-0.4732,51.5433],[-0.4771,51.545],[-0.4815,51.5441],[-0.4825,51.5448],[-0.4835,51.548],[-0.4817,51.5488],[-0.4805,51.5472],[-0.4793,51.5475],[-0.4785,51.5466],[-0.4793,51.5475],[-0.4709,51.5507],[-0.47,51.5589],[-0.4668,51.5622],[-0.4618,51.5649],[-0.4485,51.5659],[-0.4439,51.5644],[-0.4394,51.569],[-0.4305,51.573],[-0.425,51.5746],[-0.4225,51.5722],[-0.4214,51.572]]}},{"type":"Feature","properties":{"routeId":"u5","name":"U5","direction":"1","routeType":"regular","lengthKm":14.7,"stops":41},"geometry":{"type":"LineString","coordinates":[[-0.4767,51.5476],[-0.4774,51.5483],[-0.4793,51.5475],[-0.4786,51.5466],[-0.4818,51.5486],[-0.4832,51.5473],[-0.482,51.5452],[-0.4825,51.5448],[-0.4815,51.5441],[-0.4825,51.5373],[-0.482,51.5303],[-0.4761,51.5303],[-0.4734,51.527],[-0.4646,51.5278],[-0.4621,51.5271],[-0.4589,51.5259],[-0.4552,51.5204],[-0.457,51.5182],[-0.4708,51.5172],[-0.4746,51.5154],[-0.4726,51.5124],[-0.4739,51.5104],[-0.4725,51.5102],[-0.4739,51.5103],[-0.4742,51.5095],[-0.4727,51.5077],[-0.4705,51.5068],[-0.4696,51.5052],[-0.4671,51.5042],[-0.4578,51.5041],[-0.4538,51.5054],[-0.451,51.5051],[-0.4498,51.5097],[-0.4505,51.5114],[-0.4528,51.5113],[-0.4498,51.512],[-0.4446,51.5119],[-0.4438,51.5087],[-0.4401,51.5097],[-0.4355,51.5098],[-0.4348,51.5106],[-0.4331,51.5099],[-0.4297,51.5042],[-0.43,51.5026],[-0.4278,51.5028],[-0.424,51.5013],[-0.42,51.5041],[-0.4209,51.5039]]}},{"type":"Feature","properties":{"routeId":"u4","name":"U4","direction":"2","routeType":"regular","lengthKm":12.5,"stops":39},"geometry":{"type":"LineString","coordinates":[[-0.4787,51.5469],[-0.4805,51.5472],[-0.4816,51.5486],[-0.4832,51.5473],[-0.4822,51.5454],[-0.4804,51.5447],[-0.477,51.545],[-0.4733,51.5437],[-0.4721,51.5415],[-0.4723,51.5385],[-0.4692,51.5359],[-0.4658,51.531],[-0.4646,51.5278],[-0.4582,51.5258],[-0.4537,51.5255],[-0.4511,51.5266],[-0.4456,51.5203],[-0.4416,51.518],[-0.427,51.5174],[-0.4239,51.5106],[-0.4187,51.5071],[-0.4201,51.504],[-0.424,51.5013],[-0.4272,51.497],[-0.4301,51.4973],[-0.4299,51.4994],[-0.4311,51.5024],[-0.4351,51.5025],[-0.4355,51.4978],[-0.4418,51.4991],[-0.4414,51.5029],[-0.4477,51.5021],[-0.4457,51.5021]]}},{"type":"Feature","properties":{"routeId":"u3","name":"U3","direction":"2","routeType":"regular","lengthKm":15.8,"stops":37},"geometry":{"type":"LineString","coordinates":[[-0.4532,51.4714],[-0.4544,51.4712],[-0.4531,51.4733],[-0.4535,51.4806],[-0.4593,51.48],[-0.4585,51.4811],[-0.4766,51.4818],[-0.4762,51.489],[-0.4693,51.4923],[-0.4684,51.4987],[-0.4722,51.4991],[-0.4728,51.4974],[-0.4742,51.4968],[-0.4778,51.4977],[-0.4776,51.499],[-0.4802,51.5012],[-0.4776,51.5025],[-0.4745,51.5068],[-0.4727,51.5077],[-0.4742,51.5098],[-0.4725,51.5103],[-0.4739,51.5103],[-0.4727,51.5129],[-0.4746,51.5154],[-0.4714,51.5171],[-0.462,51.5179],[-0.4635,51.5227],[-0.4568,51.5233],[-0.4589,51.5259],[-0.4638,51.5277],[-0.4737,51.5271],[-0.4764,51.5302],[-0.4761,51.5372],[-0.4714,51.5373],[-0.4731,51.5392],[-0.4723,51.5413],[-0.4732,51.5433],[-0.4771,51.545],[-0.4815,51.5441],[-0.4835,51.5477],[-0.4817,51.5488],[-0.4805,51.5472],[-0.4798,51.5473]]}},{"type":"Feature","properties":{"routeId":"w13","name":"W13","direction":"1","routeType":"regular","lengthKm":10.9,"stops":31},"geometry":{"type":"LineString","coordinates":[[-0.01,51.5554],[-0.0095,51.5555],[-0.0112,51.5548],[-0.0166,51.5576],[-0.0103,51.5571],[-0.0024,51.5606],[-0.0015,51.5601],[-0.0001,51.5609],[0.0044,51.5598],[0.0069,51.5581],[0.0097,51.5635],[0.0109,51.5683],[0.016,51.5715],[0.0157,51.5729],[0.0185,51.572],[0.028,51.5756],[0.0254,51.5788],[0.0231,51.5802],[0.0242,51.5811],[0.0263,51.5855],[0.0306,51.5898],[0.0277,51.592],[0.0278,51.5937],[0.0255,51.5933],[0.0237,51.5948],[0.0222,51.5948],[0.0194,51.6013],[0.0187,51.6046],[0.0179,51.605],[0.0235,51.6121],[0.0253,51.6157]]}},{"type":"Feature","properties":{"routeId":"u7","name":"U7","direction":"2","routeType":"regular","lengthKm":11.6,"stops":33},"geometry":{"type":"LineString","coordinates":[[-0.407,51.5167],[-0.4079,51.5171],[-0.4073,51.5178],[-0.4234,51.5232],[-0.422,51.5229],[-0.4173,51.5282],[-0.4171,51.5294],[-0.4191,51.5322],[-0.422,51.5317],[-0.4224,51.5325],[-0.4262,51.5339],[-0.4297,51.5371],[-0.4357,51.5354],[-0.4419,51.535],[-0.4435,51.5323],[-0.4414,51.5314],[-0.4415,51.5302],[-0.4382,51.5266],[-0.4401,51.5256],[-0.4423,51.523],[-0.4476,51.5229],[-0.4513,51.5264],[-0.4537,51.5255],[-0.4589,51.5259],[-0.4646,51.5278],[-0.4658,51.531],[-0.4692,51.5358],[-0.4731,51.539],[-0.4722,51.5412],[-0.4732,51.5433],[-0.4771,51.545],[-0.4815,51.5441],[-0.4835,51.5477],[-0.4817,51.5488],[-0.4805,51.5472],[-0.4798,51.5473]]}},{"type":"Feature","properties":{"routeId":"sl9","name":"SL9","direction":"2","routeType":"regular","lengthKm":16.7,"stops":13},"geometry":{"type":"LineString","coordinates":[[-0.3376,51.5801],[-0.3418,51.58],[-0.344,51.5732],[-0.3468,51.5693],[-0.3623,51.5572],[-0.3617,51.5561],[-0.3594,51.5552],[-0.361,51.5512],[-0.3669,51.5489],[-0.3729,51.5448],[-0.3769,51.5434],[-0.3772,51.5426],[-0.3865,51.5389],[-0.3904,51.5357],[-0.3934,51.5355],[-0.3962,51.5338],[-0.3991,51.5281],[-0.3991,51.525],[-0.4,51.5235],[-0.4052,51.5198],[-0.4165,51.508],[-0.4187,51.5071],[-0.4198,51.5041],[-0.424,51.5013],[-0.4267,51.4977],[-0.4292,51.4927],[-0.4344,51.4912],[-0.4359,51.4878],[-0.4342,51.4842],[-0.4342,51.4806],[-0.4483,51.4811],[-0.4495,51.4804],[-0.4526,51.4806],[-0.4526,51.4716]]}},{"type":"Feature","properties":{"routeId":"u9","name":"U9","direction":"2","routeType":"regular","lengthKm":8,"stops":13},"geometry":{"type":"LineString","coordinates":[[-0.4825,51.6071],[-0.4805,51.6072],[-0.4833,51.6024],[-0.4839,51.5998],[-0.4827,51.5965],[-0.4827,51.5926],[-0.4804,51.5898],[-0.4711,51.5836],[-0.4708,51.5773],[-0.4696,51.5751],[-0.4679,51.574],[-0.464,51.5637],[-0.4687,51.5603],[-0.4696,51.5576],[-0.472,51.5573],[-0.4762,51.5551],[-0.4816,51.5488],[-0.4805,51.5472],[-0.4798,51.5473]]}},{"type":"Feature","properties":{"routeId":"w14","name":"W14","direction":"1","routeType":"regular","lengthKm":14.1,"stops":38},"geometry":{"type":"LineString","coordinates":[[0.0015,51.5812],[0.0057,51.5839],[0.0202,51.5832],[0.0203,51.582],[0.0255,51.5787],[0.0269,51.5788],[0.0296,51.5805],[0.0281,51.5818],[0.0334,51.5833],[0.0306,51.5862],[0.0279,51.5875],[0.0306,51.5898],[0.0277,51.5921],[0.0284,51.5926],[0.0297,51.5917],[0.0287,51.5912],[0.0306,51.5898],[0.0347,51.5912],[0.0366,51.5931],[0.0362,51.5941],[0.0377,51.5944],[0.0405,51.599],[0.0431,51.6007],[0.0348,51.6029],[0.0341,51.6046],[0.0415,51.6149],[0.0462,51.6167],[0.0455,51.6189],[0.0481,51.6271],[0.0462,51.6271],[0.0463,51.6265],[0.0462,51.6271],[0.0329,51.6269],[0.0429,51.6394],[0.0482,51.6416],[0.0521,51.6444],[0.0547,51.6422]]}},{"type":"Feature","properties":{"routeId":"w12","name":"W12","direction":"2","routeType":"regular","lengthKm":18.5,"stops":48},"geometry":{"type":"LineString","coordinates":[[0.0602,51.6069],[0.0557,51.6064],[0.0537,51.6052],[0.0524,51.6058],[0.0488,51.6049],[0.043,51.6007],[0.0348,51.6029],[0.0324,51.5955],[0.0376,51.5939],[0.0336,51.5907],[0.0306,51.5898],[0.0277,51.5919],[0.0278,51.5937],[0.0255,51.5933],[0.0238,51.5948],[0.0222,51.5948],[0.0224,51.5914],[0.0203,51.582],[0.0254,51.5788],[0.028,51.5756],[0.0205,51.5728],[0.0175,51.5742],[0.0165,51.5729],[0.017,51.5715],[0.0132,51.5698],[0.0106,51.571],[0.0077,51.5692],[0.0075,51.568],[0.0004,51.5713],[0.0014,51.5718],[-0.0005,51.5732],[0.005,51.576],[0.0002,51.5793],[0.0031,51.5802],[0.0001,51.5815],[-0.0029,51.5802],[-0.0037,51.5823],[-0.0071,51.5829],[-0.0084,51.5879],[-0.0129,51.5859],[-0.0195,51.5849],[-0.0189,51.5833],[-0.0204,51.5831],[-0.0204,51.5842],[-0.0204,51.5831],[-0.0189,51.5833],[-0.0208,51.588],[-0.0174,51.5902],[-0.0213,51.5908],[-0.0299,51.5892],[-0.0306,51.5889],[-0.0285,51.5834],[-0.0418,51.5797]]}},{"type":"Feature","properties":{"routeId":"w16","name":"W16","direction":"1","routeType":"regular","lengthKm":9.9,"stops":37},"geometry":{"type":"LineString","coordinates":[[-0.0183,51.6172],[-0.0132,51.617],[0.0002,51.6191],[0.0002,51.6145],[-0.003,51.6121],[-0.0007,51.6077],[-0.0038,51.6009],[-0.0074,51.6002],[-0.0065,51.5961],[-0.0053,51.5942],[-0.0042,51.5884],[-0.0029,51.5866],[-0.0082,51.5855],[-0.0074,51.5832],[-0.0037,51.5823],[-0.0029,51.5802],[-0.0112,51.5767],[-0.0129,51.5753],[-0.0085,51.5729],[-0.0088,51.5677],[0.0004,51.5713],[0.0076,51.5683]]}},{"type":"Feature","properties":{"routeId":"u5","name":"U5","direction":"2","routeType":"regular","lengthKm":15.5,"stops":38},"geometry":{"type":"LineString","coordinates":[[-0.4229,51.5046],[-0.4198,51.5041],[-0.424,51.5013],[-0.4278,51.5028],[-0.4308,51.5022],[-0.4297,51.5042],[-0.4331,51.5099],[-0.4348,51.5106],[-0.4355,51.5096],[-0.4398,51.5097],[-0.4451,51.5087],[-0.4465,51.5094],[-0.4472,51.5117],[-0.4528,51.5113],[-0.4496,51.512],[-0.4496,51.509],[-0.4511,51.5043],[-0.4508,51.5024],[-0.451,51.5051],[-0.453,51.5054],[-0.4578,51.5041],[-0.4671,51.5042],[-0.4696,51.5052],[-0.4705,51.5068],[-0.4727,51.5076],[-0.4742,51.5095],[-0.4739,51.5104],[-0.4725,51.5103],[-0.4739,51.5103],[-0.4726,51.5124],[-0.4746,51.5154],[-0.4714,51.5171],[-0.4572,51.5185],[-0.4552,51.5204],[-0.4589,51.5259],[-0.4624,51.5272],[-0.4646,51.5278],[-0.4731,51.5269],[-0.4759,51.5301],[-0.482,51.5303],[-0.4828,51.5322],[-0.4815,51.5441],[-0.4825,51.5448],[-0.4835,51.548],[-0.4817,51.5488],[-0.4803,51.5472],[-0.4773,51.5484],[-0.4764,51.5472]]}},{"type":"Feature","properties":{"routeId":"w19","name":"W19","direction":"1","routeType":"regular","lengthKm":17.3,"stops":49},"geometry":{"type":"LineString","coordinates":[[-0.0397,51.5699],[-0.0363,51.5709],[-0.0378,51.5727],[-0.036,51.574],[-0.0378,51.5744],[-0.0374,51.5754],[-0.0341,51.5775],[-0.0304,51.5786],[-0.0309,51.5801],[-0.0282,51.5813],[-0.0279,51.5828],[-0.0306,51.5889],[-0.0202,51.5908],[-0.0174,51.5902],[-0.0207,51.5881],[-0.0186,51.5822],[-0.0189,51.5832],[-0.0203,51.5831],[-0.0202,51.5842],[-0.0205,51.5832],[-0.0184,51.5831],[-0.0183,51.5798],[-0.0156,51.5765],[-0.0131,51.5755],[0.0014,51.5818],[0.0031,51.5802],[0.0002,51.5793],[0.005,51.576],[-0.0005,51.5732],[0.0014,51.5718],[0.0004,51.5713],[0.0074,51.568],[0.0076,51.5691],[0.0108,51.5711],[0.0132,51.5698],[0.0155,51.5711],[0.0191,51.5699],[0.0235,51.5697],[0.0249,51.5643],[0.0273,51.5629],[0.0333,51.5628],[0.0445,51.5575],[0.0463,51.555],[0.0476,51.5507],[0.0697,51.5583],[0.0708,51.5567],[0.0736,51.5572],[0.0758,51.5585],[0.0759,51.5595]]}},{"type":"Feature","properties":{"routeId":"w15","name":"W15","direction":"1","routeType":"regular","lengthKm":15.6,"stops":51},"geometry":{"type":"LineString","coordinates":[[-0.0334,51.6007],[-0.0335,51.6014],[-0.035,51.6019],[-0.0375,51.6021],[-0.0392,51.6007],[-0.0395,51.5988],[-0.0358,51.599],[-0.0346,51.5936],[-0.0303,51.5891],[-0.0212,51.5908],[-0.0174,51.5902],[-0.0207,51.5881],[-0.0189,51.5833],[-0.0204,51.5831],[-0.0203,51.5842],[-0.0205,51.5832],[-0.0184,51.5831],[-0.0183,51.5798],[-0.0156,51.5765],[-0.0131,51.5755],[0.0014,51.5818],[0.0031,51.5802],[0.0002,51.5793],[0.005,51.576],[-0.0005,51.5732],[0.0014,51.5718],[0.0004,51.5713],[0.0076,51.5681],[0.0023,51.5662],[0.0034,51.5637],[-0.0001,51.5607],[-0.0081,51.5573],[-0.0144,51.5569],[-0.0205,51.5518],[-0.0297,51.5516],[-0.0406,51.5488],[-0.0421,51.5487],[-0.043,51.5502],[-0.0443,51.5499],[-0.0435,51.5484],[-0.0476,51.548],[-0.0477,51.5468],[-0.0504,51.5472],[-0.0539,51.5463],[-0.0548,51.5458],[-0.0546,51.5446],[-0.0554,51.5445],[-0.0553,51.5453]]}},{"type":"Feature","properties":{"routeId":"w3","name":"W3","direction":"1","routeType":"regular","lengthKm":11.7,"stops":35},"geometry":{"type":"LineString","coordinates":[[-0.0552,51.6026],[-0.0547,51.6034],[-0.0628,51.6061],[-0.0681,51.6063],[-0.0682,51.6056],[-0.0725,51.605],[-0.084,51.605],[-0.0921,51.6067],[-0.0968,51.605],[-0.0968,51.6027],[-0.1009,51.5995],[-0.1142,51.5964],[-0.1184,51.5972],[-0.1211,51.5991],[-0.1219,51.5987],[-0.1211,51.5973],[-0.1222,51.5966],[-0.1278,51.5953],[-0.1315,51.5929],[-0.1342,51.5928],[-0.1327,51.5916],[-0.1336,51.5903],[-0.1335,51.5876],[-0.1292,51.5868],[-0.1218,51.5871],[-0.1233,51.5842],[-0.1205,51.584],[-0.1185,51.5827],[-0.119,51.5823],[-0.1123,51.5736],[-0.1151,51.5706],[-0.108,51.5669],[-0.1072,51.5662],[-0.1079,51.5654]]}},{"type":"Feature","properties":{"routeId":"w4","name":"W4","direction":"1","routeType":"regular","lengthKm":11.6,"stops":40},"geometry":{"type":"LineString","coordinates":[[-0.0918,51.6161],[-0.0959,51.6159],[-0.0949,51.6136],[-0.0971,51.6119],[-0.1023,51.6112],[-0.1025,51.6091],[-0.1038,51.607],[-0.1041,51.603],[-0.1051,51.6018],[-0.1116,51.6005],[-0.1088,51.5947],[-0.1022,51.5889],[-0.0957,51.5865],[-0.0927,51.589],[-0.0927,51.5907],[-0.088,51.5909],[-0.0881,51.5921],[-0.0831,51.5922],[-0.0829,51.5929],[-0.0795,51.5936],[-0.0798,51.5945],[-0.0827,51.5944],[-0.0829,51.5929],[-0.0759,51.5942],[-0.0758,51.5964],[-0.0733,51.597],[-0.0695,51.5941],[-0.072,51.5842],[-0.0642,51.5849],[-0.0634,51.5894],[-0.0612,51.589],[-0.0609,51.588],[-0.0575,51.5879],[-0.0596,51.5875],[-0.0598,51.5848]]}},{"type":"Feature","properties":{"routeId":"w13","name":"W13","direction":"2","routeType":"regular","lengthKm":10.8,"stops":34},"geometry":{"type":"LineString","coordinates":[[0.0254,51.6157],[0.0187,51.6051],[0.0194,51.6013],[0.0222,51.595],[0.0256,51.5936],[0.028,51.5936],[0.0279,51.5925],[0.0297,51.5917],[0.0287,51.5912],[0.0306,51.5898],[0.0257,51.5849],[0.0242,51.581],[0.0231,51.5802],[0.0254,51.5788],[0.028,51.5756],[0.0205,51.5728],[0.0175,51.5742],[0.0165,51.5729],[0.017,51.5715],[0.0132,51.5698],[0.0119,51.5706],[0.0093,51.5692],[0.0088,51.5683],[0.0109,51.5683],[0.0096,51.5632],[0.0069,51.5581],[0.0045,51.5597],[-0.0001,51.5607],[-0.0081,51.5573],[-0.0134,51.5572],[-0.0143,51.5565],[-0.0111,51.555],[-0.01,51.5554]]}},{"type":"Feature","properties":{"routeId":"w5","name":"W5","direction":"1","routeType":"regular","lengthKm":6.8,"stops":27},"geometry":{"type":"LineString","coordinates":[[-0.1353,51.5662],[-0.1422,51.5692],[-0.1335,51.5729],[-0.1378,51.5782],[-0.1265,51.5817],[-0.1237,51.5799],[-0.1191,51.5824],[-0.1174,51.5803],[-0.1129,51.5813],[-0.1096,51.5773],[-0.1074,51.5783],[-0.1064,51.5772],[-0.108,51.5754],[-0.1058,51.5724],[-0.1047,51.5724],[-0.1046,51.5741],[-0.0985,51.5755],[-0.0987,51.5766],[-0.0968,51.5769],[-0.0962,51.5761]]}},{"type":"Feature","properties":{"routeId":"w14","name":"W14","direction":"2","routeType":"regular","lengthKm":14.8,"stops":39},"geometry":{"type":"LineString","coordinates":[[0.0548,51.6421],[0.0521,51.6444],[0.0485,51.6418],[0.0429,51.6394],[0.0329,51.6269],[0.0462,51.6271],[0.0463,51.6265],[0.0462,51.6271],[0.0481,51.6271],[0.0455,51.6189],[0.0462,51.6167],[0.0415,51.6149],[0.0341,51.6046],[0.0349,51.603],[0.0431,51.6007],[0.0405,51.599],[0.0376,51.5937],[0.0347,51.5912],[0.0306,51.5898],[0.0277,51.5921],[0.0284,51.5926],[0.0297,51.5917],[0.0287,51.5912],[0.0306,51.5898],[0.0279,51.5875],[0.0306,51.5862],[0.0334,51.5833],[0.0281,51.5818],[0.0296,51.5805],[0.0276,51.579],[0.0255,51.5787],[0.027,51.577],[0.0263,51.5762],[0.027,51.577],[0.0254,51.5788],[0.0203,51.582],[0.0202,51.5832],[0.0059,51.5837],[0.0015,51.5812]]}},{"type":"Feature","properties":{"routeId":"w6","name":"W6","direction":"1","routeType":"regular","lengthKm":7.6,"stops":18},"geometry":{"type":"LineString","coordinates":[[-0.1279,51.6321],[-0.1275,51.6286],[-0.1222,51.6229],[-0.1219,51.6208],[-0.1089,51.6178],[-0.1037,51.6236],[-0.0913,51.6196],[-0.0879,51.6177],[-0.0876,51.6165],[-0.0764,51.6162],[-0.074,51.625],[-0.0654,51.6241],[-0.0642,51.6257],[-0.0589,51.6252]]}},{"type":"Feature","properties":{"routeId":"w7","name":"W7","direction":"1","routeType":"regular","lengthKm":4.9,"stops":16},"geometry":{"type":"LineString","coordinates":[[-0.1421,51.5913],[-0.1345,51.5878],[-0.1324,51.5851],[-0.124,51.5804],[-0.124,51.5783],[-0.1272,51.5741],[-0.1247,51.5715],[-0.1239,51.5691],[-0.1221,51.5671],[-0.1151,51.5706],[-0.108,51.5669],[-0.1072,51.5662],[-0.1079,51.5654]]}},{"type":"Feature","properties":{"routeId":"w16","name":"W16","direction":"2","routeType":"regular","lengthKm":10.2,"stops":37},"geometry":{"type":"LineString","coordinates":[[0.0073,51.568],[0.0004,51.5713],[-0.0088,51.5677],[-0.0083,51.5697],[-0.0088,51.5734],[-0.0098,51.5739],[-0.0125,51.5725],[-0.0147,51.574],[-0.0113,51.5767],[-0.0029,51.5802],[-0.0037,51.5823],[-0.0074,51.5832],[-0.0082,51.5855],[-0.0029,51.5866],[-0.0042,51.5885],[-0.0053,51.5942],[-0.0065,51.5961],[-0.0075,51.6002],[-0.0038,51.6009],[-0.0007,51.6077],[-0.003,51.6121],[0.0002,51.6145],[-0.0003,51.6165],[0.0006,51.618],[-0.0001,51.6189],[-0.0132,51.617],[-0.0176,51.6172]]}},{"type":"Feature","properties":{"routeId":"w3","name":"W3","direction":"2","routeType":"regular","lengthKm":11.5,"stops":35},"geometry":{"type":"LineString","coordinates":[[-0.107,51.5657],[-0.1091,51.5677],[-0.1151,51.5706],[-0.1123,51.5736],[-0.119,51.5823],[-0.1236,51.5829],[-0.1218,51.5871],[-0.1292,51.5868],[-0.1339,51.5875],[-0.1327,51.5916],[-0.1342,51.5928],[-0.1315,51.5929],[-0.1275,51.5954],[-0.1222,51.5966],[-0.1211,51.5973],[-0.1219,51.5987],[-0.1211,51.5991],[-0.1184,51.5972],[-0.1142,51.5964],[-0.1009,51.5995],[-0.0968,51.6027],[-0.0968,51.605],[-0.0921,51.6067],[-0.084,51.605],[-0.0725,51.605],[-0.0682,51.6056],[-0.0681,51.6063],[-0.0635,51.6061],[-0.0592,51.6052],[-0.0557,51.6032]]}},{"type":"Feature","properties":{"routeId":"w15","name":"W15","direction":"2","routeType":"regular","lengthKm":15.1,"stops":46},"geometry":{"type":"LineString","coordinates":[[-0.0529,51.5465],[-0.0478,51.5468],[-0.0477,51.5481],[-0.047,51.548],[-0.0475,51.5492],[-0.0443,51.5499],[-0.0435,51.5484],[-0.0329,51.5504],[-0.0297,51.5516],[-0.0206,51.5519],[-0.0146,51.5568],[-0.0103,51.5571],[-0.0024,51.5606],[-0.0015,51.5601],[-0.0003,51.5608],[0.0034,51.5637],[0.0022,51.5661],[0.0076,51.5682],[0.0004,51.5713],[0.0014,51.5718],[-0.0005,51.5732],[0.005,51.576],[0.0002,51.5793],[0.0031,51.5802],[0.0014,51.5818],[-0.0069,51.5784],[-0.0076,51.5778],[-0.0076,51.5757],[-0.0095,51.574],[-0.0156,51.5765],[-0.0183,51.5798],[-0.0184,51.5831],[-0.0203,51.5831],[-0.0204,51.5842],[-0.0205,51.5832],[-0.0189,51.5833],[-0.0208,51.588],[-0.0174,51.5902],[-0.0213,51.5908],[-0.0303,51.5891],[-0.0346,51.5937],[-0.0358,51.599],[-0.0384,51.5988],[-0.0379,51.6],[-0.0333,51.5998],[-0.0334,51.6007]]}},{"type":"Feature","properties":{"routeId":"w19","name":"W19","direction":"2","routeType":"regular","lengthKm":16.9,"stops":44},"geometry":{"type":"LineString","coordinates":[[0.0759,51.5595],[0.0758,51.5585],[0.0731,51.5574],[0.0722,51.5574],[0.0716,51.5586],[0.0703,51.5584],[0.0691,51.5572],[0.0673,51.5574],[0.0476,51.5507],[0.0463,51.555],[0.0441,51.5578],[0.0333,51.5628],[0.0273,51.5629],[0.0249,51.5643],[0.0235,51.5697],[0.0191,51.5699],[0.0156,51.5711],[0.0132,51.5698],[0.0109,51.5711],[0.0077,51.5692],[0.0073,51.568],[0.0004,51.5713],[0.0014,51.5718],[-0.0005,51.5732],[0.005,51.576],[0.0002,51.5793],[0.0031,51.5802],[0.0014,51.5818],[-0.0069,51.5784],[-0.0076,51.5778],[-0.0076,51.5757],[-0.0095,51.574],[-0.0156,51.5765],[-0.0183,51.5798],[-0.0189,51.5832],[-0.0203,51.5831],[-0.0204,51.5842],[-0.0205,51.5832],[-0.0189,51.5833],[-0.0208,51.588],[-0.0174,51.5902],[-0.0203,51.5908],[-0.0306,51.5889],[-0.0279,51.5828],[-0.0281,51.5815],[-0.0309,51.5801],[-0.0304,51.5786],[-0.0341,51.5775],[-0.0374,51.5754],[-0.0378,51.5744],[-0.036,51.574],[-0.0378,51.5727],[-0.0366,51.5713]]}},{"type":"Feature","properties":{"routeId":"w9","name":"W9","direction":"1","routeType":"regular","lengthKm":12.8,"stops":24},"geometry":{"type":"LineString","coordinates":[[-0.1042,51.6656],[-0.1054,51.6645],[-0.1043,51.6635],[-0.0995,51.6633],[-0.0802,51.6568],[-0.0807,51.6523],[-0.0798,51.6523],[-0.0794,51.651],[-0.0847,51.6507],[-0.0869,51.6516],[-0.087,51.6527],[-0.0883,51.6535],[-0.0917,51.6492],[-0.0908,51.6472],[-0.0933,51.6439],[-0.0938,51.6419],[-0.1055,51.6439],[-0.1079,51.6431],[-0.1096,51.6439],[-0.1096,51.645],[-0.1119,51.6443],[-0.1164,51.6449],[-0.117,51.646],[-0.1093,51.6464],[-0.1095,51.644],[-0.1045,51.642],[-0.1032,51.6397],[-0.1023,51.6377],[-0.1032,51.6345],[-0.1026,51.633],[-0.1055,51.6247],[-0.1096,51.6262],[-0.1117,51.6234],[-0.1149,51.6251],[-0.1169,51.6284],[-0.1236,51.6314],[-0.1282,51.6324]]}},{"type":"Feature","properties":{"routeId":"w4","name":"W4","direction":"2","routeType":"regular","lengthKm":10.6,"stops":37},"geometry":{"type":"LineString","coordinates":[[-0.0598,51.5848],[-0.0596,51.5875],[-0.0575,51.5879],[-0.061,51.588],[-0.0613,51.5889],[-0.0634,51.5894],[-0.0642,51.5849],[-0.0721,51.5841],[-0.0695,51.5941],[-0.0721,51.596],[-0.0757,51.5942],[-0.0795,51.5936],[-0.0798,51.5945],[-0.0827,51.5944],[-0.0827,51.5923],[-0.0857,51.5921],[-0.0873,51.5909],[-0.0925,51.5907],[-0.0927,51.589],[-0.0957,51.5865],[-0.0988,51.5875],[-0.1012,51.5872],[-0.1032,51.5902],[-0.1087,51.5946],[-0.1116,51.6005],[-0.1051,51.6019],[-0.1041,51.603],[-0.1038,51.607],[-0.1025,51.6091],[-0.1023,51.6112],[-0.0969,51.6121],[-0.0949,51.6136],[-0.0958,51.6154]]}},{"type":"Feature","properties":{"routeId":"w8","name":"W8","direction":"1","routeType":"regular","lengthKm":10.3,"stops":37},"geometry":{"type":"LineString","coordinates":[[-0.1042,51.6656],[-0.1054,51.6645],[-0.1043,51.6635],[-0.0994,51.6633],[-0.097,51.6642],[-0.0835,51.664],[-0.0773,51.663],[-0.0798,51.6592],[-0.0807,51.6523],[-0.0798,51.6523],[-0.0794,51.651],[-0.0802,51.6504],[-0.0797,51.6473],[-0.0818,51.6448],[-0.0789,51.6413],[-0.0823,51.6348],[-0.0805,51.6331],[-0.0801,51.6307],[-0.0716,51.6274],[-0.0597,51.6249],[-0.0577,51.6256],[-0.0562,51.6289],[-0.0455,51.6278],[-0.0418,51.6265],[-0.0392,51.6324],[-0.0375,51.6322]]}},{"type":"Feature","properties":{"routeId":"w5","name":"W5","direction":"2","routeType":"regular","lengthKm":7.4,"stops":28},"geometry":{"type":"LineString","coordinates":[[-0.0962,51.5761],[-0.0968,51.5769],[-0.0986,51.5766],[-0.0985,51.5755],[-0.1046,51.5741],[-0.1047,51.5724],[-0.1058,51.5724],[-0.1096,51.5773],[-0.1074,51.5783],[-0.1064,51.5772],[-0.108,51.5754],[-0.1102,51.578],[-0.1094,51.5783],[-0.1118,51.5814],[-0.1192,51.58],[-0.1188,51.5788],[-0.1234,51.5777],[-0.124,51.5804],[-0.1265,51.5817],[-0.1378,51.5782],[-0.1335,51.5729],[-0.1422,51.5692],[-0.1364,51.5664]]}},{"type":"Feature","properties":{"routeId":"w6","name":"W6","direction":"2","routeType":"regular","lengthKm":7.8,"stops":22},"geometry":{"type":"LineString","coordinates":[[-0.0586,51.6254],[-0.0604,51.6248],[-0.0642,51.6257],[-0.0654,51.6241],[-0.074,51.625],[-0.0764,51.6162],[-0.0812,51.6167],[-0.0869,51.616],[-0.0873,51.6164],[-0.0867,51.617],[-0.0913,51.6196],[-0.1037,51.6236],[-0.1091,51.6176],[-0.1141,51.6194],[-0.1219,51.6208],[-0.1223,51.6229],[-0.1276,51.6287],[-0.1275,51.6323],[-0.1282,51.6324]]}},{"type":"Feature","properties":{"routeId":"w7","name":"W7","direction":"2","routeType":"regular","lengthKm":4.9,"stops":16},"geometry":{"type":"LineString","coordinates":[[-0.1071,51.5657],[-0.1091,51.5677],[-0.1151,51.5706],[-0.1221,51.5671],[-0.1239,51.5691],[-0.1247,51.5716],[-0.1272,51.5741],[-0.124,51.5783],[-0.124,51.5804],[-0.1324,51.5851],[-0.1345,51.5878],[-0.1422,51.591]]}},{"type":"Feature","properties":{"routeId":"w9","name":"W9","direction":"2","routeType":"regular","lengthKm":12.3,"stops":24},"geometry":{"type":"LineString","coordinates":[[-0.128,51.6322],[-0.1274,51.6327],[-0.1236,51.6314],[-0.1169,51.6284],[-0.1149,51.6251],[-0.1117,51.6234],[-0.1096,51.6262],[-0.1055,51.6247],[-0.1026,51.633],[-0.1033,51.6345],[-0.1023,51.6376],[-0.1045,51.642],[-0.1096,51.6439],[-0.1096,51.645],[-0.1119,51.6443],[-0.1164,51.6449],[-0.117,51.646],[-0.1093,51.6464],[-0.1095,51.644],[-0.1079,51.6431],[-0.1055,51.6439],[-0.0938,51.6419],[-0.0933,51.6439],[-0.0908,51.6472],[-0.0917,51.6492],[-0.0883,51.6535],[-0.0862,51.6523],[-0.0807,51.6526],[-0.0802,51.6568],[-0.1014,51.6634],[-0.1021,51.6651],[-0.1042,51.6656]]}},{"type":"Feature","properties":{"routeId":"w8","name":"W8","direction":"2","routeType":"regular","lengthKm":10.1,"stops":35},"geometry":{"type":"LineString","coordinates":[[-0.0375,51.6322],[-0.0392,51.6324],[-0.0418,51.6265],[-0.0455,51.6278],[-0.0562,51.6289],[-0.0577,51.6256],[-0.0603,51.6248],[-0.0756,51.6286],[-0.0801,51.6307],[-0.0805,51.6331],[-0.0823,51.6348],[-0.0789,51.6413],[-0.0818,51.6448],[-0.0797,51.6473],[-0.0807,51.652],[-0.0798,51.6592],[-0.0773,51.663],[-0.0835,51.664],[-0.097,51.6642],[-0.1014,51.6634],[-0.1021,51.6651],[-0.1042,51.6656]]}}]}